Sample	0	1	2	3	4	5	6	7	8	9	10	11	12	13	14	15	16	17	18	19	20	21	22	23	24	25	26	27	28	29	30	31	32	33	34	35	36	37	38	39	40	41	42	43	44	45	46	47	48	49	50	51	52	53	54	55	56	57	58	59	60	61	62	63	64	65	66	67	68	69	70	71	72	73	74	75	76	77	78	79	80	81	82	83	84	85	86	87	88	89	90	91	92	93	94	95	96	97	98	99	100
SRR5898908_R1	(0.0, 0.0)	(1.0, 0.0)	(2.0, 0.0)	(3.0, 0.0)	(4.0, 0.0)	(5.0, 0.0)	(6.0, 0.0)	(7.0, 0.0)	(8.0, 0.0)	(9.0, 0.0005162462701206984)	(10.0, 0.0005162462701206984)	(11.0, 0.0010324925402413968)	(12.0, 0.003613723890844889)	(13.0, 0.0046462164310862855)	(14.0, 0.008259940321931175)	(15.0, 0.012389910482896763)	(16.0, 0.013938649293258857)	(17.0, 0.024263574695672824)	(18.0, 0.03975096279929378)	(19.0, 0.0634982912248459)	(20.0, 0.10118426894365688)	(21.0, 0.15177640341548532)	(22.0, 0.20804724685864143)	(23.0, 0.2622531052213148)	(24.0, 0.33607632184857467)	(25.0, 0.44913425500500753)	(26.0, 0.5838745315065098)	(27.0, 0.6876400318007703)	(28.0, 0.8053441813882894)	(29.0, 0.9767379430683614)	(30.0, 1.121286898702157)	(31.0, 1.2926806603822287)	(32.0, 1.4604606981714559)	(33.0, 1.5993309448339235)	(34.0, 1.757818549760978)	(35.0, 1.9302448039812914)	(36.0, 2.1202234313857082)	(37.0, 2.31381578268097)	(38.0, 2.4805633279299557)	(39.0, 2.6498921045295445)	(40.0, 2.8883978813253073)	(41.0, 3.0711490609480347)	(42.0, 3.2378966061970202)	(43.0, 3.4738211516421793)	(44.0, 3.755691615128081)	(45.0, 4.032915862182896)	(46.0, 4.162493675983191)	(47.0, 4.269356653898176)	(48.0, 4.334919930203504)	(49.0, 4.404613176669798)	(50.0, 4.458819035032472)	(51.0, 4.313753833128556)	(52.0, 4.017944720349396)	(53.0, 3.67412470444901)	(54.0, 3.3566332483247807)	(55.0, 2.965834821843412)	(56.0, 2.5884587983851817)	(57.0, 2.288003469174935)	(58.0, 1.92921231144105)	(59.0, 1.6375331688228554)	(60.0, 1.431034660774576)	(61.0, 1.191496391438572)	(62.0, 0.9860303759305338)	(63.0, 0.8270265247333588)	(64.0, 0.6706039048867872)	(65.0, 0.5193437477414226)	(66.0, 0.42693566538981753)	(67.0, 0.3536286950326784)	(68.0, 0.30458529937121204)	(69.0, 0.2596718738707113)	(70.0, 0.1904948736745377)	(71.0, 0.13577276904174368)	(72.0, 0.10428174656438108)	(73.0, 0.07898567932846685)	(74.0, 0.0609170598742424)	(75.0, 0.04646216431086286)	(76.0, 0.026328559776155617)	(77.0, 0.020649850804827938)	(78.0, 0.017036126913983048)	(79.0, 0.009808679132293269)	(80.0, 0.00671120151156908)	(81.0, 0.003613723890844889)	(82.0, 0.0015487388103620954)	(83.0, 0.0005162462701206984)	(84.0, 0.0010324925402413968)	(85.0, 0.0010324925402413968)	(86.0, 0.0005162462701206984)	(87.0, 0.0005162462701206984)	(88.0, 0.0)	(89.0, 0.0)	(90.0, 0.0)	(91.0, 0.0)	(92.0, 0.0)	(93.0, 0.0)	(94.0, 0.0)	(95.0, 0.0)	(96.0, 0.0005162462701206984)	(97.0, 0.0005162462701206984)	(98.0, 0.0)	(99.0, 0.0)	(100.0, 0.0)
SRR5898908_R2	(0.0, 0.0)	(1.0, 0.0)	(2.0, 0.0)	(3.0, 0.0)	(4.0, 0.0)	(5.0, 0.0)	(6.0, 0.0)	(7.0, 0.0)	(8.0, 0.0005160171730515192)	(9.0, 0.0010320343461030384)	(10.0, 0.0005160171730515192)	(11.0, 0.0005160171730515192)	(12.0, 0.002580085865257596)	(13.0, 0.003612120211360634)	(14.0, 0.003612120211360634)	(15.0, 0.008256274768824307)	(16.0, 0.018576618229854687)	(17.0, 0.03147704755614267)	(18.0, 0.043345442536327605)	(19.0, 0.06089002642007926)	(20.0, 0.10010733157199472)	(21.0, 0.14448480845442535)	(22.0, 0.20227873183619552)	(23.0, 0.28226139365918096)	(24.0, 0.35914795244385733)	(25.0, 0.4484189233817702)	(26.0, 0.5650388044914135)	(27.0, 0.69971928665786)	(28.0, 0.8251114597093792)	(29.0, 0.98507678335535)	(30.0, 1.14813821003963)	(31.0, 1.2838507265521797)	(32.0, 1.454136393659181)	(33.0, 1.6244220607661823)	(34.0, 1.7854194187582564)	(35.0, 1.9407405878467634)	(36.0, 2.1017379458388374)	(37.0, 2.290084214002642)	(38.0, 2.4773984478203435)	(39.0, 2.6910295574636725)	(40.0, 2.9154970277410834)	(41.0, 3.144608652575958)	(42.0, 3.299929821664465)	(43.0, 3.433062252311757)	(44.0, 3.7080994055482166)	(45.0, 3.998617073976222)	(46.0, 4.19160749669749)	(47.0, 4.253013540290621)	(48.0, 4.287070673712021)	(49.0, 4.33402823645971)	(50.0, 4.329900099075297)	(51.0, 4.234952939233818)	(52.0, 4.017193692206076)	(53.0, 3.756089002642008)	(54.0, 3.4170657199471597)	(55.0, 3.021280548216645)	(56.0, 2.6136269815059445)	(57.0, 2.225582067371202)	(58.0, 1.9108115918097757)	(59.0, 1.6362904557463673)	(60.0, 1.387570178335535)	(61.0, 1.142978038309115)	(62.0, 0.9690802509907529)	(63.0, 0.8245954425363275)	(64.0, 0.6785625825627477)	(65.0, 0.5640067701453104)	(66.0, 0.4484189233817702)	(67.0, 0.3679202443857331)	(68.0, 0.3065142007926024)	(69.0, 0.26007265521796563)	(70.0, 0.21105102377807133)	(71.0, 0.15480515191545574)	(72.0, 0.11197572655217965)	(73.0, 0.07482249009247029)	(74.0, 0.052117734478203434)	(75.0, 0.03973332232496698)	(76.0, 0.03199306472919419)	(77.0, 0.02322077278731836)	(78.0, 0.013416446499339499)	(79.0, 0.004644154557463672)	(80.0, 0.003612120211360634)	(81.0, 0.002580085865257596)	(82.0, 0.0015480515191545574)	(83.0, 0.002064068692206077)	(84.0, 0.0010320343461030384)	(85.0, 0.0005160171730515192)	(86.0, 0.0)	(87.0, 0.0)	(88.0, 0.0)	(89.0, 0.0005160171730515192)	(90.0, 0.0005160171730515192)	(91.0, 0.0)	(92.0, 0.0)	(93.0, 0.0)	(94.0, 0.0)	(95.0, 0.0)	(96.0, 0.0)	(97.0, 0.0)	(98.0, 0.0)	(99.0, 0.0005160171730515192)	(100.0, 0.007740257595772787)
SRR5898909_R1	(0.0, 0.0)	(1.0, 0.0)	(2.0, 0.0)	(3.0, 0.0)	(4.0, 0.0)	(5.0, 0.0)	(6.0, 0.0)	(7.0, 0.0)	(8.0, 0.0)	(9.0, 0.0)	(10.0, 0.000513178421873717)	(11.0, 0.0030790705312423025)	(12.0, 0.004618605796863453)	(13.0, 0.0030790705312423025)	(14.0, 0.0030790705312423025)	(15.0, 0.005644962640610888)	(16.0, 0.010776746859348058)	(17.0, 0.01744806634370638)	(18.0, 0.036948846374907626)	(19.0, 0.05644962640610888)	(20.0, 0.06825273010920437)	(21.0, 0.1205969291403235)	(22.0, 0.19346826504639134)	(23.0, 0.27455045570243863)	(24.0, 0.36281714426471795)	(25.0, 0.46647918548320877)	(26.0, 0.6050373593891124)	(27.0, 0.7246079316856885)	(28.0, 0.8585474997947287)	(29.0, 1.0304622711224238)	(30.0, 1.2136669677313408)	(31.0, 1.4312546186057968)	(32.0, 1.619591099433451)	(33.0, 1.7915058707611464)	(34.0, 1.9901059200262745)	(35.0, 2.1656129403070863)	(36.0, 2.3693447737909517)	(37.0, 2.604380491009114)	(38.0, 2.8173495360867067)	(39.0, 3.0174891206174563)	(40.0, 3.252011659413745)	(41.0, 3.5106535840380984)	(42.0, 3.6635807537564657)	(43.0, 3.7651900812874617)	(44.0, 3.7923885376467688)	(45.0, 3.7990598571311276)	(46.0, 3.803678462927991)	(47.0, 3.77596682814681)	(48.0, 3.7343993759750393)	(49.0, 3.6517776500533707)	(50.0, 3.5450365383036373)	(51.0, 3.3074349289761065)	(52.0, 3.0980581328516297)	(53.0, 2.9009976188521227)	(54.0, 2.6654487232120867)	(55.0, 2.5089293045406027)	(56.0, 2.3606207406190984)	(57.0, 2.208719927744478)	(58.0, 2.0434764759011412)	(59.0, 1.8910624846046473)	(60.0, 1.7478857049018803)	(61.0, 1.5528779045898677)	(62.0, 1.409187946465227)	(63.0, 1.26601116676246)	(64.0, 1.0689506527629526)	(65.0, 0.8713769603415716)	(66.0, 0.7010017242794975)	(67.0, 0.5834838656704162)	(68.0, 0.4690450775925774)	(69.0, 0.34742179160850645)	(70.0, 0.25453649724936367)	(71.0, 0.18884965924952787)	(72.0, 0.13753181706215617)	(73.0, 0.09185893751539535)	(74.0, 0.05798916167173003)	(75.0, 0.037975203218655065)	(76.0, 0.021553493718696116)	(77.0, 0.015395352656211512)	(78.0, 0.012829460546842926)	(79.0, 0.00872403317185319)	(80.0, 0.00513178421873717)	(81.0, 0.0030790705312423025)	(82.0, 0.001026356843747434)	(83.0, 0.0)	(84.0, 0.000513178421873717)	(85.0, 0.000513178421873717)	(86.0, 0.0)	(87.0, 0.0)	(88.0, 0.0)	(89.0, 0.0)	(90.0, 0.0)	(91.0, 0.0)	(92.0, 0.0)	(93.0, 0.0)	(94.0, 0.0)	(95.0, 0.0)	(96.0, 0.0)	(97.0, 0.0)	(98.0, 0.0)	(99.0, 0.0)	(100.0, 0.0)
SRR5898909_R2	(0.0, 0.0)	(1.0, 0.0)	(2.0, 0.0)	(3.0, 0.0)	(4.0, 0.0)	(5.0, 0.0)	(6.0, 0.0)	(7.0, 0.0)	(8.0, 0.0)	(9.0, 0.0)	(10.0, 0.0005131283898544254)	(11.0, 0.0025656419492721275)	(12.0, 0.004105027118835403)	(13.0, 0.0025656419492721275)	(14.0, 0.003078770339126553)	(15.0, 0.006157540678253106)	(16.0, 0.010775696186942935)	(17.0, 0.018472622034759318)	(18.0, 0.038997757628936335)	(19.0, 0.05593099449413238)	(20.0, 0.07286423135932842)	(21.0, 0.12263768517520768)	(22.0, 0.19652817331424496)	(23.0, 0.2940225673865858)	(24.0, 0.3868988059502368)	(25.0, 0.4833669432428688)	(26.0, 0.6152409394354561)	(27.0, 0.7347998542715373)	(28.0, 0.8666738504641246)	(29.0, 1.0508869424218632)	(30.0, 1.2135486420057162)	(31.0, 1.421878768286613)	(32.0, 1.6132756577023135)	(33.0, 1.7436102687253379)	(34.0, 1.9309021310222032)	(35.0, 2.1854138123899984)	(36.0, 2.404519634857838)	(37.0, 2.62157294376626)	(38.0, 2.850941334031188)	(39.0, 3.0423382234468885)	(40.0, 3.259391532355311)	(41.0, 3.4749054560941692)	(42.0, 3.6175551484736994)	(43.0, 3.6668154738997245)	(44.0, 3.794071314583622)	(45.0, 3.887973809926982)	(46.0, 3.8453841535690647)	(47.0, 3.78688751712566)	(48.0, 3.690419379833028)	(49.0, 3.612423864575155)	(50.0, 3.433342056515961)	(51.0, 3.2152624908278296)	(52.0, 3.0710734132787363)	(53.0, 2.9171348963224086)	(54.0, 2.727790520466126)	(55.0, 2.5225391645243556)	(56.0, 2.407598405196964)	(57.0, 2.240831678494276)	(58.0, 2.0448166335698854)	(59.0, 1.9001144276309376)	(60.0, 1.7374527280470846)	(61.0, 1.5475952238009472)	(62.0, 1.376210341589569)	(63.0, 1.2345869059897476)	(64.0, 1.0980947542884705)	(65.0, 0.9251704869075292)	(66.0, 0.7214585161353222)	(67.0, 0.564441228839868)	(68.0, 0.46027616569941965)	(69.0, 0.36945244069518635)	(70.0, 0.2776024589112442)	(71.0, 0.19755443009395382)	(72.0, 0.13238712458244178)	(73.0, 0.08620556949554348)	(74.0, 0.052339095765151396)	(75.0, 0.032327088560828804)	(76.0, 0.022064520763740297)	(77.0, 0.020012007204322592)	(78.0, 0.012828209746360637)	(79.0, 0.006157540678253106)	(80.0, 0.0046181555086898295)	(81.0, 0.0015393851695632765)	(82.0, 0.0005131283898544254)	(83.0, 0.0005131283898544254)	(84.0, 0.0010262567797088508)	(85.0, 0.0005131283898544254)	(86.0, 0.0)	(87.0, 0.0)	(88.0, 0.0)	(89.0, 0.0)	(90.0, 0.0)	(91.0, 0.0)	(92.0, 0.0)	(93.0, 0.0)	(94.0, 0.0)	(95.0, 0.0)	(96.0, 0.0)	(97.0, 0.0)	(98.0, 0.0)	(99.0, 0.0005131283898544254)	(100.0, 0.005131283898544255)
SRR5898910_R1	(0.0, 0.0)	(1.0, 0.0)	(2.0, 0.0)	(3.0, 0.0)	(4.0, 0.0)	(5.0, 0.0)	(6.0, 0.0)	(7.0, 0.0)	(8.0, 0.0)	(9.0, 0.0)	(10.0, 0.0)	(11.0, 0.0)	(12.0, 0.0)	(13.0, 0.0)	(14.0, 0.002041920630545091)	(15.0, 0.004594321418726454)	(16.0, 0.006636242049271545)	(17.0, 0.00969912299508918)	(18.0, 0.016335365044360728)	(19.0, 0.023482087251268543)	(20.0, 0.032160249931085176)	(21.0, 0.0541108967094449)	(22.0, 0.09699122995089181)	(23.0, 0.15059164650270046)	(24.0, 0.18989861864069343)	(25.0, 0.2373732733008668)	(26.0, 0.3343645032517586)	(27.0, 0.4400338958824671)	(28.0, 0.557954812296446)	(29.0, 0.6973158953311485)	(30.0, 0.8739420298732987)	(31.0, 1.0628196881987195)	(32.0, 1.1628737990954292)	(33.0, 1.2807947155094082)	(34.0, 1.4926439809284613)	(35.0, 1.6662072345247942)	(36.0, 1.8576372936383965)	(37.0, 2.0454939916485446)	(38.0, 2.1914913167325185)	(39.0, 2.4722554034324684)	(40.0, 2.727495482250605)	(41.0, 2.933729465935659)	(42.0, 3.2338917986257876)	(43.0, 3.5034253218577396)	(44.0, 3.798482852971505)	(45.0, 4.153266562528715)	(46.0, 4.461596577741023)	(47.0, 4.722962418450795)	(48.0, 4.8975466323624)	(49.0, 5.001684584520199)	(50.0, 5.0654946042247335)	(51.0, 4.938385044973302)	(52.0, 4.656089517800443)	(53.0, 4.341123260538863)	(54.0, 3.8959845630800327)	(55.0, 3.4003083300152124)	(56.0, 2.921988422310025)	(57.0, 2.449283796338836)	(58.0, 2.054172154328361)	(59.0, 1.725933412968238)	(60.0, 1.4089252350761128)	(61.0, 1.0949799381298049)	(62.0, 0.8448446608880312)	(63.0, 0.6962949350158759)	(64.0, 0.563570094030445)	(65.0, 0.4185937292617436)	(66.0, 0.30935097552758123)	(67.0, 0.22971607093632268)	(68.0, 0.17866805517269543)	(69.0, 0.12813051956670443)	(70.0, 0.08678162679816635)	(71.0, 0.06381001970453408)	(72.0, 0.04543273402962827)	(73.0, 0.03318121024635772)	(74.0, 0.021440166620723452)	(75.0, 0.014293444413815635)	(76.0, 0.00969912299508918)	(77.0, 0.004083841261090182)	(78.0, 0.002041920630545091)	(79.0, 0.0010209603152725455)	(80.0, 0.0010209603152725455)	(81.0, 0.0005104801576362727)	(82.0, 0.0005104801576362727)	(83.0, 0.0005104801576362727)	(84.0, 0.0)	(85.0, 0.0)	(86.0, 0.0)	(87.0, 0.0)	(88.0, 0.0)	(89.0, 0.0)	(90.0, 0.0)	(91.0, 0.0)	(92.0, 0.0)	(93.0, 0.0)	(94.0, 0.0)	(95.0, 0.0)	(96.0, 0.0)	(97.0, 0.0)	(98.0, 0.0)	(99.0, 0.0)	(100.0, 0.0)
SRR5898910_R2	(0.0, 0.0)	(1.0, 0.0)	(2.0, 0.0)	(3.0, 0.0)	(4.0, 0.0)	(5.0, 0.0)	(6.0, 0.0)	(7.0, 0.0)	(8.0, 0.0)	(9.0, 0.0)	(10.0, 0.0)	(11.0, 0.0)	(12.0, 0.0)	(13.0, 0.0015293014151135762)	(14.0, 0.0030586028302271523)	(15.0, 0.004587904245340728)	(16.0, 0.006626972798825496)	(17.0, 0.009175808490681456)	(18.0, 0.01529301415113576)	(19.0, 0.02497858978018841)	(20.0, 0.038232535377839404)	(21.0, 0.05862322091268709)	(22.0, 0.10144366053586722)	(23.0, 0.1355980588067371)	(24.0, 0.18708453978222747)	(25.0, 0.2533542677704824)	(26.0, 0.3405244484319563)	(27.0, 0.4455364789364219)	(28.0, 0.5561559479629705)	(29.0, 0.7335549121161453)	(30.0, 0.8915827250112149)	(31.0, 0.9802822070878023)	(32.0, 1.1240365401084784)	(33.0, 1.3284531625953266)	(34.0, 1.5272623465600912)	(35.0, 1.6929366665307286)	(36.0, 1.858610986501366)	(37.0, 2.04416622486848)	(38.0, 2.2256433261286244)	(39.0, 2.4545287712572894)	(40.0, 2.70278536764406)	(41.0, 2.9902940336854122)	(42.0, 3.282390603972105)	(43.0, 3.5143346519309975)	(44.0, 3.8767790873129155)	(45.0, 4.175502630398434)	(46.0, 4.39623180131316)	(47.0, 4.67405489172546)	(48.0, 4.856041760123976)	(49.0, 4.992659353207455)	(50.0, 5.011010970188818)	(51.0, 4.8325924717589)	(52.0, 4.585865176787244)	(53.0, 4.356979731658579)	(54.0, 3.9476367195465114)	(55.0, 3.375168223155663)	(56.0, 2.901084784470454)	(57.0, 2.503976183679295)	(58.0, 2.077810856000979)	(59.0, 1.695995269360956)	(60.0, 1.3799396435708167)	(61.0, 1.1184291015863954)	(62.0, 0.883936217935647)	(63.0, 0.6917540067697076)	(64.0, 0.5689001264222503)	(65.0, 0.4368704375841116)	(66.0, 0.31248725582154074)	(67.0, 0.22837567799029404)	(68.0, 0.1621059500020391)	(69.0, 0.12948085314628277)	(70.0, 0.09838505770564006)	(71.0, 0.05862322091268709)	(72.0, 0.042820439623180134)	(73.0, 0.03364463113249867)	(74.0, 0.021410219811590067)	(75.0, 0.016312548427878146)	(76.0, 0.01223441132090861)	(77.0, 0.0035683699685983444)	(78.0, 0.0015293014151135762)	(79.0, 0.0020390685534847682)	(80.0, 0.0015293014151135762)	(81.0, 0.0005097671383711921)	(82.0, 0.0005097671383711921)	(83.0, 0.0005097671383711921)	(84.0, 0.0)	(85.0, 0.0)	(86.0, 0.0)	(87.0, 0.0)	(88.0, 0.0)	(89.0, 0.0)	(90.0, 0.0)	(91.0, 0.0)	(92.0, 0.0)	(93.0, 0.0)	(94.0, 0.0)	(95.0, 0.0)	(96.0, 0.0)	(97.0, 0.0)	(98.0, 0.0005097671383711921)	(99.0, 0.0005097671383711921)	(100.0, 0.0010195342767423841)
SRR5898911_R1	(0.0, 0.0)	(1.0, 0.0)	(2.0, 0.0)	(3.0, 0.0)	(4.0, 0.0)	(5.0, 0.0)	(6.0, 0.0)	(7.0, 0.0005217191690057077)	(8.0, 0.0010434383380114153)	(9.0, 0.0010434383380114153)	(10.0, 0.0010434383380114153)	(11.0, 0.0005217191690057077)	(12.0, 0.0010434383380114153)	(13.0, 0.0010434383380114153)	(14.0, 0.0010434383380114153)	(15.0, 0.0067823491970742)	(16.0, 0.01095610254911986)	(17.0, 0.012521260056136982)	(18.0, 0.0203470475912226)	(19.0, 0.027651115957302505)	(20.0, 0.046433006041507977)	(21.0, 0.06991036864676482)	(22.0, 0.09547460792804449)	(23.0, 0.13408182643446684)	(24.0, 0.199818441729186)	(25.0, 0.2895541387981677)	(26.0, 0.37981155503615516)	(27.0, 0.4752861629641996)	(28.0, 0.5968467293425295)	(29.0, 0.751275603368219)	(30.0, 0.9046610390558971)	(31.0, 1.0559595980675522)	(32.0, 1.2469088139236413)	(33.0, 1.4389014681177414)	(34.0, 1.590200027129397)	(35.0, 1.8223650573369368)	(36.0, 2.064442751755585)	(37.0, 2.2856516794140047)	(38.0, 2.5115560795934764)	(39.0, 2.8005884992226386)	(40.0, 3.1068376514289886)	(41.0, 3.3640452017488025)	(42.0, 3.6786418606592446)	(43.0, 3.964543965274372)	(44.0, 4.236359652326346)	(45.0, 4.503479866857267)	(46.0, 4.773208677233219)	(47.0, 4.930767866272943)	(48.0, 5.01737324832789)	(49.0, 5.049198117637238)	(50.0, 4.957375543892234)	(51.0, 4.745557561275916)	(52.0, 4.3756586704508695)	(53.0, 3.957761616077298)	(54.0, 3.4527374604797734)	(55.0, 2.881454970418523)	(56.0, 2.396777862412221)	(57.0, 1.9976626981228545)	(58.0, 1.6178511430866995)	(59.0, 1.3157757442323945)	(60.0, 1.0789152415038032)	(61.0, 0.8550977180003548)	(62.0, 0.6469317695670774)	(63.0, 0.49928524473846214)	(64.0, 0.41111470517649756)	(65.0, 0.31720525475547023)	(66.0, 0.22799127685549422)	(67.0, 0.16955872992685497)	(68.0, 0.14712480565960956)	(69.0, 0.12573431973037552)	(70.0, 0.0959963270970502)	(71.0, 0.07408412199881048)	(72.0, 0.05686738942162212)	(73.0, 0.04017237601343949)	(74.0, 0.02399908177426255)	(75.0, 0.0135646983941484)	(76.0, 0.01095610254911986)	(77.0, 0.009912664211108445)	(78.0, 0.006260630028068491)	(79.0, 0.003652034183039953)	(80.0, 0.004173753352045661)	(81.0, 0.004695472521051368)	(82.0, 0.003652034183039953)	(83.0, 0.0015651575070171227)	(84.0, 0.0)	(85.0, 0.0005217191690057077)	(86.0, 0.0005217191690057077)	(87.0, 0.0)	(88.0, 0.0005217191690057077)	(89.0, 0.0010434383380114153)	(90.0, 0.0005217191690057077)	(91.0, 0.0)	(92.0, 0.0)	(93.0, 0.0)	(94.0, 0.0)	(95.0, 0.0)	(96.0, 0.0)	(97.0, 0.0)	(98.0, 0.0)	(99.0, 0.0)	(100.0, 0.0)
SRR5898911_R2	(0.0, 0.0)	(1.0, 0.0)	(2.0, 0.0)	(3.0, 0.0)	(4.0, 0.0)	(5.0, 0.0005213818705095987)	(6.0, 0.0005213818705095987)	(7.0, 0.0)	(8.0, 0.0010427637410191973)	(9.0, 0.001564145611528796)	(10.0, 0.0010427637410191973)	(11.0, 0.0010427637410191973)	(12.0, 0.0010427637410191973)	(13.0, 0.0010427637410191973)	(14.0, 0.0020855274820383947)	(15.0, 0.007299346187134381)	(16.0, 0.013555928633249566)	(17.0, 0.01929112920885515)	(18.0, 0.023983566043441536)	(19.0, 0.029718766619047127)	(20.0, 0.04379607712280628)	(21.0, 0.06465135194319023)	(22.0, 0.09854117352631414)	(23.0, 0.14650830561319722)	(24.0, 0.2002106382756859)	(25.0, 0.2669475177009145)	(26.0, 0.36809560057977664)	(27.0, 0.49166310389055157)	(28.0, 0.5917684230283944)	(29.0, 0.7408836379941396)	(30.0, 0.8889560892188657)	(31.0, 1.0505844690768413)	(32.0, 1.2528806348345656)	(33.0, 1.4426636357000593)	(34.0, 1.6731144224653023)	(35.0, 1.9035652092305444)	(36.0, 2.094390973837058)	(37.0, 2.3144141231921083)	(38.0, 2.6022169157134067)	(39.0, 2.8665575240617733)	(40.0, 3.10430765701415)	(41.0, 3.407230523780227)	(42.0, 3.682520151409295)	(43.0, 3.978665053858747)	(44.0, 4.319127415301515)	(45.0, 4.577211441203766)	(46.0, 4.714856255018301)	(47.0, 4.849894159480287)	(48.0, 5.015693594302339)	(49.0, 5.005265956892147)	(50.0, 4.880134307969843)	(51.0, 4.625699955161159)	(52.0, 4.287844503070939)	(53.0, 3.893158427095173)	(54.0, 3.421307834283986)	(55.0, 2.9551924420484053)	(56.0, 2.402006277437721)	(57.0, 1.9572675418930332)	(58.0, 1.6407887464937068)	(59.0, 1.300326385050939)	(60.0, 1.0333788673500246)	(61.0, 0.8133557179949739)	(62.0, 0.6376500276332391)	(63.0, 0.5036548869122722)	(64.0, 0.3946860759757662)	(65.0, 0.30188010302505763)	(66.0, 0.23618598734084817)	(67.0, 0.1892616189949843)	(68.0, 0.1522435061888028)	(69.0, 0.12304612144026528)	(70.0, 0.09384873669172776)	(71.0, 0.07768589870593019)	(72.0, 0.062044442590642235)	(73.0, 0.048488513957392676)	(74.0, 0.03076153036006632)	(75.0, 0.01876974733834555)	(76.0, 0.013555928633249566)	(77.0, 0.008342109928153579)	(78.0, 0.004692436834586387)	(79.0, 0.0036496730935671904)	(80.0, 0.004171054964076789)	(81.0, 0.004692436834586387)	(82.0, 0.004692436834586387)	(83.0, 0.0036496730935671904)	(84.0, 0.0036496730935671904)	(85.0, 0.0026069093525479935)	(86.0, 0.0005213818705095987)	(87.0, 0.0005213818705095987)	(88.0, 0.0005213818705095987)	(89.0, 0.0)	(90.0, 0.0)	(91.0, 0.0)	(92.0, 0.0)	(93.0, 0.0)	(94.0, 0.0)	(95.0, 0.0)	(96.0, 0.0)	(97.0, 0.0)	(98.0, 0.0)	(99.0, 0.0)	(100.0, 0.003128291223057592)
SRR5898912_R1	(0.0, 0.0)	(1.0, 0.0)	(2.0, 0.0)	(3.0, 0.0)	(4.0, 0.0)	(5.0, 0.0)	(6.0, 0.0)	(7.0, 0.0)	(8.0, 0.0)	(9.0, 0.0)	(10.0, 0.0)	(11.0, 0.0005190329378302347)	(12.0, 0.0010380658756604694)	(13.0, 0.0020761317513209388)	(14.0, 0.003633230564811643)	(15.0, 0.0041522635026418776)	(16.0, 0.007785494067453521)	(17.0, 0.012456790507925633)	(18.0, 0.015051955197076805)	(19.0, 0.03321810802113502)	(20.0, 0.059688787850476994)	(21.0, 0.08356430299066779)	(22.0, 0.12820113564406796)	(23.0, 0.20397994456728225)	(24.0, 0.29844393925238494)	(25.0, 0.3851224398700342)	(26.0, 0.48166256630645776)	(27.0, 0.612458866639677)	(28.0, 0.7474074304755379)	(29.0, 0.8891034225031921)	(30.0, 1.0307994145308461)	(31.0, 1.134086969159063)	(32.0, 1.3027726739538892)	(33.0, 1.5529465499880621)	(34.0, 1.736684209979965)	(35.0, 1.9199028370340383)	(36.0, 2.0678272243156552)	(37.0, 2.202775788151516)	(38.0, 2.4664445205692753)	(39.0, 2.7648884598216603)	(40.0, 2.9989723147830962)	(41.0, 3.2455129602524577)	(42.0, 3.542918833629182)	(43.0, 3.8771760455918534)	(44.0, 4.248803629078301)	(45.0, 4.509877196806909)	(46.0, 4.77614109391382)	(47.0, 4.99673009249167)	(48.0, 5.048633386274693)	(49.0, 4.9972491254295)	(50.0, 4.899151900179585)	(51.0, 4.698805186177115)	(52.0, 4.271122045405002)	(53.0, 3.8180062906792065)	(54.0, 3.3934373475340744)	(55.0, 2.8738853767660095)	(56.0, 2.3808040858272865)	(57.0, 1.9224980017231892)	(58.0, 1.5487942864854203)	(59.0, 1.264883269492282)	(60.0, 0.9897958124422577)	(61.0, 0.8008678230720521)	(62.0, 0.6306250194637352)	(63.0, 0.47283900636334375)	(64.0, 0.3643611223568248)	(65.0, 0.3077865321333292)	(66.0, 0.25069290897200336)	(67.0, 0.18944702230803565)	(68.0, 0.14377212377897503)	(69.0, 0.10484465344170742)	(70.0, 0.07422171010972356)	(71.0, 0.05242232672085371)	(72.0, 0.05138426084519323)	(73.0, 0.042560700902079245)	(74.0, 0.022318416326700095)	(75.0, 0.012456790507925633)	(76.0, 0.00986162581877446)	(77.0, 0.007266461129623286)	(78.0, 0.0051903293783023465)	(79.0, 0.003633230564811643)	(80.0, 0.001557098813490704)	(81.0, 0.0)	(82.0, 0.0)	(83.0, 0.0)	(84.0, 0.0)	(85.0, 0.0)	(86.0, 0.0)	(87.0, 0.0)	(88.0, 0.0)	(89.0, 0.0)	(90.0, 0.0)	(91.0, 0.0)	(92.0, 0.0)	(93.0, 0.0)	(94.0, 0.0)	(95.0, 0.0)	(96.0, 0.0)	(97.0, 0.0)	(98.0, 0.0)	(99.0, 0.0)	(100.0, 0.0)
SRR5898912_R2	(0.0, 0.0)	(1.0, 0.0)	(2.0, 0.0)	(3.0, 0.0)	(4.0, 0.0)	(5.0, 0.0)	(6.0, 0.0)	(7.0, 0.0)	(8.0, 0.0)	(9.0, 0.0)	(10.0, 0.0)	(11.0, 0.0005186157109443473)	(12.0, 0.0010372314218886946)	(13.0, 0.0015558471328330423)	(14.0, 0.002593078554721737)	(15.0, 0.005704772820387821)	(16.0, 0.010372314218886947)	(17.0, 0.01555847132833042)	(18.0, 0.020226012726829546)	(19.0, 0.033191405500438226)	(20.0, 0.06067803818048864)	(21.0, 0.08245989804015123)	(22.0, 0.12135607636097728)	(23.0, 0.2079649000886833)	(24.0, 0.2893875667069458)	(25.0, 0.36251238195009877)	(26.0, 0.4781636854906883)	(27.0, 0.61196653891433)	(28.0, 0.7353970781190845)	(29.0, 0.8909817914023889)	(30.0, 1.0356755747558617)	(31.0, 1.173627353867058)	(32.0, 1.3613662412289118)	(33.0, 1.5397700457937673)	(34.0, 1.7461790987496177)	(35.0, 1.9681466230337983)	(36.0, 2.1206196420514365)	(37.0, 2.266350656826798)	(38.0, 2.528251590853693)	(39.0, 2.814527463294973)	(40.0, 3.0411625289776527)	(41.0, 3.280244371722997)	(42.0, 3.5592596242110557)	(43.0, 3.875615207887108)	(44.0, 4.1883404815865495)	(45.0, 4.46165096125422)	(46.0, 4.7603736107581645)	(47.0, 4.95433588665135)	(48.0, 5.031091011871114)	(49.0, 4.9766363622219565)	(50.0, 4.872394604322143)	(51.0, 4.692434952624454)	(52.0, 4.31851302503358)	(53.0, 3.84605411236328)	(54.0, 3.3123985458015466)	(55.0, 2.814527463294973)	(56.0, 2.338956856359007)	(57.0, 1.8841308778608141)	(58.0, 1.5013924831838856)	(59.0, 1.2145979950316614)	(60.0, 0.9801836936848165)	(61.0, 0.8085218933622376)	(62.0, 0.6358228616177699)	(63.0, 0.48905461542051953)	(64.0, 0.3899990146301492)	(65.0, 0.3033901909024432)	(66.0, 0.2577520083393406)	(67.0, 0.2048532058230172)	(68.0, 0.1400262419549738)	(69.0, 0.1063162207435912)	(70.0, 0.08245989804015123)	(71.0, 0.06119665389143299)	(72.0, 0.04097064116460344)	(73.0, 0.024893554125328676)	(74.0, 0.019707397015885197)	(75.0, 0.014002624195497379)	(76.0, 0.00777923566416521)	(77.0, 0.004148925687554778)	(78.0, 0.0036303099766104314)	(79.0, 0.002074462843777389)	(80.0, 0.0010372314218886946)	(81.0, 0.0015558471328330423)	(82.0, 0.0005186157109443473)	(83.0, 0.0)	(84.0, 0.0)	(85.0, 0.0)	(86.0, 0.0)	(87.0, 0.0)	(88.0, 0.0005186157109443473)	(89.0, 0.0005186157109443473)	(90.0, 0.0)	(91.0, 0.0)	(92.0, 0.0)	(93.0, 0.0)	(94.0, 0.0005186157109443473)	(95.0, 0.0005186157109443473)	(96.0, 0.0)	(97.0, 0.0)	(98.0, 0.0005186157109443473)	(99.0, 0.0015558471328330423)	(100.0, 0.005704772820387821)
SRR5898920_R1	(0.0, 0.0)	(1.0, 0.0)	(2.0, 0.0)	(3.0, 0.0)	(4.0, 0.0)	(5.0, 0.0)	(6.0, 0.0)	(7.0, 0.0)	(8.0, 0.0)	(9.0, 0.0010236671853247072)	(10.0, 0.0010236671853247072)	(11.0, 0.0005118335926623536)	(12.0, 0.0005118335926623536)	(13.0, 0.0)	(14.0, 0.0010236671853247072)	(15.0, 0.0020473343706494144)	(16.0, 0.004606502333961183)	(17.0, 0.014331340594545902)	(18.0, 0.028150847596429447)	(19.0, 0.03480468430104004)	(20.0, 0.05015969208091066)	(21.0, 0.08649987715993776)	(22.0, 0.14280157235279667)	(23.0, 0.2016624355089673)	(24.0, 0.26461796740643684)	(25.0, 0.36800835312423225)	(26.0, 0.47498157399066415)	(27.0, 0.590655965932356)	(28.0, 0.7472770452870363)	(29.0, 0.9325608058308084)	(30.0, 1.1024895585947097)	(31.0, 1.2790721480632217)	(32.0, 1.4853410859061502)	(33.0, 1.6481041683727788)	(34.0, 1.8037015805421341)	(35.0, 1.9961510113831789)	(36.0, 2.2213577921546146)	(37.0, 2.402035050364425)	(38.0, 2.57042830235034)	(39.0, 2.7756735730079436)	(40.0, 2.976312341331586)	(41.0, 3.154942265170748)	(42.0, 3.2701048235197776)	(43.0, 3.455388584063549)	(44.0, 3.7322905576938825)	(45.0, 3.891982638604537)	(46.0, 4.013287200065515)	(47.0, 4.149946769306363)	(48.0, 4.2866063385472115)	(49.0, 4.347514536074032)	(50.0, 4.337277864220784)	(51.0, 4.206760298091885)	(52.0, 4.018405535992138)	(53.0, 3.8116247645565475)	(54.0, 3.466648923102121)	(55.0, 3.0730488903447712)	(56.0, 2.693780198181967)	(57.0, 2.346245188764229)	(58.0, 2.009970518385063)	(59.0, 1.7320448775694046)	(60.0, 1.4873884202767995)	(61.0, 1.260646138727377)	(62.0, 1.0717795430349686)	(63.0, 0.8870076160838588)	(64.0, 0.7145196953566456)	(65.0, 0.5778601261157973)	(66.0, 0.45860289902546886)	(67.0, 0.35828351486364757)	(68.0, 0.26410613381377446)	(69.0, 0.2031979362869544)	(70.0, 0.1602039145033167)	(71.0, 0.11823355990500369)	(72.0, 0.07523953812136598)	(73.0, 0.05118335926623536)	(74.0, 0.03634018507902711)	(75.0, 0.022008844484481208)	(76.0, 0.01842600933584473)	(77.0, 0.011772172631234134)	(78.0, 0.007165670297272951)	(79.0, 0.0056301695192858894)	(80.0, 0.0020473343706494144)	(81.0, 0.0015355007779870608)	(82.0, 0.0010236671853247072)	(83.0, 0.0)	(84.0, 0.0)	(85.0, 0.0)	(86.0, 0.0)	(87.0, 0.0)	(88.0, 0.0)	(89.0, 0.0)	(90.0, 0.0)	(91.0, 0.0)	(92.0, 0.0)	(93.0, 0.0)	(94.0, 0.0)	(95.0, 0.0)	(96.0, 0.0)	(97.0, 0.0)	(98.0, 0.0)	(99.0, 0.0)	(100.0, 0.0)
SRR5898920_R2	(0.0, 0.0)	(1.0, 0.0)	(2.0, 0.0)	(3.0, 0.0)	(4.0, 0.0)	(5.0, 0.0)	(6.0, 0.0)	(7.0, 0.0)	(8.0, 0.0)	(9.0, 0.0005112605127942943)	(10.0, 0.0010225210255885885)	(11.0, 0.0005112605127942943)	(12.0, 0.0010225210255885885)	(13.0, 0.0010225210255885885)	(14.0, 0.0010225210255885885)	(15.0, 0.0025563025639714714)	(16.0, 0.006646386666325827)	(17.0, 0.01278151281985736)	(18.0, 0.022495462562948952)	(19.0, 0.036299496408394895)	(20.0, 0.05726117743296096)	(21.0, 0.08538050563664715)	(22.0, 0.135484035890488)	(23.0, 0.20245916306654055)	(24.0, 0.2898847107543649)	(25.0, 0.39724941844116674)	(26.0, 0.47802857946266525)	(27.0, 0.5956184974053529)	(28.0, 0.7628006850890872)	(29.0, 0.913622536363404)	(30.0, 1.0644443876377208)	(31.0, 1.2536107773716099)	(32.0, 1.4586262430021217)	(33.0, 1.662107927094251)	(34.0, 1.8609882665712312)	(35.0, 2.0276591937421715)	(36.0, 2.2372760039878323)	(37.0, 2.448426595771876)	(38.0, 2.6595771875559193)	(39.0, 2.8282931567780363)	(40.0, 2.9331015619008665)	(41.0, 3.100795010097395)	(42.0, 3.2976303075231987)	(43.0, 3.5041795546920933)	(44.0, 3.746517037756589)	(45.0, 3.909609141337969)	(46.0, 4.0445819167156625)	(47.0, 4.233237045936757)	(48.0, 4.30379099670237)	(49.0, 4.2823180551650095)	(50.0, 4.261356374140443)	(51.0, 4.136608809018635)	(52.0, 3.983741915693141)	(53.0, 3.80019939159999)	(54.0, 3.3896571998261718)	(55.0, 3.0476239167667885)	(56.0, 2.7608067690891893)	(57.0, 2.382985250134206)	(58.0, 2.034305580408497)	(59.0, 1.7009637260666173)	(60.0, 1.4320406963368184)	(61.0, 1.1794780030164371)	(62.0, 1.01434085738388)	(63.0, 0.898284720979575)	(64.0, 0.7234336256039264)	(65.0, 0.5710779927912268)	(66.0, 0.4473529486950075)	(67.0, 0.3553260563920346)	(68.0, 0.2975536184462793)	(69.0, 0.2229095835783123)	(70.0, 0.15900201947902554)	(71.0, 0.12270252307063063)	(72.0, 0.07720033743193845)	(73.0, 0.039367059485160665)	(74.0, 0.02556302563971472)	(75.0, 0.021472941537360363)	(76.0, 0.018405378460594597)	(77.0, 0.014826554871034535)	(78.0, 0.005623865640737238)	(79.0, 0.00357882358956006)	(80.0, 0.00357882358956006)	(81.0, 0.001533781538382883)	(82.0, 0.0010225210255885885)	(83.0, 0.0)	(84.0, 0.0)	(85.0, 0.0)	(86.0, 0.0)	(87.0, 0.0)	(88.0, 0.0)	(89.0, 0.0)	(90.0, 0.0)	(91.0, 0.0)	(92.0, 0.0)	(93.0, 0.0)	(94.0, 0.0)	(95.0, 0.0)	(96.0, 0.0)	(97.0, 0.0)	(98.0, 0.0005112605127942943)	(99.0, 0.0005112605127942943)	(100.0, 0.004601344615148649)
SRR5898921_R1	(0.0, 0.0)	(1.0, 0.0)	(2.0, 0.0)	(3.0, 0.0)	(4.0, 0.0)	(5.0, 0.0)	(6.0, 0.0)	(7.0, 0.0)	(8.0, 0.0)	(9.0, 0.000514705125433639)	(10.0, 0.001544115376300917)	(11.0, 0.002058820501734556)	(12.0, 0.002058820501734556)	(13.0, 0.002573525627168195)	(14.0, 0.004117641003469112)	(15.0, 0.006176461505203668)	(16.0, 0.011323512759540058)	(17.0, 0.02058820501734556)	(18.0, 0.026764666522549233)	(19.0, 0.04786757666532843)	(20.0, 0.07566165343874494)	(21.0, 0.0936763328289223)	(22.0, 0.13742626849078163)	(23.0, 0.20485263992258834)	(24.0, 0.2784554728595987)	(25.0, 0.35772006217637914)	(26.0, 0.48227870253131977)	(27.0, 0.6011755865064904)	(28.0, 0.7030872013423509)	(29.0, 0.8472046364637699)	(30.0, 0.9475721359233296)	(31.0, 1.0484543405083229)	(32.0, 1.1596306476019886)	(33.0, 1.2625716726887166)	(34.0, 1.3824979669147546)	(35.0, 1.4926448637575533)	(36.0, 1.6264681963702996)	(37.0, 1.7597768238576121)	(38.0, 1.8416149388015606)	(39.0, 1.9893353098010151)	(40.0, 2.1684526934519215)	(41.0, 2.2997025004374994)	(42.0, 2.3794817948797133)	(43.0, 2.534408037635239)	(44.0, 2.82881936938328)	(45.0, 3.0352161246821696)	(46.0, 3.1958041238174655)	(47.0, 3.4140390970013277)	(48.0, 3.557641826997313)	(49.0, 3.7069063133730684)	(50.0, 3.900435440536117)	(51.0, 3.945729491574277)	(52.0, 3.9637441709644547)	(53.0, 3.952935363330348)	(54.0, 3.8484502228673194)	(55.0, 3.794920889822221)	(56.0, 3.635877006063226)	(57.0, 3.4238184943845673)	(58.0, 3.2426422902319265)	(59.0, 2.938966266226079)	(60.0, 2.6378637678474)	(61.0, 2.3640406411167043)	(62.0, 2.092276334887743)	(63.0, 1.8153649774044451)	(64.0, 1.5240418764090051)	(65.0, 1.252277570180044)	(66.0, 0.9933808920869234)	(67.0, 0.7993370597984415)	(68.0, 0.6557343298024562)	(69.0, 0.49874926654519625)	(70.0, 0.34999948529487457)	(71.0, 0.25786726784225317)	(72.0, 0.19455853741391557)	(73.0, 0.1266174608566752)	(74.0, 0.08647046107285136)	(75.0, 0.0658822560555058)	(76.0, 0.0447793459127266)	(77.0, 0.025220551146248313)	(78.0, 0.012867628135840976)	(79.0, 0.008235282006938224)	(80.0, 0.004117641003469112)	(81.0, 0.000514705125433639)	(82.0, 0.001029410250867278)	(83.0, 0.001544115376300917)	(84.0, 0.000514705125433639)	(85.0, 0.000514705125433639)	(86.0, 0.000514705125433639)	(87.0, 0.0)	(88.0, 0.0)	(89.0, 0.0)	(90.0, 0.0)	(91.0, 0.0)	(92.0, 0.0)	(93.0, 0.0)	(94.0, 0.0)	(95.0, 0.0)	(96.0, 0.0)	(97.0, 0.0)	(98.0, 0.0)	(99.0, 0.0)	(100.0, 0.0)
SRR5898921_R2	(0.0, 0.0)	(1.0, 0.0)	(2.0, 0.0)	(3.0, 0.0)	(4.0, 0.0)	(5.0, 0.0)	(6.0, 0.0)	(7.0, 0.0)	(8.0, 0.0)	(9.0, 0.0005141150280963862)	(10.0, 0.0010282300561927724)	(11.0, 0.0010282300561927724)	(12.0, 0.0015423450842891589)	(13.0, 0.0025705751404819315)	(14.0, 0.005141150280963863)	(15.0, 0.007711725421445794)	(16.0, 0.010282300561927726)	(17.0, 0.019536371067662678)	(18.0, 0.038558627107228974)	(19.0, 0.06015145828727719)	(20.0, 0.08225840449542181)	(21.0, 0.11156296109691582)	(22.0, 0.15217804831653034)	(23.0, 0.2061601262666509)	(24.0, 0.2776221151720486)	(25.0, 0.3506264491617354)	(26.0, 0.45602002992149465)	(27.0, 0.6030569279570611)	(28.0, 0.7254163046440011)	(29.0, 0.8380074957971096)	(30.0, 0.9829879337202906)	(31.0, 1.1012343901824595)	(32.0, 1.171154034003568)	(33.0, 1.2462148281056402)	(34.0, 1.3557213290901706)	(35.0, 1.5094417224909902)	(36.0, 1.6451680899084362)	(37.0, 1.7335958747410145)	(38.0, 1.8276789248826535)	(39.0, 1.989625158733015)	(40.0, 2.137176171796678)	(41.0, 2.3016929807875215)	(42.0, 2.475977975312196)	(43.0, 2.638952439218751)	(44.0, 2.78701756731051)	(45.0, 2.9767260126780766)	(46.0, 3.2019083949842937)	(47.0, 3.361284053694173)	(48.0, 3.5443090036964873)	(49.0, 3.697001167041114)	(50.0, 3.861003861003861)	(51.0, 3.976679742325548)	(52.0, 3.96639744176362)	(53.0, 3.9350364250497405)	(54.0, 3.822959348924728)	(55.0, 3.7540679351598127)	(56.0, 3.640962628978608)	(57.0, 3.3911027253237642)	(58.0, 3.192140209450463)	(59.0, 2.894467608182655)	(60.0, 2.5788009809314736)	(61.0, 2.346420988231907)	(62.0, 2.0826799788184607)	(63.0, 1.7958037931406774)	(64.0, 1.5551979599915686)	(65.0, 1.304309826280532)	(66.0, 1.0297724012770617)	(67.0, 0.8133299744484832)	(68.0, 0.6539543157386033)	(69.0, 0.5171997182649646)	(70.0, 0.3871286161565789)	(71.0, 0.2801926903125305)	(72.0, 0.19227902050804846)	(73.0, 0.13366990730506045)	(74.0, 0.09459716516973508)	(75.0, 0.06375026348395191)	(76.0, 0.037530397051036196)	(77.0, 0.02210694620814461)	(78.0, 0.01799402598337352)	(79.0, 0.010282300561927726)	(80.0, 0.004627035252867477)	(81.0, 0.002056460112385545)	(82.0, 0.0005141150280963862)	(83.0, 0.0010282300561927724)	(84.0, 0.0005141150280963862)	(85.0, 0.0)	(86.0, 0.0)	(87.0, 0.0)	(88.0, 0.0)	(89.0, 0.0)	(90.0, 0.0)	(91.0, 0.0)	(92.0, 0.0)	(93.0, 0.0)	(94.0, 0.0005141150280963862)	(95.0, 0.0005141150280963862)	(96.0, 0.0)	(97.0, 0.0)	(98.0, 0.0)	(99.0, 0.0)	(100.0, 0.0025705751404819315)
SRR5898922_R1	(0.0, 0.0)	(1.0, 0.0)	(2.0, 0.0)	(3.0, 0.0)	(4.0, 0.0)	(5.0, 0.0)	(6.0, 0.0)	(7.0, 0.0)	(8.0, 0.0)	(9.0, 0.0)	(10.0, 0.0005139274334463973)	(11.0, 0.0005139274334463973)	(12.0, 0.0005139274334463973)	(13.0, 0.0010278548668927947)	(14.0, 0.002569637167231987)	(15.0, 0.005653201767910371)	(16.0, 0.005653201767910371)	(17.0, 0.004625346901017576)	(18.0, 0.012848185836159933)	(19.0, 0.023126734505087884)	(20.0, 0.02980779113989105)	(21.0, 0.06064343714667488)	(22.0, 0.10021584952204748)	(23.0, 0.1341350601295097)	(24.0, 0.18809744064138142)	(25.0, 0.272895467160037)	(26.0, 0.37619488128276285)	(27.0, 0.5062185219447014)	(28.0, 0.6501182033096926)	(29.0, 0.8207421112138966)	(30.0, 1.021687737691438)	(31.0, 1.2370233323054785)	(32.0, 1.4456778702847157)	(33.0, 1.6795148525028267)	(34.0, 1.9303114400246686)	(35.0, 2.194984068249563)	(36.0, 2.5017987460170623)	(37.0, 2.8435604892589166)	(38.0, 3.2094768218727516)	(39.0, 3.5579196217494093)	(40.0, 3.831842943776339)	(41.0, 4.0882927330660905)	(42.0, 4.300544763079453)	(43.0, 4.3570767807585575)	(44.0, 4.406927741802857)	(45.0, 4.418748072772124)	(46.0, 4.378661732963305)	(47.0, 4.251207729468599)	(48.0, 4.037413917154898)	(49.0, 3.7670880871620924)	(50.0, 3.503443313804091)	(51.0, 3.335389043067119)	(52.0, 3.073799979442903)	(53.0, 2.7757220680439922)	(54.0, 2.4946037619488126)	(55.0, 2.2386679000925067)	(56.0, 2.052626169184911)	(57.0, 1.9107821975537054)	(58.0, 1.761229314420804)	(59.0, 1.5417823003391922)	(60.0, 1.4225511357796279)	(61.0, 1.3290163428923836)	(62.0, 1.1568506526878404)	(63.0, 1.0006167129201355)	(64.0, 0.8685373625244115)	(65.0, 0.7153869873573852)	(66.0, 0.5473327166204132)	(67.0, 0.43118511666152737)	(68.0, 0.34741494500976466)	(69.0, 0.2698119025593586)	(70.0, 0.19272278754239902)	(71.0, 0.1346489875629561)	(72.0, 0.09610443005447632)	(73.0, 0.06269914688046048)	(74.0, 0.03494706547435502)	(75.0, 0.021584952204748688)	(76.0, 0.01182033096926714)	(77.0, 0.004625346901017576)	(78.0, 0.004111419467571179)	(79.0, 0.0020557097337855893)	(80.0, 0.0005139274334463973)	(81.0, 0.0005139274334463973)	(82.0, 0.0005139274334463973)	(83.0, 0.0005139274334463973)	(84.0, 0.0)	(85.0, 0.0)	(86.0, 0.0)	(87.0, 0.0)	(88.0, 0.0)	(89.0, 0.0)	(90.0, 0.0)	(91.0, 0.0)	(92.0, 0.0)	(93.0, 0.0)	(94.0, 0.0)	(95.0, 0.0)	(96.0, 0.0)	(97.0, 0.0)	(98.0, 0.0)	(99.0, 0.0)	(100.0, 0.0)
SRR5898922_R2	(0.0, 0.0)	(1.0, 0.0)	(2.0, 0.0)	(3.0, 0.0)	(4.0, 0.0)	(5.0, 0.0)	(6.0, 0.0)	(7.0, 0.0)	(8.0, 0.0)	(9.0, 0.0)	(10.0, 0.0005132126599298952)	(11.0, 0.0005132126599298952)	(12.0, 0.0005132126599298952)	(13.0, 0.0005132126599298952)	(14.0, 0.0010264253198597904)	(15.0, 0.0051321265992989515)	(16.0, 0.006158551919158741)	(17.0, 0.004618913939369056)	(18.0, 0.010777465858527797)	(19.0, 0.02309456969684528)	(20.0, 0.04003058747453182)	(21.0, 0.06209873185151731)	(22.0, 0.10007646868632955)	(23.0, 0.15242415999917885)	(24.0, 0.20528506397195803)	(25.0, 0.28842551488060103)	(26.0, 0.39466053548608937)	(27.0, 0.5065408953508066)	(28.0, 0.6307383590538411)	(29.0, 0.8385894863254486)	(30.0, 1.0387424236981078)	(31.0, 1.2199064926533607)	(32.0, 1.4359690224838466)	(33.0, 1.6633222308327902)	(34.0, 1.9532873836931808)	(35.0, 2.259675341671328)	(36.0, 2.565036874329616)	(37.0, 2.8739908956074127)	(38.0, 3.1880770434845087)	(39.0, 3.5144802951999217)	(40.0, 3.7762187517641683)	(41.0, 4.01486263863157)	(42.0, 4.295076750953292)	(43.0, 4.419274214656327)	(44.0, 4.408496748797799)	(45.0, 4.381296477821515)	(46.0, 4.344858378966492)	(47.0, 4.281733221795115)	(48.0, 4.052840375466382)	(49.0, 3.764928073245711)	(50.0, 3.542706991496066)	(51.0, 3.274296770352731)	(52.0, 3.028981118906241)	(53.0, 2.7739144269210834)	(54.0, 2.4885681880000616)	(55.0, 2.289954888607192)	(56.0, 2.083130186655444)	(57.0, 1.845512725107903)	(58.0, 1.6551108282739118)	(59.0, 1.5601664861868811)	(60.0, 1.4436672123827952)	(61.0, 1.292269477703476)	(62.0, 1.154728484842264)	(63.0, 1.018213917300912)	(64.0, 0.8555255041031351)	(65.0, 0.6995088554844471)	(66.0, 0.5794170930608517)	(67.0, 0.44906107743865825)	(68.0, 0.3541167353516277)	(69.0, 0.2812405376415826)	(70.0, 0.205798276631888)	(71.0, 0.137027780201282)	(72.0, 0.09853683070653986)	(73.0, 0.06723085845081626)	(74.0, 0.04054380013446172)	(75.0, 0.02412099501670507)	(76.0, 0.014369954478037064)	(77.0, 0.007184977239018532)	(78.0, 0.0025660632996494757)	(79.0, 0.002052850639719581)	(80.0, 0.0015396379797896853)	(81.0, 0.0005132126599298952)	(82.0, 0.0)	(83.0, 0.0)	(84.0, 0.0)	(85.0, 0.0)	(86.0, 0.0)	(87.0, 0.0)	(88.0, 0.0)	(89.0, 0.0)	(90.0, 0.0)	(91.0, 0.0)	(92.0, 0.0)	(93.0, 0.0)	(94.0, 0.0)	(95.0, 0.0)	(96.0, 0.0)	(97.0, 0.0005132126599298952)	(98.0, 0.0005132126599298952)	(99.0, 0.0010264253198597904)	(100.0, 0.0025660632996494757)
SRR5898923_R1	(0.0, 0.0)	(1.0, 0.0)	(2.0, 0.0)	(3.0, 0.0)	(4.0, 0.0)	(5.0, 0.0)	(6.0, 0.0)	(7.0, 0.0)	(8.0, 0.0)	(9.0, 0.0)	(10.0, 0.0)	(11.0, 0.0)	(12.0, 0.0)	(13.0, 0.000508786747122811)	(14.0, 0.002035146988491244)	(15.0, 0.002035146988491244)	(16.0, 0.004579080724105298)	(17.0, 0.01526360241368433)	(18.0, 0.01678996265505276)	(19.0, 0.020860256632035248)	(20.0, 0.040194153022702066)	(21.0, 0.06665106387308824)	(22.0, 0.1114242976198956)	(23.0, 0.16535569281491355)	(24.0, 0.23658583741210706)	(25.0, 0.3108687024920375)	(26.0, 0.3810812735949854)	(27.0, 0.49962858567460033)	(28.0, 0.6705809327078648)	(29.0, 0.8221993833504625)	(30.0, 0.9646596725448495)	(31.0, 1.157489849704395)	(32.0, 1.3666012027718701)	(33.0, 1.5680807546325033)	(34.0, 1.7909293498722945)	(35.0, 2.005128570410998)	(36.0, 2.241714407823105)	(37.0, 2.455913628361808)	(38.0, 2.6523053127512135)	(39.0, 2.9270501561975313)	(40.0, 3.1473548177017086)	(41.0, 3.312710510516622)	(42.0, 3.5431909069632552)	(43.0, 3.7283892829159586)	(44.0, 3.9247809673053635)	(45.0, 4.15220864326926)	(46.0, 4.370478157784946)	(47.0, 4.562799548197368)	(48.0, 4.608590355438421)	(49.0, 4.5734840698869474)	(50.0, 4.540412931323965)	(51.0, 4.416777751773122)	(52.0, 4.161366804717471)	(53.0, 3.8815340937999245)	(54.0, 3.552349068411466)	(55.0, 3.130564855046656)	(56.0, 2.647726232027108)	(57.0, 2.2188190042025786)	(58.0, 1.8804758173659093)	(59.0, 1.5553610859544331)	(60.0, 1.262299919611694)	(61.0, 1.0252052954524642)	(62.0, 0.7972688327414448)	(63.0, 0.6141056037772329)	(64.0, 0.4813122627781791)	(65.0, 0.37751976636512574)	(66.0, 0.29611388682547596)	(67.0, 0.20860256632035246)	(68.0, 0.1404251422058958)	(69.0, 0.09819584219470251)	(70.0, 0.07326529158568477)	(71.0, 0.06359834339035138)	(72.0, 0.04935231447091266)	(73.0, 0.036123859045719575)	(74.0, 0.029509631333123034)	(75.0, 0.018825109643544006)	(76.0, 0.008649374701087786)	(77.0, 0.004579080724105298)	(78.0, 0.004070293976982488)	(79.0, 0.0025439337356140544)	(80.0, 0.000508786747122811)	(81.0, 0.0)	(82.0, 0.0)	(83.0, 0.000508786747122811)	(84.0, 0.000508786747122811)	(85.0, 0.0)	(86.0, 0.0)	(87.0, 0.0)	(88.0, 0.000508786747122811)	(89.0, 0.000508786747122811)	(90.0, 0.0)	(91.0, 0.0)	(92.0, 0.0)	(93.0, 0.0)	(94.0, 0.0)	(95.0, 0.0)	(96.0, 0.0)	(97.0, 0.0)	(98.0, 0.0)	(99.0, 0.0)	(100.0, 0.0)
SRR5898923_R2	(0.0, 0.0)	(1.0, 0.0)	(2.0, 0.0)	(3.0, 0.0)	(4.0, 0.0)	(5.0, 0.0)	(6.0, 0.0)	(7.0, 0.0)	(8.0, 0.0)	(9.0, 0.0)	(10.0, 0.0)	(11.0, 0.0005079107092973055)	(12.0, 0.0005079107092973055)	(13.0, 0.0005079107092973055)	(14.0, 0.0015237321278919165)	(15.0, 0.0015237321278919165)	(16.0, 0.007618660639459583)	(17.0, 0.015745231988216472)	(18.0, 0.018284785534703)	(19.0, 0.02641135688345989)	(20.0, 0.0457119638367575)	(21.0, 0.06501257079005511)	(22.0, 0.10107423115016381)	(23.0, 0.15846814130075934)	(24.0, 0.23617847982324705)	(25.0, 0.3174441933108159)	(26.0, 0.3885516926124387)	(27.0, 0.5007999593671433)	(28.0, 0.681616171876984)	(29.0, 0.8421159560149325)	(30.0, 0.964014526246286)	(31.0, 1.1778449348604514)	(32.0, 1.394722807730401)	(33.0, 1.5943317164842419)	(34.0, 1.8310181070167864)	(35.0, 2.0118343195266273)	(36.0, 2.19976128196663)	(37.0, 2.456764100871067)	(38.0, 2.6893872057292327)	(39.0, 2.920486578459507)	(40.0, 3.1805368616197276)	(41.0, 3.360337252710974)	(42.0, 3.5162658404652465)	(43.0, 3.7783477664626557)	(44.0, 3.958148157553902)	(45.0, 4.182644691063311)	(46.0, 4.4528531884094775)	(47.0, 4.51837366990883)	(48.0, 4.5046600807578026)	(49.0, 4.513294562815857)	(50.0, 4.529547705513371)	(51.0, 4.429997206491098)	(52.0, 4.197374101632933)	(53.0, 3.8702796048454684)	(54.0, 3.4918861264189758)	(55.0, 3.02359245244686)	(56.0, 2.5710440104629604)	(57.0, 2.22617263885009)	(58.0, 1.91888665972522)	(59.0, 1.589252609391269)	(60.0, 1.2540315412550473)	(61.0, 1.0214084363968814)	(62.0, 0.7989435457246616)	(63.0, 0.5927317977499555)	(64.0, 0.4799756202859537)	(65.0, 0.377377657007898)	(66.0, 0.2585265510323285)	(67.0, 0.19199024811438148)	(68.0, 0.16303933768443507)	(69.0, 0.11529573101048836)	(70.0, 0.0822815349061635)	(71.0, 0.05840973156919013)	(72.0, 0.04012494603448714)	(73.0, 0.031998374685730246)	(74.0, 0.02539553546486528)	(75.0, 0.017776874825405693)	(76.0, 0.008126571348756889)	(77.0, 0.005587017802270361)	(78.0, 0.005079107092973056)	(79.0, 0.002539553546486528)	(80.0, 0.0005079107092973055)	(81.0, 0.0)	(82.0, 0.0)	(83.0, 0.0005079107092973055)	(84.0, 0.0005079107092973055)	(85.0, 0.0)	(86.0, 0.0)	(87.0, 0.0)	(88.0, 0.0)	(89.0, 0.0)	(90.0, 0.0)	(91.0, 0.0)	(92.0, 0.0)	(93.0, 0.0)	(94.0, 0.0)	(95.0, 0.0)	(96.0, 0.0)	(97.0, 0.0)	(98.0, 0.0005079107092973055)	(99.0, 0.001015821418594611)	(100.0, 0.003047464255783833)
SRR5898924_R1	(0.0, 0.0)	(1.0, 0.0)	(2.0, 0.0)	(3.0, 0.0)	(4.0, 0.0)	(5.0, 0.0)	(6.0, 0.0)	(7.0, 0.0)	(8.0, 0.0)	(9.0, 0.0)	(10.0, 0.0005188175111286356)	(11.0, 0.0005188175111286356)	(12.0, 0.0005188175111286356)	(13.0, 0.0005188175111286356)	(14.0, 0.0005188175111286356)	(15.0, 0.0025940875556431783)	(16.0, 0.005188175111286357)	(17.0, 0.010895167733701349)	(18.0, 0.015564525333859068)	(19.0, 0.02023388293401679)	(20.0, 0.033723138223361315)	(21.0, 0.06692745893559399)	(22.0, 0.10843285982588484)	(23.0, 0.1499382607161757)	(24.0, 0.20597055191806835)	(25.0, 0.28794371867639273)	(26.0, 0.3745862430348749)	(27.0, 0.46226640241561434)	(28.0, 0.5956025027756737)	(29.0, 0.746059581002978)	(30.0, 0.8897720315856101)	(31.0, 1.0407479273240432)	(32.0, 1.1875732829734469)	(33.0, 1.287186245110145)	(34.0, 1.450613761115665)	(35.0, 1.6799311010345221)	(36.0, 1.837651624417627)	(37.0, 1.9865522501115458)	(38.0, 2.1992674296742862)	(39.0, 2.397974536436554)	(40.0, 2.6262542413331538)	(41.0, 2.9193861351208326)	(42.0, 3.1902088759299807)	(43.0, 3.5046122876739334)	(44.0, 3.852738837641248)	(45.0, 4.187376132319218)	(46.0, 4.554180112687163)	(47.0, 4.782978635094891)	(48.0, 4.928247538210909)	(49.0, 5.051726105859525)	(50.0, 5.015927697591649)	(51.0, 4.877403422120303)	(52.0, 4.607618316333413)	(53.0, 4.208647650275492)	(54.0, 3.7619457731937365)	(55.0, 3.3079804509561805)	(56.0, 2.839488238407023)	(57.0, 2.4363670322600726)	(58.0, 2.06852541686987)	(59.0, 1.66540421072292)	(60.0, 1.3686405943573408)	(61.0, 1.1315409917715542)	(62.0, 0.91260000207527)	(63.0, 0.7579923837589366)	(64.0, 0.6028659479314745)	(65.0, 0.46589812499351474)	(66.0, 0.3600593527232731)	(67.0, 0.2843119960984923)	(68.0, 0.21945980720741287)	(69.0, 0.16238988098326296)	(70.0, 0.10843285982588484)	(71.0, 0.06952154649123718)	(72.0, 0.04773121102383447)	(73.0, 0.024384423023045873)	(74.0, 0.015045707822730433)	(75.0, 0.013489255289344526)	(76.0, 0.00830108017805817)	(77.0, 0.0031129050667718134)	(78.0, 0.0025940875556431783)	(79.0, 0.0025940875556431783)	(80.0, 0.0020752700445145424)	(81.0, 0.0020752700445145424)	(82.0, 0.0015564525333859067)	(83.0, 0.0005188175111286356)	(84.0, 0.0)	(85.0, 0.0)	(86.0, 0.0)	(87.0, 0.0)	(88.0, 0.0)	(89.0, 0.0)	(90.0, 0.0)	(91.0, 0.0)	(92.0, 0.0)	(93.0, 0.0)	(94.0, 0.0)	(95.0, 0.0)	(96.0, 0.0)	(97.0, 0.0)	(98.0, 0.0)	(99.0, 0.0)	(100.0, 0.0)
SRR5898924_R2	(0.0, 0.0)	(1.0, 0.0)	(2.0, 0.0)	(3.0, 0.0)	(4.0, 0.0)	(5.0, 0.0)	(6.0, 0.0)	(7.0, 0.0)	(8.0, 0.0)	(9.0, 0.0)	(10.0, 0.0)	(11.0, 0.0)	(12.0, 0.0)	(13.0, 0.0005181803578553552)	(14.0, 0.0005181803578553552)	(15.0, 0.0)	(16.0, 0.0036272625049874863)	(17.0, 0.010363607157107104)	(18.0, 0.0150272303778053)	(19.0, 0.023836296461346336)	(20.0, 0.04663623220698196)	(21.0, 0.07099070902618365)	(22.0, 0.0865361197618443)	(23.0, 0.13887233590523518)	(24.0, 0.2274811770985009)	(25.0, 0.30935367363964705)	(26.0, 0.3767171201608432)	(27.0, 0.46947140421695177)	(28.0, 0.5922801490286709)	(29.0, 0.7332252063653275)	(30.0, 0.8762429851334056)	(31.0, 0.9943881067244266)	(32.0, 1.1560603783752974)	(33.0, 1.2964872553540987)	(34.0, 1.4260323448179375)	(35.0, 1.6421135540436202)	(36.0, 1.8613038454164357)	(37.0, 2.0214215759937404)	(38.0, 2.196048356590995)	(39.0, 2.388293269355332)	(40.0, 2.639610742915179)	(41.0, 2.9018100039899886)	(42.0, 3.194063725820409)	(43.0, 3.5490172709513277)	(44.0, 3.8982708321458364)	(45.0, 4.229388080815409)	(46.0, 4.560505329484981)	(47.0, 4.843431804874005)	(48.0, 4.947586056802931)	(49.0, 4.928931563920138)	(50.0, 4.958467844317893)	(51.0, 4.875040806703181)	(52.0, 4.580196183083484)	(53.0, 4.1169429431607965)	(54.0, 3.712762264033619)	(55.0, 3.3287906188628016)	(56.0, 2.8240829503116855)	(57.0, 2.4038386800909923)	(58.0, 1.9955125581009727)	(59.0, 1.6991133934077096)	(60.0, 1.4063414912194339)	(61.0, 1.1368877051346493)	(62.0, 0.9493064155910107)	(63.0, 0.7876341439401398)	(64.0, 0.6440981848142064)	(65.0, 0.5088531114139588)	(66.0, 0.4057352202007431)	(67.0, 0.291735541472565)	(68.0, 0.20830850385785277)	(69.0, 0.15286320556732977)	(70.0, 0.1098542358653353)	(71.0, 0.08601793940398895)	(72.0, 0.06425436437406404)	(73.0, 0.03523626433416415)	(74.0, 0.02124539467206956)	(75.0, 0.013990869662094589)	(76.0, 0.006218164294264261)	(77.0, 0.005699983936408907)	(78.0, 0.004663623220698196)	(79.0, 0.0020727214314214207)	(80.0, 0.0015545410735660653)	(81.0, 0.0010363607157107104)	(82.0, 0.0010363607157107104)	(83.0, 0.0005181803578553552)	(84.0, 0.0)	(85.0, 0.0)	(86.0, 0.0)	(87.0, 0.0)	(88.0, 0.0)	(89.0, 0.0)	(90.0, 0.0)	(91.0, 0.0)	(92.0, 0.0)	(93.0, 0.0)	(94.0, 0.0)	(95.0, 0.0)	(96.0, 0.0)	(97.0, 0.0005181803578553552)	(98.0, 0.0005181803578553552)	(99.0, 0.0)	(100.0, 0.002590901789276776)
SRR5898925_R1	(0.0, 0.0)	(1.0, 0.0)	(2.0, 0.0)	(3.0, 0.0)	(4.0, 0.0)	(5.0, 0.0)	(6.0, 0.0)	(7.0, 0.0)	(8.0, 0.0)	(9.0, 0.0)	(10.0, 0.0)	(11.0, 0.0)	(12.0, 0.0)	(13.0, 0.000508202386518407)	(14.0, 0.001016404773036814)	(15.0, 0.0025410119325920354)	(16.0, 0.004573821478665663)	(17.0, 0.005082023865184071)	(18.0, 0.013213262049478584)	(19.0, 0.02083629784725469)	(20.0, 0.02439371455288354)	(21.0, 0.0355741670562885)	(22.0, 0.05488585774398797)	(23.0, 0.10621429878234709)	(24.0, 0.17583802573536886)	(25.0, 0.22767466916024637)	(26.0, 0.29018356270201046)	(27.0, 0.39334864716524703)	(28.0, 0.5036285650397414)	(29.0, 0.6266135425771959)	(30.0, 0.7399426747708007)	(31.0, 0.8507307950318135)	(32.0, 1.0087817372390382)	(33.0, 1.1688654889923364)	(34.0, 1.3238672168804504)	(35.0, 1.4956396235236722)	(36.0, 1.6872319232411115)	(37.0, 1.8544305084056676)	(38.0, 2.1064988921187973)	(39.0, 2.3788953712926637)	(40.0, 2.6350293740979405)	(41.0, 2.9978858780720836)	(42.0, 3.296200678958389)	(43.0, 3.6519423495212733)	(44.0, 4.117963937958653)	(45.0, 4.586018335942105)	(46.0, 4.892972577399223)	(47.0, 5.277173581607139)	(48.0, 5.637489073648689)	(49.0, 5.754375622547923)	(50.0, 5.7640314678917735)	(51.0, 5.523143536682048)	(52.0, 5.220254914317078)	(53.0, 4.755249730652735)	(54.0, 4.149472485922794)	(55.0, 3.5619905271075156)	(56.0, 2.8708352814424813)	(57.0, 2.280812310694611)	(58.0, 1.790397007704348)	(59.0, 1.3101457524444535)	(60.0, 0.9254365458500193)	(61.0, 0.6357611855345273)	(62.0, 0.43502124285975646)	(63.0, 0.28713434838290003)	(64.0, 0.19667432358262352)	(65.0, 0.12298497753745452)	(66.0, 0.07216473888561381)	(67.0, 0.05132844103835912)	(68.0, 0.03811517898888053)	(69.0, 0.02083629784725469)	(70.0, 0.013213262049478584)	(71.0, 0.008131238184294513)	(72.0, 0.0055902262517024785)	(73.0, 0.005082023865184071)	(74.0, 0.0030492143191104427)	(75.0, 0.0015246071595552213)	(76.0, 0.002032809546073628)	(77.0, 0.0015246071595552213)	(78.0, 0.0)	(79.0, 0.0)	(80.0, 0.0)	(81.0, 0.0)	(82.0, 0.0)	(83.0, 0.0)	(84.0, 0.0)	(85.0, 0.0)	(86.0, 0.0)	(87.0, 0.0)	(88.0, 0.0)	(89.0, 0.0)	(90.0, 0.0)	(91.0, 0.0)	(92.0, 0.0)	(93.0, 0.0)	(94.0, 0.0)	(95.0, 0.0)	(96.0, 0.0)	(97.0, 0.0)	(98.0, 0.0)	(99.0, 0.0)	(100.0, 0.0)
SRR5898925_R2	(0.0, 0.0)	(1.0, 0.0)	(2.0, 0.0)	(3.0, 0.0)	(4.0, 0.0)	(5.0, 0.0)	(6.0, 0.0)	(7.0, 0.0)	(8.0, 0.0)	(9.0, 0.0)	(10.0, 0.0005076013299154844)	(11.0, 0.0005076013299154844)	(12.0, 0.0)	(13.0, 0.0010152026598309687)	(14.0, 0.0020304053196619374)	(15.0, 0.0035532093094083907)	(16.0, 0.005583614629070329)	(17.0, 0.006598817288901297)	(18.0, 0.011167229258140657)	(19.0, 0.019796451866703892)	(20.0, 0.029440877135098093)	(21.0, 0.043146113042816174)	(22.0, 0.064972970229182)	(23.0, 0.10862668460191365)	(24.0, 0.16040202025329306)	(25.0, 0.21319255856450345)	(26.0, 0.2903479607116571)	(27.0, 0.3959290373340778)	(28.0, 0.4954188979975128)	(29.0, 0.6075987919088348)	(30.0, 0.7339915230577904)	(31.0, 0.8649526661759854)	(32.0, 1.0451511382959824)	(33.0, 1.1771274840740082)	(34.0, 1.2933681886246542)	(35.0, 1.4984391259105099)	(36.0, 1.7151848937844216)	(37.0, 1.9126418111215453)	(38.0, 2.144108017563006)	(39.0, 2.426334356996015)	(40.0, 2.6720134006751097)	(41.0, 2.9730209893149917)	(42.0, 3.3364635415344788)	(43.0, 3.7425446054668665)	(44.0, 4.1658841146163805)	(45.0, 4.555721935991473)	(46.0, 4.9663714118931)	(47.0, 5.345549605339966)	(48.0, 5.598842668967793)	(49.0, 5.686657699043172)	(50.0, 5.645034389990101)	(51.0, 5.527778482779625)	(52.0, 5.2090048475927)	(53.0, 4.666886627242963)	(54.0, 4.169944925255704)	(55.0, 3.570467754625517)	(56.0, 2.8344458262480647)	(57.0, 2.230907844978554)	(58.0, 1.7045252658561965)	(59.0, 1.2593588995203167)	(60.0, 0.9370320550239841)	(61.0, 0.6365320677140175)	(62.0, 0.422324306489683)	(63.0, 0.2959315753407274)	(64.0, 0.19745691733712342)	(65.0, 0.13045354178827948)	(66.0, 0.0812162127864775)	(67.0, 0.05177533565137941)	(68.0, 0.03502449176416842)	(69.0, 0.027918073145351642)	(70.0, 0.01928885053678841)	(71.0, 0.00812162127864775)	(72.0, 0.005583614629070329)	(73.0, 0.006091215958985812)	(74.0, 0.0035532093094083907)	(75.0, 0.0005076013299154844)	(76.0, 0.0005076013299154844)	(77.0, 0.0005076013299154844)	(78.0, 0.0)	(79.0, 0.0)	(80.0, 0.0)	(81.0, 0.0)	(82.0, 0.0)	(83.0, 0.0)	(84.0, 0.0)	(85.0, 0.0)	(86.0, 0.0)	(87.0, 0.0)	(88.0, 0.0)	(89.0, 0.0)	(90.0, 0.0)	(91.0, 0.0)	(92.0, 0.0)	(93.0, 0.0)	(94.0, 0.0)	(95.0, 0.0)	(96.0, 0.0)	(97.0, 0.0005076013299154844)	(98.0, 0.0010152026598309687)	(99.0, 0.0020304053196619374)	(100.0, 0.004060810639323875)
SRR5898926_R1	(0.0, 0.0)	(1.0, 0.0)	(2.0, 0.0)	(3.0, 0.0)	(4.0, 0.0)	(5.0, 0.0)	(6.0, 0.0)	(7.0, 0.0)	(8.0, 0.0)	(9.0, 0.0005184463200680201)	(10.0, 0.0005184463200680201)	(11.0, 0.0)	(12.0, 0.0)	(13.0, 0.0005184463200680201)	(14.0, 0.0036291242404761412)	(15.0, 0.005184463200680202)	(16.0, 0.0046660168806121815)	(17.0, 0.009332033761224363)	(18.0, 0.016071835922108625)	(19.0, 0.019182513842516746)	(20.0, 0.03732813504489745)	(21.0, 0.06532423632857054)	(22.0, 0.10939217353435225)	(23.0, 0.16486592978163042)	(24.0, 0.23433773667074512)	(25.0, 0.3302503058833289)	(26.0, 0.41786773397482424)	(27.0, 0.5298521391095167)	(28.0, 0.6470210074448891)	(29.0, 0.7667821073806018)	(30.0, 0.9430538562037287)	(31.0, 1.1131042491860392)	(32.0, 1.209535264718691)	(33.0, 1.3552186806578046)	(34.0, 1.5911117562887538)	(35.0, 1.7886398042346696)	(36.0, 1.9410630223346677)	(37.0, 2.0784512971526925)	(38.0, 2.2936065199809215)	(39.0, 2.5523112336948635)	(40.0, 2.7265091972377182)	(41.0, 2.9230003525434975)	(42.0, 3.2003691337798887)	(43.0, 3.5575786483067544)	(44.0, 3.955745422118994)	(45.0, 4.253333609838037)	(46.0, 4.427531573380892)	(47.0, 4.66653532693225)	(48.0, 4.872358515999253)	(49.0, 4.958939051450613)	(50.0, 4.959975944090749)	(51.0, 4.796146906949255)	(52.0, 4.514630555152319)	(53.0, 4.1740113228676305)	(54.0, 3.8209493789013087)	(55.0, 3.2926525787519956)	(56.0, 2.77835382924452)	(57.0, 2.393148213433981)	(58.0, 1.983575620580245)	(59.0, 1.6087389311710665)	(60.0, 1.3044109412911387)	(61.0, 1.058148939258829)	(62.0, 0.8419568237904648)	(63.0, 0.6553161485659774)	(64.0, 0.5023744841459116)	(65.0, 0.3945376495717633)	(66.0, 0.2877377076377512)	(67.0, 0.22500570290952074)	(68.0, 0.1902697994649634)	(69.0, 0.14309118433877357)	(70.0, 0.1005785860931959)	(71.0, 0.06791646792891064)	(72.0, 0.04977084672652994)	(73.0, 0.03110677920408121)	(74.0, 0.021256299122788824)	(75.0, 0.012961158001700503)	(76.0, 0.005702909520748221)	(77.0, 0.0046660168806121815)	(78.0, 0.0046660168806121815)	(79.0, 0.002592231600340101)	(80.0, 0.0015553389602040607)	(81.0, 0.0005184463200680201)	(82.0, 0.0)	(83.0, 0.0)	(84.0, 0.0)	(85.0, 0.0)	(86.0, 0.0)	(87.0, 0.0)	(88.0, 0.0005184463200680201)	(89.0, 0.0005184463200680201)	(90.0, 0.0)	(91.0, 0.0)	(92.0, 0.0)	(93.0, 0.0)	(94.0, 0.0)	(95.0, 0.0)	(96.0, 0.0)	(97.0, 0.0)	(98.0, 0.0)	(99.0, 0.0)	(100.0, 0.0)
SRR5898926_R2	(0.0, 0.0)	(1.0, 0.0)	(2.0, 0.0)	(3.0, 0.0)	(4.0, 0.0)	(5.0, 0.0)	(6.0, 0.0)	(7.0, 0.0)	(8.0, 0.0)	(9.0, 0.0)	(10.0, 0.0)	(11.0, 0.0005181320304039875)	(12.0, 0.0005181320304039875)	(13.0, 0.001036264060807975)	(14.0, 0.0036269242128279125)	(15.0, 0.004663188273635888)	(16.0, 0.005181320304039875)	(17.0, 0.0077719804560598136)	(18.0, 0.013471432790503675)	(19.0, 0.02953352573302729)	(20.0, 0.04196869446272299)	(21.0, 0.05699452334443863)	(22.0, 0.10621706623281743)	(23.0, 0.1715017020637199)	(24.0, 0.24404018632027813)	(25.0, 0.3274594432153201)	(26.0, 0.41087870011036215)	(27.0, 0.5212408225864115)	(28.0, 0.665799659069124)	(29.0, 0.7880788182444651)	(30.0, 0.913984901632634)	(31.0, 1.078750887301102)	(32.0, 1.2347086284527025)	(33.0, 1.3911845016347064)	(34.0, 1.577712032580142)	(35.0, 1.7725296760120413)	(36.0, 1.9673473194439406)	(37.0, 2.1310770410516007)	(38.0, 2.2694182931694655)	(39.0, 2.4647540686317684)	(40.0, 2.7264107439857823)	(41.0, 3.0253729255288833)	(42.0, 3.269413111849161)	(43.0, 3.579256066030746)	(44.0, 3.915523753762934)	(45.0, 4.2346930844917905)	(46.0, 4.561116263646302)	(47.0, 4.676141574395987)	(48.0, 4.787539960932845)	(49.0, 4.965259247361413)	(50.0, 4.9082647240169734)	(51.0, 4.783394904689613)	(52.0, 4.515520644970752)	(53.0, 4.09686996440433)	(54.0, 3.739358863425578)	(55.0, 3.3124180703726926)	(56.0, 2.829519018036176)	(57.0, 2.367345246915819)	(58.0, 1.9709742436567688)	(59.0, 1.5958466536442815)	(60.0, 1.3046564525572406)	(61.0, 1.045072305324843)	(62.0, 0.8186486080383004)	(63.0, 0.6740897715555878)	(64.0, 0.5191682944647955)	(65.0, 0.3906715509246066)	(66.0, 0.31398801042481644)	(67.0, 0.24714897850270207)	(68.0, 0.1829006067326076)	(69.0, 0.12797861150978493)	(70.0, 0.09430002953352573)	(71.0, 0.06839342801332636)	(72.0, 0.045077486645146915)	(73.0, 0.03523297806747115)	(74.0, 0.023834073398583427)	(75.0, 0.015543960912119627)	(76.0, 0.010880772638483738)	(77.0, 0.007253848425655825)	(78.0, 0.005181320304039875)	(79.0, 0.0025906601520199377)	(80.0, 0.0005181320304039875)	(81.0, 0.0)	(82.0, 0.0)	(83.0, 0.0)	(84.0, 0.0)	(85.0, 0.0)	(86.0, 0.0)	(87.0, 0.0)	(88.0, 0.0)	(89.0, 0.0)	(90.0, 0.0)	(91.0, 0.0)	(92.0, 0.0)	(93.0, 0.0)	(94.0, 0.0)	(95.0, 0.0005181320304039875)	(96.0, 0.0005181320304039875)	(97.0, 0.0)	(98.0, 0.0)	(99.0, 0.0)	(100.0, 0.0036269242128279125)
SRR5898948_R1	(0.0, 0.0)	(1.0, 0.0)	(2.0, 0.0)	(3.0, 0.0)	(4.0, 0.0)	(5.0, 0.0)	(6.0, 0.0)	(7.0, 0.0)	(8.0, 0.0)	(9.0, 0.0)	(10.0, 0.0)	(11.0, 0.0)	(12.0, 0.0)	(13.0, 0.0)	(14.0, 0.0)	(15.0, 0.0010725125752099442)	(16.0, 0.002681281438024861)	(17.0, 0.005362562876049722)	(18.0, 0.008043844314074582)	(19.0, 0.017160201203359107)	(20.0, 0.028957839530668498)	(21.0, 0.048263065884447495)	(22.0, 0.08043844314074583)	(23.0, 0.12441145872435354)	(24.0, 0.18929846952455517)	(25.0, 0.27831701326698055)	(26.0, 0.3780606827615054)	(27.0, 0.48692070914531477)	(28.0, 0.6386812385375218)	(29.0, 0.8049206876950632)	(30.0, 0.9175345080921073)	(31.0, 1.1084417464794776)	(32.0, 1.3481483070389)	(33.0, 1.5808835358594577)	(34.0, 1.8474029107991292)	(35.0, 2.133227512092579)	(36.0, 2.4426473900406482)	(37.0, 2.7316895290597283)	(38.0, 3.064704683662416)	(39.0, 3.4084449640172028)	(40.0, 3.738242580894261)	(41.0, 4.032647282789391)	(42.0, 4.299702914016667)	(43.0, 4.4718411823378625)	(44.0, 4.563541007518313)	(45.0, 4.615021611128391)	(46.0, 4.576411158420832)	(47.0, 4.477203745213912)	(48.0, 4.2525123607074296)	(49.0, 3.936657407308101)	(50.0, 3.6449339868509956)	(51.0, 3.3789508681989293)	(52.0, 3.042718175870612)	(53.0, 2.712920558993554)	(54.0, 2.4635613852572424)	(55.0, 2.2576389708169327)	(56.0, 2.0753118330312423)	(57.0, 1.8608093179892533)	(58.0, 1.6302191143191154)	(59.0, 1.5122427310460216)	(60.0, 1.387831272321668)	(61.0, 1.2285631549029912)	(62.0, 1.0816289320992287)	(63.0, 0.9271871212689969)	(64.0, 0.8408498589645964)	(65.0, 0.7453962397709113)	(66.0, 0.6129409367324832)	(67.0, 0.47780435225603024)	(68.0, 0.3737706324606656)	(69.0, 0.30298480249680926)	(70.0, 0.23756153540900266)	(71.0, 0.17750083119724577)	(72.0, 0.1270927401623784)	(73.0, 0.08848228745482041)	(74.0, 0.0654232670878066)	(75.0, 0.04450927187121269)	(76.0, 0.026276558092643638)	(77.0, 0.014478919765334249)	(78.0, 0.008043844314074582)	(79.0, 0.005898819163654694)	(80.0, 0.0032175377256298335)	(81.0, 0.0010725125752099442)	(82.0, 0.0016087688628149167)	(83.0, 0.0010725125752099442)	(84.0, 0.0)	(85.0, 0.0)	(86.0, 0.0)	(87.0, 0.0)	(88.0, 0.0)	(89.0, 0.0)	(90.0, 0.0)	(91.0, 0.0)	(92.0, 0.0)	(93.0, 0.0)	(94.0, 0.0)	(95.0, 0.0)	(96.0, 0.0)	(97.0, 0.0)	(98.0, 0.0)	(99.0, 0.0)	(100.0, 0.0)
SRR5898948_R2	(0.0, 0.0)	(1.0, 0.0)	(2.0, 0.0)	(3.0, 0.0)	(4.0, 0.0)	(5.0, 0.0)	(6.0, 0.0)	(7.0, 0.0)	(8.0, 0.0)	(9.0, 0.0)	(10.0, 0.0)	(11.0, 0.0)	(12.0, 0.0)	(13.0, 0.0)	(14.0, 0.0016090104585679808)	(15.0, 0.004290694556181282)	(16.0, 0.003754357736658622)	(17.0, 0.008045052292839904)	(18.0, 0.015017430946634488)	(19.0, 0.016090104585679808)	(20.0, 0.02359882005899705)	(21.0, 0.04666130329847144)	(22.0, 0.08527755430410297)	(23.0, 0.12818449986591582)	(24.0, 0.18771788683293109)	(25.0, 0.2660230624832395)	(26.0, 0.3561276481630464)	(27.0, 0.48860284258514347)	(28.0, 0.6269777420219897)	(29.0, 0.7497988736926791)	(30.0, 0.9128452668275676)	(31.0, 1.1440064360418343)	(32.0, 1.3456690801823545)	(33.0, 1.5162241887905605)	(34.0, 1.8047733976937517)	(35.0, 2.099758648431215)	(36.0, 2.3958165728077234)	(37.0, 2.722982032716546)	(38.0, 3.086082059533387)	(39.0, 3.3864306784660765)	(40.0, 3.72378653794583)	(41.0, 4.075087154733172)	(42.0, 4.3100026816840975)	(43.0, 4.5063019576293915)	(44.0, 4.549208903191204)	(45.0, 4.564226334137839)	(46.0, 4.600697237865379)	(47.0, 4.463395012067579)	(48.0, 4.207026012335747)	(49.0, 3.96567444355055)	(50.0, 3.6964333601501744)	(51.0, 3.3805309734513274)	(52.0, 3.046929471708233)	(53.0, 2.796996513810673)	(54.0, 2.5770984178063823)	(55.0, 2.2896218825422365)	(56.0, 2.0386162510056316)	(57.0, 1.8626977742021988)	(58.0, 1.688924644676857)	(59.0, 1.51407884151247)	(60.0, 1.333869670152856)	(61.0, 1.2040761598283722)	(62.0, 1.1053901850362027)	(63.0, 0.9401984446232234)	(64.0, 0.8114776079377849)	(65.0, 0.7219093590775006)	(66.0, 0.6039152587825154)	(67.0, 0.5186377044784124)	(68.0, 0.41512469831053905)	(69.0, 0.3019576293912577)	(70.0, 0.2306248323947439)	(71.0, 0.17967283454009117)	(72.0, 0.12443014212925718)	(73.0, 0.07937784928935372)	(74.0, 0.05738803968892464)	(75.0, 0.0391525878251542)	(76.0, 0.02145347278090641)	(77.0, 0.011263073209975865)	(78.0, 0.007508715473317244)	(79.0, 0.004827031375703943)	(80.0, 0.0016090104585679808)	(81.0, 0.0)	(82.0, 0.0)	(83.0, 0.0)	(84.0, 0.0)	(85.0, 0.0)	(86.0, 0.0)	(87.0, 0.0)	(88.0, 0.0)	(89.0, 0.0)	(90.0, 0.0)	(91.0, 0.0)	(92.0, 0.0)	(93.0, 0.0)	(94.0, 0.0005363368195226602)	(95.0, 0.0005363368195226602)	(96.0, 0.0005363368195226602)	(97.0, 0.0016090104585679808)	(98.0, 0.0016090104585679808)	(99.0, 0.0005363368195226602)	(100.0, 0.0010726736390453205)
SRR5898950_R1	(0.0, 0.0)	(1.0, 0.0)	(2.0, 0.0)	(3.0, 0.0)	(4.0, 0.0)	(5.0, 0.0)	(6.0, 0.0)	(7.0, 0.0)	(8.0, 0.0)	(9.0, 0.0)	(10.0, 0.0)	(11.0, 0.0011024142872891633)	(12.0, 0.00330724286186749)	(13.0, 0.004960864292801234)	(14.0, 0.008819314298313306)	(15.0, 0.022599492889427846)	(16.0, 0.03803329291147613)	(17.0, 0.05236467864623526)	(18.0, 0.0722081358174402)	(19.0, 0.09480762870686804)	(20.0, 0.14331385734759122)	(21.0, 0.20339543600485063)	(22.0, 0.26568184323668836)	(23.0, 0.3483629147833756)	(24.0, 0.46301400066144854)	(25.0, 0.5732554293903649)	(26.0, 0.6608973652298533)	(27.0, 0.7568074082240106)	(28.0, 0.8885459155550656)	(29.0, 1.0550104729357292)	(30.0, 1.147613273068019)	(31.0, 1.2038364017197662)	(32.0, 1.2969904089957007)	(33.0, 1.4287289163267556)	(34.0, 1.5577113879395876)	(35.0, 1.6966155881380223)	(36.0, 1.8476463454966376)	(37.0, 1.961746224231066)	(38.0, 2.141990960202844)	(39.0, 2.321133281887333)	(40.0, 2.404365560577665)	(41.0, 2.599492889427847)	(42.0, 2.8524969683607098)	(43.0, 3.038253775768934)	(44.0, 3.1677874545254108)	(45.0, 3.384411861977731)	(46.0, 3.668834748098335)	(47.0, 3.7686032410980044)	(48.0, 3.8694741483849633)	(49.0, 3.9802667842575237)	(50.0, 3.920736412743909)	(51.0, 3.7801785911145407)	(52.0, 3.633006283761438)	(53.0, 3.4329180906184544)	(54.0, 3.243854040348363)	(55.0, 3.0228199757468857)	(56.0, 2.745562782493661)	(57.0, 2.543820967919744)	(58.0, 2.3762539962517915)	(59.0, 2.1502590673575126)	(60.0, 1.9744239885348913)	(61.0, 1.8118178811597399)	(62.0, 1.644250909491787)	(63.0, 1.5312534450446478)	(64.0, 1.3901444162716348)	(65.0, 1.209348473156212)	(66.0, 1.0373718443391027)	(67.0, 0.8808290155440414)	(68.0, 0.7094035938705765)	(69.0, 0.5490023150700033)	(70.0, 0.42387829346268324)	(71.0, 0.317495314739279)	(72.0, 0.21221475030316395)	(73.0, 0.1444162716348804)	(74.0, 0.10913901444162717)	(75.0, 0.0782714143975306)	(76.0, 0.05015985007165692)	(77.0, 0.030316392900451992)	(78.0, 0.019292250027560357)	(79.0, 0.014331385734759122)	(80.0, 0.007716900011024142)	(81.0, 0.003858450005512071)	(82.0, 0.0022048285745783266)	(83.0, 0.0022048285745783266)	(84.0, 0.0011024142872891633)	(85.0, 0.0005512071436445816)	(86.0, 0.0)	(87.0, 0.0)	(88.0, 0.0)	(89.0, 0.0005512071436445816)	(90.0, 0.0005512071436445816)	(91.0, 0.0)	(92.0, 0.0)	(93.0, 0.0)	(94.0, 0.0)	(95.0, 0.0)	(96.0, 0.0)	(97.0, 0.0)	(98.0, 0.0)	(99.0, 0.0)	(100.0, 0.0)
SRR5898950_R2	(0.0, 0.0)	(1.0, 0.0)	(2.0, 0.0)	(3.0, 0.0)	(4.0, 0.0)	(5.0, 0.0)	(6.0, 0.0)	(7.0, 0.0)	(8.0, 0.0)	(9.0, 0.0)	(10.0, 0.0005510279426269707)	(11.0, 0.0011020558852539413)	(12.0, 0.0011020558852539413)	(13.0, 0.004959251483642736)	(14.0, 0.011571586795166382)	(15.0, 0.01763289416406306)	(16.0, 0.031408592729737325)	(17.0, 0.05014354277905433)	(18.0, 0.07108260459887922)	(19.0, 0.1013891414433626)	(20.0, 0.14987960039453602)	(21.0, 0.20718650642774095)	(22.0, 0.2722078036577235)	(23.0, 0.3548619950517691)	(24.0, 0.46286347180665527)	(25.0, 0.5592933617663751)	(26.0, 0.6761112856032929)	(27.0, 0.7830107064729253)	(28.0, 0.8706241493506135)	(29.0, 1.0017687996958327)	(30.0, 1.126301114729528)	(31.0, 1.2089553061235734)	(32.0, 1.309242391681682)	(33.0, 1.4216520919775841)	(34.0, 1.5224902054783198)	(35.0, 1.66796158233184)	(36.0, 1.8046165121033286)	(37.0, 1.9544961124978648)	(38.0, 2.095008237867742)	(39.0, 2.2200915808440644)	(40.0, 2.3743794047796163)	(41.0, 2.54464703905135)	(42.0, 2.77938494261044)	(43.0, 3.0736338639732423)	(44.0, 3.22681963202354)	(45.0, 3.3519029749998626)	(46.0, 3.57066106822277)	(47.0, 3.7266019759862026)	(48.0, 3.849481207192017)	(49.0, 3.9145025044219994)	(50.0, 3.9282782029876735)	(51.0, 3.895216526430055)	(52.0, 3.804296915896605)	(53.0, 3.5535792020013335)	(54.0, 3.2262686040809134)	(55.0, 2.977203974013522)	(56.0, 2.7584458807906147)	(57.0, 2.5942395538877774)	(58.0, 2.39366538277156)	(59.0, 2.1693970101223834)	(60.0, 1.984802649342348)	(61.0, 1.8228004342100188)	(62.0, 1.6795331691270066)	(63.0, 1.5632662732327156)	(64.0, 1.406774337526656)	(65.0, 1.182505964877479)	(66.0, 1.0227078615156573)	(67.0, 0.8799916243752721)	(68.0, 0.6805195091443087)	(69.0, 0.5477217749712088)	(70.0, 0.44633263352784625)	(71.0, 0.3140859272973732)	(72.0, 0.23583995944434344)	(73.0, 0.1856964166652891)	(74.0, 0.1294915665173381)	(75.0, 0.08485830316455346)	(76.0, 0.052347654549562216)	(77.0, 0.03526578832812612)	(78.0, 0.028653453016602472)	(79.0, 0.01763289416406306)	(80.0, 0.011020558852539412)	(81.0, 0.007714391196777589)	(82.0, 0.0022041117705078827)	(83.0, 0.0)	(84.0, 0.0005510279426269707)	(85.0, 0.0011020558852539413)	(86.0, 0.0011020558852539413)	(87.0, 0.0005510279426269707)	(88.0, 0.0)	(89.0, 0.0)	(90.0, 0.0)	(91.0, 0.0)	(92.0, 0.0)	(93.0, 0.0)	(94.0, 0.0)	(95.0, 0.0)	(96.0, 0.0)	(97.0, 0.0)	(98.0, 0.0005510279426269707)	(99.0, 0.0005510279426269707)	(100.0, 0.001653083827880912)
SRR5898954_R1	(0.0, 0.0)	(1.0, 0.0)	(2.0, 0.0)	(3.0, 0.0)	(4.0, 0.0)	(5.0, 0.0)	(6.0, 0.0)	(7.0, 0.0)	(8.0, 0.0)	(9.0, 0.0)	(10.0, 0.0)	(11.0, 0.0)	(12.0, 0.0005373281893114677)	(13.0, 0.0010746563786229353)	(14.0, 0.003223969135868806)	(15.0, 0.006447938271737612)	(16.0, 0.011821220164852288)	(17.0, 0.02095579938314724)	(18.0, 0.026866409465573383)	(19.0, 0.04083694238767154)	(20.0, 0.07522594650360548)	(21.0, 0.10155502777986739)	(22.0, 0.11445090432334261)	(23.0, 0.14830258024996507)	(24.0, 0.22997646502530816)	(25.0, 0.3841896553576994)	(26.0, 0.5486120812870086)	(27.0, 0.7205571018666782)	(28.0, 0.9736386790323794)	(29.0, 1.2589599475567688)	(30.0, 1.587804799415387)	(31.0, 1.9993981924279713)	(32.0, 2.3513481564269822)	(33.0, 2.7521949856533374)	(34.0, 3.1933414290780524)	(35.0, 3.4727520875200155)	(36.0, 3.6377118416386365)	(37.0, 3.776879842670306)	(38.0, 3.776879842670306)	(39.0, 3.7381922130398806)	(40.0, 3.7290576338215855)	(41.0, 3.66833954842939)	(42.0, 3.6672648920507664)	(43.0, 3.547440705834309)	(44.0, 3.519499639990113)	(45.0, 3.6978925988415208)	(46.0, 3.7715065607771914)	(47.0, 3.920346469216468)	(48.0, 4.028349435268073)	(49.0, 3.9149731873233535)	(50.0, 3.8316873179800757)	(51.0, 3.5458287212663753)	(52.0, 3.1455192202293314)	(53.0, 2.891900314874319)	(54.0, 2.6006684362675037)	(55.0, 2.2917047274134097)	(56.0, 1.9209482767884967)	(57.0, 1.562550374517748)	(58.0, 1.2686318549643751)	(59.0, 0.9763253199789367)	(60.0, 0.740975573060514)	(61.0, 0.5996582592715979)	(62.0, 0.5099244516565828)	(63.0, 0.3970855319011746)	(64.0, 0.3009037860144219)	(65.0, 0.23803638786498016)	(66.0, 0.20042341461317745)	(67.0, 0.15152654938583388)	(68.0, 0.10424166872642472)	(69.0, 0.08221121296465456)	(70.0, 0.06125541358150731)	(71.0, 0.047284880659409154)	(72.0, 0.040299614198360076)	(73.0, 0.029015722222819253)	(74.0, 0.01773183024727843)	(75.0, 0.010746563786229353)	(76.0, 0.007522594650360547)	(77.0, 0.0037612973251802736)	(78.0, 0.0021493127572458706)	(79.0, 0.0010746563786229353)	(80.0, 0.0)	(81.0, 0.0)	(82.0, 0.0)	(83.0, 0.0)	(84.0, 0.0)	(85.0, 0.0)	(86.0, 0.0)	(87.0, 0.0)	(88.0, 0.0)	(89.0, 0.0)	(90.0, 0.0)	(91.0, 0.0)	(92.0, 0.0)	(93.0, 0.0)	(94.0, 0.0)	(95.0, 0.0)	(96.0, 0.0)	(97.0, 0.0)	(98.0, 0.0)	(99.0, 0.0)	(100.0, 0.0)
SRR5898954_R2	(0.0, 0.0)	(1.0, 0.0)	(2.0, 0.0)	(3.0, 0.0)	(4.0, 0.0)	(5.0, 0.0)	(6.0, 0.0)	(7.0, 0.0)	(8.0, 0.0)	(9.0, 0.0005371059656359603)	(10.0, 0.0005371059656359603)	(11.0, 0.0)	(12.0, 0.0)	(13.0, 0.0010742119312719205)	(14.0, 0.003222635793815762)	(15.0, 0.009130801415811325)	(16.0, 0.015038967037806888)	(17.0, 0.022558450556710335)	(18.0, 0.031689251972521655)	(19.0, 0.04457979514778471)	(20.0, 0.07197219939521868)	(21.0, 0.09130801415811327)	(22.0, 0.1149406766460955)	(23.0, 0.17509654479732306)	(24.0, 0.2545882277114452)	(25.0, 0.3689917983919047)	(26.0, 0.5392543894985041)	(27.0, 0.7207962058834587)	(28.0, 0.9023380222684132)	(29.0, 1.2272871314781693)	(30.0, 1.597353141801346)	(31.0, 1.962048092468163)	(32.0, 2.3734712621453085)	(33.0, 2.7687812528533753)	(34.0, 3.19363207167142)	(35.0, 3.5346943598502554)	(36.0, 3.707642480785034)	(37.0, 3.8134523560153184)	(38.0, 3.802710236702599)	(39.0, 3.7667241370049895)	(40.0, 3.8005618128400553)	(41.0, 3.7447027924139156)	(42.0, 3.649097930530715)	(43.0, 3.581959684826219)	(44.0, 3.6082778771423816)	(45.0, 3.687232454090868)	(46.0, 3.659302943877798)	(47.0, 3.79733917704624)	(48.0, 3.979955205362466)	(49.0, 3.848364243781656)	(50.0, 3.708716692716306)	(51.0, 3.502468001912097)	(52.0, 3.14314411090164)	(53.0, 2.828937121004603)	(54.0, 2.571126257499342)	(55.0, 2.312241182062809)	(56.0, 1.963122304399435)	(57.0, 1.6209858042893284)	(58.0, 1.2648845490726865)	(59.0, 0.9769957514918117)	(60.0, 0.7890086635192257)	(61.0, 0.608541059065543)	(62.0, 0.48930353469435983)	(63.0, 0.3953099907080668)	(64.0, 0.32172647341594024)	(65.0, 0.25405112174580924)	(66.0, 0.20034052518221318)	(67.0, 0.16059468372515215)	(68.0, 0.11655199454300338)	(69.0, 0.08486274257048174)	(70.0, 0.06337850394504331)	(71.0, 0.04457979514778471)	(72.0, 0.039208735491425104)	(73.0, 0.02685529828179802)	(74.0, 0.012353437209627088)	(75.0, 0.009130801415811325)	(76.0, 0.008056589484539405)	(77.0, 0.006445271587631524)	(78.0, 0.0026855298281798015)	(79.0, 0.0005371059656359603)	(80.0, 0.0)	(81.0, 0.0)	(82.0, 0.0)	(83.0, 0.0)	(84.0, 0.0)	(85.0, 0.0005371059656359603)	(86.0, 0.0005371059656359603)	(87.0, 0.0)	(88.0, 0.0)	(89.0, 0.0)	(90.0, 0.0)	(91.0, 0.0)	(92.0, 0.0)	(93.0, 0.0)	(94.0, 0.0)	(95.0, 0.0)	(96.0, 0.0)	(97.0, 0.0)	(98.0, 0.0)	(99.0, 0.0)	(100.0, 0.0005371059656359603)
SRR5898966_R1	(0.0, 0.0)	(1.0, 0.0)	(2.0, 0.0)	(3.0, 0.0)	(4.0, 0.0)	(5.0, 0.0)	(6.0, 0.0)	(7.0, 0.0)	(8.0, 0.0)	(9.0, 0.0)	(10.0, 0.0)	(11.0, 0.0)	(12.0, 0.0005350225779527896)	(13.0, 0.0005350225779527896)	(14.0, 0.0)	(15.0, 0.0010700451559055792)	(16.0, 0.003210135467716738)	(17.0, 0.005350225779527896)	(18.0, 0.006955293513386265)	(19.0, 0.012840541870866952)	(20.0, 0.019795835384253217)	(21.0, 0.03156633209921459)	(22.0, 0.04922207717165664)	(23.0, 0.08560361247244634)	(24.0, 0.1337556444881974)	(25.0, 0.18190767650394846)	(26.0, 0.23380486656536908)	(27.0, 0.2937273952960815)	(28.0, 0.3927065722173476)	(29.0, 0.47563507180002995)	(30.0, 0.5580285488047595)	(31.0, 0.6821537868898067)	(32.0, 0.8169794765339097)	(33.0, 0.9143535857213175)	(34.0, 0.9823014531213217)	(35.0, 1.1379930233055835)	(36.0, 1.332741241680399)	(37.0, 1.5007383311575748)	(38.0, 1.6617801271213646)	(39.0, 1.8474329616709826)	(40.0, 2.0940783701072183)	(41.0, 2.4241873007040895)	(42.0, 2.731290260448991)	(43.0, 3.0202024525434976)	(44.0, 3.4294947246773817)	(45.0, 3.896569435230167)	(46.0, 4.381299890855394)	(47.0, 4.784706914631798)	(48.0, 5.051148158452286)	(49.0, 5.343805508592463)	(50.0, 5.525178162518459)	(51.0, 5.5481841333704285)	(52.0, 5.432619256532625)	(53.0, 5.111070687182999)	(54.0, 4.654161405611316)	(55.0, 4.11592869219081)	(56.0, 3.601771994778179)	(57.0, 3.106341087593896)	(58.0, 2.6071650223639438)	(59.0, 2.1400903118111585)	(60.0, 1.7452436492819998)	(61.0, 1.4044342671260728)	(62.0, 1.1080317589402273)	(63.0, 0.8892075245575363)	(64.0, 0.6912491707150041)	(65.0, 0.5023862006976694)	(66.0, 0.3755858497228583)	(67.0, 0.27286151475592274)	(68.0, 0.2017035118882017)	(69.0, 0.14766623151496994)	(70.0, 0.10058424465512444)	(71.0, 0.07490316091339055)	(72.0, 0.04868705459370386)	(73.0, 0.030496286943309008)	(74.0, 0.019795835384253217)	(75.0, 0.009630406403150212)	(76.0, 0.0037451580456695274)	(77.0, 0.004280180623622317)	(78.0, 0.003210135467716738)	(79.0, 0.0)	(80.0, 0.0005350225779527896)	(81.0, 0.0010700451559055792)	(82.0, 0.0005350225779527896)	(83.0, 0.0)	(84.0, 0.0010700451559055792)	(85.0, 0.0010700451559055792)	(86.0, 0.0)	(87.0, 0.0)	(88.0, 0.0)	(89.0, 0.0)	(90.0, 0.0)	(91.0, 0.0)	(92.0, 0.0)	(93.0, 0.0)	(94.0, 0.0)	(95.0, 0.0)	(96.0, 0.0)	(97.0, 0.0)	(98.0, 0.0)	(99.0, 0.0)	(100.0, 0.0)
SRR5898966_R2	(0.0, 0.0)	(1.0, 0.0)	(2.0, 0.0)	(3.0, 0.0)	(4.0, 0.0)	(5.0, 0.0)	(6.0, 0.0)	(7.0, 0.0)	(8.0, 0.0)	(9.0, 0.0)	(10.0, 0.0)	(11.0, 0.0)	(12.0, 0.0)	(13.0, 0.0)	(14.0, 0.0005349338554287762)	(15.0, 0.0010698677108575525)	(16.0, 0.0016048015662863285)	(17.0, 0.003209603132572657)	(18.0, 0.006419206265145314)	(19.0, 0.013373346385719406)	(20.0, 0.020862420361722273)	(21.0, 0.027816560482296367)	(22.0, 0.0449344438560172)	(23.0, 0.07275100433831357)	(24.0, 0.11394091120632933)	(25.0, 0.16743429674920696)	(26.0, 0.23109142554523132)	(27.0, 0.29314375277496935)	(28.0, 0.3669646248241405)	(29.0, 0.4514841739818871)	(30.0, 0.5477722679590669)	(31.0, 0.669202253141399)	(32.0, 0.7820732966368708)	(33.0, 0.8976190094094866)	(34.0, 1.0185140607363898)	(35.0, 1.123896030255859)	(36.0, 1.2806316498964903)	(37.0, 1.4876510519474266)	(38.0, 1.6368975976120552)	(39.0, 1.8380327272532753)	(40.0, 2.0996153825579467)	(41.0, 2.39971327545349)	(42.0, 2.7308373319639028)	(43.0, 2.9972343919674334)	(44.0, 3.4829543326967616)	(45.0, 3.9558358608958004)	(46.0, 4.26181802620106)	(47.0, 4.70367339078523)	(48.0, 5.1171772610316735)	(49.0, 5.353083091275764)	(50.0, 5.507144041639251)	(51.0, 5.51195844633811)	(52.0, 5.346663885010618)	(53.0, 5.02677343946421)	(54.0, 4.558706315964031)	(55.0, 4.135573636319869)	(56.0, 3.697462808723701)	(57.0, 3.1486206730537774)	(58.0, 2.6340143041312944)	(59.0, 2.21623096304142)	(60.0, 1.8294737855664145)	(61.0, 1.4887209196582842)	(62.0, 1.1661558048347322)	(63.0, 0.9093875542289196)	(64.0, 0.7136017631419875)	(65.0, 0.5274447814527733)	(66.0, 0.38836197904129155)	(67.0, 0.2958184220521133)	(68.0, 0.21183380674979538)	(69.0, 0.14764174409834224)	(70.0, 0.11126624192918547)	(71.0, 0.07703047518174379)	(72.0, 0.05135365012116251)	(73.0, 0.03316589903658413)	(74.0, 0.023002155783437377)	(75.0, 0.014443214096576958)	(76.0, 0.007489073976002868)	(77.0, 0.005349338554287762)	(78.0, 0.004814404698858987)	(79.0, 0.003209603132572657)	(80.0, 0.003209603132572657)	(81.0, 0.0016048015662863285)	(82.0, 0.0)	(83.0, 0.0)	(84.0, 0.0005349338554287762)	(85.0, 0.0005349338554287762)	(86.0, 0.0)	(87.0, 0.0)	(88.0, 0.0)	(89.0, 0.0)	(90.0, 0.0)	(91.0, 0.0)	(92.0, 0.0)	(93.0, 0.0)	(94.0, 0.0)	(95.0, 0.0)	(96.0, 0.0)	(97.0, 0.0)	(98.0, 0.0)	(99.0, 0.0)	(100.0, 0.0005349338554287762)
SRR5898978_R1	(0.0, 0.0)	(1.0, 0.0)	(2.0, 0.0)	(3.0, 0.0)	(4.0, 0.0)	(5.0, 0.0)	(6.0, 0.0)	(7.0, 0.0)	(8.0, 0.0)	(9.0, 0.0)	(10.0, 0.0)	(11.0, 0.0)	(12.0, 0.0)	(13.0, 0.0)	(14.0, 0.0)	(15.0, 0.001001662760181902)	(16.0, 0.002504156900454755)	(17.0, 0.005509145181000461)	(18.0, 0.008013302081455216)	(19.0, 0.01051745898190997)	(20.0, 0.013021615882364725)	(21.0, 0.022036580724001845)	(22.0, 0.04056734178736703)	(23.0, 0.04557565558827654)	(24.0, 0.055091451810004605)	(25.0, 0.10968207223991827)	(26.0, 0.16226936714946813)	(27.0, 0.18831259891419755)	(28.0, 0.23488991726265598)	(29.0, 0.32353707153875433)	(30.0, 0.419195865136126)	(31.0, 0.510347176312679)	(32.0, 0.6255383937335978)	(33.0, 0.7422321052947893)	(34.0, 0.8398942244125247)	(35.0, 0.9530821163130797)	(36.0, 1.0737824789149988)	(37.0, 1.1629304645711882)	(38.0, 1.2625959092092873)	(39.0, 1.4168519742773005)	(40.0, 1.5996554280104973)	(41.0, 1.7944788348658776)	(42.0, 1.9908047358615302)	(43.0, 2.1831239858164553)	(44.0, 2.4435563034637497)	(45.0, 2.748061782559048)	(46.0, 3.0405473085321635)	(47.0, 3.371596850772282)	(48.0, 3.7306929502974935)	(49.0, 4.07626660256025)	(50.0, 4.364244646112547)	(51.0, 4.553058076406835)	(52.0, 4.65522767794539)	(53.0, 4.757898110864034)	(54.0, 4.82400785303604)	(55.0, 4.72384157701785)	(56.0, 4.548550593986017)	(57.0, 4.354728849890819)	(58.0, 4.076767433940341)	(59.0, 3.7061522126730377)	(60.0, 3.3871226235551015)	(61.0, 2.99146583328325)	(62.0, 2.506160225975119)	(63.0, 2.117515075024541)	(64.0, 1.7213574533725986)	(65.0, 1.36927299316866)	(66.0, 1.0802932868561812)	(67.0, 0.8323817537111606)	(68.0, 0.6450708175571448)	(69.0, 0.48981308972895)	(70.0, 0.3590960995252118)	(71.0, 0.244906544864475)	(72.0, 0.16627601819019572)	(73.0, 0.11969869984173728)	(74.0, 0.0746238756335517)	(75.0, 0.04257066730773083)	(76.0, 0.030049882805457062)	(77.0, 0.02003325520363804)	(78.0, 0.012019953122182825)	(79.0, 0.0065108079411823625)	(80.0, 0.004006651040727608)	(81.0, 0.0035058196606366564)	(82.0, 0.001502494140272853)	(83.0, 0.001001662760181902)	(84.0, 0.001001662760181902)	(85.0, 0.000500831380090951)	(86.0, 0.0)	(87.0, 0.0)	(88.0, 0.0)	(89.0, 0.0)	(90.0, 0.0)	(91.0, 0.0)	(92.0, 0.0)	(93.0, 0.0)	(94.0, 0.0)	(95.0, 0.0)	(96.0, 0.0)	(97.0, 0.0)	(98.0, 0.0)	(99.0, 0.0)	(100.0, 0.0)
SRR5898978_R2	(0.0, 0.0)	(1.0, 0.0)	(2.0, 0.0)	(3.0, 0.0)	(4.0, 0.0)	(5.0, 0.0)	(6.0, 0.0)	(7.0, 0.0)	(8.0, 0.0)	(9.0, 0.0)	(10.0, 0.0)	(11.0, 0.0)	(12.0, 0.0)	(13.0, 0.0)	(14.0, 0.0)	(15.0, 0.001001336784607451)	(16.0, 0.0015020051769111763)	(17.0, 0.0035046787461260787)	(18.0, 0.007510025884555882)	(19.0, 0.011515373022985687)	(20.0, 0.01652205694602294)	(21.0, 0.03054077193052725)	(22.0, 0.04405881852272784)	(23.0, 0.04355815013042412)	(24.0, 0.05857820189953589)	(25.0, 0.10714303595299726)	(26.0, 0.1512018544757251)	(27.0, 0.18624864193698587)	(28.0, 0.25884555882102606)	(29.0, 0.33895250158962215)	(30.0, 0.3970300350968543)	(31.0, 0.48915301928073973)	(32.0, 0.5998007339798631)	(33.0, 0.7084457751097716)	(34.0, 0.8431255726394736)	(35.0, 0.9627853184000642)	(36.0, 1.0699283543530613)	(37.0, 1.2081128306288895)	(38.0, 1.3037404935589012)	(39.0, 1.4344149439501734)	(40.0, 1.6386876480100936)	(41.0, 1.7948961864088557)	(42.0, 1.955110071946048)	(43.0, 2.164890128321309)	(44.0, 2.484316562611086)	(45.0, 2.8057456704700776)	(46.0, 3.0160263952376423)	(47.0, 3.356981570396479)	(48.0, 3.7209674916012876)	(49.0, 4.063424671937036)	(50.0, 4.381349101049901)	(51.0, 4.553078359610079)	(52.0, 4.6602213955630765)	(53.0, 4.69426684623973)	(54.0, 4.716796923893398)	(55.0, 4.736322991193243)	(56.0, 4.597637846525111)	(57.0, 4.335788277350263)	(58.0, 4.076942718529237)	(59.0, 3.7269755123089325)	(60.0, 3.3419615186273677)	(61.0, 2.9384227944305645)	(62.0, 2.5073473086570575)	(63.0, 2.1368526983523006)	(64.0, 1.752840041455343)	(65.0, 1.4003694932735202)	(66.0, 1.086951079691388)	(67.0, 0.811583463924339)	(68.0, 0.6453615576795022)	(69.0, 0.5066764130113701)	(70.0, 0.35897923728177117)	(71.0, 0.24783085419034412)	(72.0, 0.1712285901678741)	(73.0, 0.12166241932980529)	(74.0, 0.08611496347624079)	(75.0, 0.048564834053461375)	(76.0, 0.02803742996900863)	(77.0, 0.018024062122934115)	(78.0, 0.013518046592200588)	(79.0, 0.007009357492252157)	(80.0, 0.004506015530733529)	(81.0, 0.0030040103538223526)	(82.0, 0.0015020051769111763)	(83.0, 0.0005006683923037255)	(84.0, 0.0005006683923037255)	(85.0, 0.0005006683923037255)	(86.0, 0.0)	(87.0, 0.0)	(88.0, 0.0)	(89.0, 0.0)	(90.0, 0.0)	(91.0, 0.0)	(92.0, 0.0)	(93.0, 0.0)	(94.0, 0.0)	(95.0, 0.0)	(96.0, 0.0)	(97.0, 0.0)	(98.0, 0.0)	(99.0, 0.0)	(100.0, 0.0025033419615186274)
SRR5898979_R1	(0.0, 0.0)	(1.0, 0.0)	(2.0, 0.0)	(3.0, 0.0)	(4.0, 0.0)	(5.0, 0.0)	(6.0, 0.0)	(7.0, 0.0)	(8.0, 0.0)	(9.0, 0.0)	(10.0, 0.0)	(11.0, 0.0)	(12.0, 0.0)	(13.0, 0.0)	(14.0, 0.0005272203886668705)	(15.0, 0.0026361019433343525)	(16.0, 0.004744983498001835)	(17.0, 0.004744983498001835)	(18.0, 0.007908305830003057)	(19.0, 0.013180509716671764)	(20.0, 0.025833799044676656)	(21.0, 0.04270485148201651)	(22.0, 0.06748420974935943)	(23.0, 0.1075529592880416)	(24.0, 0.1502578107700581)	(25.0, 0.19296266225207462)	(26.0, 0.2488480234507629)	(27.0, 0.3221316574754579)	(28.0, 0.41070468277149214)	(29.0, 0.4866244187395215)	(30.0, 0.566234697428219)	(31.0, 0.6669337916635912)	(32.0, 0.7707962082309647)	(33.0, 0.8772947267416725)	(34.0, 0.96534053164904)	(35.0, 1.0660396258844123)	(36.0, 1.2231513017071396)	(37.0, 1.3491569745985217)	(38.0, 1.4387844406718897)	(39.0, 1.6391281883653006)	(40.0, 1.8895578729820641)	(41.0, 2.16476691586617)	(42.0, 2.471081961681622)	(43.0, 2.790050296825079)	(44.0, 3.183356706770564)	(45.0, 3.614095764311397)	(46.0, 4.080158587892911)	(47.0, 4.591562364899775)	(48.0, 5.075550681695963)	(49.0, 5.3449603003047335)	(50.0, 5.477819838248784)	(51.0, 5.567447304322153)	(52.0, 5.472547634362116)	(53.0, 5.18890306525934)	(54.0, 4.782943365985849)	(55.0, 4.293682845302993)	(56.0, 3.7522275061421175)	(57.0, 3.219734913588578)	(58.0, 2.73258327446039)	(59.0, 2.2717926547655454)	(60.0, 1.8821767875407278)	(61.0, 1.5384290941299281)	(62.0, 1.2489851007518162)	(63.0, 1.0375697248964013)	(64.0, 0.8419709607009922)	(65.0, 0.6764237586595949)	(66.0, 0.5298564906102049)	(67.0, 0.411231903160159)	(68.0, 0.32318609825279165)	(69.0, 0.25728354966943284)	(70.0, 0.19981652730474395)	(71.0, 0.13918618260805382)	(72.0, 0.09226356801670234)	(73.0, 0.0680114301380263)	(74.0, 0.04850427575735209)	(75.0, 0.032160443708679105)	(76.0, 0.02056159515800795)	(77.0, 0.013180509716671764)	(78.0, 0.01054440777333741)	(79.0, 0.006853865052669317)	(80.0, 0.002108881554667482)	(81.0, 0.0)	(82.0, 0.0005272203886668705)	(83.0, 0.0005272203886668705)	(84.0, 0.0)	(85.0, 0.0)	(86.0, 0.0)	(87.0, 0.0)	(88.0, 0.0)	(89.0, 0.0)	(90.0, 0.0)	(91.0, 0.0)	(92.0, 0.0)	(93.0, 0.0)	(94.0, 0.0)	(95.0, 0.0)	(96.0, 0.0)	(97.0, 0.0)	(98.0, 0.0005272203886668705)	(99.0, 0.001054440777333741)	(100.0, 0.0005272203886668705)
SRR5898979_R2	(0.0, 0.0)	(1.0, 0.0)	(2.0, 0.0)	(3.0, 0.0)	(4.0, 0.0)	(5.0, 0.0)	(6.0, 0.0)	(7.0, 0.0)	(8.0, 0.0)	(9.0, 0.0)	(10.0, 0.0)	(11.0, 0.0)	(12.0, 0.0)	(13.0, 0.0)	(14.0, 0.0015812610029411456)	(15.0, 0.002108348003921527)	(16.0, 0.0010541740019607635)	(17.0, 0.002635435004901909)	(18.0, 0.010014653018627254)	(19.0, 0.018448045034313364)	(20.0, 0.02635435004901909)	(21.0, 0.04427530808235207)	(22.0, 0.06957548412941039)	(23.0, 0.09434857317548835)	(24.0, 0.13177175024509544)	(25.0, 0.19923888637058432)	(26.0, 0.2672331094970536)	(27.0, 0.33522733262352283)	(28.0, 0.40216738174803135)	(29.0, 0.4754324748843044)	(30.0, 0.5745248310686162)	(31.0, 0.6883756232803786)	(32.0, 0.7864138054627298)	(33.0, 0.8438662885695913)	(34.0, 0.9445399057568441)	(35.0, 1.0678782639862536)	(36.0, 1.1669706201705654)	(37.0, 1.3140278934440919)	(38.0, 1.5058875618009508)	(39.0, 1.6887867511411434)	(40.0, 1.878538071494081)	(41.0, 2.0988604379038804)	(42.0, 2.414585551491129)	(43.0, 2.782492278175436)	(44.0, 3.1430197868460166)	(45.0, 3.5636352136283613)	(46.0, 3.9947923804303143)	(47.0, 4.493416683357755)	(48.0, 5.071104036432254)	(49.0, 5.444281633126364)	(50.0, 5.597663950411655)	(51.0, 5.589757645396949)	(52.0, 5.482758984197932)	(53.0, 5.282465923825386)	(54.0, 4.839712843001866)	(55.0, 4.311571668019523)	(56.0, 3.7786867100283574)	(57.0, 3.2610872750656226)	(58.0, 2.74665036210877)	(59.0, 2.233794710154858)	(60.0, 1.840060720422513)	(61.0, 1.5137938668156568)	(62.0, 1.203866710239192)	(63.0, 1.004627823868608)	(64.0, 0.861260159601944)	(65.0, 0.6910110582852805)	(66.0, 0.5397370890039109)	(67.0, 0.4048028167529333)	(68.0, 0.3183605485921506)	(69.0, 0.25985389148332827)	(70.0, 0.20187432137548622)	(71.0, 0.15390940428627148)	(72.0, 0.11226953120882133)	(73.0, 0.07537344114019459)	(74.0, 0.043221134080391306)	(75.0, 0.031098133057842526)	(76.0, 0.021610567040195653)	(77.0, 0.016339697030391835)	(78.0, 0.015812610029411454)	(79.0, 0.00896047901666649)	(80.0, 0.0031625220058822913)	(81.0, 0.0015812610029411456)	(82.0, 0.002108348003921527)	(83.0, 0.0015812610029411456)	(84.0, 0.0)	(85.0, 0.0)	(86.0, 0.0)	(87.0, 0.0)	(88.0, 0.0)	(89.0, 0.0)	(90.0, 0.0)	(91.0, 0.0)	(92.0, 0.0)	(93.0, 0.0)	(94.0, 0.0)	(95.0, 0.0)	(96.0, 0.0)	(97.0, 0.0)	(98.0, 0.0)	(99.0, 0.0005270870009803818)	(100.0, 0.0015812610029411456)
SRR5898980_R1	(0.0, 0.0)	(1.0, 0.0)	(2.0, 0.0)	(3.0, 0.0)	(4.0, 0.0)	(5.0, 0.0)	(6.0, 0.0)	(7.0, 0.0)	(8.0, 0.0)	(9.0, 0.0)	(10.0, 0.0)	(11.0, 0.0)	(12.0, 0.0)	(13.0, 0.0)	(14.0, 0.0005419936695139401)	(15.0, 0.0010839873390278802)	(16.0, 0.0010839873390278802)	(17.0, 0.0032519620170836402)	(18.0, 0.004877943025625461)	(19.0, 0.005419936695139401)	(20.0, 0.01192386072930668)	(21.0, 0.02059575944152972)	(22.0, 0.028725664484238824)	(23.0, 0.04281749989160127)	(24.0, 0.07696310107097949)	(25.0, 0.10785674023327407)	(26.0, 0.13549841737848503)	(27.0, 0.1799418982786281)	(28.0, 0.24877509430689848)	(29.0, 0.3192342713437107)	(30.0, 0.37993756232927195)	(31.0, 0.46232060009539094)	(32.0, 0.5598794606079001)	(33.0, 0.6802020552399948)	(34.0, 0.7978146815245198)	(35.0, 0.9251831938602958)	(36.0, 1.0829033516888524)	(37.0, 1.2709751550101895)	(38.0, 1.4200234141265229)	(39.0, 1.61080518579543)	(40.0, 1.900229805315874)	(41.0, 2.162554741360621)	(42.0, 2.4010319559467543)	(43.0, 2.624333347786498)	(44.0, 2.886116290161731)	(45.0, 3.1809608463773142)	(46.0, 3.431361921692755)	(47.0, 3.695312838746043)	(48.0, 3.8654988509734207)	(49.0, 3.9467979014005117)	(50.0, 4.117525907297403)	(51.0, 4.222672679183107)	(52.0, 4.230802584225817)	(53.0, 4.217794736157482)	(54.0, 4.1603434071890035)	(55.0, 4.038394831548367)	(56.0, 3.9207822052638424)	(57.0, 3.7793218575207037)	(58.0, 3.5218748645015827)	(59.0, 3.2519620170836405)	(60.0, 3.0465464163378573)	(61.0, 2.795061353683389)	(62.0, 2.459025278584746)	(63.0, 2.1733946147509)	(64.0, 1.909443697697611)	(65.0, 1.6362788882625852)	(66.0, 1.3950917053288818)	(67.0, 1.1625764211074014)	(68.0, 0.9295191432164073)	(69.0, 0.7300654728352773)	(70.0, 0.5441616441919959)	(71.0, 0.3940293977366344)	(72.0, 0.29430256254606946)	(73.0, 0.1999956640506439)	(74.0, 0.144712309760222)	(75.0, 0.0959328795039674)	(76.0, 0.056367341629449765)	(77.0, 0.04119151888305944)	(78.0, 0.022763734119585485)	(79.0, 0.013549841737848503)	(80.0, 0.008671898712223042)	(81.0, 0.00596193036465334)	(82.0, 0.0032519620170836402)	(83.0, 0.0010839873390278802)	(84.0, 0.0010839873390278802)	(85.0, 0.0010839873390278802)	(86.0, 0.0005419936695139401)	(87.0, 0.0)	(88.0, 0.0)	(89.0, 0.0)	(90.0, 0.0)	(91.0, 0.0)	(92.0, 0.0)	(93.0, 0.0)	(94.0, 0.0)	(95.0, 0.0)	(96.0, 0.0)	(97.0, 0.0)	(98.0, 0.0)	(99.0, 0.0)	(100.0, 0.0)
SRR5898980_R2	(0.0, 0.0)	(1.0, 0.0)	(2.0, 0.0)	(3.0, 0.0)	(4.0, 0.0)	(5.0, 0.0)	(6.0, 0.0)	(7.0, 0.0)	(8.0, 0.0)	(9.0, 0.0)	(10.0, 0.0)	(11.0, 0.0)	(12.0, 0.0005419378614048113)	(13.0, 0.0005419378614048113)	(14.0, 0.0005419378614048113)	(15.0, 0.0005419378614048113)	(16.0, 0.0005419378614048113)	(17.0, 0.0032516271684288676)	(18.0, 0.0054193786140481134)	(19.0, 0.0054193786140481134)	(20.0, 0.009754881505286604)	(21.0, 0.020051700871978016)	(22.0, 0.02980658237726462)	(23.0, 0.046606656080813776)	(24.0, 0.07858098990369765)	(25.0, 0.11489082661782)	(26.0, 0.15228453905475198)	(27.0, 0.19509763010573206)	(28.0, 0.25254304341464207)	(29.0, 0.31974333822883866)	(30.0, 0.3864016951816305)	(31.0, 0.4601052443326848)	(32.0, 0.5576540593855509)	(33.0, 0.6920546490139441)	(34.0, 0.8161584192756458)	(35.0, 0.9055781664074397)	(36.0, 1.0481078239569053)	(37.0, 1.2215279396064447)	(38.0, 1.3927803038103652)	(39.0, 1.6003425047284077)	(40.0, 1.8512597345588355)	(41.0, 2.118977038092812)	(42.0, 2.3704362057846446)	(43.0, 2.5807080960097117)	(44.0, 2.817534941443614)	(45.0, 3.1361944039496428)	(46.0, 3.420169843325764)	(47.0, 3.6374869257490934)	(48.0, 3.858597573202257)	(49.0, 4.008172422949984)	(50.0, 4.043940321802702)	(51.0, 4.156663396974903)	(52.0, 4.270470347869913)	(53.0, 4.2617993420874365)	(54.0, 4.1767150978468806)	(55.0, 4.033643502436011)	(56.0, 3.901952602114642)	(57.0, 3.808739289953014)	(58.0, 3.579499574578779)	(59.0, 3.3106983953219924)	(60.0, 3.076581239195114)	(61.0, 2.798567116294446)	(62.0, 2.528140123453445)	(63.0, 2.2073129095017965)	(64.0, 1.936343978799391)	(65.0, 1.700601009088298)	(66.0, 1.4377611463069644)	(67.0, 1.180340662139679)	(68.0, 0.9348428109232995)	(69.0, 0.7354096779263289)	(70.0, 0.5522346807715027)	(71.0, 0.3836920058746064)	(72.0, 0.2747624957322393)	(73.0, 0.20376863588820907)	(74.0, 0.14036190610384613)	(75.0, 0.08833587140898425)	(76.0, 0.05636153758610037)	(77.0, 0.039561463882551225)	(78.0, 0.02601301734743094)	(79.0, 0.01625813584214434)	(80.0, 0.01192263295090585)	(81.0, 0.004877440752643302)	(82.0, 0.0016258135842144338)	(83.0, 0.0016258135842144338)	(84.0, 0.0005419378614048113)	(85.0, 0.0)	(86.0, 0.0)	(87.0, 0.0)	(88.0, 0.0)	(89.0, 0.0)	(90.0, 0.0)	(91.0, 0.0)	(92.0, 0.0)	(93.0, 0.0)	(94.0, 0.0)	(95.0, 0.0)	(96.0, 0.0)	(97.0, 0.0)	(98.0, 0.0)	(99.0, 0.0)	(100.0, 0.0016258135842144338)
SRR5898981_R1	(0.0, 0.0)	(1.0, 0.0)	(2.0, 0.0)	(3.0, 0.0)	(4.0, 0.0)	(5.0, 0.0)	(6.0, 0.0)	(7.0, 0.0)	(8.0, 0.0)	(9.0, 0.0)	(10.0, 0.0)	(11.0, 0.0)	(12.0, 0.0005215885500881484)	(13.0, 0.0015647656502644455)	(14.0, 0.002086354200352594)	(15.0, 0.003129531300528891)	(16.0, 0.005215885500881485)	(17.0, 0.005737474050969633)	(18.0, 0.01043177100176297)	(19.0, 0.019298776353261493)	(20.0, 0.021906719103702236)	(21.0, 0.02607942750440742)	(22.0, 0.04798614660810965)	(23.0, 0.08032463671357487)	(24.0, 0.09753705886648376)	(25.0, 0.12883237187177266)	(26.0, 0.1851639352812927)	(27.0, 0.2378443788401957)	(28.0, 0.32547125525500464)	(29.0, 0.4157060744202543)	(30.0, 0.5174158416874433)	(31.0, 0.6838025891655626)	(32.0, 0.7954225388844265)	(33.0, 0.9112151970039953)	(34.0, 1.064562230729911)	(35.0, 1.1996536652027414)	(36.0, 1.4072459081378246)	(37.0, 1.6638674747811937)	(38.0, 1.873024483366541)	(39.0, 2.1087825080063842)	(40.0, 2.3721847258008992)	(41.0, 2.587079208437216)	(42.0, 2.9151584064426617)	(43.0, 3.222895650994669)	(44.0, 3.477430863437686)	(45.0, 3.773171571337666)	(46.0, 4.004235299026716)	(47.0, 4.285371527524228)	(48.0, 4.5372987972168035)	(49.0, 4.653613043886461)	(50.0, 4.76366822795506)	(51.0, 4.841384921918194)	(52.0, 4.712030961496333)	(53.0, 4.5466873911183905)	(54.0, 4.25355462596885)	(55.0, 3.880618812655825)	(56.0, 3.566622505502759)	(57.0, 3.207769583042113)	(58.0, 2.8416144208802327)	(59.0, 2.417562929658568)	(60.0, 2.0988723255547095)	(61.0, 1.79165666955279)	(62.0, 1.475574008199372)	(63.0, 1.2079990820041517)	(64.0, 1.0035363703695976)	(65.0, 0.8423655083923598)	(66.0, 0.6869321204660915)	(67.0, 0.5461032119422915)	(68.0, 0.40110159501778614)	(69.0, 0.3035645361513024)	(70.0, 0.2581863322936335)	(71.0, 0.21332971698605271)	(72.0, 0.14656638257476973)	(73.0, 0.11005518406859932)	(74.0, 0.08032463671357487)	(75.0, 0.05372362065907929)	(76.0, 0.03025213590511261)	(77.0, 0.018255599253085196)	(78.0, 0.012518125202115564)	(79.0, 0.0067806511511459295)	(80.0, 0.005737474050969633)	(81.0, 0.002086354200352594)	(82.0, 0.0005215885500881484)	(83.0, 0.0005215885500881484)	(84.0, 0.0005215885500881484)	(85.0, 0.0005215885500881484)	(86.0, 0.0005215885500881484)	(87.0, 0.0)	(88.0, 0.0)	(89.0, 0.001043177100176297)	(90.0, 0.001043177100176297)	(91.0, 0.0)	(92.0, 0.0)	(93.0, 0.0)	(94.0, 0.0)	(95.0, 0.0)	(96.0, 0.0)	(97.0, 0.0)	(98.0, 0.0)	(99.0, 0.0)	(100.0, 0.0)
SRR5898981_R2	(0.0, 0.0)	(1.0, 0.0)	(2.0, 0.0)	(3.0, 0.0)	(4.0, 0.0)	(5.0, 0.0)	(6.0, 0.0)	(7.0, 0.0)	(8.0, 0.0)	(9.0, 0.0)	(10.0, 0.0)	(11.0, 0.0)	(12.0, 0.0)	(13.0, 0.0)	(14.0, 0.000521593991237221)	(15.0, 0.0015647819737116628)	(16.0, 0.004172751929897768)	(17.0, 0.006259127894846651)	(18.0, 0.01095347381598164)	(19.0, 0.01721260171082829)	(20.0, 0.02190694763196328)	(21.0, 0.04016273732526601)	(22.0, 0.05111621114124765)	(23.0, 0.06989359482578761)	(24.0, 0.0996244523263092)	(25.0, 0.1361360317129147)	(26.0, 0.19507615272272064)	(27.0, 0.2524514917588149)	(28.0, 0.3228666805758398)	(29.0, 0.41518881702482785)	(30.0, 0.5231587732109326)	(31.0, 0.6248696015021907)	(32.0, 0.7432714375130398)	(33.0, 0.8987064469017317)	(34.0, 1.0447527644481536)	(35.0, 1.2685165866889214)	(36.0, 1.4818485291049448)	(37.0, 1.628938034633841)	(38.0, 1.87878155643647)	(39.0, 2.1427081160025034)	(40.0, 2.3549968704360524)	(41.0, 2.6189234300020865)	(42.0, 2.915710411016065)	(43.0, 3.1832881285207595)	(44.0, 3.470686417692468)	(45.0, 3.7779052785311915)	(46.0, 4.012622574587941)	(47.0, 4.2739411641977885)	(48.0, 4.528479031921552)	(49.0, 4.630189860212811)	(50.0, 4.805967035259754)	(51.0, 4.847694554558731)	(52.0, 4.690694763196328)	(53.0, 4.515960776131859)	(54.0, 4.292718547882329)	(55.0, 3.9515960776131855)	(56.0, 3.5520550803254745)	(57.0, 3.2370123096181933)	(58.0, 2.8593782599624453)	(59.0, 2.441059878990194)	(60.0, 2.04204047569372)	(61.0, 1.7269977049864387)	(62.0, 1.4484665136657626)	(63.0, 1.1934070519507616)	(64.0, 1.0004172751929896)	(65.0, 0.7990819945754225)	(66.0, 0.6639891508449822)	(67.0, 0.557062382641352)	(68.0, 0.4209263509284373)	(69.0, 0.34164406426037974)	(70.0, 0.28061756728562487)	(71.0, 0.21124556645107448)	(72.0, 0.14865428750260798)	(73.0, 0.1022324222824953)	(74.0, 0.07615272272063427)	(75.0, 0.04955142916753599)	(76.0, 0.030774045482996035)	(77.0, 0.023993323596912162)	(78.0, 0.01721260171082829)	(79.0, 0.009388691842269977)	(80.0, 0.005215939912372209)	(81.0, 0.002086375964948884)	(82.0, 0.0015647819737116628)	(83.0, 0.000521593991237221)	(84.0, 0.000521593991237221)	(85.0, 0.000521593991237221)	(86.0, 0.0)	(87.0, 0.0)	(88.0, 0.0)	(89.0, 0.0)	(90.0, 0.0)	(91.0, 0.0)	(92.0, 0.0)	(93.0, 0.0)	(94.0, 0.0)	(95.0, 0.0)	(96.0, 0.0)	(97.0, 0.0)	(98.0, 0.0)	(99.0, 0.000521593991237221)	(100.0, 0.003651157938660547)
SRR5898982_R1	(0.0, 0.0)	(1.0, 0.0)	(2.0, 0.0)	(3.0, 0.0)	(4.0, 0.0)	(5.0, 0.0)	(6.0, 0.0)	(7.0, 0.0)	(8.0, 0.0)	(9.0, 0.0)	(10.0, 0.0)	(11.0, 0.0)	(12.0, 0.0005164862408065449)	(13.0, 0.0010329724816130897)	(14.0, 0.0010329724816130897)	(15.0, 0.0015494587224196346)	(16.0, 0.005164862408065449)	(17.0, 0.006714321130485084)	(18.0, 0.007747293612098174)	(19.0, 0.011362697297743989)	(20.0, 0.016527559705809436)	(21.0, 0.029439715725973058)	(22.0, 0.054747541525493756)	(23.0, 0.09141806462275845)	(24.0, 0.11982480786711842)	(25.0, 0.16166019337244855)	(26.0, 0.22931989091810595)	(27.0, 0.2954301297413437)	(28.0, 0.3672217172134534)	(29.0, 0.4529584331873399)	(30.0, 0.5500578464589704)	(31.0, 0.643541856044955)	(32.0, 0.7514874803735229)	(33.0, 0.8480704074043468)	(34.0, 0.9880381786629205)	(35.0, 1.148665399553756)	(36.0, 1.2736550698289397)	(37.0, 1.4203371622179986)	(38.0, 1.581997355590447)	(39.0, 1.736426741591604)	(40.0, 1.8980869349640526)	(41.0, 2.186802743574911)	(42.0, 2.4321337079580196)	(43.0, 2.6361457730766054)	(44.0, 2.9842574993802167)	(45.0, 3.2889843814560784)	(46.0, 3.634513676555656)	(47.0, 4.068878605073961)	(48.0, 4.412858441451119)	(49.0, 4.645793736054872)	(50.0, 4.802805553260061)	(51.0, 4.940190893314602)	(52.0, 4.933993058424924)	(53.0, 4.772332865052475)	(54.0, 4.542496487893563)	(55.0, 4.304396330881746)	(56.0, 3.9676473018758784)	(57.0, 3.527084538467895)	(58.0, 3.1314560780100815)	(59.0, 2.7358276175522684)	(60.0, 2.311792413850095)	(61.0, 1.9502520452855134)	(62.0, 1.6749648789356253)	(63.0, 1.4244690521444507)	(64.0, 1.1843029501694076)	(65.0, 0.9906206098669532)	(66.0, 0.8418725725146683)	(67.0, 0.6827948103462523)	(68.0, 0.5572886538302619)	(69.0, 0.4529584331873399)	(70.0, 0.34243037765473927)	(71.0, 0.2551442029584332)	(72.0, 0.18851747789438889)	(73.0, 0.14771506487067185)	(74.0, 0.10846211056937444)	(75.0, 0.07540699115775555)	(76.0, 0.06197834889678539)	(77.0, 0.03821998181968432)	(78.0, 0.02324188083629452)	(79.0, 0.013428642260970168)	(80.0, 0.011362697297743989)	(81.0, 0.010846211056937444)	(82.0, 0.0036154036856458145)	(83.0, 0.0020659449632261795)	(84.0, 0.0015494587224196346)	(85.0, 0.0)	(86.0, 0.0005164862408065449)	(87.0, 0.0005164862408065449)	(88.0, 0.0)	(89.0, 0.0)	(90.0, 0.0005164862408065449)	(91.0, 0.0005164862408065449)	(92.0, 0.0)	(93.0, 0.0)	(94.0, 0.0)	(95.0, 0.0)	(96.0, 0.0)	(97.0, 0.0)	(98.0, 0.0)	(99.0, 0.0)	(100.0, 0.0)
SRR5898982_R2	(0.0, 0.0)	(1.0, 0.0)	(2.0, 0.0)	(3.0, 0.0)	(4.0, 0.0)	(5.0, 0.0)	(6.0, 0.0)	(7.0, 0.0)	(8.0, 0.0)	(9.0, 0.0)	(10.0, 0.0)	(11.0, 0.0)	(12.0, 0.0005163608949567031)	(13.0, 0.0025818044747835155)	(14.0, 0.0025818044747835155)	(15.0, 0.0015490826848701092)	(16.0, 0.004130887159653625)	(17.0, 0.006196330739480437)	(18.0, 0.00826177431930725)	(19.0, 0.010843578794090765)	(20.0, 0.0165235486386145)	(21.0, 0.02943257101253208)	(22.0, 0.046472480546103284)	(23.0, 0.07280688618889514)	(24.0, 0.11927936673499842)	(25.0, 0.17091545623066873)	(26.0, 0.23339512452042982)	(27.0, 0.3144637850286322)	(28.0, 0.3800416186881335)	(29.0, 0.4564630311417256)	(30.0, 0.5256553910659237)	(31.0, 0.5907168638304684)	(32.0, 0.7244543356242545)	(33.0, 0.8809116867961356)	(34.0, 1.0069037451655711)	(35.0, 1.1086268414720415)	(36.0, 1.2614696663792258)	(37.0, 1.4354832879796346)	(38.0, 1.5718025642482043)	(39.0, 1.7298089981049556)	(40.0, 1.9430660477220738)	(41.0, 2.1749120895576337)	(42.0, 2.355122041897523)	(43.0, 2.625178789959879)	(44.0, 3.009351295807666)	(45.0, 3.3140042238321206)	(46.0, 3.6341479787052764)	(47.0, 3.990953357120359)	(48.0, 4.315744360048125)	(49.0, 4.633822671341454)	(50.0, 4.915755719987814)	(51.0, 5.00715159839515)	(52.0, 4.941573764735649)	(53.0, 4.8176471499460405)	(54.0, 4.580637499160913)	(55.0, 4.215570346426524)	(56.0, 3.8670267423307503)	(57.0, 3.549981152827334)	(58.0, 3.1260488580678807)	(59.0, 2.711411059417648)	(60.0, 2.343762102208476)	(61.0, 2.0231019864403628)	(62.0, 1.7210308628906916)	(63.0, 1.4236069873956305)	(64.0, 1.1886627801903307)	(65.0, 0.9723075652034721)	(66.0, 0.7931303346534959)	(67.0, 0.7068980651957266)	(68.0, 0.600011359939689)	(69.0, 0.4538812266669421)	(70.0, 0.3469945214109045)	(71.0, 0.26334405642791864)	(72.0, 0.1972498618734606)	(73.0, 0.1476792159576171)	(74.0, 0.11205031420560459)	(75.0, 0.08881407393255294)	(76.0, 0.06299602918471779)	(77.0, 0.039243428016709436)	(78.0, 0.022203518483138236)	(79.0, 0.014458105058787687)	(80.0, 0.010327217899134062)	(81.0, 0.007229052529393844)	(82.0, 0.005679969844523735)	(83.0, 0.0025818044747835155)	(84.0, 0.0015490826848701092)	(85.0, 0.0015490826848701092)	(86.0, 0.0010327217899134063)	(87.0, 0.0010327217899134063)	(88.0, 0.0005163608949567031)	(89.0, 0.0)	(90.0, 0.0)	(91.0, 0.0)	(92.0, 0.0)	(93.0, 0.0)	(94.0, 0.0)	(95.0, 0.0)	(96.0, 0.0)	(97.0, 0.0)	(98.0, 0.0)	(99.0, 0.0005163608949567031)	(100.0, 0.005163608949567031)
SRR5898983_R1	(0.0, 0.0)	(1.0, 0.0)	(2.0, 0.0)	(3.0, 0.0)	(4.0, 0.0)	(5.0, 0.0)	(6.0, 0.0)	(7.0, 0.0)	(8.0, 0.0)	(9.0, 0.0)	(10.0, 0.0)	(11.0, 0.0)	(12.0, 0.0005185269685876363)	(13.0, 0.0005185269685876363)	(14.0, 0.0)	(15.0, 0.0)	(16.0, 0.0010370539371752725)	(17.0, 0.0010370539371752725)	(18.0, 0.0005185269685876363)	(19.0, 0.002592634842938181)	(20.0, 0.005703796654463999)	(21.0, 0.011407593308927998)	(22.0, 0.01659286299480436)	(23.0, 0.024370767523618903)	(24.0, 0.046148900204299625)	(25.0, 0.06326029016769162)	(26.0, 0.06792703288498035)	(27.0, 0.08763105769131052)	(28.0, 0.1270391073039709)	(29.0, 0.17992885809990977)	(30.0, 0.21778132680680723)	(31.0, 0.266522861854045)	(32.0, 0.34793159592230394)	(33.0, 0.40030281974965515)	(34.0, 0.4646001638545221)	(35.0, 0.5517126945772449)	(36.0, 0.6097877150590603)	(37.0, 0.6963817188131955)	(38.0, 0.8244578800543417)	(39.0, 0.9369782322378587)	(40.0, 1.0339427753637467)	(41.0, 1.1506113432959648)	(42.0, 1.2968359484376781)	(43.0, 1.4389123378306905)	(44.0, 1.5840998890352287)	(45.0, 1.7329171290198804)	(46.0, 1.9481058209837494)	(47.0, 2.251962624576104)	(48.0, 2.5138187437128603)	(49.0, 2.809897642776401)	(50.0, 3.181681479253736)	(51.0, 3.5379095066734423)	(52.0, 3.9558422433550766)	(53.0, 4.31051468986902)	(54.0, 4.552666784199446)	(55.0, 4.902153961027513)	(56.0, 5.167121241975795)	(57.0, 5.312827320148921)	(58.0, 5.349642734918643)	(59.0, 5.296752984122705)	(60.0, 5.00378524687069)	(61.0, 4.495110290686219)	(62.0, 4.093770416999388)	(63.0, 3.662874506103062)	(64.0, 3.1764962095678597)	(65.0, 2.664191564603275)	(66.0, 2.1057380194343907)	(67.0, 1.6141744532133115)	(68.0, 1.2283903885841103)	(69.0, 0.8840884814419198)	(70.0, 0.6284546859282151)	(71.0, 0.4516369896398312)	(72.0, 0.29348626422060214)	(73.0, 0.16955831872815705)	(74.0, 0.10526097462329016)	(75.0, 0.06326029016769162)	(76.0, 0.03681541476972217)	(77.0, 0.021259605712093087)	(78.0, 0.010370539371752724)	(79.0, 0.00414821574870109)	(80.0, 0.002074107874350545)	(81.0, 0.0010370539371752725)	(82.0, 0.0005185269685876363)	(83.0, 0.0005185269685876363)	(84.0, 0.0010370539371752725)	(85.0, 0.0010370539371752725)	(86.0, 0.0)	(87.0, 0.0)	(88.0, 0.0)	(89.0, 0.0)	(90.0, 0.0)	(91.0, 0.0)	(92.0, 0.0)	(93.0, 0.0)	(94.0, 0.0)	(95.0, 0.0)	(96.0, 0.0)	(97.0, 0.0)	(98.0, 0.0)	(99.0, 0.0)	(100.0, 0.0)
SRR5898983_R2	(0.0, 0.0)	(1.0, 0.0)	(2.0, 0.0)	(3.0, 0.0)	(4.0, 0.0)	(5.0, 0.0)	(6.0, 0.0)	(7.0, 0.0)	(8.0, 0.0)	(9.0, 0.0)	(10.0, 0.0)	(11.0, 0.0)	(12.0, 0.0010370969581946215)	(13.0, 0.0010370969581946215)	(14.0, 0.0)	(15.0, 0.0)	(16.0, 0.0005185484790973107)	(17.0, 0.002074193916389243)	(18.0, 0.0025927423954865544)	(19.0, 0.004148387832778486)	(20.0, 0.006222581749167729)	(21.0, 0.010889518061043527)	(22.0, 0.01814919676840588)	(23.0, 0.028520166350352098)	(24.0, 0.042520975285979486)	(25.0, 0.059633075096190744)	(26.0, 0.07155969011542888)	(27.0, 0.0912645323211267)	(28.0, 0.1280814743370358)	(29.0, 0.18823309791232382)	(30.0, 0.2395693973429576)	(31.0, 0.28572021198261827)	(32.0, 0.34742748099519827)	(33.0, 0.39461539259305356)	(34.0, 0.453729919210147)	(35.0, 0.5377347728239114)	(36.0, 0.6284807566659407)	(37.0, 0.7337460979226949)	(38.0, 0.817750951536459)	(39.0, 0.8965703203592504)	(40.0, 1.0485050247347625)	(41.0, 1.1724381112390196)	(42.0, 1.2642211920392439)	(43.0, 1.4052663783537123)	(44.0, 1.5639422129574894)	(45.0, 1.723655144519461)	(46.0, 1.9072213061199093)	(47.0, 2.2064237785590577)	(48.0, 2.5180714144965415)	(49.0, 2.813644047582008)	(50.0, 3.1289215228731737)	(51.0, 3.4576812586208683)	(52.0, 3.8875579477925393)	(53.0, 4.235503977266835)	(54.0, 4.547151613204319)	(55.0, 4.894579094199517)	(56.0, 5.251858996297564)	(57.0, 5.409497733943146)	(58.0, 5.257044481088537)	(59.0, 5.203115439262416)	(60.0, 5.055847671198781)	(61.0, 4.563745164535432)	(62.0, 4.029640231065202)	(63.0, 3.6282837082438837)	(64.0, 3.2067037947377703)	(65.0, 2.6751916036630266)	(66.0, 2.1483463489001586)	(67.0, 1.7023946568764714)	(68.0, 1.3088163612416124)	(69.0, 0.9380541986870352)	(70.0, 0.6533710836626117)	(71.0, 0.4521742737728551)	(72.0, 0.2992024724391483)	(73.0, 0.1778621283303776)	(74.0, 0.10059840494487829)	(75.0, 0.07259678707362352)	(76.0, 0.04666936311875797)	(77.0, 0.024371778517573606)	(78.0, 0.012445163498335458)	(79.0, 0.004148387832778486)	(80.0, 0.0010370969581946215)	(81.0, 0.0005185484790973107)	(82.0, 0.0015556454372919323)	(83.0, 0.0015556454372919323)	(84.0, 0.0010370969581946215)	(85.0, 0.0005185484790973107)	(86.0, 0.0005185484790973107)	(87.0, 0.0005185484790973107)	(88.0, 0.0)	(89.0, 0.0)	(90.0, 0.0)	(91.0, 0.0)	(92.0, 0.0)	(93.0, 0.0)	(94.0, 0.0)	(95.0, 0.0)	(96.0, 0.0)	(97.0, 0.0)	(98.0, 0.0005185484790973107)	(99.0, 0.0005185484790973107)	(100.0, 0.0031112908745838646)
SRR5898984_R1	(0.0, 0.0)	(1.0, 0.0)	(2.0, 0.0)	(3.0, 0.0)	(4.0, 0.0)	(5.0, 0.0)	(6.0, 0.0)	(7.0, 0.0)	(8.0, 0.0)	(9.0, 0.0)	(10.0, 0.0)	(11.0, 0.0)	(12.0, 0.0)	(13.0, 0.0)	(14.0, 0.0)	(15.0, 0.0)	(16.0, 0.0010780276406287057)	(17.0, 0.005390138203143529)	(18.0, 0.009163234945343999)	(19.0, 0.01131929022660141)	(20.0, 0.02425562191414588)	(21.0, 0.04150406416420517)	(22.0, 0.064142644617408)	(23.0, 0.09163234945344)	(24.0, 0.12882430305513035)	(25.0, 0.1918889200319096)	(26.0, 0.2517194540868028)	(27.0, 0.313167029602639)	(28.0, 0.39294107500916325)	(29.0, 0.49373665940794725)	(30.0, 0.6160927966193054)	(31.0, 0.7325197818072056)	(32.0, 0.8273862141825317)	(33.0, 0.9357279920657167)	(34.0, 1.086112847933421)	(35.0, 1.2607533257152712)	(36.0, 1.4122162092236046)	(37.0, 1.590090769927341)	(38.0, 1.7760505379357927)	(39.0, 2.0040533839287638)	(40.0, 2.222353981156077)	(41.0, 2.5096483473836266)	(42.0, 2.8799508419395874)	(43.0, 3.190961816260969)	(44.0, 3.5477889653090706)	(45.0, 3.9283327224510036)	(46.0, 4.349841529936828)	(47.0, 4.757335978094479)	(48.0, 5.102843836915979)	(49.0, 5.310903171557318)	(50.0, 5.341626959315237)	(51.0, 5.2176537806429355)	(52.0, 4.990189948470278)	(53.0, 4.706668678984929)	(54.0, 4.280308747116276)	(55.0, 3.754770272309782)	(56.0, 3.2362389771673743)	(57.0, 2.7823893404626894)	(58.0, 2.3959164312972985)	(59.0, 2.0520256139367414)	(60.0, 1.6951984648886396)	(61.0, 1.3712511588797136)	(62.0, 1.1551066169336581)	(63.0, 0.9702248765658351)	(64.0, 0.8139108686746728)	(65.0, 0.6694551648304262)	(66.0, 0.5465600137987539)	(67.0, 0.47594920333757357)	(68.0, 0.39671417175136375)	(69.0, 0.31208900196201034)	(70.0, 0.23339298419611476)	(71.0, 0.1692503395787068)	(72.0, 0.11858304046915764)	(73.0, 0.08300812832841034)	(74.0, 0.061447575515836225)	(75.0, 0.04527716090640564)	(76.0, 0.02802871865634635)	(77.0, 0.016170414609430583)	(78.0, 0.010780276406287058)	(79.0, 0.003234082921886117)	(80.0, 0.0016170414609430585)	(81.0, 0.0010780276406287057)	(82.0, 0.0010780276406287057)	(83.0, 0.0)	(84.0, 0.0)	(85.0, 0.0)	(86.0, 0.0)	(87.0, 0.0)	(88.0, 0.0)	(89.0, 0.0)	(90.0, 0.0)	(91.0, 0.0)	(92.0, 0.0)	(93.0, 0.0)	(94.0, 0.0)	(95.0, 0.0)	(96.0, 0.0)	(97.0, 0.0)	(98.0, 0.0)	(99.0, 0.0005390138203143529)	(100.0, 0.0005390138203143529)
SRR5898984_R2	(0.0, 0.0)	(1.0, 0.0)	(2.0, 0.0)	(3.0, 0.0)	(4.0, 0.0)	(5.0, 0.0)	(6.0, 0.0)	(7.0, 0.0)	(8.0, 0.0)	(9.0, 0.0)	(10.0, 0.0)	(11.0, 0.0)	(12.0, 0.0010776500762437427)	(13.0, 0.0010776500762437427)	(14.0, 0.0)	(15.0, 0.0021553001524874855)	(16.0, 0.0021553001524874855)	(17.0, 0.002694125190609357)	(18.0, 0.0075435505337062)	(19.0, 0.014548276029290529)	(20.0, 0.019936526410509244)	(21.0, 0.03286832732543416)	(22.0, 0.060887229307771476)	(23.0, 0.09591085678569311)	(24.0, 0.12662388395863977)	(25.0, 0.1659581117415364)	(26.0, 0.24085479204047655)	(27.0, 0.30874674684383235)	(28.0, 0.3674786759991163)	(29.0, 0.4817095840809531)	(30.0, 0.599173442391521)	(31.0, 0.7101714002446265)	(32.0, 0.8023104817634666)	(33.0, 0.9240849403790096)	(34.0, 1.0674124005194274)	(35.0, 1.1886480340968484)	(36.0, 1.3422131699615818)	(37.0, 1.5200254325417992)	(38.0, 1.739866048095523)	(39.0, 1.98664791555534)	(40.0, 2.158533102716217)	(41.0, 2.4112420455953747)	(42.0, 2.788958397318807)	(43.0, 3.1300346464499516)	(44.0, 3.5691770525192763)	(45.0, 3.95874755508139)	(46.0, 4.3084450048224845)	(47.0, 4.6899331318127695)	(48.0, 5.0724989088792976)	(49.0, 5.288028924128047)	(50.0, 5.28048537359434)	(51.0, 5.2028945681047905)	(52.0, 5.078425984298638)	(53.0, 4.763213336997343)	(54.0, 4.337541556881066)	(55.0, 3.875768499210621)	(56.0, 3.3283222604788)	(57.0, 2.863855077617747)	(58.0, 2.4656633744456835)	(59.0, 2.1084223741708827)	(60.0, 1.7829720511452727)	(61.0, 1.4709923540727092)	(62.0, 1.1644009073813641)	(63.0, 0.9429438167132751)	(64.0, 0.8244023083264632)	(65.0, 0.7403456023794514)	(66.0, 0.6040228677346179)	(67.0, 0.4752436836234907)	(68.0, 0.37987165187591937)	(69.0, 0.2920431706620543)	(70.0, 0.2225347407443329)	(71.0, 0.17673461250397382)	(72.0, 0.13686155968295535)	(73.0, 0.09752733190005873)	(74.0, 0.07274138014645265)	(75.0, 0.0490330784690903)	(76.0, 0.030713027172946675)	(77.0, 0.01562592610553427)	(78.0, 0.008621200609949942)	(79.0, 0.0075435505337062)	(80.0, 0.002694125190609357)	(81.0, 0.0010776500762437427)	(82.0, 0.0021553001524874855)	(83.0, 0.0021553001524874855)	(84.0, 0.0010776500762437427)	(85.0, 0.0)	(86.0, 0.0)	(87.0, 0.0)	(88.0, 0.0)	(89.0, 0.0)	(90.0, 0.0)	(91.0, 0.0)	(92.0, 0.0)	(93.0, 0.0)	(94.0, 0.0)	(95.0, 0.0)	(96.0, 0.0)	(97.0, 0.0)	(98.0, 0.0005388250381218714)	(99.0, 0.0010776500762437427)	(100.0, 0.0010776500762437427)
SRR5898985_R1	(0.0, 0.0)	(1.0, 0.0)	(2.0, 0.0)	(3.0, 0.0)	(4.0, 0.0)	(5.0, 0.0)	(6.0, 0.0)	(7.0, 0.0)	(8.0, 0.0)	(9.0, 0.0014975290770229122)	(10.0, 0.0029950581540458244)	(11.0, 0.004492587231068737)	(12.0, 0.005490939949084011)	(13.0, 0.011481056257175661)	(14.0, 0.019967054360305495)	(15.0, 0.03194728697648879)	(16.0, 0.05191434133679429)	(17.0, 0.08336245195427544)	(18.0, 0.11680726800778714)	(19.0, 0.18319772375580293)	(20.0, 0.23960465232366596)	(21.0, 0.296011580891529)	(22.0, 0.40383367443717866)	(23.0, 0.5570808166525234)	(24.0, 0.7203114860480208)	(25.0, 0.8570858084161134)	(26.0, 1.031298357709779)	(27.0, 1.234962312184895)	(28.0, 1.499026606099935)	(29.0, 1.7116757350371887)	(30.0, 1.9043578096141367)	(31.0, 2.102031647781161)	(32.0, 2.2542804372784904)	(33.0, 2.3331503020016973)	(34.0, 2.480906504267958)	(35.0, 2.6910597514101733)	(36.0, 2.7844057305446013)	(37.0, 2.8383167773174263)	(38.0, 2.9116957020915493)	(39.0, 3.0784206060001)	(40.0, 3.214695752009185)	(41.0, 3.2825837368342237)	(42.0, 3.307542554784605)	(43.0, 3.4163630010482704)	(44.0, 3.535666150851096)	(45.0, 3.546148854390256)	(46.0, 3.572106025058653)	(47.0, 3.5281785054659816)	(48.0, 3.486746867668347)	(49.0, 3.435830879049568)	(50.0, 3.264613387909949)	(51.0, 3.1173563620026954)	(52.0, 2.918684171117656)	(53.0, 2.6561174062796384)	(54.0, 2.344631358258873)	(55.0, 2.0381370738281834)	(56.0, 1.8409624120201666)	(57.0, 1.6243198722108523)	(58.0, 1.434133679428942)	(59.0, 1.3233165277292467)	(60.0, 1.231967254030849)	(61.0, 1.1046772824839017)	(62.0, 0.975889781859931)	(63.0, 0.8915289771876405)	(64.0, 0.8076673488743573)	(65.0, 0.7248040732790895)	(66.0, 0.6199770378874856)	(67.0, 0.5191434133679429)	(68.0, 0.4532521339789348)	(69.0, 0.37388309289672045)	(70.0, 0.27903958468526935)	(71.0, 0.21165077621923828)	(72.0, 0.15624220036939052)	(73.0, 0.09684021364748165)	(74.0, 0.06938551390206159)	(75.0, 0.054909399490840116)	(76.0, 0.037438226925572804)	(77.0, 0.023960465232366595)	(78.0, 0.013976938052213847)	(79.0, 0.010482703539160384)	(80.0, 0.005490939949084011)	(81.0, 0.002495881795038187)	(82.0, 0.002495881795038187)	(83.0, 0.0014975290770229122)	(84.0, 0.0004991763590076374)	(85.0, 0.0)	(86.0, 0.0)	(87.0, 0.0)	(88.0, 0.0)	(89.0, 0.0)	(90.0, 0.0)	(91.0, 0.0)	(92.0, 0.0)	(93.0, 0.0)	(94.0, 0.0)	(95.0, 0.0)	(96.0, 0.0)	(97.0, 0.0)	(98.0, 0.0)	(99.0, 0.0)	(100.0, 0.0)
SRR5898985_R2	(0.0, 0.0)	(1.0, 0.0)	(2.0, 0.0)	(3.0, 0.0)	(4.0, 0.0)	(5.0, 0.0)	(6.0, 0.0)	(7.0, 0.0)	(8.0, 0.0)	(9.0, 0.000997919338179895)	(10.0, 0.00399167735271958)	(11.0, 0.005488556359989422)	(12.0, 0.006486475698169317)	(13.0, 0.012972951396338634)	(14.0, 0.021455265770867742)	(15.0, 0.03343029782902648)	(16.0, 0.055384523268984166)	(17.0, 0.09031170010528049)	(18.0, 0.11525968355977785)	(19.0, 0.1556754167560636)	(20.0, 0.23151728645773562)	(21.0, 0.33480193795935476)	(22.0, 0.4440741054900533)	(23.0, 0.5628265067334607)	(24.0, 0.7015372947404661)	(25.0, 0.8577116711656196)	(26.0, 1.063782014499768)	(27.0, 1.271848196510276)	(28.0, 1.4963800476007525)	(29.0, 1.7323879710802976)	(30.0, 1.8855685894909116)	(31.0, 2.0572107156578534)	(32.0, 2.2552977042865625)	(33.0, 2.4079793630280864)	(34.0, 2.5417005543441924)	(35.0, 2.708852043489325)	(36.0, 2.792677267896436)	(37.0, 2.837583638114531)	(38.0, 2.9373755719325207)	(39.0, 3.048144618470489)	(40.0, 3.163903261699357)	(41.0, 3.2646931148555263)	(42.0, 3.3445266619099177)	(43.0, 3.4343394023461085)	(44.0, 3.5476032472295262)	(45.0, 3.552093884251336)	(46.0, 3.507187514033241)	(47.0, 3.456792587455156)	(48.0, 3.4762520145496643)	(49.0, 3.4982062399896217)	(50.0, 3.3115953237499816)	(51.0, 3.0197039173323623)	(52.0, 2.8525524281872294)	(53.0, 2.6459831251839914)	(54.0, 2.3012019938428376)	(55.0, 1.9963376360288796)	(56.0, 1.8137183971419593)	(57.0, 1.6605377787313451)	(58.0, 1.4943842089243926)	(59.0, 1.3466921468737683)	(60.0, 1.1895198511104348)	(61.0, 1.0902268769615353)	(62.0, 1.0243642006416622)	(63.0, 0.9320566618600219)	(64.0, 0.8108094622711646)	(65.0, 0.7030341737477359)	(66.0, 0.6127224736424555)	(67.0, 0.5229097332062649)	(68.0, 0.43559179111552415)	(69.0, 0.34528009101024365)	(70.0, 0.27492677766856105)	(71.0, 0.22103913340684672)	(72.0, 0.15916813443969324)	(73.0, 0.10428257083979903)	(74.0, 0.06885643433441274)	(75.0, 0.052889724923534435)	(76.0, 0.03442821716720637)	(77.0, 0.020956306101777792)	(78.0, 0.015467749741788371)	(79.0, 0.008482314374529107)	(80.0, 0.004490637021809527)	(81.0, 0.0014968790072698425)	(82.0, 0.000997919338179895)	(83.0, 0.0014968790072698425)	(84.0, 0.0024947983454497373)	(85.0, 0.0014968790072698425)	(86.0, 0.0)	(87.0, 0.0)	(88.0, 0.0)	(89.0, 0.0)	(90.0, 0.0)	(91.0, 0.0)	(92.0, 0.0)	(93.0, 0.0)	(94.0, 0.0)	(95.0, 0.0)	(96.0, 0.0)	(97.0, 0.0)	(98.0, 0.0)	(99.0, 0.0)	(100.0, 0.0014968790072698425)
SRR5898986_R1	(0.0, 0.0)	(1.0, 0.0)	(2.0, 0.0)	(3.0, 0.0)	(4.0, 0.0)	(5.0, 0.0)	(6.0, 0.0)	(7.0, 0.0)	(8.0, 0.0)	(9.0, 0.0)	(10.0, 0.0)	(11.0, 0.0)	(12.0, 0.0)	(13.0, 0.0)	(14.0, 0.0)	(15.0, 0.00157014628529558)	(16.0, 0.0036636746656896865)	(17.0, 0.005233820950985267)	(18.0, 0.009944259806872007)	(19.0, 0.012037788187266113)	(20.0, 0.014654698662758746)	(21.0, 0.02564572265982781)	(22.0, 0.058618794651034985)	(23.0, 0.0921152487373407)	(24.0, 0.1313689058697302)	(25.0, 0.19103446471096225)	(26.0, 0.235521942794337)	(27.0, 0.31664616753460867)	(28.0, 0.3972470101797817)	(29.0, 0.4485384554994374)	(30.0, 0.49825975453379734)	(31.0, 0.5799073613691675)	(32.0, 0.7222672912359668)	(33.0, 0.8306073849213619)	(34.0, 0.9117316096616335)	(35.0, 1.0232119959176196)	(36.0, 1.1435898777902809)	(37.0, 1.2864731897521786)	(38.0, 1.4900688247455056)	(39.0, 1.6591212414623295)	(40.0, 1.8040980818046215)	(41.0, 2.08515426687253)	(42.0, 2.4112213121189123)	(43.0, 2.7346714468898017)	(44.0, 3.195771072671604)	(45.0, 3.6950775913955987)	(46.0, 4.091277837385183)	(47.0, 4.557611284117971)	(48.0, 5.072095883599822)	(49.0, 5.445267317405071)	(50.0, 5.6938738125768715)	(51.0, 5.6985842514327585)	(52.0, 5.45992201606783)	(53.0, 5.161070839766571)	(54.0, 4.764347211681888)	(55.0, 4.2943500902834115)	(56.0, 3.8091748881270773)	(57.0, 3.308298223117787)	(58.0, 2.776542014497684)	(59.0, 2.295553869102138)	(60.0, 1.8857456886399917)	(61.0, 1.5172846936906288)	(62.0, 1.2545468819511685)	(63.0, 1.023735378012718)	(64.0, 0.8295606207311648)	(65.0, 0.6673121712506215)	(66.0, 0.5479810535681574)	(67.0, 0.4490618375945359)	(68.0, 0.3574699709522937)	(69.0, 0.29047706277968227)	(70.0, 0.21511004108549447)	(71.0, 0.15230418967367126)	(72.0, 0.11043362206578913)	(73.0, 0.08164760683537016)	(74.0, 0.056525266270640875)	(75.0, 0.03820689294219245)	(76.0, 0.026692486850024857)	(77.0, 0.01884175542354696)	(78.0, 0.01256117028236464)	(79.0, 0.008374113521576427)	(80.0, 0.005233820950985267)	(81.0, 0.00314029257059116)	(82.0, 0.00157014628529558)	(83.0, 0.0005233820950985267)	(84.0, 0.0)	(85.0, 0.0)	(86.0, 0.0010467641901970534)	(87.0, 0.0010467641901970534)	(88.0, 0.0)	(89.0, 0.0)	(90.0, 0.0)	(91.0, 0.0)	(92.0, 0.0)	(93.0, 0.0)	(94.0, 0.0)	(95.0, 0.0)	(96.0, 0.0)	(97.0, 0.0)	(98.0, 0.0)	(99.0, 0.0)	(100.0, 0.0005233820950985267)
SRR5898986_R2	(0.0, 0.0)	(1.0, 0.0)	(2.0, 0.0)	(3.0, 0.0)	(4.0, 0.0)	(5.0, 0.0)	(6.0, 0.0)	(7.0, 0.0)	(8.0, 0.0)	(9.0, 0.0)	(10.0, 0.000523070002458429)	(11.0, 0.000523070002458429)	(12.0, 0.0)	(13.0, 0.0)	(14.0, 0.0)	(15.0, 0.000523070002458429)	(16.0, 0.004184560019667432)	(17.0, 0.005753770027042719)	(18.0, 0.007322980034418006)	(19.0, 0.013599820063919153)	(20.0, 0.021968940103254016)	(21.0, 0.03190727014996417)	(22.0, 0.04655323021880018)	(23.0, 0.0810758503810565)	(24.0, 0.12396759058264767)	(25.0, 0.1872590608801176)	(26.0, 0.24741211116283696)	(27.0, 0.327964891541435)	(28.0, 0.37765654177498575)	(29.0, 0.4195021419716601)	(30.0, 0.5110393924018851)	(31.0, 0.6109457628714451)	(32.0, 0.7312518634368838)	(33.0, 0.8254044638794009)	(34.0, 0.8954958442088304)	(35.0, 0.997494494688224)	(36.0, 1.1648768954749213)	(37.0, 1.2951213260870702)	(38.0, 1.443673206785264)	(39.0, 1.6204708676162132)	(40.0, 1.8600369287421734)	(41.0, 2.1958478703204847)	(42.0, 2.4610443615669086)	(43.0, 2.7879631131034266)	(44.0, 3.1431276447727003)	(45.0, 3.558968296727151)	(46.0, 4.083084439190497)	(47.0, 4.599877601619425)	(48.0, 5.092609543935265)	(49.0, 5.418482155466866)	(50.0, 5.553434216101141)	(51.0, 5.643925326526449)	(52.0, 5.5680801761699765)	(53.0, 5.299222194906345)	(54.0, 4.868212512880598)	(55.0, 4.290743230166493)	(56.0, 3.7242584175040143)	(57.0, 3.1813117549521652)	(58.0, 2.6927643726559927)	(59.0, 2.3156309008834652)	(60.0, 1.923851469042102)	(61.0, 1.5148107271196105)	(62.0, 1.24856809586827)	(63.0, 1.0503245649365254)	(64.0, 0.8672500640760753)	(65.0, 0.6810371432008746)	(66.0, 0.5466081525690584)	(67.0, 0.47023993221012766)	(68.0, 0.37608733176761044)	(69.0, 0.2866423613472191)	(70.0, 0.21027414098828845)	(71.0, 0.14332118067360955)	(72.0, 0.10513707049414422)	(73.0, 0.07479901035155535)	(74.0, 0.05387621025321819)	(75.0, 0.04289174020159118)	(76.0, 0.027199640127838307)	(77.0, 0.01673824007866973)	(78.0, 0.013599820063919153)	(79.0, 0.004707630022125861)	(80.0, 0.002092280009833716)	(81.0, 0.0031384200147505743)	(82.0, 0.002092280009833716)	(83.0, 0.001046140004916858)	(84.0, 0.0)	(85.0, 0.0)	(86.0, 0.000523070002458429)	(87.0, 0.000523070002458429)	(88.0, 0.0)	(89.0, 0.0)	(90.0, 0.0)	(91.0, 0.0)	(92.0, 0.0)	(93.0, 0.0)	(94.0, 0.0)	(95.0, 0.0)	(96.0, 0.0)	(97.0, 0.0)	(98.0, 0.0)	(99.0, 0.0)	(100.0, 0.000523070002458429)
SRR5898987_R1	(0.0, 0.0)	(1.0, 0.0)	(2.0, 0.0)	(3.0, 0.0)	(4.0, 0.0)	(5.0, 0.0)	(6.0, 0.0)	(7.0, 0.0)	(8.0, 0.0)	(9.0, 0.0)	(10.0, 0.0)	(11.0, 0.0)	(12.0, 0.0005159852221832367)	(13.0, 0.0005159852221832367)	(14.0, 0.00154795566654971)	(15.0, 0.00309591133309942)	(16.0, 0.007739778332748549)	(17.0, 0.01238364533239768)	(18.0, 0.014963571443313863)	(19.0, 0.02218736455387918)	(20.0, 0.03457100988627686)	(21.0, 0.056242389217972796)	(22.0, 0.07791376854966874)	(23.0, 0.10938886710284616)	(24.0, 0.14550783265567274)	(25.0, 0.17130709376483458)	(26.0, 0.20897401498421084)	(27.0, 0.27244019731274893)	(28.0, 0.3415822170853027)	(29.0, 0.416400074301872)	(30.0, 0.4907019462962581)	(31.0, 0.5500402468473303)	(32.0, 0.6289859858413656)	(33.0, 0.7497265278322429)	(34.0, 0.8498276609357909)	(35.0, 0.9550886462611711)	(36.0, 1.0938886710284619)	(37.0, 1.2094693607975069)	(38.0, 1.345173474231698)	(39.0, 1.4906813068873708)	(40.0, 1.6134857897669812)	(41.0, 1.7455780066458897)	(42.0, 1.9003735733008607)	(43.0, 2.105735691729789)	(44.0, 2.283750593383006)	(45.0, 2.505108253699614)	(46.0, 2.699118697240511)	(47.0, 2.8007677860106086)	(48.0, 3.008709830550453)	(49.0, 3.206848155868816)	(50.0, 3.3146890673051126)	(51.0, 3.4648407669604344)	(52.0, 3.6567872696125985)	(53.0, 3.787331530824957)	(54.0, 3.8977523683721698)	(55.0, 3.9075560875936515)	(56.0, 3.895688427483437)	(57.0, 3.9158118511485833)	(58.0, 3.864213328930259)	(59.0, 3.777011826381292)	(60.0, 3.5768095601741967)	(61.0, 3.31107717074983)	(62.0, 3.1335782543187967)	(63.0, 2.89983694866979)	(64.0, 2.5603186724732203)	(65.0, 2.278590741161173)	(66.0, 1.9741594600730636)	(67.0, 1.6826278095395348)	(68.0, 1.430311035891932)	(69.0, 1.1589028090235496)	(70.0, 0.9117458875977792)	(71.0, 0.7105116509463169)	(72.0, 0.5469443355142309)	(73.0, 0.39472869497017604)	(74.0, 0.27347216775711547)	(75.0, 0.18369073909723224)	(76.0, 0.12125652721306061)	(77.0, 0.08152566510495139)	(78.0, 0.053662463107056614)	(79.0, 0.038182906441559514)	(80.0, 0.025283275886978596)	(81.0, 0.015479556665497099)	(82.0, 0.011351674888031207)	(83.0, 0.006707807888382077)	(84.0, 0.00309591133309942)	(85.0, 0.002063940888732947)	(86.0, 0.0010319704443664734)	(87.0, 0.0)	(88.0, 0.0)	(89.0, 0.0)	(90.0, 0.0)	(91.0, 0.0)	(92.0, 0.0005159852221832367)	(93.0, 0.0005159852221832367)	(94.0, 0.0)	(95.0, 0.0)	(96.0, 0.0)	(97.0, 0.0)	(98.0, 0.0)	(99.0, 0.0)	(100.0, 0.0)
SRR5898987_R2	(0.0, 0.0)	(1.0, 0.0)	(2.0, 0.0)	(3.0, 0.0)	(4.0, 0.0)	(5.0, 0.0)	(6.0, 0.0)	(7.0, 0.0)	(8.0, 0.0)	(9.0, 0.0)	(10.0, 0.0005158175450179762)	(11.0, 0.0015474526350539287)	(12.0, 0.0010316350900359524)	(13.0, 0.0010316350900359524)	(14.0, 0.0010316350900359524)	(15.0, 0.0025790877250898812)	(16.0, 0.008253080720287619)	(17.0, 0.013411256170467383)	(18.0, 0.01753779653061119)	(19.0, 0.02063270180071905)	(20.0, 0.034043957971186437)	(21.0, 0.04900266677670774)	(22.0, 0.06396137558222906)	(23.0, 0.09594206337334359)	(24.0, 0.12998602134453002)	(25.0, 0.17692541794116584)	(26.0, 0.22489644962783764)	(27.0, 0.25790877250898814)	(28.0, 0.33115486390154075)	(29.0, 0.4095591307442731)	(30.0, 0.4977639309423471)	(31.0, 0.5890636364105288)	(32.0, 0.6478668365425782)	(33.0, 0.7221445630251667)	(34.0, 0.8196340790335642)	(35.0, 0.9568415460083459)	(36.0, 1.087859202442912)	(37.0, 1.1951492518066509)	(38.0, 1.2874805923648687)	(39.0, 1.4391309506001537)	(40.0, 1.6057400176409602)	(41.0, 1.7192198775449148)	(42.0, 1.9219361727369795)	(43.0, 2.1153677521187206)	(44.0, 2.3057044262303537)	(45.0, 2.5094523565124547)	(46.0, 2.6616185322927572)	(47.0, 2.821006153703312)	(48.0, 2.99741575409946)	(49.0, 3.1960055089313806)	(50.0, 3.369836021602439)	(51.0, 3.5245812851078315)	(52.0, 3.621554983571211)	(53.0, 3.7174970469445547)	(54.0, 3.803122759417539)	(55.0, 3.887716836800487)	(56.0, 3.956836387832896)	(57.0, 3.9331087807620686)	(58.0, 3.864505047274678)	(59.0, 3.68551635915344)	(60.0, 3.5462456219985867)	(61.0, 3.3512665899817917)	(62.0, 3.126885957898972)	(63.0, 2.9009578731810985)	(64.0, 2.5728979145496655)	(65.0, 2.2902298998798147)	(66.0, 2.0075618852099635)	(67.0, 1.7269571407201847)	(68.0, 1.4638901927610166)	(69.0, 1.1905068939014891)	(70.0, 0.9155761424069079)	(71.0, 0.7278185560203645)	(72.0, 0.5988641697658704)	(73.0, 0.43741327817524384)	(74.0, 0.2795731093997431)	(75.0, 0.1758937828511299)	(76.0, 0.12070130553420644)	(77.0, 0.09439461073828966)	(78.0, 0.06860373348739084)	(79.0, 0.04178122114645608)	(80.0, 0.02321178952580893)	(81.0, 0.012895438625449408)	(82.0, 0.007737263175269644)	(83.0, 0.0046423579051617855)	(84.0, 0.0025790877250898812)	(85.0, 0.0020632701800719047)	(86.0, 0.0015474526350539287)	(87.0, 0.0)	(88.0, 0.0)	(89.0, 0.0)	(90.0, 0.0005158175450179762)	(91.0, 0.0005158175450179762)	(92.0, 0.0)	(93.0, 0.0)	(94.0, 0.0)	(95.0, 0.0)	(96.0, 0.0)	(97.0, 0.0)	(98.0, 0.0)	(99.0, 0.0005158175450179762)	(100.0, 0.0041265403601438095)
SRR5899005_R1	(0.0, 0.0)	(1.0, 0.0)	(2.0, 0.0)	(3.0, 0.0)	(4.0, 0.0)	(5.0, 0.0)	(6.0, 0.0)	(7.0, 0.0005159053623203359)	(8.0, 0.0005159053623203359)	(9.0, 0.0)	(10.0, 0.0)	(11.0, 0.0)	(12.0, 0.0005159053623203359)	(13.0, 0.0015477160869610078)	(14.0, 0.0015477160869610078)	(15.0, 0.0015477160869610078)	(16.0, 0.004643148260883023)	(17.0, 0.011865823333367727)	(18.0, 0.021152119855133773)	(19.0, 0.03353384855082184)	(20.0, 0.04952691478275225)	(21.0, 0.07067903463788602)	(22.0, 0.11246736898583325)	(23.0, 0.1676692427541092)	(24.0, 0.2300937915948698)	(25.0, 0.32192494608788963)	(26.0, 0.4060175201461044)	(27.0, 0.49733276927680387)	(28.0, 0.6247613937699269)	(29.0, 0.7738580434805039)	(30.0, 0.9389477594230115)	(31.0, 1.0988784217423155)	(32.0, 1.2536500304384164)	(33.0, 1.420287462467885)	(34.0, 1.613751973338011)	(35.0, 1.8727364652228196)	(36.0, 2.0785827047886336)	(37.0, 2.2230362062383278)	(38.0, 2.461900388992643)	(39.0, 2.705923625370162)	(40.0, 2.9153812024722185)	(41.0, 3.192422382038239)	(42.0, 3.4596613597201733)	(43.0, 3.677889327981675)	(44.0, 3.978146248852111)	(45.0, 4.226812633490513)	(46.0, 4.482185787839079)	(47.0, 4.618384803491647)	(48.0, 4.624059762477171)	(49.0, 4.721565875955715)	(50.0, 4.710215957984667)	(51.0, 4.490956178998524)	(52.0, 4.212883188707863)	(53.0, 3.9234602804461547)	(54.0, 3.5076405584159644)	(55.0, 3.0954321739220156)	(56.0, 2.722948502326733)	(57.0, 2.3339558591372)	(58.0, 1.9924265092811373)	(59.0, 1.630776850294582)	(60.0, 1.302145134496528)	(61.0, 1.0746308697132598)	(62.0, 0.8729118730460084)	(63.0, 0.724847034060072)	(64.0, 0.6015456524655117)	(65.0, 0.4792760815955921)	(66.0, 0.35545879463871144)	(67.0, 0.259500397247129)	(68.0, 0.19346451087012598)	(69.0, 0.1377467317395297)	(70.0, 0.11298327434815358)	(71.0, 0.09183115449301979)	(72.0, 0.0717108453625267)	(73.0, 0.05468596840595561)	(74.0, 0.039208807536345536)	(75.0, 0.0330179431885015)	(76.0, 0.025795268116016797)	(77.0, 0.017024876956571088)	(78.0, 0.01031810724640672)	(79.0, 0.006706769710164368)	(80.0, 0.0041272428985626875)	(81.0, 0.0030954321739220156)	(82.0, 0.0036113375362423514)	(83.0, 0.00257952681160168)	(84.0, 0.0015477160869610078)	(85.0, 0.0010318107246406719)	(86.0, 0.0010318107246406719)	(87.0, 0.0010318107246406719)	(88.0, 0.0005159053623203359)	(89.0, 0.0)	(90.0, 0.0)	(91.0, 0.0)	(92.0, 0.0)	(93.0, 0.0)	(94.0, 0.0)	(95.0, 0.0)	(96.0, 0.0)	(97.0, 0.0)	(98.0, 0.0)	(99.0, 0.0)	(100.0, 0.0)
SRR5899005_R2	(0.0, 0.0)	(1.0, 0.0)	(2.0, 0.0)	(3.0, 0.0)	(4.0, 0.0)	(5.0, 0.0)	(6.0, 0.0)	(7.0, 0.0)	(8.0, 0.0)	(9.0, 0.0)	(10.0, 0.0)	(11.0, 0.0)	(12.0, 0.0005158840705316701)	(13.0, 0.0015476522115950102)	(14.0, 0.0025794203526583507)	(15.0, 0.003611188493721691)	(16.0, 0.006706492916911711)	(17.0, 0.010833565481165073)	(18.0, 0.017540058398076784)	(19.0, 0.03198481237296355)	(20.0, 0.057263131829015386)	(21.0, 0.09027971234304227)	(22.0, 0.12484394506866417)	(23.0, 0.17540058398076783)	(24.0, 0.24607670164360665)	(25.0, 0.3162369352359138)	(26.0, 0.3998101546620444)	(27.0, 0.5189793749548601)	(28.0, 0.6469186244467143)	(29.0, 0.7707308013743152)	(30.0, 0.9389090083676397)	(31.0, 1.1246272737590408)	(32.0, 1.246375914404515)	(33.0, 1.4176494258210295)	(34.0, 1.6704326203815476)	(35.0, 1.8974216114154827)	(36.0, 2.0294879334715903)	(37.0, 2.2028249811702314)	(38.0, 2.4587034801539396)	(39.0, 2.694978384457445)	(40.0, 2.912165578151278)	(41.0, 3.194870048802633)	(42.0, 3.5131705203206733)	(43.0, 3.7633742945285333)	(44.0, 4.042983460756699)	(45.0, 4.240567059770328)	(46.0, 4.4355712384313)	(47.0, 4.616646547187916)	(48.0, 4.662044345394703)	(49.0, 4.661528461324171)	(50.0, 4.583114082603357)	(51.0, 4.43866654285449)	(52.0, 4.215804624384808)	(53.0, 3.90421064578368)	(54.0, 3.4636456495496333)	(55.0, 3.0266918418093085)	(56.0, 2.6671206446487346)	(57.0, 2.3498519412717576)	(58.0, 2.0305197016126533)	(59.0, 1.649797257560281)	(60.0, 1.3516162647929757)	(61.0, 1.1112142879252174)	(62.0, 0.8873206013144727)	(63.0, 0.6969593792882863)	(64.0, 0.5556071439626087)	(65.0, 0.4431444165867046)	(66.0, 0.3337769936339906)	(67.0, 0.2553626149131767)	(68.0, 0.20738539635373138)	(69.0, 0.15837640965322272)	(70.0, 0.10730388667058738)	(71.0, 0.09079559641357395)	(72.0, 0.08150968314400388)	(73.0, 0.06500139288699043)	(74.0, 0.04539779820678697)	(75.0, 0.03198481237296355)	(76.0, 0.025794203526583504)	(77.0, 0.024762435385520164)	(78.0, 0.020119478750735133)	(79.0, 0.010833565481165073)	(80.0, 0.005158840705316701)	(81.0, 0.003611188493721691)	(82.0, 0.0025794203526583507)	(83.0, 0.0010317681410633402)	(84.0, 0.0015476522115950102)	(85.0, 0.0010317681410633402)	(86.0, 0.0)	(87.0, 0.0)	(88.0, 0.0)	(89.0, 0.0)	(90.0, 0.0)	(91.0, 0.0)	(92.0, 0.0)	(93.0, 0.0)	(94.0, 0.0)	(95.0, 0.0005158840705316701)	(96.0, 0.0005158840705316701)	(97.0, 0.0)	(98.0, 0.0)	(99.0, 0.0005158840705316701)	(100.0, 0.003611188493721691)
SRR5899006_R1	(0.0, 0.0)	(1.0, 0.0)	(2.0, 0.0)	(3.0, 0.0)	(4.0, 0.0)	(5.0, 0.0)	(6.0, 0.0)	(7.0, 0.0)	(8.0, 0.0)	(9.0, 0.0005141018127229917)	(10.0, 0.0005141018127229917)	(11.0, 0.0)	(12.0, 0.0005141018127229917)	(13.0, 0.001542305438168975)	(14.0, 0.001542305438168975)	(15.0, 0.0020564072508919666)	(16.0, 0.0061692217526759)	(17.0, 0.008739730816290857)	(18.0, 0.014394850756243766)	(19.0, 0.02673329426159557)	(20.0, 0.03958583957967036)	(21.0, 0.05706530121225207)	(22.0, 0.09510883535375346)	(23.0, 0.1542305438168975)	(24.0, 0.20512662327647366)	(25.0, 0.24317015741797507)	(26.0, 0.3228559383900388)	(27.0, 0.43750064262726596)	(28.0, 0.5680825030589057)	(29.0, 0.7325950831302631)	(30.0, 0.8919666450743905)	(31.0, 1.0847548248455126)	(32.0, 1.3119878260690747)	(33.0, 1.487296544207615)	(34.0, 1.6836834366677977)	(35.0, 1.9381638339656786)	(36.0, 2.1849327040727147)	(37.0, 2.3756644765929447)	(38.0, 2.54326166754064)	(39.0, 2.772551076015094)	(40.0, 3.034228898691097)	(41.0, 3.334978459134047)	(42.0, 3.6048819108136176)	(43.0, 3.78224703620305)	(44.0, 3.9704082996596646)	(45.0, 4.075799171267878)	(46.0, 4.236198936837451)	(47.0, 4.45931912355923)	(48.0, 4.490165232322609)	(49.0, 4.454178105432)	(50.0, 4.401225618721532)	(51.0, 4.237227140462897)	(52.0, 3.936477580019947)	(53.0, 3.6017972999372794)	(54.0, 3.3113297757487894)	(55.0, 2.8979919183195038)	(56.0, 2.525268104095335)	(57.0, 2.2563928560412103)	(58.0, 1.9690099427290582)	(59.0, 1.7057898146148862)	(60.0, 1.4574786390696812)	(61.0, 1.2662327647367284)	(62.0, 1.0755009922164986)	(63.0, 0.9418345209085207)	(64.0, 0.8040552350987589)	(65.0, 0.6256619060838808)	(66.0, 0.5192428308502216)	(67.0, 0.43441603175092797)	(68.0, 0.3573007598424792)	(69.0, 0.2956085423157202)	(70.0, 0.22826120484900828)	(71.0, 0.16348437644591135)	(72.0, 0.11104599154816619)	(73.0, 0.08431269728657063)	(74.0, 0.059635810275867035)	(75.0, 0.03444482145244044)	(76.0, 0.02159227613436565)	(77.0, 0.01593715619441274)	(78.0, 0.011310239879905816)	(79.0, 0.007197425378121883)	(80.0, 0.0035987126890609416)	(81.0, 0.0005141018127229917)	(82.0, 0.001542305438168975)	(83.0, 0.001542305438168975)	(84.0, 0.0)	(85.0, 0.0005141018127229917)	(86.0, 0.0005141018127229917)	(87.0, 0.0)	(88.0, 0.0)	(89.0, 0.0)	(90.0, 0.0)	(91.0, 0.0)	(92.0, 0.0)	(93.0, 0.0)	(94.0, 0.0)	(95.0, 0.0)	(96.0, 0.0)	(97.0, 0.0)	(98.0, 0.0)	(99.0, 0.0)	(100.0, 0.0)
SRR5899006_R2	(0.0, 0.0)	(1.0, 0.0)	(2.0, 0.0)	(3.0, 0.0)	(4.0, 0.0)	(5.0, 0.0)	(6.0, 0.0)	(7.0, 0.0)	(8.0, 0.0)	(9.0, 0.0)	(10.0, 0.0)	(11.0, 0.0)	(12.0, 0.0005137610908175481)	(13.0, 0.001541283272452644)	(14.0, 0.0020550443632701924)	(15.0, 0.004110088726540385)	(16.0, 0.00770641636226322)	(17.0, 0.009761460725533412)	(18.0, 0.0128440272704387)	(19.0, 0.024660532359242305)	(20.0, 0.03801832072049855)	(21.0, 0.05856876435320047)	(22.0, 0.10121093489105697)	(23.0, 0.14282558324727834)	(24.0, 0.19060536469331033)	(25.0, 0.26355943958940214)	(26.0, 0.3431924086661221)	(27.0, 0.4613574595541581)	(28.0, 0.587742687895275)	(29.0, 0.7393022096864517)	(30.0, 0.9093571307470599)	(31.0, 1.0732469187178577)	(32.0, 1.2813201604989648)	(33.0, 1.4755218528279979)	(34.0, 1.6954115996979084)	(35.0, 1.996989360007809)	(36.0, 2.2179066290593545)	(37.0, 2.4059431882985773)	(38.0, 2.631484307167481)	(39.0, 2.8498327707649387)	(40.0, 3.0907867223583687)	(41.0, 3.3594837728559463)	(42.0, 3.620474406991261)	(43.0, 3.7992632665957675)	(44.0, 3.9348961945716)	(45.0, 4.129611647991451)	(46.0, 4.311483074140863)	(47.0, 4.404987592669657)	(48.0, 4.448143524298331)	(49.0, 4.406015114851291)	(50.0, 4.304804179960235)	(51.0, 4.147593286170066)	(52.0, 3.953391593841032)	(53.0, 3.6775018880720087)	(54.0, 3.2736856706894164)	(55.0, 2.884768524940532)	(56.0, 2.515888061733533)	(57.0, 2.1752644585214984)	(58.0, 1.919925196385177)	(59.0, 1.652769429160052)	(60.0, 1.39126503393392)	(61.0, 1.209393607784508)	(62.0, 1.0788982907168507)	(63.0, 0.9134672194736003)	(64.0, 0.7675590696814167)	(65.0, 0.6699444624260826)	(66.0, 0.5466418006298711)	(67.0, 0.44440334355717903)	(68.0, 0.36477037448045907)	(69.0, 0.3062016101272586)	(70.0, 0.2419814737750651)	(71.0, 0.160293460335075)	(72.0, 0.10994487343495528)	(73.0, 0.08168801343999013)	(74.0, 0.05856876435320047)	(75.0, 0.03390823199395817)	(76.0, 0.02311924908678966)	(77.0, 0.019009160360249275)	(78.0, 0.013871549452073797)	(79.0, 0.01027522181635096)	(80.0, 0.00513761090817548)	(81.0, 0.0020550443632701924)	(82.0, 0.001541283272452644)	(83.0, 0.0010275221816350962)	(84.0, 0.0005137610908175481)	(85.0, 0.0005137610908175481)	(86.0, 0.0005137610908175481)	(87.0, 0.0005137610908175481)	(88.0, 0.0)	(89.0, 0.0)	(90.0, 0.0)	(91.0, 0.0)	(92.0, 0.0)	(93.0, 0.0)	(94.0, 0.0)	(95.0, 0.0)	(96.0, 0.0)	(97.0, 0.0)	(98.0, 0.0)	(99.0, 0.0005137610908175481)	(100.0, 0.00513761090817548)
SRR5899007_R1	(0.0, 0.0)	(1.0, 0.0)	(2.0, 0.0)	(3.0, 0.0)	(4.0, 0.0)	(5.0, 0.0)	(6.0, 0.0)	(7.0, 0.0)	(8.0, 0.0)	(9.0, 0.0)	(10.0, 0.0)	(11.0, 0.0005220514533912463)	(12.0, 0.0005220514533912463)	(13.0, 0.0005220514533912463)	(14.0, 0.0026102572669562314)	(15.0, 0.005742565987303708)	(16.0, 0.009918977614433678)	(17.0, 0.01931590377547611)	(18.0, 0.032889241563648516)	(19.0, 0.04959488807216839)	(20.0, 0.08457233544938189)	(21.0, 0.1252923488138991)	(22.0, 0.15296107584363516)	(23.0, 0.22030571333110593)	(24.0, 0.3205395923822252)	(25.0, 0.41607500835282324)	(26.0, 0.5460658202472436)	(27.0, 0.7110340795188774)	(28.0, 0.8645172068159037)	(29.0, 1.0226987971934514)	(30.0, 1.1725275643167392)	(31.0, 1.333841463414634)	(32.0, 1.477927664550618)	(33.0, 1.628278483127297)	(34.0, 1.8094303374540595)	(35.0, 1.9874498830604745)	(36.0, 2.1941822586034077)	(37.0, 2.3831648847310394)	(38.0, 2.6170439358503175)	(39.0, 2.8827681256264617)	(40.0, 3.1182133311059137)	(41.0, 3.3933344470431006)	(42.0, 3.7086535248914134)	(43.0, 4.022928499832943)	(44.0, 4.242712161710658)	(45.0, 4.420209655863682)	(46.0, 4.685411794186435)	(47.0, 4.862909288339458)	(48.0, 4.973062145005012)	(49.0, 5.0320539592382225)	(50.0, 4.844115436017374)	(51.0, 4.400893752088206)	(52.0, 4.028671065820247)	(53.0, 3.7076094219846305)	(54.0, 3.217925158703642)	(55.0, 2.6739475442699634)	(56.0, 2.2014909789508854)	(57.0, 1.8125626461744069)	(58.0, 1.4137153357834948)	(59.0, 1.1130136986301369)	(60.0, 0.9109797861677247)	(61.0, 0.727217674574006)	(62.0, 0.5664258269295022)	(63.0, 0.4317365519545606)	(64.0, 0.34612011359839623)	(65.0, 0.25580521216171065)	(66.0, 0.18898262612763114)	(67.0, 0.15818159037754762)	(68.0, 0.12424824590711661)	(69.0, 0.09866772469094554)	(70.0, 0.07308720347477447)	(71.0, 0.0485507851653859)	(72.0, 0.034455395923822255)	(73.0, 0.029234881389909793)	(74.0, 0.021926161042432342)	(75.0, 0.014617440694954896)	(76.0, 0.00835282325425994)	(77.0, 0.006264617440694955)	(78.0, 0.0031323087203474773)	(79.0, 0.0015661543601737386)	(80.0, 0.002088205813564985)	(81.0, 0.002088205813564985)	(82.0, 0.0005220514533912463)	(83.0, 0.0)	(84.0, 0.0)	(85.0, 0.0)	(86.0, 0.0)	(87.0, 0.0)	(88.0, 0.0)	(89.0, 0.0)	(90.0, 0.0)	(91.0, 0.0)	(92.0, 0.0)	(93.0, 0.0)	(94.0, 0.0)	(95.0, 0.0)	(96.0, 0.0)	(97.0, 0.0)	(98.0, 0.0)	(99.0, 0.0)	(100.0, 0.0)
SRR5899007_R2	(0.0, 0.0)	(1.0, 0.0)	(2.0, 0.0)	(3.0, 0.0)	(4.0, 0.0)	(5.0, 0.0)	(6.0, 0.0)	(7.0, 0.0)	(8.0, 0.0)	(9.0, 0.0)	(10.0, 0.0)	(11.0, 0.0)	(12.0, 0.001043732387015969)	(13.0, 0.002087464774031938)	(14.0, 0.004174929548063876)	(15.0, 0.0073061267091117845)	(16.0, 0.009393591483143723)	(17.0, 0.016177851998747522)	(18.0, 0.02557144348189124)	(19.0, 0.041749295480638764)	(20.0, 0.06784260515603799)	(21.0, 0.10280764012107295)	(22.0, 0.15186306231082353)	(23.0, 0.22127126604738542)	(24.0, 0.3099885189437428)	(25.0, 0.42793027867654737)	(26.0, 0.5578749608600355)	(27.0, 0.7050412274292871)	(28.0, 0.8511637616115227)	(29.0, 1.010854816824966)	(30.0, 1.2034234422294126)	(31.0, 1.3338899906064083)	(32.0, 1.4387850955015133)	(33.0, 1.6464878405176913)	(34.0, 1.856799916501409)	(35.0, 2.0175347041018683)	(36.0, 2.2174094562154263)	(37.0, 2.431896461747208)	(38.0, 2.6463834672789894)	(39.0, 2.8979229725498383)	(40.0, 3.1922555056883413)	(41.0, 3.4641477925060014)	(42.0, 3.6885502557144347)	(43.0, 3.947395887694395)	(44.0, 4.215113244963991)	(45.0, 4.496399123264795)	(46.0, 4.75420102285774)	(47.0, 4.856486796785305)	(48.0, 4.920154472393278)	(49.0, 4.884667571234735)	(50.0, 4.7254983822148)	(51.0, 4.453606095397141)	(52.0, 4.090387224715583)	(53.0, 3.670284938941655)	(54.0, 3.1786869846571335)	(55.0, 2.6698674459868488)	(56.0, 2.168875900219184)	(57.0, 1.7618202692829557)	(58.0, 1.447134954597641)	(59.0, 1.1726333368124413)	(60.0, 0.9038722471558294)	(61.0, 0.6841665796889678)	(62.0, 0.5443064398288279)	(63.0, 0.4571547855129945)	(64.0, 0.371046863584177)	(65.0, 0.270848554430644)	(66.0, 0.19152489301743034)	(67.0, 0.1445569356017117)	(68.0, 0.1215948230873604)	(69.0, 0.09497964721845319)	(70.0, 0.06523327418849807)	(71.0, 0.0574052812858783)	(72.0, 0.04331489406116272)	(73.0, 0.027658908255923178)	(74.0, 0.021918380127335352)	(75.0, 0.013568521031207599)	(76.0, 0.00782799290261977)	(77.0, 0.004174929548063876)	(78.0, 0.002087464774031938)	(79.0, 0.001043732387015969)	(80.0, 0.0005218661935079845)	(81.0, 0.0005218661935079845)	(82.0, 0.0005218661935079845)	(83.0, 0.0005218661935079845)	(84.0, 0.0005218661935079845)	(85.0, 0.0)	(86.0, 0.0)	(87.0, 0.0)	(88.0, 0.0)	(89.0, 0.0)	(90.0, 0.0)	(91.0, 0.0)	(92.0, 0.0)	(93.0, 0.0)	(94.0, 0.0)	(95.0, 0.0)	(96.0, 0.0)	(97.0, 0.0)	(98.0, 0.0)	(99.0, 0.0005218661935079845)	(100.0, 0.0057405281285878304)
SRR5899017_R1	(0.0, 0.0)	(1.0, 0.0)	(2.0, 0.0)	(3.0, 0.0)	(4.0, 0.0)	(5.0, 0.0)	(6.0, 0.0)	(7.0, 0.0)	(8.0, 0.0)	(9.0, 0.0)	(10.0, 0.0)	(11.0, 0.0011322976584084423)	(12.0, 0.003963041804429548)	(13.0, 0.003963041804429548)	(14.0, 0.005661488292042212)	(15.0, 0.01755061370533086)	(16.0, 0.02717514380180262)	(17.0, 0.04132886453190815)	(18.0, 0.06114407355405589)	(19.0, 0.07869468725938675)	(20.0, 0.11889125413288647)	(21.0, 0.18229992300375925)	(22.0, 0.2643915032383713)	(23.0, 0.3544091670818425)	(24.0, 0.42121472892794054)	(25.0, 0.4936817790660809)	(26.0, 0.606345396077721)	(27.0, 0.7195751619185652)	(28.0, 0.8158204628832828)	(29.0, 0.9522623307215001)	(30.0, 1.05416911997826)	(31.0, 1.1407898908465057)	(32.0, 1.2766656098555187)	(33.0, 1.4006522034512434)	(34.0, 1.5138819692920875)	(35.0, 1.5874813170886362)	(36.0, 1.7041079759047058)	(37.0, 1.8999954708093663)	(38.0, 2.0562525476697315)	(39.0, 2.177974545948639)	(40.0, 2.3466868970514967)	(41.0, 2.555595815027855)	(42.0, 2.7373295892024094)	(43.0, 2.8856605824539154)	(44.0, 3.140427555595815)	(45.0, 3.370850129081933)	(46.0, 3.5169165270166216)	(47.0, 3.6386385252955296)	(48.0, 3.7116717242628745)	(49.0, 3.766588160695684)	(50.0, 3.7513021423071695)	(51.0, 3.6867611757778884)	(52.0, 3.554848498573305)	(53.0, 3.4053852076633904)	(54.0, 3.203836224466688)	(55.0, 3.023800896779745)	(56.0, 2.846596313238824)	(57.0, 2.6110784002898684)	(58.0, 2.4718057883056295)	(59.0, 2.3659359572444405)	(60.0, 2.219303410480547)	(61.0, 2.0177544272838444)	(62.0, 1.8354545042800854)	(63.0, 1.7777073237012546)	(64.0, 1.6627791113727979)	(65.0, 1.448774853933602)	(66.0, 1.2149553874722587)	(67.0, 0.9964219393994294)	(68.0, 0.8299741836133884)	(69.0, 0.6572987907061009)	(70.0, 0.511798541600616)	(71.0, 0.39007654332170844)	(72.0, 0.27628062865166)	(73.0, 0.20494587617192805)	(74.0, 0.14493410027628062)	(75.0, 0.08718691969745007)	(76.0, 0.0560487340912179)	(77.0, 0.0345350785814575)	(78.0, 0.02774129263100684)	(79.0, 0.018116762534535077)	(80.0, 0.006227637121246433)	(81.0, 0.0033968929752253275)	(82.0, 0.0022645953168168847)	(83.0, 0.0005661488292042212)	(84.0, 0.0005661488292042212)	(85.0, 0.0005661488292042212)	(86.0, 0.0)	(87.0, 0.0005661488292042212)	(88.0, 0.0005661488292042212)	(89.0, 0.0)	(90.0, 0.0)	(91.0, 0.0)	(92.0, 0.0)	(93.0, 0.0)	(94.0, 0.0)	(95.0, 0.0)	(96.0, 0.0)	(97.0, 0.0)	(98.0, 0.0)	(99.0, 0.0)	(100.0, 0.0)
SRR5899017_R2	(0.0, 0.0)	(1.0, 0.0)	(2.0, 0.0)	(3.0, 0.0)	(4.0, 0.0)	(5.0, 0.0)	(6.0, 0.0005658701101749104)	(7.0, 0.0005658701101749104)	(8.0, 0.0)	(9.0, 0.0)	(10.0, 0.0)	(11.0, 0.0005658701101749104)	(12.0, 0.002829350550874552)	(13.0, 0.002829350550874552)	(14.0, 0.005092830991574194)	(15.0, 0.01301501253402294)	(16.0, 0.02659589517822079)	(17.0, 0.04074264793259355)	(18.0, 0.05488940068696631)	(19.0, 0.08374877630588674)	(20.0, 0.13241360578092903)	(21.0, 0.19296170756964445)	(22.0, 0.24785110825661077)	(23.0, 0.32311183290987383)	(24.0, 0.39271385646138784)	(25.0, 0.48212133386902367)	(26.0, 0.5788851227089333)	(27.0, 0.6643315093453448)	(28.0, 0.7814666221515514)	(29.0, 0.8737034501100617)	(30.0, 0.9795211607127701)	(31.0, 1.1340037007905206)	(32.0, 1.2432166320542783)	(33.0, 1.3484684725468117)	(34.0, 1.458813144030919)	(35.0, 1.5374690893452316)	(36.0, 1.6727120456770352)	(37.0, 1.8385119879582839)	(38.0, 1.9663986328578138)	(39.0, 2.1152224718338153)	(40.0, 2.327423763149407)	(41.0, 2.5181219902783516)	(42.0, 2.7280598011532433)	(43.0, 2.932338910926386)	(44.0, 3.147369552792852)	(45.0, 3.2622411851583584)	(46.0, 3.3901278300578888)	(47.0, 3.553098421788263)	(48.0, 3.7002246504337393)	(49.0, 3.7918956082820747)	(50.0, 3.811135192028022)	(51.0, 3.7658655832140293)	(52.0, 3.5938410697208565)	(53.0, 3.4755742166943002)	(54.0, 3.3001544825400777)	(55.0, 3.057962075385216)	(56.0, 2.8553805759425983)	(57.0, 2.659023647711904)	(58.0, 2.4920919652103057)	(59.0, 2.3924988258195214)	(60.0, 2.2397138960722955)	(61.0, 2.0863630962148947)	(62.0, 1.9381051273490681)	(63.0, 1.7400505887878497)	(64.0, 1.591792619922023)	(65.0, 1.4491933521579456)	(66.0, 1.2664173065714495)	(67.0, 1.0785484299933792)	(68.0, 0.8980358648475829)	(69.0, 0.739592233998608)	(70.0, 0.5828462134801577)	(71.0, 0.4560913088009778)	(72.0, 0.3310340144523226)	(73.0, 0.20937194076471685)	(74.0, 0.14259926776407744)	(75.0, 0.09902726928060933)	(76.0, 0.07243137410238853)	(77.0, 0.05149418002591685)	(78.0, 0.0271617652883957)	(79.0, 0.017541973415422223)	(80.0, 0.011883272313673119)	(81.0, 0.007922181542448746)	(82.0, 0.0033952206610494626)	(83.0, 0.0016976103305247313)	(84.0, 0.0022634804406996417)	(85.0, 0.0011317402203498209)	(86.0, 0.0011317402203498209)	(87.0, 0.0005658701101749104)	(88.0, 0.0)	(89.0, 0.0)	(90.0, 0.0)	(91.0, 0.0)	(92.0, 0.0)	(93.0, 0.0)	(94.0, 0.0)	(95.0, 0.0)	(96.0, 0.0)	(97.0, 0.0)	(98.0, 0.0005658701101749104)	(99.0, 0.0005658701101749104)	(100.0, 0.0016976103305247313)
SRR8865572_R1	(0.0, 0.0)	(1.0, 0.0)	(2.0, 0.0)	(3.0, 0.0)	(4.0, 0.0)	(5.0, 0.0)	(6.0, 0.0)	(7.0, 0.0)	(8.0, 0.0004942029988237969)	(9.0, 0.0014826089964713907)	(10.0, 0.0014826089964713907)	(11.0, 0.0024710149941189843)	(12.0, 0.004942029988237969)	(13.0, 0.007413044982356953)	(14.0, 0.006918841983533155)	(15.0, 0.011860871971771126)	(16.0, 0.028169570932956422)	(17.0, 0.03805363090943236)	(18.0, 0.0464550818894369)	(19.0, 0.058315953861208025)	(20.0, 0.09093335178357861)	(21.0, 0.1388710426694869)	(22.0, 0.17890148557421448)	(23.0, 0.2525377323989602)	(24.0, 0.342976881183715)	(25.0, 0.4383580599567078)	(26.0, 0.5406580807132337)	(27.0, 0.6750812963933065)	(28.0, 0.8213653840451504)	(29.0, 0.9518349757346327)	(30.0, 1.1030610933747145)	(31.0, 1.237978512053611)	(32.0, 1.3610350587607365)	(33.0, 1.4564162375337293)	(34.0, 1.5997351071926305)	(35.0, 1.7267452778903463)	(36.0, 1.824597471657458)	(37.0, 1.965939529321064)	(38.0, 2.13594536091645)	(39.0, 2.3178120644836073)	(40.0, 2.5219179029978354)	(41.0, 2.7131744635426447)	(42.0, 2.9256817530368773)	(43.0, 3.113973095588744)	(44.0, 3.2953455961570772)	(45.0, 3.539976080574857)	(46.0, 3.7500123550749707)	(47.0, 3.8607138268115007)	(48.0, 3.914581953683295)	(49.0, 4.0198471924327634)	(50.0, 4.156741423106956)	(51.0, 4.135984897156356)	(52.0, 3.974380516540974)	(53.0, 3.8206833839067733)	(54.0, 3.638816680339616)	(55.0, 3.471776066737173)	(56.0, 3.2582803712452932)	(57.0, 2.958299150959248)	(58.0, 2.6390440137190754)	(59.0, 2.3321439514494973)	(60.0, 2.0257380921787433)	(61.0, 1.7292162928844654)	(62.0, 1.4302234785960681)	(63.0, 1.162859656232394)	(64.0, 0.9459045397487473)	(65.0, 0.7847943621321894)	(66.0, 0.6390044774791693)	(67.0, 0.49222618682850167)	(68.0, 0.3765826851037332)	(69.0, 0.2891087543119212)	(70.0, 0.21646091348482302)	(71.0, 0.1586391626224388)	(72.0, 0.11663190772241605)	(73.0, 0.07808407381415991)	(74.0, 0.04942029988237969)	(75.0, 0.032123194923546795)	(76.0, 0.02075652595059947)	(77.0, 0.01433188696589011)	(78.0, 0.011366668972947327)	(79.0, 0.00938985697765214)	(80.0, 0.004942029988237969)	(81.0, 0.0009884059976475938)	(82.0, 0.0004942029988237969)	(83.0, 0.0004942029988237969)	(84.0, 0.0)	(85.0, 0.0)	(86.0, 0.0)	(87.0, 0.0)	(88.0, 0.0)	(89.0, 0.0)	(90.0, 0.0)	(91.0, 0.0)	(92.0, 0.0)	(93.0, 0.0)	(94.0, 0.0)	(95.0, 0.0)	(96.0, 0.0)	(97.0, 0.0)	(98.0, 0.0)	(99.0, 0.0)	(100.0, 0.0)
SRR8865572_R2	(0.0, 0.0)	(1.0, 0.0)	(2.0, 0.0)	(3.0, 0.0)	(4.0, 0.0)	(5.0, 0.0)	(6.0, 0.0004941590401454803)	(7.0, 0.0004941590401454803)	(8.0, 0.0004941590401454803)	(9.0, 0.0004941590401454803)	(10.0, 0.0004941590401454803)	(11.0, 0.0009883180802909607)	(12.0, 0.002470795200727402)	(13.0, 0.005435749441600284)	(14.0, 0.008894862722618647)	(15.0, 0.01185981696349153)	(16.0, 0.019766361605819217)	(17.0, 0.03310865568974719)	(18.0, 0.046945108813820635)	(19.0, 0.06424067521891245)	(20.0, 0.08894862722618647)	(21.0, 0.12650471427724297)	(22.0, 0.18827459429542803)	(23.0, 0.26882251783914135)	(24.0, 0.3454171690616908)	(25.0, 0.4462256132513688)	(26.0, 0.5524698068826471)	(27.0, 0.669585499397126)	(28.0, 0.8005376450356783)	(29.0, 0.9245715641121939)	(30.0, 1.0906090016010754)	(31.0, 1.2265027376410824)	(32.0, 1.3342294083927972)	(33.0, 1.4765472119546956)	(34.0, 1.583779723666265)	(35.0, 1.6727283508924513)	(36.0, 1.826905971417841)	(37.0, 1.9884959775454132)	(38.0, 2.1411911209503667)	(39.0, 2.3457729635705955)	(40.0, 2.5646854183550434)	(41.0, 2.7356644462453796)	(42.0, 2.947658674467791)	(43.0, 3.16755944733253)	(44.0, 3.315313000336028)	(45.0, 3.5233539562372753)	(46.0, 3.7649977268684154)	(47.0, 3.897432349627404)	(48.0, 3.9918167262951907)	(49.0, 4.041726789349885)	(50.0, 4.033820244707557)	(51.0, 4.041232630309739)	(52.0, 3.910774643711332)	(53.0, 3.790199837915835)	(54.0, 3.667648395959756)	(55.0, 3.44527682789429)	(56.0, 3.266885414401771)	(57.0, 2.9501294696685183)	(58.0, 2.613607163329446)	(59.0, 2.3576327805340873)	(60.0, 2.0398885177205432)	(61.0, 1.7409222984325277)	(62.0, 1.4632049178707676)	(63.0, 1.2027831037140992)	(64.0, 0.9675634006048506)	(65.0, 0.7787946472692772)	(66.0, 0.6335118894665059)	(67.0, 0.4847700183827163)	(68.0, 0.3656776897076555)	(69.0, 0.2876005613646696)	(70.0, 0.2169358186238659)	(71.0, 0.1566484157261173)	(72.0, 0.11563321539404242)	(73.0, 0.07906544642327687)	(74.0, 0.051886699215275445)	(75.0, 0.03607360993062007)	(76.0, 0.02371963392698306)	(77.0, 0.01334229408392797)	(78.0, 0.008894862722618647)	(79.0, 0.006424067521891246)	(80.0, 0.003459113281018363)	(81.0, 0.0004941590401454803)	(82.0, 0.0)	(83.0, 0.0004941590401454803)	(84.0, 0.0004941590401454803)	(85.0, 0.0)	(86.0, 0.0)	(87.0, 0.0)	(88.0, 0.0)	(89.0, 0.0)	(90.0, 0.0)	(91.0, 0.0)	(92.0, 0.0)	(93.0, 0.0)	(94.0, 0.0)	(95.0, 0.0)	(96.0, 0.0)	(97.0, 0.0)	(98.0, 0.0)	(99.0, 0.0)	(100.0, 0.0)
SRR8865573_R1	(0.0, 0.0)	(1.0, 0.0)	(2.0, 0.0)	(3.0, 0.0)	(4.0, 0.0)	(5.0, 0.0)	(6.0, 0.0)	(7.0, 0.0004927224888398356)	(8.0, 0.0004927224888398356)	(9.0, 0.0)	(10.0, 0.0)	(11.0, 0.0009854449776796712)	(12.0, 0.002956334933039014)	(13.0, 0.004927224888398357)	(14.0, 0.0073908373325975345)	(15.0, 0.010839894754476385)	(16.0, 0.018230732087073917)	(17.0, 0.028577904352710466)	(18.0, 0.04138868906254619)	(19.0, 0.06750298097105747)	(20.0, 0.11184800496664268)	(21.0, 0.15865664140642707)	(22.0, 0.19856716300245375)	(23.0, 0.25128846930831616)	(24.0, 0.3114006129467761)	(25.0, 0.3995979384491067)	(26.0, 0.49814243621707377)	(27.0, 0.5892960966524434)	(28.0, 0.7203602786838398)	(29.0, 0.8277737812509239)	(30.0, 0.9154783842644145)	(31.0, 1.0337317815859752)	(32.0, 1.13966711668654)	(33.0, 1.3086709303586035)	(34.0, 1.448111394700277)	(35.0, 1.5244833804704514)	(36.0, 1.6594893424125665)	(37.0, 1.803857031642638)	(38.0, 1.966948175448624)	(39.0, 2.122155759433172)	(40.0, 2.2709579510628024)	(41.0, 2.473959616464815)	(42.0, 2.6784394493333465)	(43.0, 2.890802842023316)	(44.0, 3.1154842969342806)	(45.0, 3.270691880918829)	(46.0, 3.436739359657853)	(47.0, 3.6560008671915805)	(48.0, 3.789035939178336)	(49.0, 3.930447293475369)	(50.0, 4.014702839066981)	(51.0, 4.050671580752288)	(52.0, 4.048700690796929)	(53.0, 3.947692580584763)	(54.0, 3.7998758339328123)	(55.0, 3.5352838574258207)	(56.0, 3.3450929767336444)	(57.0, 3.179538220483459)	(58.0, 2.895730066911714)	(59.0, 2.5808803965430593)	(60.0, 2.329099204745903)	(61.0, 2.0674635631719505)	(62.0, 1.7600047301358928)	(63.0, 1.516599820649014)	(64.0, 1.3195108251130798)	(65.0, 1.1475506765079773)	(66.0, 0.9455344560836446)	(67.0, 0.7445036806369917)	(68.0, 0.5750071444760881)	(69.0, 0.4306394552460163)	(70.0, 0.33702218236644754)	(71.0, 0.23749223962080077)	(72.0, 0.1507730815849897)	(73.0, 0.1133261724331622)	(74.0, 0.09164638292420942)	(75.0, 0.059126698660780276)	(76.0, 0.03941779910718685)	(77.0, 0.02463612444199178)	(78.0, 0.013303507198675563)	(79.0, 0.00788355982143737)	(80.0, 0.0019708899553593424)	(81.0, 0.0009854449776796712)	(82.0, 0.001478167466519507)	(83.0, 0.0009854449776796712)	(84.0, 0.0)	(85.0, 0.0)	(86.0, 0.0)	(87.0, 0.0)	(88.0, 0.0)	(89.0, 0.0)	(90.0, 0.0)	(91.0, 0.0)	(92.0, 0.0)	(93.0, 0.0)	(94.0, 0.0)	(95.0, 0.0)	(96.0, 0.0)	(97.0, 0.0)	(98.0, 0.0)	(99.0, 0.0)	(100.0, 0.0)
SRR8865573_R2	(0.0, 0.0)	(1.0, 0.0)	(2.0, 0.0)	(3.0, 0.0)	(4.0, 0.0)	(5.0, 0.0)	(6.0, 0.0)	(7.0, 0.0)	(8.0, 0.000492712778013185)	(9.0, 0.001478138334039555)	(10.0, 0.002463563890065925)	(11.0, 0.00197085111205274)	(12.0, 0.00098542555602637)	(13.0, 0.00197085111205274)	(14.0, 0.00492712778013185)	(15.0, 0.011332393894303254)	(16.0, 0.018230372786487845)	(17.0, 0.034489894460922946)	(18.0, 0.05025670335734487)	(19.0, 0.06208181002966131)	(20.0, 0.09016643837641285)	(21.0, 0.14535026951388957)	(22.0, 0.20250495176341904)	(23.0, 0.25867420845692213)	(24.0, 0.32272686959863617)	(25.0, 0.4247184146473655)	(26.0, 0.5203046935819233)	(27.0, 0.5878063441697297)	(28.0, 0.7316784753495796)	(29.0, 0.8587983720769814)	(30.0, 0.9400959804491569)	(31.0, 1.0489855043900709)	(32.0, 1.177090826673499)	(33.0, 1.2953418933966632)	(34.0, 1.382552055104997)	(35.0, 1.4884853023778317)	(36.0, 1.6412262635619193)	(37.0, 1.822051853092758)	(38.0, 2.022093240966111)	(39.0, 2.1580819676977505)	(40.0, 2.274854896086875)	(41.0, 2.440406389499305)	(42.0, 2.6542437351570274)	(43.0, 2.8700519319268025)	(44.0, 3.079947575360419)	(45.0, 3.2962484849082077)	(46.0, 3.443076892756137)	(47.0, 3.607150247834527)	(48.0, 3.8288709979404603)	(49.0, 3.966337863006139)	(50.0, 3.992944353018851)	(51.0, 3.980133820790508)	(52.0, 3.9825973846805742)	(53.0, 3.912632170202702)	(54.0, 3.736733708451995)	(55.0, 3.5470392889169187)	(56.0, 3.368184550498133)	(57.0, 3.2011549187516626)	(58.0, 2.913410656391963)	(59.0, 2.5744242651188918)	(60.0, 2.332995003892431)	(61.0, 2.0846677637737856)	(62.0, 1.815646586978587)	(63.0, 1.544654559071335)	(64.0, 1.3042107234009008)	(65.0, 1.1120527399757585)	(66.0, 0.9164457671045241)	(67.0, 0.7464598586899753)	(68.0, 0.5666196947151627)	(69.0, 0.4306309679835237)	(70.0, 0.34342080627518995)	(71.0, 0.2581814956789089)	(72.0, 0.18920170675706305)	(73.0, 0.13598872673163906)	(74.0, 0.09558627893455789)	(75.0, 0.057647395027542646)	(76.0, 0.033997181682909765)	(77.0, 0.02463563890065925)	(78.0, 0.01675223445244829)	(79.0, 0.00591255333615822)	(80.0, 0.000492712778013185)	(81.0, 0.00098542555602637)	(82.0, 0.001478138334039555)	(83.0, 0.00098542555602637)	(84.0, 0.000492712778013185)	(85.0, 0.0)	(86.0, 0.0)	(87.0, 0.0)	(88.0, 0.0)	(89.0, 0.0)	(90.0, 0.0)	(91.0, 0.0)	(92.0, 0.0)	(93.0, 0.0)	(94.0, 0.0)	(95.0, 0.0)	(96.0, 0.0)	(97.0, 0.0)	(98.0, 0.0)	(99.0, 0.0)	(100.0, 0.0)
SRR8865574_R1	(0.0, 0.0)	(1.0, 0.0)	(2.0, 0.0)	(3.0, 0.0)	(4.0, 0.0)	(5.0, 0.0)	(6.0, 0.0)	(7.0, 0.0)	(8.0, 0.0004911060690888018)	(9.0, 0.0004911060690888018)	(10.0, 0.001964424276355207)	(11.0, 0.0044199546217992165)	(12.0, 0.006384378898154424)	(13.0, 0.01375096993448645)	(14.0, 0.02259087917808488)	(15.0, 0.030939682352594512)	(16.0, 0.05303945546159059)	(17.0, 0.07071927394878746)	(18.0, 0.10116785023229317)	(19.0, 0.1630472149374822)	(20.0, 0.2160866703990728)	(21.0, 0.2809126715187946)	(22.0, 0.37373171857657816)	(23.0, 0.5176257968195972)	(24.0, 0.708666057695141)	(25.0, 0.9335926373378122)	(26.0, 1.1536081562895955)	(27.0, 1.3583993870996258)	(28.0, 1.5597528754260344)	(29.0, 1.826423470941254)	(30.0, 2.048403414169392)	(31.0, 2.133364764121755)	(32.0, 2.2585968117393995)	(33.0, 2.4142774356405496)	(34.0, 2.5709402716798775)	(35.0, 2.6946990010902554)	(36.0, 2.8012690180825253)	(37.0, 3.0369999312451506)	(38.0, 3.374880906778246)	(39.0, 3.568867804068323)	(40.0, 3.6940998516859667)	(41.0, 3.843887202758052)	(42.0, 3.979432477826561)	(43.0, 4.060956085295302)	(44.0, 4.073233737022522)	(45.0, 4.081582540197032)	(46.0, 3.948983901543055)	(47.0, 3.7540147921148006)	(48.0, 3.58212766793372)	(49.0, 3.4254648318943923)	(50.0, 3.2398267377788255)	(51.0, 2.9476186266709883)	(52.0, 2.6770191826030585)	(53.0, 2.4594591939967194)	(54.0, 2.2242193869031834)	(55.0, 1.9988017011914234)	(56.0, 1.8023592735559024)	(57.0, 1.5405997387315713)	(58.0, 1.2700002946636415)	(59.0, 1.0833799884098967)	(60.0, 0.8913575153961752)	(61.0, 0.7022816787969866)	(62.0, 0.5745941008338982)	(63.0, 0.4724440384634273)	(64.0, 0.37078508216204537)	(65.0, 0.2779660351042618)	(66.0, 0.20135348832640873)	(67.0, 0.14438518431210773)	(68.0, 0.10706112306135879)	(69.0, 0.0790680771232971)	(70.0, 0.061879364705189024)	(71.0, 0.04616397049434737)	(72.0, 0.024064197385351288)	(73.0, 0.015715394210841657)	(74.0, 0.015715394210841657)	(75.0, 0.010313227450864836)	(76.0, 0.006384378898154424)	(77.0, 0.0058932728290656215)	(78.0, 0.002455530345444009)	(79.0, 0.0)	(80.0, 0.0009822121381776036)	(81.0, 0.0014733182072664054)	(82.0, 0.0004911060690888018)	(83.0, 0.0)	(84.0, 0.0)	(85.0, 0.0)	(86.0, 0.0)	(87.0, 0.0)	(88.0, 0.0)	(89.0, 0.0)	(90.0, 0.0)	(91.0, 0.0)	(92.0, 0.0)	(93.0, 0.0)	(94.0, 0.0)	(95.0, 0.0)	(96.0, 0.0)	(97.0, 0.0)	(98.0, 0.0)	(99.0, 0.0)	(100.0, 0.0)
SRR8865574_R2	(0.0, 0.0)	(1.0, 0.0)	(2.0, 0.0)	(3.0, 0.0)	(4.0, 0.0)	(5.0, 0.0)	(6.0, 0.0)	(7.0, 0.0)	(8.0, 0.0)	(9.0, 0.0004911687852413603)	(10.0, 0.0014735063557240811)	(11.0, 0.003929350281930882)	(12.0, 0.009823375704827208)	(13.0, 0.020629088980137135)	(14.0, 0.02701428318827482)	(15.0, 0.02897895832924026)	(16.0, 0.04420519067172243)	(17.0, 0.07171064264523862)	(18.0, 0.10658362639737519)	(19.0, 0.15668284249199393)	(20.0, 0.22544647242578442)	(21.0, 0.2991217902119884)	(22.0, 0.3752529519243993)	(23.0, 0.5294799504901865)	(24.0, 0.7244739582310065)	(25.0, 0.9238884850389989)	(26.0, 1.1120061297864399)	(27.0, 1.3050354623862943)	(28.0, 1.608577771665455)	(29.0, 1.8723354093400657)	(30.0, 2.013300850704336)	(31.0, 2.1557397984243303)	(32.0, 2.2633057623921884)	(33.0, 2.4327589933004576)	(34.0, 2.6066327432758993)	(35.0, 2.693078449478379)	(36.0, 2.8915106387158884)	(37.0, 3.1803178844378084)	(38.0, 3.3645061789033184)	(39.0, 3.4966305821332444)	(40.0, 3.6955539401559956)	(41.0, 3.9111770368769525)	(42.0, 4.045266115247844)	(43.0, 4.098312344053911)	(44.0, 4.105679875832531)	(45.0, 4.053615984596947)	(46.0, 3.8915302854672977)	(47.0, 3.7530206880292343)	(48.0, 3.5501679797245527)	(49.0, 3.3144069628087)	(50.0, 3.172459183873946)	(51.0, 2.982868032770781)	(52.0, 2.7495628597811352)	(53.0, 2.4504410695691465)	(54.0, 2.2078036896599147)	(55.0, 1.957307609186821)	(56.0, 1.7097585414251752)	(57.0, 1.513291027328631)	(58.0, 1.2873533861176056)	(59.0, 1.0938328847325094)	(60.0, 0.8816479695082418)	(61.0, 0.6817422739150082)	(62.0, 0.5510913770408064)	(63.0, 0.4494194384958447)	(64.0, 0.3624825635081239)	(65.0, 0.28045737637281676)	(66.0, 0.2018703707341991)	(67.0, 0.13703609108233955)	(68.0, 0.11689817088744375)	(69.0, 0.0854633686319967)	(70.0, 0.05206389123558419)	(71.0, 0.04125817796027427)	(72.0, 0.02750545197351618)	(73.0, 0.012279219631034009)	(74.0, 0.009823375704827208)	(75.0, 0.008349869349103126)	(76.0, 0.003929350281930882)	(77.0, 0.002455843926206802)	(78.0, 0.0014735063557240811)	(79.0, 0.001964675140965441)	(80.0, 0.001964675140965441)	(81.0, 0.0004911687852413603)	(82.0, 0.0)	(83.0, 0.0)	(84.0, 0.0)	(85.0, 0.0)	(86.0, 0.0)	(87.0, 0.0)	(88.0, 0.0)	(89.0, 0.0)	(90.0, 0.0)	(91.0, 0.0)	(92.0, 0.0)	(93.0, 0.0)	(94.0, 0.0)	(95.0, 0.0)	(96.0, 0.0)	(97.0, 0.0)	(98.0, 0.0)	(99.0, 0.0)	(100.0, 0.0)
SRR8865575_R1	(0.0, 0.0)	(1.0, 0.0)	(2.0, 0.0)	(3.0, 0.0)	(4.0, 0.0)	(5.0, 0.0)	(6.0, 0.0)	(7.0, 0.0)	(8.0, 0.0)	(9.0, 0.0)	(10.0, 0.0)	(11.0, 0.0009880446596186147)	(12.0, 0.0014820669894279222)	(13.0, 0.0014820669894279222)	(14.0, 0.0019760893192372294)	(15.0, 0.0019760893192372294)	(16.0, 0.005434245627902381)	(17.0, 0.006916312617330303)	(18.0, 0.006422290287520996)	(19.0, 0.015314692224088527)	(20.0, 0.033099496097223596)	(21.0, 0.05335441161940519)	(22.0, 0.07509139413101472)	(23.0, 0.11115502420709417)	(24.0, 0.16352139116688075)	(25.0, 0.24701116490465372)	(26.0, 0.34532160853670585)	(27.0, 0.4574646774034187)	(28.0, 0.5873925501432665)	(29.0, 0.74893785199091)	(30.0, 0.9460527615848237)	(31.0, 1.1367453808912162)	(32.0, 1.3748641438593023)	(33.0, 1.5917399466455884)	(34.0, 1.798735302835688)	(35.0, 2.041794289101867)	(36.0, 2.291275565655568)	(37.0, 2.6010275664460036)	(38.0, 2.7971544313802985)	(39.0, 3.0165003458156305)	(40.0, 3.2363402825807728)	(41.0, 3.444323683430491)	(42.0, 3.665151664855251)	(43.0, 3.806936073510523)	(44.0, 3.9121628297599047)	(45.0, 3.91611500839838)	(46.0, 3.950696571485031)	(47.0, 3.9511905938148404)	(48.0, 3.8538681948424065)	(49.0, 3.7328327240391266)	(50.0, 3.5999407173204228)	(51.0, 3.460626420314198)	(52.0, 3.2857425155617035)	(53.0, 3.076277047722557)	(54.0, 2.9369627507163325)	(55.0, 2.8119751012745775)	(56.0, 2.6321509732239896)	(57.0, 2.448868688864737)	(58.0, 2.2873233870170933)	(59.0, 2.1030530579982214)	(60.0, 1.9098903270427823)	(61.0, 1.6984487698843989)	(62.0, 1.4628001185653592)	(63.0, 1.2612390080031617)	(64.0, 1.0967295721766623)	(65.0, 0.9090010868491255)	(66.0, 0.711886177255212)	(67.0, 0.5829463491749828)	(68.0, 0.47129730263807923)	(69.0, 0.37051674735698054)	(70.0, 0.28258077265092385)	(71.0, 0.20254915522181605)	(72.0, 0.15808714553897835)	(73.0, 0.11708329216480585)	(74.0, 0.06817508151368441)	(75.0, 0.04297994269340974)	(76.0, 0.029641339788558443)	(77.0, 0.016796759213516452)	(78.0, 0.012844580575041993)	(79.0, 0.008398379606758226)	(80.0, 0.005928267957711689)	(81.0, 0.004940223298093073)	(82.0, 0.0014820669894279222)	(83.0, 0.0004940223298093074)	(84.0, 0.0004940223298093074)	(85.0, 0.0)	(86.0, 0.0)	(87.0, 0.0)	(88.0, 0.0)	(89.0, 0.0)	(90.0, 0.0)	(91.0, 0.0)	(92.0, 0.0)	(93.0, 0.0)	(94.0, 0.0)	(95.0, 0.0)	(96.0, 0.0)	(97.0, 0.0)	(98.0, 0.0)	(99.0, 0.0)	(100.0, 0.0)
SRR8865575_R2	(0.0, 0.0)	(1.0, 0.0)	(2.0, 0.0)	(3.0, 0.0)	(4.0, 0.0)	(5.0, 0.0)	(6.0, 0.0)	(7.0, 0.0)	(8.0, 0.0)	(9.0, 0.0004940272110187829)	(10.0, 0.0004940272110187829)	(11.0, 0.0)	(12.0, 0.0009880544220375658)	(13.0, 0.0014820816330563488)	(14.0, 0.0009880544220375658)	(15.0, 0.0014820816330563488)	(16.0, 0.0019761088440751317)	(17.0, 0.00345819047713148)	(18.0, 0.007904435376300527)	(19.0, 0.017784979596676184)	(20.0, 0.031123714294183324)	(21.0, 0.049402721101878294)	(22.0, 0.08052643539606161)	(23.0, 0.12548291159877087)	(24.0, 0.17439160548963037)	(25.0, 0.2514598504085605)	(26.0, 0.36508610894288057)	(27.0, 0.468831823256825)	(28.0, 0.5987609797547649)	(29.0, 0.7331363811518739)	(30.0, 0.8857907893566778)	(31.0, 1.1169955241134681)	(32.0, 1.3477062316592399)	(33.0, 1.5581618235532413)	(34.0, 1.818020136549121)	(35.0, 2.095663429141677)	(36.0, 2.3614500686697824)	(37.0, 2.6178501911885306)	(38.0, 2.865357823908941)	(39.0, 3.1024908851979567)	(40.0, 3.249710994081554)	(41.0, 3.43398314379156)	(42.0, 3.6503670622177866)	(43.0, 3.757570967008863)	(44.0, 3.8707031983321643)	(45.0, 3.916153701745892)	(46.0, 3.9344327085535866)	(47.0, 3.8889822051398593)	(48.0, 3.800551334367497)	(49.0, 3.742750150678299)	(50.0, 3.5342706676283733)	(51.0, 3.3574089260836484)	(52.0, 3.2689780553112864)	(53.0, 3.1296623818039895)	(54.0, 2.901421810313312)	(55.0, 2.724560068768588)	(56.0, 2.65045598711577)	(57.0, 2.5447341639577505)	(58.0, 2.3540396605045006)	(59.0, 2.1470422590876304)	(60.0, 1.9489373474690985)	(61.0, 1.7172385855012895)	(62.0, 1.4820816330563487)	(63.0, 1.2676738234741969)	(64.0, 1.0947642996176228)	(65.0, 0.9001175784762224)	(66.0, 0.7084350206009348)	(67.0, 0.5775178096809572)	(68.0, 0.46389155114663716)	(69.0, 0.3631100000988054)	(70.0, 0.2919700817121007)	(71.0, 0.2119376735270579)	(72.0, 0.14326789119544706)	(73.0, 0.10325168710292564)	(74.0, 0.06570561906549813)	(75.0, 0.04495647620270925)	(76.0, 0.03161774150520211)	(77.0, 0.019267061229732534)	(78.0, 0.008892489798338092)	(79.0, 0.004940272110187829)	(80.0, 0.00345819047713148)	(81.0, 0.0019761088440751317)	(82.0, 0.0004940272110187829)	(83.0, 0.0)	(84.0, 0.0004940272110187829)	(85.0, 0.0009880544220375658)	(86.0, 0.0004940272110187829)	(87.0, 0.0)	(88.0, 0.0)	(89.0, 0.0)	(90.0, 0.0)	(91.0, 0.0)	(92.0, 0.0)	(93.0, 0.0)	(94.0, 0.0)	(95.0, 0.0)	(96.0, 0.0)	(97.0, 0.0)	(98.0, 0.0)	(99.0, 0.0)	(100.0, 0.0)
SRR8865576_R1	(0.0, 0.0)	(1.0, 0.0)	(2.0, 0.0)	(3.0, 0.0)	(4.0, 0.0)	(5.0, 0.0)	(6.0, 0.0)	(7.0, 0.0)	(8.0, 0.0)	(9.0, 0.0)	(10.0, 0.0004917242803615157)	(11.0, 0.0024586214018075783)	(12.0, 0.007867588485784251)	(13.0, 0.016718625532291535)	(14.0, 0.019668971214460627)	(15.0, 0.026553111139521846)	(16.0, 0.04376346095217489)	(17.0, 0.06294070788627401)	(18.0, 0.09785313179194162)	(19.0, 0.1637441853603847)	(20.0, 0.22176765044304358)	(21.0, 0.2694649056381106)	(22.0, 0.35748355182282193)	(23.0, 0.5177856672206761)	(24.0, 0.6805464040203377)	(25.0, 0.8418319679789149)	(26.0, 1.0493396142914744)	(27.0, 1.2622562276880107)	(28.0, 1.491399742336477)	(29.0, 1.776599824946156)	(30.0, 2.059341286154028)	(31.0, 2.171946146356815)	(32.0, 2.2584896197004416)	(33.0, 2.4168248379768498)	(34.0, 2.4817324429845695)	(35.0, 2.6100724801589252)	(36.0, 2.817580126471485)	(37.0, 3.002468455887415)	(38.0, 3.255214735993234)	(39.0, 3.50058515189363)	(40.0, 3.6977665883185984)	(41.0, 3.900848716107904)	(42.0, 4.032139098964429)	(43.0, 4.098030152532871)	(44.0, 4.1265501607938395)	(45.0, 4.024763234759006)	(46.0, 3.928385275808149)	(47.0, 3.81184662136247)	(48.0, 3.634825880432324)	(49.0, 3.523696193070622)	(50.0, 3.329465102327823)	(51.0, 3.038856052634167)	(52.0, 2.762998731351357)	(53.0, 2.525004179656383)	(54.0, 2.2747165209523716)	(55.0, 2.009677133837515)	(56.0, 1.7554556808906112)	(57.0, 1.5622080387085353)	(58.0, 1.335031421181515)	(59.0, 1.0695003097862965)	(60.0, 0.9141154371920577)	(61.0, 0.7670898773639645)	(62.0, 0.5954781035177955)	(63.0, 0.4582870292969326)	(64.0, 0.3569918275424604)	(65.0, 0.26798973279702604)	(66.0, 0.19964005782677538)	(67.0, 0.1539096997531544)	(68.0, 0.11260486020278708)	(69.0, 0.0747420906149504)	(70.0, 0.05556484368085127)	(71.0, 0.038354493868198225)	(72.0, 0.02409448973771427)	(73.0, 0.01819379837337608)	(74.0, 0.01032620988759183)	(75.0, 0.0073758642054227355)	(76.0, 0.006392415644699704)	(77.0, 0.005408967083976673)	(78.0, 0.003933794242892126)	(79.0, 0.001966897121446063)	(80.0, 0.0009834485607230314)	(81.0, 0.0)	(82.0, 0.0)	(83.0, 0.0)	(84.0, 0.0)	(85.0, 0.0)	(86.0, 0.0)	(87.0, 0.0)	(88.0, 0.0)	(89.0, 0.0)	(90.0, 0.0)	(91.0, 0.0)	(92.0, 0.0)	(93.0, 0.0)	(94.0, 0.0)	(95.0, 0.0)	(96.0, 0.0)	(97.0, 0.0)	(98.0, 0.0)	(99.0, 0.0)	(100.0, 0.0)
SRR8865576_R2	(0.0, 0.0)	(1.0, 0.0)	(2.0, 0.0)	(3.0, 0.0)	(4.0, 0.0)	(5.0, 0.0)	(6.0, 0.0)	(7.0, 0.000491690431704199)	(8.0, 0.0014750712951125972)	(9.0, 0.000983380863408398)	(10.0, 0.000491690431704199)	(11.0, 0.0029501425902251945)	(12.0, 0.01032549906578818)	(13.0, 0.016717474677942767)	(14.0, 0.022617759858393156)	(15.0, 0.028518045038843542)	(16.0, 0.04081030583144852)	(17.0, 0.07080342216540467)	(18.0, 0.10964696627003638)	(19.0, 0.1548824859868227)	(20.0, 0.2084767430425804)	(21.0, 0.2664962139836759)	(22.0, 0.3569672534172485)	(23.0, 0.5025076212016915)	(24.0, 0.6598485593470351)	(25.0, 0.8555413511653063)	(26.0, 1.1023699478808142)	(27.0, 1.3206804995574786)	(28.0, 1.5163732913757497)	(29.0, 1.8040121939227063)	(30.0, 2.0316648638017503)	(31.0, 2.1142688563280556)	(32.0, 2.2568590815222738)	(33.0, 2.376339856426394)	(34.0, 2.4761530140623464)	(35.0, 2.6320188809125775)	(36.0, 2.8567214082013965)	(37.0, 3.0942078867145244)	(38.0, 3.2397482544989677)	(39.0, 3.4806765660340253)	(40.0, 3.7245550201593076)	(41.0, 3.869112007080342)	(42.0, 3.994001376733209)	(43.0, 4.082505654439965)	(44.0, 4.116432294227555)	(45.0, 4.052512538106008)	(46.0, 3.964008260399253)	(47.0, 3.829285082112302)	(48.0, 3.6203166486380174)	(49.0, 3.3951224309174943)	(50.0, 3.21663880420887)	(51.0, 3.018979250663782)	(52.0, 2.8001770085554134)	(53.0, 2.578916314288524)	(54.0, 2.3025862916707642)	(55.0, 2.052315861933327)	(56.0, 1.7779526010423836)	(57.0, 1.5306323138951716)	(58.0, 1.292162454518635)	(59.0, 1.074835283705379)	(60.0, 0.9160192742649228)	(61.0, 0.733602124102665)	(62.0, 0.6106795161766152)	(63.0, 0.4951322647261285)	(64.0, 0.3554921821221359)	(65.0, 0.2615793096666339)	(66.0, 0.18880912577441245)	(67.0, 0.1401317730356967)	(68.0, 0.11554725145048678)	(69.0, 0.08260399252630544)	(70.0, 0.06293637525813747)	(71.0, 0.04769397187530731)	(72.0, 0.028026354607139346)	(73.0, 0.02015930769987216)	(74.0, 0.013275641656013373)	(75.0, 0.005900285180450389)	(76.0, 0.005900285180450389)	(77.0, 0.005408594748746189)	(78.0, 0.0034418330219293932)	(79.0, 0.0014750712951125972)	(80.0, 0.000491690431704199)	(81.0, 0.0)	(82.0, 0.0)	(83.0, 0.0)	(84.0, 0.0)	(85.0, 0.0)	(86.0, 0.0)	(87.0, 0.0)	(88.0, 0.0)	(89.0, 0.0)	(90.0, 0.0)	(91.0, 0.0)	(92.0, 0.0)	(93.0, 0.0)	(94.0, 0.0)	(95.0, 0.0)	(96.0, 0.0)	(97.0, 0.0)	(98.0, 0.0)	(99.0, 0.0)	(100.0, 0.0)
SRR8865577_R1	(0.0, 0.0)	(1.0, 0.0)	(2.0, 0.0)	(3.0, 0.0)	(4.0, 0.0)	(5.0, 0.0)	(6.0, 0.0)	(7.0, 0.0)	(8.0, 0.0)	(9.0, 0.0)	(10.0, 0.0)	(11.0, 0.0)	(12.0, 0.0)	(13.0, 0.0)	(14.0, 0.0)	(15.0, 0.0009621953448989214)	(16.0, 0.002886586034696764)	(17.0, 0.0048109767244946065)	(18.0, 0.008178660431640832)	(19.0, 0.0134707348285849)	(20.0, 0.022130492932675192)	(21.0, 0.02838476267451818)	(22.0, 0.034639032416361175)	(23.0, 0.0649481857806772)	(24.0, 0.10487929259398243)	(25.0, 0.1443293017348382)	(26.0, 0.19388236199713266)	(27.0, 0.26123603614005714)	(28.0, 0.3516823985605558)	(29.0, 0.4392421749463576)	(30.0, 0.537867197798497)	(31.0, 0.6716123507394471)	(32.0, 0.833261168682466)	(33.0, 1.0103051121438675)	(34.0, 1.1931222276746625)	(35.0, 1.3610253153595244)	(36.0, 1.4991003473525195)	(37.0, 1.6785497791761683)	(38.0, 1.902741294537617)	(39.0, 2.1100943913633348)	(40.0, 2.2943547999114777)	(41.0, 2.4978591153576)	(42.0, 2.689817086664935)	(43.0, 2.8610878580569428)	(44.0, 3.09538242453983)	(45.0, 3.269539781966535)	(46.0, 3.422047744133014)	(47.0, 3.584658757420932)	(48.0, 3.691462440704712)	(49.0, 3.8968911468406318)	(50.0, 4.10328204832145)	(51.0, 4.1778521875511165)	(52.0, 4.126374736599024)	(53.0, 4.093660094872461)	(54.0, 4.11242290409799)	(55.0, 3.909399686324318)	(56.0, 3.6746240221689805)	(57.0, 3.5014288600871746)	(58.0, 3.263766609897141)	(59.0, 2.9371012903039575)	(60.0, 2.6195768264873136)	(61.0, 2.3559353019850087)	(62.0, 2.0692010892051305)	(63.0, 1.7800613880630045)	(64.0, 1.505835714766812)	(65.0, 1.2878984691472064)	(66.0, 1.056971586371465)	(67.0, 0.898209354463143)	(68.0, 0.7548422480732039)	(69.0, 0.5474891512474863)	(70.0, 0.39882997046060287)	(71.0, 0.32041104985134083)	(72.0, 0.24487871527677552)	(73.0, 0.15828113423587256)	(74.0, 0.10487929259398243)	(75.0, 0.07938111595416102)	(76.0, 0.054845134659238515)	(77.0, 0.03993110681330524)	(78.0, 0.024054883622473034)	(79.0, 0.008659758104090294)	(80.0, 0.005292074396944068)	(81.0, 0.0024054883622473032)	(82.0, 0.0019243906897978428)	(83.0, 0.0024054883622473032)	(84.0, 0.0004810976724494607)	(85.0, 0.0)	(86.0, 0.0)	(87.0, 0.0004810976724494607)	(88.0, 0.0004810976724494607)	(89.0, 0.0)	(90.0, 0.0)	(91.0, 0.0)	(92.0, 0.0)	(93.0, 0.0)	(94.0, 0.0)	(95.0, 0.0)	(96.0, 0.0)	(97.0, 0.0)	(98.0, 0.0)	(99.0, 0.0)	(100.0, 0.0)
SRR8865577_R2	(0.0, 0.0)	(1.0, 0.0)	(2.0, 0.0)	(3.0, 0.0)	(4.0, 0.0)	(5.0, 0.0)	(6.0, 0.0)	(7.0, 0.0)	(8.0, 0.0)	(9.0, 0.0)	(10.0, 0.0)	(11.0, 0.0)	(12.0, 0.0)	(13.0, 0.0)	(14.0, 0.0)	(15.0, 0.0)	(16.0, 0.0009624453812246155)	(17.0, 0.001924890762449231)	(18.0, 0.005774672287347693)	(19.0, 0.011549344574695386)	(20.0, 0.01876768493388)	(21.0, 0.03272314296163693)	(22.0, 0.05052838251429231)	(23.0, 0.07170218090123386)	(24.0, 0.0991318742661354)	(25.0, 0.14917903408981542)	(26.0, 0.1982637485322708)	(27.0, 0.2718908201959539)	(28.0, 0.35995457257800617)	(29.0, 0.43935631652903695)	(30.0, 0.5572558757290523)	(31.0, 0.6948855652441724)	(32.0, 0.8729379607707262)	(33.0, 1.0389597890319724)	(34.0, 1.178995592000154)	(35.0, 1.3599353236703817)	(36.0, 1.543281168793671)	(37.0, 1.7131527785798157)	(38.0, 1.932590325499028)	(39.0, 2.147215645512117)	(40.0, 2.3228619275856093)	(41.0, 2.551923928317068)	(42.0, 2.74826278608689)	(43.0, 2.9344959673538527)	(44.0, 3.0981116821620374)	(45.0, 3.2631710650420587)	(46.0, 3.499451406132702)	(47.0, 3.686165810090277)	(48.0, 3.824757944986622)	(49.0, 3.9763430925294987)	(50.0, 4.081249639082983)	(51.0, 4.102423437469923)	(52.0, 4.094723874420127)	(53.0, 4.115897672807068)	(54.0, 4.049970164193182)	(55.0, 3.89309156705357)	(56.0, 3.7516120960135515)	(57.0, 3.414756212584936)	(58.0, 3.1034051317587728)	(59.0, 2.8560566687840465)	(60.0, 2.535081134145637)	(61.0, 2.2651152047121323)	(62.0, 2.0009239475659757)	(63.0, 1.7367326904198188)	(64.0, 1.486978113992031)	(65.0, 1.249254104829551)	(66.0, 1.0355912301976862)	(67.0, 0.8575388346711325)	(68.0, 0.6919982291004986)	(69.0, 0.5356008546514985)	(70.0, 0.4138515139265847)	(71.0, 0.31712575311351077)	(72.0, 0.2410925679967662)	(73.0, 0.18238339974206463)	(74.0, 0.11597466843756618)	(75.0, 0.07795807587919386)	(76.0, 0.05437816403919077)	(77.0, 0.035610479105310774)	(78.0, 0.023098689149390773)	(79.0, 0.011549344574695386)	(80.0, 0.005774672287347693)	(81.0, 0.0024061134530615385)	(82.0, 0.0014436680718369233)	(83.0, 0.001924890762449231)	(84.0, 0.0009624453812246155)	(85.0, 0.0)	(86.0, 0.0)	(87.0, 0.0)	(88.0, 0.0)	(89.0, 0.0)	(90.0, 0.0)	(91.0, 0.0)	(92.0, 0.0)	(93.0, 0.0)	(94.0, 0.0)	(95.0, 0.0)	(96.0, 0.0)	(97.0, 0.0)	(98.0, 0.0)	(99.0, 0.0)	(100.0, 0.0)
SRR8865578_R1	(0.0, 0.0)	(1.0, 0.0)	(2.0, 0.0)	(3.0, 0.0)	(4.0, 0.0)	(5.0, 0.0)	(6.0, 0.0)	(7.0, 0.0)	(8.0, 0.0)	(9.0, 0.0004917629702483403)	(10.0, 0.001475288910745021)	(11.0, 0.0009835259404966806)	(12.0, 0.003934103761986722)	(13.0, 0.009343496434718466)	(14.0, 0.011310548315711827)	(15.0, 0.011802311285960168)	(16.0, 0.02016228178018195)	(17.0, 0.03098106712564544)	(18.0, 0.04278337841160561)	(19.0, 0.06786328989427097)	(20.0, 0.09048438652569461)	(21.0, 0.11556429800835998)	(22.0, 0.16769117285468405)	(23.0, 0.22030981067125646)	(24.0, 0.27243668551758055)	(25.0, 0.3550528645193017)	(26.0, 0.43127612490779443)	(27.0, 0.5148758298500122)	(28.0, 0.6383083353823457)	(29.0, 0.7582985001229408)	(30.0, 0.869928694369314)	(31.0, 0.9874600442586673)	(32.0, 1.1192525202852224)	(33.0, 1.2598967297762478)	(34.0, 1.3911974428325546)	(35.0, 1.5126628964838948)	(36.0, 1.608556675682321)	(37.0, 1.7688714039832802)	(38.0, 1.855421686746988)	(39.0, 1.924760265552004)	(40.0, 2.0890090976149494)	(41.0, 2.22817801819523)	(42.0, 2.4111138431276125)	(43.0, 2.571428571428571)	(44.0, 2.7366609294320137)	(45.0, 2.980083599704942)	(46.0, 3.1246619129579543)	(47.0, 3.209245143840669)	(48.0, 3.362675190558151)	(49.0, 3.5126628964838944)	(50.0, 3.693631669535284)	(51.0, 3.9129579542660435)	(52.0, 4.062453897221539)	(53.0, 4.071797393656258)	(54.0, 3.9881976887140396)	(55.0, 3.8377182198180475)	(56.0, 3.669043521022867)	(57.0, 3.572657978854192)	(58.0, 3.3857880501598228)	(59.0, 3.0459798377182197)	(60.0, 2.775018441111384)	(61.0, 2.4750430292598966)	(62.0, 2.1037619867224)	(63.0, 1.7782149004179986)	(64.0, 1.4802065404475044)	(65.0, 1.2771084337349397)	(66.0, 1.06663388246865)	(67.0, 0.8507499385296288)	(68.0, 0.6628964838947626)	(69.0, 0.5015982296533071)	(70.0, 0.42144086550282767)	(71.0, 0.3368576346201131)	(72.0, 0.23998032948119008)	(73.0, 0.1731005655274158)	(74.0, 0.12392426850258176)	(75.0, 0.07720678632898943)	(76.0, 0.04966805999508237)	(77.0, 0.0329481190066388)	(78.0, 0.022129333661175313)	(79.0, 0.011310548315711827)	(80.0, 0.005409392672731743)	(81.0, 0.0034423407917383822)	(82.0, 0.001475288910745021)	(83.0, 0.0004917629702483403)	(84.0, 0.0)	(85.0, 0.0)	(86.0, 0.0)	(87.0, 0.0)	(88.0, 0.0)	(89.0, 0.0)	(90.0, 0.0)	(91.0, 0.0)	(92.0, 0.0)	(93.0, 0.0)	(94.0, 0.0)	(95.0, 0.0)	(96.0, 0.0)	(97.0, 0.0)	(98.0, 0.0)	(99.0, 0.0)	(100.0, 0.0)
SRR8865578_R2	(0.0, 0.0)	(1.0, 0.0)	(2.0, 0.0)	(3.0, 0.0)	(4.0, 0.0)	(5.0, 0.0)	(6.0, 0.0)	(7.0, 0.0)	(8.0, 0.0)	(9.0, 0.000983438889107431)	(10.0, 0.0014751583336611463)	(11.0, 0.000983438889107431)	(12.0, 0.0029503166673222926)	(13.0, 0.007867511112859448)	(14.0, 0.009342669446520593)	(15.0, 0.0127847055583966)	(16.0, 0.024094252783132056)	(17.0, 0.030978325006884074)	(18.0, 0.0447464694543881)	(19.0, 0.07228275834939617)	(20.0, 0.09490185279886708)	(21.0, 0.12194642224932144)	(22.0, 0.16325085559183353)	(23.0, 0.22373234727194052)	(24.0, 0.29208135006490693)	(25.0, 0.35600487785688995)	(26.0, 0.4287793556508398)	(27.0, 0.5487589001219464)	(28.0, 0.6471027890326896)	(29.0, 0.7336454112741434)	(30.0, 0.8605090279690021)	(31.0, 1.0040911057786868)	(32.0, 1.1398056724755123)	(33.0, 1.2140553086031234)	(34.0, 1.3394437669643207)	(35.0, 1.5125290114472287)	(36.0, 1.6757798670390622)	(37.0, 1.7893670587309705)	(38.0, 1.8513237087447385)	(39.0, 1.9619605837693246)	(40.0, 2.0848904449077534)	(41.0, 2.2348648754966365)	(42.0, 2.3636953699697103)	(43.0, 2.4925258644427837)	(44.0, 2.6985563117107905)	(45.0, 2.9178631839817473)	(46.0, 3.108650328468589)	(47.0, 3.2458400534990757)	(48.0, 3.337299870186067)	(49.0, 3.45285393965619)	(50.0, 3.637740450808387)	(51.0, 3.8442626175209473)	(52.0, 4.01931473978207)	(53.0, 4.01931473978207)	(54.0, 3.9667007592148225)	(55.0, 3.91605365642579)	(56.0, 3.7990244286220056)	(57.0, 3.5718500452381887)	(58.0, 3.3215648479603477)	(59.0, 3.065379017347862)	(60.0, 2.7241257228275835)	(61.0, 2.4374532866527674)	(62.0, 2.155206325478935)	(63.0, 1.8370638448526808)	(64.0, 1.5592423586798316)	(65.0, 1.330592816962354)	(66.0, 1.0724401085716535)	(67.0, 0.8610007474135557)	(68.0, 0.7016836473781519)	(69.0, 0.5551512529011448)	(70.0, 0.4307462334290547)	(71.0, 0.3196176389599151)	(72.0, 0.23012470005113883)	(73.0, 0.16816805003737068)	(74.0, 0.12588017780575117)	(75.0, 0.09588529168797451)	(76.0, 0.06244836945832186)	(77.0, 0.026061130561346915)	(78.0, 0.016718461114826326)	(79.0, 0.011309547224735454)	(80.0, 0.005900633334644585)	(81.0, 0.003933755556429724)	(82.0, 0.0024585972227685773)	(83.0, 0.000983438889107431)	(84.0, 0.0)	(85.0, 0.0)	(86.0, 0.0)	(87.0, 0.0)	(88.0, 0.0)	(89.0, 0.0)	(90.0, 0.0)	(91.0, 0.0)	(92.0, 0.0)	(93.0, 0.0)	(94.0, 0.0)	(95.0, 0.0)	(96.0, 0.0)	(97.0, 0.0)	(98.0, 0.0)	(99.0, 0.0)	(100.0, 0.0)
SRR8865579_R1	(0.0, 0.0)	(1.0, 0.0)	(2.0, 0.0)	(3.0, 0.0)	(4.0, 0.0)	(5.0, 0.0)	(6.0, 0.0)	(7.0, 0.0)	(8.0, 0.0)	(9.0, 0.0)	(10.0, 0.0)	(11.0, 0.0)	(12.0, 0.0)	(13.0, 0.0)	(14.0, 0.0004934324145621774)	(15.0, 0.001480297243686532)	(16.0, 0.002960594487373064)	(17.0, 0.006908053803870484)	(18.0, 0.00937521587668137)	(19.0, 0.010855513120367904)	(20.0, 0.02664535038635758)	(21.0, 0.04292862006690944)	(22.0, 0.06167905182027218)	(23.0, 0.10214050981437073)	(24.0, 0.15888523748902114)	(25.0, 0.22648547828403942)	(26.0, 0.33109315017122104)	(27.0, 0.45198409173895454)	(28.0, 0.5802765195251206)	(29.0, 0.7233719197481521)	(30.0, 0.8866980489682328)	(31.0, 1.0411423947261944)	(32.0, 1.2202583612122648)	(33.0, 1.4324342994740011)	(34.0, 1.6406627784192398)	(35.0, 1.882444661554707)	(36.0, 2.1015286536203135)	(37.0, 2.311730862223801)	(38.0, 2.5367360432641544)	(39.0, 2.7489119815258904)	(40.0, 2.9985887832943523)	(41.0, 3.2581342333540575)	(42.0, 3.4110982818683326)	(43.0, 3.50337014339146)	(44.0, 3.5808390324777215)	(45.0, 3.6287019766902526)	(46.0, 3.6859401367794655)	(47.0, 3.6893941636814005)	(48.0, 3.654853894662048)	(49.0, 3.6370903277378095)	(50.0, 3.600082896645646)	(51.0, 3.523600872388509)	(52.0, 3.375077715605294)	(53.0, 3.2714569085472363)	(54.0, 3.260601395426868)	(55.0, 3.1313221028115774)	(56.0, 2.965528811518686)	(57.0, 2.828848032684963)	(58.0, 2.6235801482270973)	(59.0, 2.3847588595790037)	(60.0, 2.175050083390078)	(61.0, 1.9979078465622562)	(62.0, 1.7669814765471574)	(63.0, 1.5010214050981436)	(64.0, 1.262693548864612)	(65.0, 1.0880184741096013)	(66.0, 0.9034747510633468)	(67.0, 0.6957397045326701)	(68.0, 0.5417887911892708)	(69.0, 0.42731247101084563)	(70.0, 0.31579674531979357)	(71.0, 0.23290009967334774)	(72.0, 0.17664880441325953)	(73.0, 0.12138437398229564)	(74.0, 0.08980469945031629)	(75.0, 0.06414621389308307)	(76.0, 0.03404683660479024)	(77.0, 0.021711026240735808)	(78.0, 0.013816107607740968)	(79.0, 0.003947459316497419)	(80.0, 0.003947459316497419)	(81.0, 0.0049343241456217745)	(82.0, 0.0019737296582487095)	(83.0, 0.001480297243686532)	(84.0, 0.0004934324145621774)	(85.0, 0.0)	(86.0, 0.0)	(87.0, 0.0)	(88.0, 0.0)	(89.0, 0.0)	(90.0, 0.0)	(91.0, 0.0)	(92.0, 0.0)	(93.0, 0.0)	(94.0, 0.0)	(95.0, 0.0)	(96.0, 0.0)	(97.0, 0.0)	(98.0, 0.0)	(99.0, 0.0)	(100.0, 0.0)
SRR8865579_R2	(0.0, 0.0)	(1.0, 0.0)	(2.0, 0.0)	(3.0, 0.0)	(4.0, 0.0)	(5.0, 0.0)	(6.0, 0.0)	(7.0, 0.0)	(8.0, 0.0)	(9.0, 0.0004934129372872157)	(10.0, 0.0004934129372872157)	(11.0, 0.0)	(12.0, 0.0004934129372872157)	(13.0, 0.0004934129372872157)	(14.0, 0.0009868258745744313)	(15.0, 0.0029604776237232944)	(16.0, 0.0049341293728721565)	(17.0, 0.005920955247446589)	(18.0, 0.009868258745744313)	(19.0, 0.017762865742339765)	(20.0, 0.02615088567622243)	(21.0, 0.04292692554398776)	(22.0, 0.07351852765579513)	(23.0, 0.12236640844722949)	(24.0, 0.1638130951793556)	(25.0, 0.2200621700300982)	(26.0, 0.3113435634282331)	(27.0, 0.43913751418562197)	(28.0, 0.5550895544481177)	(29.0, 0.6962056545122614)	(30.0, 0.8614989885034785)	(31.0, 1.0351803424285786)	(32.0, 1.2572161642078254)	(33.0, 1.4422460156905315)	(34.0, 1.6391177776681305)	(35.0, 1.8517787536389205)	(36.0, 2.079242117728327)	(37.0, 2.331376128682094)	(38.0, 2.5608131445206492)	(39.0, 2.7863028568609067)	(40.0, 2.985641683524942)	(41.0, 3.2343218039176986)	(42.0, 3.4129372872156707)	(43.0, 3.496817486554497)	(44.0, 3.5920461834509303)	(45.0, 3.669512014605023)	(46.0, 3.6660581240440124)	(47.0, 3.6413874771796513)	(48.0, 3.661617407608427)	(49.0, 3.616716830315291)	(50.0, 3.568362362461144)	(51.0, 3.520007894606997)	(52.0, 3.4099768095919476)	(53.0, 3.3093205703853554)	(54.0, 3.1647505797602014)	(55.0, 3.0695218828637687)	(56.0, 2.990575812897814)	(57.0, 2.80702620022697)	(58.0, 2.666896926037401)	(59.0, 2.4650910346869295)	(60.0, 2.1700300981891743)	(61.0, 1.9460206246607787)	(62.0, 1.7787536389204124)	(63.0, 1.5113238269107416)	(64.0, 1.2700449005772931)	(65.0, 1.0697192480386835)	(66.0, 0.8634726402526275)	(67.0, 0.7263038436867815)	(68.0, 0.5782799625006168)	(69.0, 0.45245966349237676)	(70.0, 0.34193516554004044)	(71.0, 0.2393052745842996)	(72.0, 0.18700350323185472)	(73.0, 0.12976760250653774)	(74.0, 0.08437361227611388)	(75.0, 0.0597029654117531)	(76.0, 0.03897962204569004)	(77.0, 0.02960477623723294)	(78.0, 0.01726945280505255)	(79.0, 0.007401194059308235)	(80.0, 0.0049341293728721565)	(81.0, 0.0019736517491488626)	(82.0, 0.0009868258745744313)	(83.0, 0.0009868258745744313)	(84.0, 0.0004934129372872157)	(85.0, 0.0004934129372872157)	(86.0, 0.0)	(87.0, 0.0)	(88.0, 0.0)	(89.0, 0.0)	(90.0, 0.0)	(91.0, 0.0)	(92.0, 0.0)	(93.0, 0.0)	(94.0, 0.0)	(95.0, 0.0)	(96.0, 0.0)	(97.0, 0.0)	(98.0, 0.0)	(99.0, 0.0)	(100.0, 0.0)
SRR8865580_R1	(0.0, 0.0)	(1.0, 0.0)	(2.0, 0.0)	(3.0, 0.0)	(4.0, 0.0)	(5.0, 0.0)	(6.0, 0.0)	(7.0, 0.0)	(8.0, 0.0)	(9.0, 0.0)	(10.0, 0.0004933983303400502)	(11.0, 0.0004933983303400502)	(12.0, 0.0)	(13.0, 0.0004933983303400502)	(14.0, 0.0014801949910201503)	(15.0, 0.0019735933213602007)	(16.0, 0.003453788312380351)	(17.0, 0.006907576624760702)	(18.0, 0.008387771615780852)	(19.0, 0.011348161597821153)	(20.0, 0.020229331543942054)	(21.0, 0.04045866308788411)	(22.0, 0.05131342635536522)	(23.0, 0.06463518127454657)	(24.0, 0.10854763267481103)	(25.0, 0.16183465235153643)	(26.0, 0.22252264698336263)	(27.0, 0.30640036314117114)	(28.0, 0.4045866308788411)	(29.0, 0.4874775503759695)	(30.0, 0.6044129546665614)	(31.0, 0.7050662140559316)	(32.0, 0.8323629832836645)	(33.0, 1.0257751287769643)	(34.0, 1.2078391126724426)	(35.0, 1.3336556869091556)	(36.0, 1.4930233476089916)	(37.0, 1.6770609248258306)	(38.0, 1.8610985020426691)	(39.0, 2.0426690876078077)	(40.0, 2.2094377232627442)	(41.0, 2.442815133513588)	(42.0, 2.607610175847165)	(43.0, 2.7635240482346206)	(44.0, 3.002822238449545)	(45.0, 3.1863664173360435)	(46.0, 3.3289585348043182)	(47.0, 3.515463103672857)	(48.0, 3.7365055556652)	(49.0, 3.9072213779628573)	(50.0, 4.0108350273342674)	(51.0, 4.092245751840376)	(52.0, 4.076457005269494)	(53.0, 4.063628648680653)	(54.0, 4.044879512127731)	(55.0, 3.827290848447769)	(56.0, 3.6550948311590914)	(57.0, 3.505595137066056)	(58.0, 3.2376798436914087)	(59.0, 2.9396672521660188)	(60.0, 2.680139730407152)	(61.0, 2.426039590282026)	(62.0, 2.097436302275553)	(63.0, 1.8507371371055281)	(64.0, 1.5917030136770018)	(65.0, 1.3242811186326946)	(66.0, 1.114093429907833)	(67.0, 0.9236416743965739)	(68.0, 0.7800627602676193)	(69.0, 0.6211884978981231)	(70.0, 0.47415579545678815)	(71.0, 0.3818903076831988)	(72.0, 0.28617103159722906)	(73.0, 0.20130651877874045)	(74.0, 0.1445657107896347)	(75.0, 0.09670607274664983)	(76.0, 0.057727604649785866)	(77.0, 0.037004874775503765)	(78.0, 0.029110501490062956)	(79.0, 0.019242534883261955)	(80.0, 0.010854763267481101)	(81.0, 0.006414178294420652)	(82.0, 0.003453788312380351)	(83.0, 0.0009867966606801003)	(84.0, 0.0)	(85.0, 0.0)	(86.0, 0.0)	(87.0, 0.0)	(88.0, 0.0004933983303400502)	(89.0, 0.0004933983303400502)	(90.0, 0.0)	(91.0, 0.0)	(92.0, 0.0)	(93.0, 0.0)	(94.0, 0.0)	(95.0, 0.0)	(96.0, 0.0)	(97.0, 0.0)	(98.0, 0.0)	(99.0, 0.0)	(100.0, 0.0)
SRR8865580_R2	(0.0, 0.0)	(1.0, 0.0)	(2.0, 0.0)	(3.0, 0.0)	(4.0, 0.0)	(5.0, 0.0)	(6.0, 0.0004934470235275541)	(7.0, 0.0004934470235275541)	(8.0, 0.0)	(9.0, 0.0)	(10.0, 0.0)	(11.0, 0.0)	(12.0, 0.0004934470235275541)	(13.0, 0.0014803410705826624)	(14.0, 0.0024672351176377705)	(15.0, 0.0019737880941102163)	(16.0, 0.003947576188220433)	(17.0, 0.00838859939996842)	(18.0, 0.007895152376440865)	(19.0, 0.01085583451760619)	(20.0, 0.02171166903521238)	(21.0, 0.042929891046897206)	(22.0, 0.05773330175272383)	(23.0, 0.07253671245855045)	(24.0, 0.10855834517606189)	(25.0, 0.15790304752881731)	(26.0, 0.2408021474814464)	(27.0, 0.3049502605400284)	(28.0, 0.3705787146691931)	(29.0, 0.47617637770408966)	(30.0, 0.597564345491868)	(31.0, 0.720432654350229)	(32.0, 0.8679733143849675)	(33.0, 1.0184746565608715)	(34.0, 1.1344347070898468)	(35.0, 1.3041804831833255)	(36.0, 1.523764408653087)	(37.0, 1.7102873835465024)	(38.0, 1.8667100900047373)	(39.0, 2.0823464392862783)	(40.0, 2.2767645665561345)	(41.0, 2.4771040581083215)	(42.0, 2.643889152060635)	(43.0, 2.82843833885994)	(44.0, 3.0139744197063005)	(45.0, 3.1703971261645347)	(46.0, 3.360374230222643)	(47.0, 3.5010066319279964)	(48.0, 3.698385441339018)	(49.0, 3.815332385915048)	(50.0, 3.8908297805147636)	(51.0, 4.033435970314227)	(52.0, 4.074392073267014)	(53.0, 4.045772145902416)	(54.0, 3.9831043739144167)	(55.0, 3.864677088267804)	(56.0, 3.7319398389388914)	(57.0, 3.5049542081162164)	(58.0, 3.28635717669351)	(59.0, 3.0055858203063317)	(60.0, 2.658199115742934)	(61.0, 2.3665719248381496)	(62.0, 2.047311700615822)	(63.0, 1.789238907310911)	(64.0, 1.5928469919469446)	(65.0, 1.368822043265435)	(66.0, 1.118644402336965)	(67.0, 0.9434707089846833)	(68.0, 0.806785883467551)	(69.0, 0.6335859782093795)	(70.0, 0.5023290699510501)	(71.0, 0.3868624664456024)	(72.0, 0.2635007105637139)	(73.0, 0.18948365703458078)	(74.0, 0.13717827254066003)	(75.0, 0.08536633507026686)	(76.0, 0.06069398389388915)	(77.0, 0.04589057318806253)	(78.0, 0.029606821411653248)	(79.0, 0.02171166903521238)	(80.0, 0.013816516658771516)	(81.0, 0.006908258329385758)	(82.0, 0.0024672351176377705)	(83.0, 0.0009868940470551082)	(84.0, 0.0004934470235275541)	(85.0, 0.0004934470235275541)	(86.0, 0.0004934470235275541)	(87.0, 0.0)	(88.0, 0.0)	(89.0, 0.0004934470235275541)	(90.0, 0.0004934470235275541)	(91.0, 0.0)	(92.0, 0.0)	(93.0, 0.0)	(94.0, 0.0)	(95.0, 0.0)	(96.0, 0.0)	(97.0, 0.0)	(98.0, 0.0)	(99.0, 0.0)	(100.0, 0.0)
SRR8865581_R1	(0.0, 0.0)	(1.0, 0.0)	(2.0, 0.0)	(3.0, 0.0)	(4.0, 0.0)	(5.0, 0.0)	(6.0, 0.0)	(7.0, 0.0)	(8.0, 0.0)	(9.0, 0.0004939100886074699)	(10.0, 0.0004939100886074699)	(11.0, 0.0009878201772149397)	(12.0, 0.0009878201772149397)	(13.0, 0.0004939100886074699)	(14.0, 0.0024695504430373495)	(15.0, 0.0029634605316448195)	(16.0, 0.0029634605316448195)	(17.0, 0.004939100886074699)	(18.0, 0.010372111860756868)	(19.0, 0.017286853101261445)	(20.0, 0.03161024567087807)	(21.0, 0.05284837948099928)	(22.0, 0.08544644532909229)	(23.0, 0.12891053312654965)	(24.0, 0.17435026127843686)	(25.0, 0.23658293244297807)	(26.0, 0.33437712998725716)	(27.0, 0.4474825402783677)	(28.0, 0.5694783321644128)	(29.0, 0.7245660999871584)	(30.0, 0.8900259796706608)	(31.0, 1.092035205911116)	(32.0, 1.2673732873667678)	(33.0, 1.4017168314679995)	(34.0, 1.6348423932907252)	(35.0, 1.8516689221894047)	(36.0, 2.031946104531131)	(37.0, 2.315944405480426)	(38.0, 2.5214110023411336)	(39.0, 2.682425691227169)	(40.0, 2.970375272885324)	(41.0, 3.202513014530835)	(42.0, 3.381308466606739)	(43.0, 3.523060662037083)	(44.0, 3.5872689735560535)	(45.0, 3.6223365898471838)	(46.0, 3.631226971442119)	(47.0, 3.656910296049707)	(48.0, 3.6638250372902115)	(49.0, 3.609988837631997)	(50.0, 3.5220728418598677)	(51.0, 3.461321900961149)	(52.0, 3.3985953197080003)	(53.0, 3.310185413847263)	(54.0, 3.213379036480199)	(55.0, 3.1185482994675646)	(56.0, 2.9832169351891182)	(57.0, 2.7994823822271395)	(58.0, 2.62167475032845)	(59.0, 2.4473244890500134)	(60.0, 2.1964181640374187)	(61.0, 1.9904576570881036)	(62.0, 1.7938814418223308)	(63.0, 1.541987296632521)	(64.0, 1.2935505220629635)	(65.0, 1.0777118133414993)	(66.0, 0.912251933657997)	(67.0, 0.7299991109618406)	(68.0, 0.5675026918099829)	(69.0, 0.4430373494809005)	(70.0, 0.3432675115821916)	(71.0, 0.2573271561644918)	(72.0, 0.19410666482273567)	(73.0, 0.13187399365819447)	(74.0, 0.10075765807592385)	(75.0, 0.06766568213922337)	(76.0, 0.04247626762024241)	(77.0, 0.03161024567087807)	(78.0, 0.015805122835439035)	(79.0, 0.008890381594934457)	(80.0, 0.005926921063289639)	(81.0, 0.004939100886074699)	(82.0, 0.0014817302658224098)	(83.0, 0.0004939100886074699)	(84.0, 0.0009878201772149397)	(85.0, 0.0004939100886074699)	(86.0, 0.0)	(87.0, 0.0004939100886074699)	(88.0, 0.0004939100886074699)	(89.0, 0.0)	(90.0, 0.0)	(91.0, 0.0)	(92.0, 0.0)	(93.0, 0.0)	(94.0, 0.0)	(95.0, 0.0)	(96.0, 0.0)	(97.0, 0.0)	(98.0, 0.0)	(99.0, 0.0)	(100.0, 0.0)
SRR8865581_R2	(0.0, 0.0)	(1.0, 0.0)	(2.0, 0.0)	(3.0, 0.0)	(4.0, 0.0)	(5.0, 0.0)	(6.0, 0.0)	(7.0, 0.0004939491232403062)	(8.0, 0.0004939491232403062)	(9.0, 0.0)	(10.0, 0.0009878982464806125)	(11.0, 0.0014818473697209187)	(12.0, 0.0009878982464806125)	(13.0, 0.0004939491232403062)	(14.0, 0.0)	(15.0, 0.0004939491232403062)	(16.0, 0.0029636947394418374)	(17.0, 0.0079031859718449)	(18.0, 0.013830575450728575)	(19.0, 0.02222771054581378)	(20.0, 0.025685354408495925)	(21.0, 0.041491726352185725)	(22.0, 0.07557421585576685)	(23.0, 0.12002963694739442)	(24.0, 0.17930353173623118)	(25.0, 0.25043220548283524)	(26.0, 0.3334156581872067)	(27.0, 0.425784144233144)	(28.0, 0.5497653741664608)	(29.0, 0.6989380093850334)	(30.0, 0.8782415411212645)	(31.0, 1.0540874289948134)	(32.0, 1.2729068905902692)	(33.0, 1.4783897258582366)	(34.0, 1.6433687330204987)	(35.0, 1.8360088910842183)	(36.0, 2.06421338602124)	(37.0, 2.30624845640899)	(38.0, 2.4875277846381825)	(39.0, 2.7364781427512965)	(40.0, 3.003210669301062)	(41.0, 3.2121511484317113)	(42.0, 3.308471227463571)	(43.0, 3.399851815263028)	(44.0, 3.5045690293899727)	(45.0, 3.5816250926154605)	(46.0, 3.6670782909360335)	(47.0, 3.698691034823413)	(48.0, 3.687330204988886)	(49.0, 3.600889108421833)	(50.0, 3.51642380834774)	(51.0, 3.496665843418128)	(52.0, 3.4092368486045936)	(53.0, 3.243763892319091)	(54.0, 3.1998024203507036)	(55.0, 3.17708076068165)	(56.0, 2.9943195850827364)	(57.0, 2.817979748085947)	(58.0, 2.7004198567547544)	(59.0, 2.505803902198074)	(60.0, 2.2608051370708817)	(61.0, 2.0167942701901707)	(62.0, 1.803408248950358)	(63.0, 1.5593973820696467)	(64.0, 1.3094591257100519)	(65.0, 1.1010125957026426)	(66.0, 0.8861447270931093)	(67.0, 0.6944924672758707)	(68.0, 0.5403803408248951)	(69.0, 0.4386268214373919)	(70.0, 0.3413188441590516)	(71.0, 0.23166213879970365)	(72.0, 0.17535193875030872)	(73.0, 0.1422573474932082)	(74.0, 0.09878982464806124)	(75.0, 0.05384045443319338)	(76.0, 0.03754013336626328)	(77.0, 0.030130896517658677)	(78.0, 0.017288219313410718)	(79.0, 0.011360829834527044)	(80.0, 0.006421338602123981)	(81.0, 0.003457643862682144)	(82.0, 0.0024697456162015314)	(83.0, 0.0009878982464806125)	(84.0, 0.0004939491232403062)	(85.0, 0.0004939491232403062)	(86.0, 0.0)	(87.0, 0.0)	(88.0, 0.0)	(89.0, 0.0)	(90.0, 0.0)	(91.0, 0.0)	(92.0, 0.0)	(93.0, 0.0)	(94.0, 0.0)	(95.0, 0.0)	(96.0, 0.0)	(97.0, 0.0)	(98.0, 0.0)	(99.0, 0.0)	(100.0, 0.0)
SRR8865582_R1	(0.0, 0.0)	(1.0, 0.0)	(2.0, 0.0)	(3.0, 0.0)	(4.0, 0.0)	(5.0, 0.0)	(6.0, 0.0)	(7.0, 0.0)	(8.0, 0.0)	(9.0, 0.0)	(10.0, 0.0)	(11.0, 0.0)	(12.0, 0.0)	(13.0, 0.0014355578099130052)	(14.0, 0.0038281541597680138)	(15.0, 0.007177789049565025)	(16.0, 0.011962981749275042)	(17.0, 0.016748174448985062)	(18.0, 0.020576328608753077)	(19.0, 0.033017829627999117)	(20.0, 0.05933638947640421)	(21.0, 0.09187569983443233)	(22.0, 0.12872168362219946)	(23.0, 0.17370249499947363)	(24.0, 0.21294107513709576)	(25.0, 0.28567600417268807)	(26.0, 0.3947783977260764)	(27.0, 0.5220645235383629)	(28.0, 0.6397802639512293)	(29.0, 0.7723301017331967)	(30.0, 0.8881317650661792)	(31.0, 1.0245097570079147)	(32.0, 1.2441501019246044)	(33.0, 1.396797749045354)	(34.0, 1.5236053555876694)	(35.0, 1.682952272488013)	(36.0, 1.8059317248705606)	(37.0, 1.966714199580817)	(38.0, 2.1471159643598847)	(39.0, 2.3031132463704314)	(40.0, 2.470116471590311)	(41.0, 2.5543358631052073)	(42.0, 2.685450143077262)	(43.0, 2.9137038348534294)	(44.0, 3.079271502263396)	(45.0, 3.2347902650039715)	(46.0, 3.3606408330063453)	(47.0, 3.4860128817387475)	(48.0, 3.6645005694379313)	(49.0, 3.7262295552641906)	(50.0, 3.8027926384595503)	(51.0, 3.882705356544708)	(52.0, 3.94586990018088)	(53.0, 3.937735072591373)	(54.0, 3.7975289264898695)	(55.0, 3.7133095349749734)	(56.0, 3.565925599823905)	(57.0, 3.323794849218578)	(58.0, 3.0213706705969052)	(59.0, 2.7199035305151735)	(60.0, 2.4481045851716448)	(61.0, 2.1452018872800007)	(62.0, 1.845648824278154)	(63.0, 1.5580587430255817)	(64.0, 1.3039650106709797)	(65.0, 1.0388653351070447)	(66.0, 0.799127180851573)	(67.0, 0.6699269779594025)	(68.0, 0.550297160466652)	(69.0, 0.4019561867756415)	(70.0, 0.291896754682311)	(71.0, 0.2225114605365158)	(72.0, 0.16939582156973462)	(73.0, 0.12010833676272144)	(74.0, 0.07464900611547627)	(75.0, 0.04689488845715817)	(76.0, 0.029189675468231105)	(77.0, 0.017705212988927063)	(78.0, 0.009091866129449034)	(79.0, 0.005263711969681019)	(80.0, 0.0028711156198260104)	(81.0, 0.0023925963498550086)	(82.0, 0.0009570385399420034)	(83.0, 0.0)	(84.0, 0.0)	(85.0, 0.0004785192699710017)	(86.0, 0.0004785192699710017)	(87.0, 0.0)	(88.0, 0.0)	(89.0, 0.0)	(90.0, 0.0)	(91.0, 0.0)	(92.0, 0.0)	(93.0, 0.0)	(94.0, 0.0)	(95.0, 0.0)	(96.0, 0.0)	(97.0, 0.0)	(98.0, 0.0)	(99.0, 0.0)	(100.0, 0.0)
SRR8865582_R2	(0.0, 0.0)	(1.0, 0.0)	(2.0, 0.0)	(3.0, 0.0)	(4.0, 0.0)	(5.0, 0.0)	(6.0, 0.0)	(7.0, 0.0)	(8.0, 0.0)	(9.0, 0.0)	(10.0, 0.0)	(11.0, 0.0)	(12.0, 0.0)	(13.0, 0.001914150356510504)	(14.0, 0.006220988658659137)	(15.0, 0.007656601426042016)	(16.0, 0.008613676604297267)	(17.0, 0.014356127673828777)	(18.0, 0.03158348088242331)	(19.0, 0.04258984543235871)	(20.0, 0.05694597310618749)	(21.0, 0.08996506675599368)	(22.0, 0.117720246925396)	(23.0, 0.16270278030339283)	(24.0, 0.23161219313777098)	(25.0, 0.29956453079389384)	(26.0, 0.39527204861941906)	(27.0, 0.5225630473273676)	(28.0, 0.6388476814853806)	(29.0, 0.7781021199215198)	(30.0, 0.9302770732641049)	(31.0, 1.055653921615543)	(32.0, 1.2284059912906158)	(33.0, 1.4021151361439441)	(34.0, 1.5624252285016986)	(35.0, 1.716992869789922)	(36.0, 1.8572043834043164)	(37.0, 2.000287122553477)	(38.0, 2.1826099440111024)	(39.0, 2.365889840646983)	(40.0, 2.506579891850505)	(41.0, 2.635785040914964)	(42.0, 2.7788677800641244)	(43.0, 2.954012537684835)	(44.0, 3.0798679236254007)	(45.0, 3.2239077379528163)	(46.0, 3.3832607551323153)	(47.0, 3.5115088290185192)	(48.0, 3.6622481695937217)	(49.0, 3.8172943484710724)	(50.0, 3.888596449251089)	(51.0, 3.86610518256209)	(52.0, 3.890032062018472)	(53.0, 3.8814183854141744)	(54.0, 3.7924103938364357)	(55.0, 3.6952672632435277)	(56.0, 3.507201990716371)	(57.0, 3.2459204670526867)	(58.0, 2.9449203234914103)	(59.0, 2.664018758673494)	(60.0, 2.40273723500981)	(61.0, 2.0629755467291955)	(62.0, 1.721778245681198)	(63.0, 1.4782026128152366)	(64.0, 1.2547255586926354)	(65.0, 1.0259845910896301)	(66.0, 0.8312197923146863)	(67.0, 0.6656457864765277)	(68.0, 0.5220845097382399)	(69.0, 0.38378714648035606)	(70.0, 0.29382207972436236)	(71.0, 0.23256926831602623)	(72.0, 0.16126716753600998)	(73.0, 0.11341340862324736)	(74.0, 0.07752308943867542)	(75.0, 0.04928937168014548)	(76.0, 0.033019093649806194)	(77.0, 0.019620041154232663)	(78.0, 0.012920514906445902)	(79.0, 0.010049289371680144)	(80.0, 0.006699526247786764)	(81.0, 0.00239268794563813)	(82.0, 0.000478537589127626)	(83.0, 0.000478537589127626)	(84.0, 0.0)	(85.0, 0.0)	(86.0, 0.0)	(87.0, 0.0)	(88.0, 0.0)	(89.0, 0.0)	(90.0, 0.0)	(91.0, 0.0)	(92.0, 0.0)	(93.0, 0.0)	(94.0, 0.0)	(95.0, 0.0)	(96.0, 0.0)	(97.0, 0.0)	(98.0, 0.0)	(99.0, 0.0)	(100.0, 0.0)
SRR8865583_R1	(0.0, 0.0)	(1.0, 0.0)	(2.0, 0.0)	(3.0, 0.0)	(4.0, 0.0)	(5.0, 0.0)	(6.0, 0.0)	(7.0, 0.0)	(8.0, 0.00048029816910337935)	(9.0, 0.00048029816910337935)	(10.0, 0.0)	(11.0, 0.0)	(12.0, 0.0009605963382067587)	(13.0, 0.0033620871837236554)	(14.0, 0.005283279860137173)	(15.0, 0.0076847707056540695)	(16.0, 0.013928646903998003)	(17.0, 0.030739082822616278)	(18.0, 0.04706922057213118)	(19.0, 0.05571458761599201)	(20.0, 0.07780830339474745)	(21.0, 0.11094887706288063)	(22.0, 0.14841213425294422)	(23.0, 0.20844940539086668)	(24.0, 0.28721830512382085)	(25.0, 0.37271137922422237)	(26.0, 0.46060594417014084)	(27.0, 0.5283279860137173)	(28.0, 0.6498434227968722)	(29.0, 0.8006570478953334)	(30.0, 0.9519509711628978)	(31.0, 1.1147720504889436)	(32.0, 1.2271618220591343)	(33.0, 1.3304259284163609)	(34.0, 1.449539874353999)	(35.0, 1.5739371001517743)	(36.0, 1.7401202666615434)	(37.0, 1.9360819196557224)	(38.0, 2.08353345757046)	(39.0, 2.2348273808380243)	(40.0, 2.440875295383374)	(41.0, 2.6584503659872047)	(42.0, 2.8755451384219324)	(43.0, 3.0921596126875563)	(44.0, 3.2674684444102895)	(45.0, 3.433651610920059)	(46.0, 3.6747612918099555)	(47.0, 3.8587154905765497)	(48.0, 3.9211542525599894)	(49.0, 3.9898368907417727)	(50.0, 4.058999827092659)	(51.0, 4.048913565541488)	(52.0, 3.9730264548231546)	(53.0, 3.8649593667748934)	(54.0, 3.7199093197056734)	(55.0, 3.5100190198074963)	(56.0, 3.243933834124224)	(57.0, 2.9960999788668805)	(58.0, 2.746344930933123)	(59.0, 2.4644099056694393)	(60.0, 2.2021671053389946)	(61.0, 1.9413651995158594)	(62.0, 1.6757603120016906)	(63.0, 1.4212022823768995)	(64.0, 1.170006339935832)	(65.0, 0.9807688613091007)	(66.0, 0.7900904881750591)	(67.0, 0.6162225509596357)	(68.0, 0.5119978482642025)	(69.0, 0.40200956753952855)	(70.0, 0.298745461182302)	(71.0, 0.22429924497127818)	(72.0, 0.17050585003169969)	(73.0, 0.10758678987915697)	(74.0, 0.06820234001267987)	(75.0, 0.04851011507944132)	(76.0, 0.028337591977099383)	(77.0, 0.020652821271445312)	(78.0, 0.011527156058481106)	(79.0, 0.005763578029240553)	(80.0, 0.0033620871837236554)	(81.0, 0.0028817890146202764)	(82.0, 0.0019211926764135174)	(83.0, 0.0014408945073101382)	(84.0, 0.00048029816910337935)	(85.0, 0.0)	(86.0, 0.00048029816910337935)	(87.0, 0.0009605963382067587)	(88.0, 0.00048029816910337935)	(89.0, 0.0)	(90.0, 0.0)	(91.0, 0.0)	(92.0, 0.0)	(93.0, 0.0)	(94.0, 0.0)	(95.0, 0.0)	(96.0, 0.0)	(97.0, 0.0)	(98.0, 0.0)	(99.0, 0.0)	(100.0, 0.0)
SRR8865583_R2	(0.0, 0.0)	(1.0, 0.0)	(2.0, 0.0)	(3.0, 0.0)	(4.0, 0.0)	(5.0, 0.0)	(6.0, 0.0)	(7.0, 0.0)	(8.0, 0.00048029816910337935)	(9.0, 0.00048029816910337935)	(10.0, 0.0)	(11.0, 0.0)	(12.0, 0.0009605963382067587)	(13.0, 0.0028817890146202764)	(14.0, 0.004802981691033794)	(15.0, 0.012007454227584485)	(16.0, 0.0163301377495149)	(17.0, 0.02305431211696221)	(18.0, 0.033620871837236554)	(19.0, 0.04947071141764807)	(20.0, 0.0768477070565407)	(21.0, 0.11046857889377726)	(22.0, 0.14601064340742734)	(23.0, 0.205087318207143)	(24.0, 0.2982651630131986)	(25.0, 0.3876006224664272)	(26.0, 0.4802981691033794)	(27.0, 0.5854834681370195)	(28.0, 0.6973929415381068)	(29.0, 0.8131448002920212)	(30.0, 0.9192906956638682)	(31.0, 1.0691437244241224)	(32.0, 1.2382086799485121)	(33.0, 1.3683694837755278)	(34.0, 1.483641044360339)	(35.0, 1.6296516877677663)	(36.0, 1.7919924689247084)	(37.0, 1.958655933603581)	(38.0, 2.0868955447541837)	(39.0, 2.2501969222493323)	(40.0, 2.5489423834316343)	(41.0, 2.776123417417533)	(42.0, 2.946148969280129)	(43.0, 3.1656452325603732)	(44.0, 3.3558433075253116)	(45.0, 3.522506772204184)	(46.0, 3.7103033563236054)	(47.0, 3.807323586482488)	(48.0, 3.8558337015619295)	(49.0, 3.9696643676394308)	(50.0, 4.03786670765211)	(51.0, 4.051795354556108)	(52.0, 3.933642004956677)	(53.0, 3.8433459491652417)	(54.0, 3.7564119805575302)	(55.0, 3.524427964880598)	(56.0, 3.2314460817275363)	(57.0, 2.925496148008684)	(58.0, 2.6224280033044516)	(59.0, 2.3294461201513896)	(60.0, 2.146932815892106)	(61.0, 1.881327928377937)	(62.0, 1.5585675587404662)	(63.0, 1.376054254481182)	(64.0, 1.1714472344431424)	(65.0, 0.957234251023035)	(66.0, 0.7905707863441626)	(67.0, 0.6296708996945304)	(68.0, 0.4913450269927571)	(69.0, 0.3707901865478089)	(70.0, 0.2814547270945803)	(71.0, 0.20989029989817676)	(72.0, 0.163301377495149)	(73.0, 0.11623215692301782)	(74.0, 0.07300532170371367)	(75.0, 0.04514802789571766)	(76.0, 0.031219380991719663)	(77.0, 0.02305431211696221)	(78.0, 0.013448348734894621)	(79.0, 0.0076847707056540695)	(80.0, 0.0038423853528270348)	(81.0, 0.00048029816910337935)	(82.0, 0.00048029816910337935)	(83.0, 0.0009605963382067587)	(84.0, 0.00048029816910337935)	(85.0, 0.0)	(86.0, 0.0)	(87.0, 0.0)	(88.0, 0.0)	(89.0, 0.0)	(90.0, 0.0)	(91.0, 0.0)	(92.0, 0.0)	(93.0, 0.0)	(94.0, 0.0)	(95.0, 0.0)	(96.0, 0.0)	(97.0, 0.0)	(98.0, 0.0)	(99.0, 0.0)	(100.0, 0.0)
SRR8865584_R1	(0.0, 0.0)	(1.0, 0.0)	(2.0, 0.0)	(3.0, 0.0)	(4.0, 0.0)	(5.0, 0.0)	(6.0, 0.0)	(7.0, 0.0)	(8.0, 0.0)	(9.0, 0.0)	(10.0, 0.0)	(11.0, 0.0004885866166353971)	(12.0, 0.0004885866166353971)	(13.0, 0.0009771732332707942)	(14.0, 0.0009771732332707942)	(15.0, 0.0004885866166353971)	(16.0, 0.0029315196998123826)	(17.0, 0.004397279549718574)	(18.0, 0.007817385866166354)	(19.0, 0.01368042526579112)	(20.0, 0.02003205128205128)	(21.0, 0.025895090681676048)	(22.0, 0.0342010631644778)	(23.0, 0.06302767354596622)	(24.0, 0.09722873671044402)	(25.0, 0.12214665415884929)	(26.0, 0.16465368980612885)	(27.0, 0.23989602876798)	(28.0, 0.3293073796122577)	(29.0, 0.40552689180737955)	(30.0, 0.4944496560350219)	(31.0, 0.6214821763602252)	(32.0, 0.7187109130706691)	(33.0, 0.8003048780487805)	(34.0, 0.9278259849906191)	(35.0, 1.0973655409631018)	(36.0, 1.2190236085053159)	(37.0, 1.2913344277673546)	(38.0, 1.465271263289556)	(39.0, 1.6343222326454034)	(40.0, 1.764286272670419)	(41.0, 1.9856160100062539)	(42.0, 2.191310975609756)	(43.0, 2.397983114446529)	(44.0, 2.5856003752345216)	(45.0, 2.791783927454659)	(46.0, 3.034122889305816)	(47.0, 3.2676672920575363)	(48.0, 3.4254807692307696)	(49.0, 3.572056754221389)	(50.0, 3.8246560350218886)	(51.0, 3.975629299562226)	(52.0, 4.099730300187617)	(53.0, 4.2487492182614135)	(54.0, 4.232625859912445)	(55.0, 4.157872107567229)	(56.0, 4.102173233270794)	(57.0, 3.9199304252657914)	(58.0, 3.7264501250781743)	(59.0, 3.479225297060663)	(60.0, 3.143566291432145)	(61.0, 2.8782637585991244)	(62.0, 2.578271575984991)	(63.0, 2.311503283302064)	(64.0, 2.0818675734834273)	(65.0, 1.772592245153221)	(66.0, 1.498495153220763)	(67.0, 1.2522474984365228)	(68.0, 0.9952509380863039)	(69.0, 0.7783184803001876)	(70.0, 0.594121325828643)	(71.0, 0.4578056597873671)	(72.0, 0.34689649781113197)	(73.0, 0.23647592245153223)	(74.0, 0.17491400875547217)	(75.0, 0.12263524077548468)	(76.0, 0.07866244527829894)	(77.0, 0.04788148843026892)	(78.0, 0.02394074421513446)	(79.0, 0.0171005315822389)	(80.0, 0.009771732332707943)	(81.0, 0.003908692933083177)	(82.0, 0.0029315196998123826)	(83.0, 0.0024429330831769857)	(84.0, 0.0009771732332707942)	(85.0, 0.0)	(86.0, 0.0004885866166353971)	(87.0, 0.0009771732332707942)	(88.0, 0.0004885866166353971)	(89.0, 0.0)	(90.0, 0.0)	(91.0, 0.0)	(92.0, 0.0)	(93.0, 0.0)	(94.0, 0.0)	(95.0, 0.0)	(96.0, 0.0)	(97.0, 0.0)	(98.0, 0.0)	(99.0, 0.0)	(100.0, 0.0)
SRR8865584_R2	(0.0, 0.0)	(1.0, 0.0)	(2.0, 0.0)	(3.0, 0.0)	(4.0, 0.0)	(5.0, 0.0)	(6.0, 0.0)	(7.0, 0.0)	(8.0, 0.0)	(9.0, 0.0)	(10.0, 0.0)	(11.0, 0.0)	(12.0, 0.0)	(13.0, 0.000977096849839756)	(14.0, 0.000977096849839756)	(15.0, 0.0)	(16.0, 0.0014656452747596343)	(17.0, 0.005374032674118658)	(18.0, 0.008305323223637927)	(19.0, 0.014167904322676464)	(20.0, 0.01954193699679512)	(21.0, 0.025893066520753537)	(22.0, 0.037129680293910734)	(23.0, 0.055205972015946216)	(24.0, 0.08745016806065817)	(25.0, 0.12555694520440866)	(26.0, 0.17148049714687721)	(27.0, 0.2310834049871023)	(28.0, 0.32781599312123816)	(29.0, 0.4186860001563355)	(30.0, 0.4758461658719612)	(31.0, 0.5926092394278121)	(32.0, 0.7113265066833425)	(33.0, 0.8241811928398343)	(34.0, 0.9463182990698038)	(35.0, 1.089951535996248)	(36.0, 1.2399359024466505)	(37.0, 1.3728210740248574)	(38.0, 1.5716602829672477)	(39.0, 1.7656140076604394)	(40.0, 1.9253693426092393)	(41.0, 2.063628546861565)	(42.0, 2.233643398733683)	(43.0, 2.4065895411553195)	(44.0, 2.5863753615258345)	(45.0, 2.8125732822637377)	(46.0, 3.0343742671773626)	(47.0, 3.2752286406628626)	(48.0, 3.5019151098256858)	(49.0, 3.6484796373016493)	(50.0, 3.8155631986242478)	(51.0, 3.954310951301493)	(52.0, 4.079867896505902)	(53.0, 4.200050809036192)	(54.0, 4.227898069256625)	(55.0, 4.170249355116079)	(56.0, 4.077913702806222)	(57.0, 3.8961736887360274)	(58.0, 3.620143828656296)	(59.0, 3.3763581646212772)	(60.0, 3.1389236301102166)	(61.0, 2.8531228015320877)	(62.0, 2.5487571328070038)	(63.0, 2.2888493707496287)	(64.0, 1.9649417650277494)	(65.0, 1.6864691628234192)	(66.0, 1.4876299538810287)	(67.0, 1.209645900101618)	(68.0, 0.9541350738685218)	(69.0, 0.7860744156960838)	(70.0, 0.5955405299773313)	(71.0, 0.41770890330649574)	(72.0, 0.33709841319471584)	(73.0, 0.2618619557570547)	(74.0, 0.1646408191979989)	(75.0, 0.10796920190729305)	(76.0, 0.06937387633862269)	(77.0, 0.04348080981786915)	(78.0, 0.026870163370593295)	(79.0, 0.014167904322676464)	(80.0, 0.0068396779488782925)	(81.0, 0.00244274212459939)	(82.0, 0.001954193699679512)	(83.0, 0.00244274212459939)	(84.0, 0.000977096849839756)	(85.0, 0.0)	(86.0, 0.0)	(87.0, 0.0)	(88.0, 0.0)	(89.0, 0.0)	(90.0, 0.0)	(91.0, 0.0)	(92.0, 0.0)	(93.0, 0.0)	(94.0, 0.0)	(95.0, 0.0)	(96.0, 0.0)	(97.0, 0.0)	(98.0, 0.0)	(99.0, 0.0)	(100.0, 0.0)
SRR8865585_R1	(0.0, 0.0)	(1.0, 0.0)	(2.0, 0.0)	(3.0, 0.0)	(4.0, 0.0)	(5.0, 0.0)	(6.0, 0.0)	(7.0, 0.0)	(8.0, 0.0)	(9.0, 0.0)	(10.0, 0.0)	(11.0, 0.0)	(12.0, 0.0)	(13.0, 0.0)	(14.0, 0.00048360108713524385)	(15.0, 0.00048360108713524385)	(16.0, 0.0009672021742704877)	(17.0, 0.0024180054356762195)	(18.0, 0.0024180054356762195)	(19.0, 0.005803213045622926)	(20.0, 0.016926038049733538)	(21.0, 0.0275652619667089)	(22.0, 0.04352409784217195)	(23.0, 0.06770415219893415)	(24.0, 0.10881024460542989)	(25.0, 0.16248996527744194)	(26.0, 0.2127844783395073)	(27.0, 0.27226741205714233)	(28.0, 0.3680204273099206)	(29.0, 0.46570784691123984)	(30.0, 0.5793541023880222)	(31.0, 0.6963855654747512)	(32.0, 0.8361462796568366)	(33.0, 1.0126606764612007)	(34.0, 1.1785358493485893)	(35.0, 1.320714568966351)	(36.0, 1.4725653103268177)	(37.0, 1.6843825864920545)	(38.0, 1.8903966496116684)	(39.0, 2.155410045361782)	(40.0, 2.4204234411118954)	(41.0, 2.615314679227399)	(42.0, 2.866303643450591)	(43.0, 3.097464963101237)	(44.0, 3.266241742511437)	(45.0, 3.4509773577971004)	(46.0, 3.6337785687342223)	(47.0, 3.706318731804509)	(48.0, 3.7972357361859346)	(49.0, 3.845595844899459)	(50.0, 3.836891025331025)	(51.0, 3.807391359015775)	(52.0, 3.675368262227854)	(53.0, 3.63813097851844)	(54.0, 3.6057297056803788)	(55.0, 3.468386996933969)	(56.0, 3.295741408826687)	(57.0, 3.158882301167413)	(58.0, 2.9939743304542947)	(59.0, 2.811656720604308)	(60.0, 2.664641990115194)	(61.0, 2.46878354982542)	(62.0, 2.264703891054347)	(63.0, 2.0751322648973316)	(64.0, 1.8512249615537137)	(65.0, 1.586695166890735)	(66.0, 1.3289357874476502)	(67.0, 1.0673075993074832)	(68.0, 0.8284086622626727)	(69.0, 0.6668858991595014)	(70.0, 0.5169695621475757)	(71.0, 0.3593156077414862)	(72.0, 0.2490545598746506)	(73.0, 0.18570281745993364)	(74.0, 0.12331827721948718)	(75.0, 0.07302376415742183)	(76.0, 0.048843709800659635)	(77.0, 0.029499666315249876)	(78.0, 0.014024431526922072)	(79.0, 0.011122825004110609)	(80.0, 0.005803213045622926)	(81.0, 0.0014508032614057316)	(82.0, 0.00048360108713524385)	(83.0, 0.00048360108713524385)	(84.0, 0.00048360108713524385)	(85.0, 0.0)	(86.0, 0.0)	(87.0, 0.0)	(88.0, 0.0)	(89.0, 0.0)	(90.0, 0.00048360108713524385)	(91.0, 0.00048360108713524385)	(92.0, 0.0)	(93.0, 0.0)	(94.0, 0.0)	(95.0, 0.0)	(96.0, 0.0)	(97.0, 0.0)	(98.0, 0.0)	(99.0, 0.0)	(100.0, 0.0)
SRR8865585_R2	(0.0, 0.0)	(1.0, 0.0)	(2.0, 0.0)	(3.0, 0.0)	(4.0, 0.0)	(5.0, 0.0)	(6.0, 0.0)	(7.0, 0.0)	(8.0, 0.0)	(9.0, 0.0)	(10.0, 0.0)	(11.0, 0.0)	(12.0, 0.0)	(13.0, 0.0)	(14.0, 0.0)	(15.0, 0.0004837320898193744)	(16.0, 0.0004837320898193744)	(17.0, 0.0024186604490968725)	(18.0, 0.005804785077832494)	(19.0, 0.009190909706568114)	(20.0, 0.01547942687421998)	(21.0, 0.025154068670607474)	(22.0, 0.04837320898193744)	(23.0, 0.07449474183218366)	(24.0, 0.10738852393990111)	(25.0, 0.15431053665238045)	(26.0, 0.21284211952052476)	(27.0, 0.2878205934425278)	(28.0, 0.36618519199326643)	(29.0, 0.4967928562444975)	(30.0, 0.6414287511004906)	(31.0, 0.7352727765254492)	(32.0, 0.8470148892737247)	(33.0, 1.0037440863752018)	(34.0, 1.1812737633389125)	(35.0, 1.3423565492487641)	(36.0, 1.4865087120149376)	(37.0, 1.7264398285653473)	(38.0, 1.9770130510917832)	(39.0, 2.230004934067316)	(40.0, 2.5120207424320116)	(41.0, 2.6740709925215023)	(42.0, 2.8356375105211726)	(43.0, 3.1273279606822557)	(44.0, 3.3914456817236345)	(45.0, 3.5389839691185436)	(46.0, 3.6149299072201853)	(47.0, 3.6666892408308582)	(48.0, 3.8050366185191997)	(49.0, 3.831641883459265)	(50.0, 3.78907345955516)	(51.0, 3.836962936447278)	(52.0, 3.7174811102618923)	(53.0, 3.5273743989628783)	(54.0, 3.417567214573881)	(55.0, 3.3977341988912864)	(56.0, 3.3217882607896447)	(57.0, 3.153449493532502)	(58.0, 3.0015576173292184)	(59.0, 2.809999709760746)	(60.0, 2.6063484999467894)	(61.0, 2.4307537513423565)	(62.0, 2.2367771833247874)	(63.0, 2.0084556369300426)	(64.0, 1.7840039472538527)	(65.0, 1.5532637404100114)	(66.0, 1.2886622872788136)	(67.0, 1.040991457291294)	(68.0, 0.8271818735911303)	(69.0, 0.6341727697531999)	(70.0, 0.4977603204241363)	(71.0, 0.37392490543037643)	(72.0, 0.27475982701740465)	(73.0, 0.19010671129901416)	(74.0, 0.11899809409556611)	(75.0, 0.07449474183218366)	(76.0, 0.0435358880837437)	(77.0, 0.02950765747898184)	(78.0, 0.021284211952052476)	(79.0, 0.010642105976026238)	(80.0, 0.003869856718554995)	(81.0, 0.0004837320898193744)	(82.0, 0.0)	(83.0, 0.0)	(84.0, 0.0)	(85.0, 0.0)	(86.0, 0.0)	(87.0, 0.0)	(88.0, 0.0004837320898193744)	(89.0, 0.0004837320898193744)	(90.0, 0.0)	(91.0, 0.0)	(92.0, 0.0)	(93.0, 0.0)	(94.0, 0.0)	(95.0, 0.0)	(96.0, 0.0)	(97.0, 0.0)	(98.0, 0.0)	(99.0, 0.0)	(100.0, 0.0)
SRR8865586_R1	(0.0, 0.0)	(1.0, 0.0)	(2.0, 0.0)	(3.0, 0.0)	(4.0, 0.0)	(5.0, 0.0)	(6.0, 0.0)	(7.0, 0.0)	(8.0, 0.0)	(9.0, 0.0)	(10.0, 0.0)	(11.0, 0.0)	(12.0, 0.0)	(13.0, 0.0004776050970015952)	(14.0, 0.0009552101940031904)	(15.0, 0.0004776050970015952)	(16.0, 0.0009552101940031904)	(17.0, 0.0028656305820095713)	(18.0, 0.008119286649027118)	(19.0, 0.012417732522041475)	(20.0, 0.01194012742503988)	(21.0, 0.014328152910047855)	(22.0, 0.02865630582009571)	(23.0, 0.044894879118149954)	(24.0, 0.06829752887122811)	(25.0, 0.08501370726628395)	(26.0, 0.11175959269837327)	(27.0, 0.1609529176895376)	(28.0, 0.21157905797170667)	(29.0, 0.2693692747088997)	(30.0, 0.3228610455730784)	(31.0, 0.4097851732273687)	(32.0, 0.5158135047617228)	(33.0, 0.6060808680950244)	(34.0, 0.7068555435623609)	(35.0, 0.804764588447688)	(36.0, 0.9494789328391713)	(37.0, 1.0860739905816275)	(38.0, 1.2274450992940995)	(39.0, 1.4452330235268271)	(40.0, 1.669229814020575)	(41.0, 1.9400319040204796)	(42.0, 2.213222019505392)	(43.0, 2.5074267592583745)	(44.0, 2.835063855801469)	(45.0, 3.147895194337514)	(46.0, 3.492248469275664)	(47.0, 3.8241840116917727)	(48.0, 4.098329337370688)	(49.0, 4.329490204319461)	(50.0, 4.628470995042459)	(51.0, 4.816647403261087)	(52.0, 4.809483326806064)	(53.0, 4.782737441373975)	(54.0, 4.634202256206478)	(55.0, 4.410683070809732)	(56.0, 4.175701363084946)	(57.0, 3.880541413137961)	(58.0, 3.6202466352720917)	(59.0, 3.312191347706063)	(60.0, 2.933928110880799)	(61.0, 2.6077238296287097)	(62.0, 2.297280516577673)	(63.0, 1.9653449741615643)	(64.0, 1.6720954446025849)	(65.0, 1.424218399258757)	(66.0, 1.1495954684828396)	(67.0, 0.9064944741090276)	(68.0, 0.7527056328745141)	(69.0, 0.609901708871037)	(70.0, 0.4479935809874963)	(71.0, 0.3333683577071134)	(72.0, 0.23402649753078167)	(73.0, 0.15283363104051045)	(74.0, 0.1098491723103669)	(75.0, 0.06590950338622015)	(76.0, 0.040118828148134)	(77.0, 0.02865630582009571)	(78.0, 0.01480575800704945)	(79.0, 0.0071640764550239275)	(80.0, 0.0038208407760127617)	(81.0, 0.002388025485007976)	(82.0, 0.0019104203880063808)	(83.0, 0.0009552101940031904)	(84.0, 0.0009552101940031904)	(85.0, 0.0004776050970015952)	(86.0, 0.0)	(87.0, 0.0)	(88.0, 0.0)	(89.0, 0.0)	(90.0, 0.0)	(91.0, 0.0)	(92.0, 0.0)	(93.0, 0.0)	(94.0, 0.0)	(95.0, 0.0)	(96.0, 0.0)	(97.0, 0.0)	(98.0, 0.0)	(99.0, 0.0)	(100.0, 0.0)
SRR8865586_R2	(0.0, 0.0)	(1.0, 0.0)	(2.0, 0.0)	(3.0, 0.0)	(4.0, 0.0)	(5.0, 0.0)	(6.0, 0.0)	(7.0, 0.0)	(8.0, 0.0)	(9.0, 0.0)	(10.0, 0.0)	(11.0, 0.0)	(12.0, 0.0)	(13.0, 0.0)	(14.0, 0.0)	(15.0, 0.0004775731642087568)	(16.0, 0.0009551463284175136)	(17.0, 0.002387865821043784)	(18.0, 0.005253304806296324)	(19.0, 0.0066860242989225955)	(20.0, 0.010506609612592649)	(21.0, 0.017670207075724)	(22.0, 0.02387865821043784)	(23.0, 0.03963857262932681)	(24.0, 0.06112936501872087)	(25.0, 0.07688927943760984)	(26.0, 0.1093642546038053)	(27.0, 0.16141972950255978)	(28.0, 0.21204248490868804)	(29.0, 0.2707839841063651)	(30.0, 0.3385993734240086)	(31.0, 0.41501107969740963)	(32.0, 0.5047948345686559)	(33.0, 0.6175021013219225)	(34.0, 0.7259112095973104)	(35.0, 0.8161725376327653)	(36.0, 0.9135974631313517)	(37.0, 1.0668984488423627)	(38.0, 1.2617482998395353)	(39.0, 1.4723580652555972)	(40.0, 1.6953847329410865)	(41.0, 1.8868915717887982)	(42.0, 2.157675555895163)	(43.0, 2.499140368304424)	(44.0, 2.8129059371895777)	(45.0, 3.1715633835103536)	(46.0, 3.496790708336517)	(47.0, 3.7389203025903566)	(48.0, 4.096622602582715)	(49.0, 4.428535951707802)	(50.0, 4.673053411782685)	(51.0, 4.7996103002980055)	(52.0, 4.819190800030565)	(53.0, 4.812504775731642)	(54.0, 4.645831741422786)	(55.0, 4.405612439825781)	(56.0, 4.121933980285779)	(57.0, 3.8893558493161153)	(58.0, 3.595170780163521)	(59.0, 3.2260067242301522)	(60.0, 2.9184496064797125)	(61.0, 2.6123252082218995)	(62.0, 2.2512798960800793)	(63.0, 1.9375143271949262)	(64.0, 1.7230839764651944)	(65.0, 1.4164820050431726)	(66.0, 1.1628906548483227)	(67.0, 0.9799801329563689)	(68.0, 0.777489111331856)	(69.0, 0.6103385038587912)	(70.0, 0.45847023764040656)	(71.0, 0.3405096660808436)	(72.0, 0.23783143577596086)	(73.0, 0.15950943684572477)	(74.0, 0.1170054252311454)	(75.0, 0.08070986475127989)	(76.0, 0.04727974325666692)	(77.0, 0.026744097195690382)	(78.0, 0.013372048597845191)	(79.0, 0.0062084511347138376)	(80.0, 0.005253304806296324)	(81.0, 0.004775731642087568)	(82.0, 0.0038205853136700544)	(83.0, 0.0019102926568350272)	(84.0, 0.0014327194926262703)	(85.0, 0.0009551463284175136)	(86.0, 0.0)	(87.0, 0.0)	(88.0, 0.0)	(89.0, 0.0)	(90.0, 0.0)	(91.0, 0.0)	(92.0, 0.0)	(93.0, 0.0)	(94.0, 0.0)	(95.0, 0.0)	(96.0, 0.0)	(97.0, 0.0)	(98.0, 0.0)	(99.0, 0.0)	(100.0, 0.0)
SRR8865587_R1	(0.0, 0.0)	(1.0, 0.0)	(2.0, 0.0)	(3.0, 0.0)	(4.0, 0.0)	(5.0, 0.0)	(6.0, 0.0)	(7.0, 0.0)	(8.0, 0.0)	(9.0, 0.0)	(10.0, 0.0)	(11.0, 0.0)	(12.0, 0.0)	(13.0, 0.0004868169957549558)	(14.0, 0.0014604509872648674)	(15.0, 0.0009736339915099116)	(16.0, 0.0004868169957549558)	(17.0, 0.003407718970284691)	(18.0, 0.0058418039490594695)	(19.0, 0.007789071932079293)	(20.0, 0.011196790902363984)	(21.0, 0.023367215796237878)	(22.0, 0.03699809167737664)	(23.0, 0.048194882579740625)	(24.0, 0.06572029442691904)	(25.0, 0.09200841219768664)	(26.0, 0.13922966078591734)	(27.0, 0.20008178525528683)	(28.0, 0.27699887058456985)	(29.0, 0.363652295828952)	(30.0, 0.4254780542898314)	(31.0, 0.5053160415936441)	(32.0, 0.6338357284729524)	(33.0, 0.7633290493437707)	(34.0, 0.9171632200023366)	(35.0, 1.0831678155547766)	(36.0, 1.233594267243058)	(37.0, 1.365521673092651)	(38.0, 1.5086458698446081)	(39.0, 1.716029910036219)	(40.0, 1.9219534992405654)	(41.0, 2.0548545390816684)	(42.0, 2.2179382326595785)	(43.0, 2.4593994625540367)	(44.0, 2.687716633563111)	(45.0, 2.856155314094326)	(46.0, 3.0659734392647118)	(47.0, 3.4315730030766836)	(48.0, 3.783054874011761)	(49.0, 4.075145071464735)	(50.0, 4.320500837325233)	(51.0, 4.546870740351287)	(52.0, 4.73186119873817)	(53.0, 4.760583401487713)	(54.0, 4.761070218483468)	(55.0, 4.674416793239086)	(56.0, 4.370642987887993)	(57.0, 4.025976554893484)	(58.0, 3.7027300697121937)	(59.0, 3.324473264010593)	(60.0, 2.9953849748802432)	(61.0, 2.6482844569069597)	(62.0, 2.2656462982435643)	(63.0, 1.935097558125949)	(64.0, 1.622561046851268)	(65.0, 1.3421544572964133)	(66.0, 1.0383806519453207)	(67.0, 0.7935117030805781)	(68.0, 0.6474666043540912)	(69.0, 0.49119834871675044)	(70.0, 0.33736417805818436)	(71.0, 0.23415897495813373)	(72.0, 0.16989913151847957)	(73.0, 0.1090470070491101)	(74.0, 0.06523347743116407)	(75.0, 0.043813529617946025)	(76.0, 0.026774934766522568)	(77.0, 0.012170424893873896)	(78.0, 0.0063286209448144256)	(79.0, 0.0063286209448144256)	(80.0, 0.003407718970284691)	(81.0, 0.0004868169957549558)	(82.0, 0.0009736339915099116)	(83.0, 0.0004868169957549558)	(84.0, 0.0)	(85.0, 0.0)	(86.0, 0.0)	(87.0, 0.0004868169957549558)	(88.0, 0.0004868169957549558)	(89.0, 0.0)	(90.0, 0.0)	(91.0, 0.0)	(92.0, 0.0)	(93.0, 0.0)	(94.0, 0.0)	(95.0, 0.0)	(96.0, 0.0)	(97.0, 0.0)	(98.0, 0.0)	(99.0, 0.0)	(100.0, 0.0)
SRR8865587_R2	(0.0, 0.0)	(1.0, 0.0)	(2.0, 0.0)	(3.0, 0.0)	(4.0, 0.0)	(5.0, 0.0)	(6.0, 0.0)	(7.0, 0.0)	(8.0, 0.0)	(9.0, 0.0)	(10.0, 0.0)	(11.0, 0.0)	(12.0, 0.0)	(13.0, 0.0004868169957549558)	(14.0, 0.0009736339915099116)	(15.0, 0.0004868169957549558)	(16.0, 0.0004868169957549558)	(17.0, 0.0019472679830198232)	(18.0, 0.0058418039490594695)	(19.0, 0.009736339915099116)	(20.0, 0.014604509872648674)	(21.0, 0.027261751762277527)	(22.0, 0.03602445768586673)	(23.0, 0.048194882579740625)	(24.0, 0.07691708532928301)	(25.0, 0.11148109202788486)	(26.0, 0.14799236670950655)	(27.0, 0.19131907933169762)	(28.0, 0.2633679947034311)	(29.0, 0.3500214199478132)	(30.0, 0.42742532227285124)	(31.0, 0.5243019044280874)	(32.0, 0.649413872337111)	(33.0, 0.7706313042800951)	(34.0, 0.9045059781127079)	(35.0, 1.0661292207033533)	(36.0, 1.2238579273279588)	(37.0, 1.3854811699186043)	(38.0, 1.5719320792927525)	(39.0, 1.7145694590489542)	(40.0, 1.8557463878178915)	(41.0, 2.0718931339330915)	(42.0, 2.2374109124897767)	(43.0, 2.4326245277875143)	(44.0, 2.725201542236243)	(45.0, 2.902402928691046)	(46.0, 3.0888538380651944)	(47.0, 3.450072048915372)	(48.0, 3.74849086731316)	(49.0, 3.9797289402967637)	(50.0, 4.246504653970479)	(51.0, 4.56975113915177)	(52.0, 4.7785956303306465)	(53.0, 4.806344199088679)	(54.0, 4.7888187872415)	(55.0, 4.694863107060794)	(56.0, 4.401312458620556)	(57.0, 4.070763718502941)	(58.0, 3.6827705728862403)	(59.0, 3.263134322545469)	(60.0, 2.928691046461814)	(61.0, 2.561631031662577)	(62.0, 2.2422790824473267)	(63.0, 1.9462943490283133)	(64.0, 1.6415469096857112)	(65.0, 1.355298516181797)	(66.0, 1.0515247108307046)	(67.0, 0.7964326050551076)	(68.0, 0.6455193363710714)	(69.0, 0.484382910776181)	(70.0, 0.3324960081006348)	(71.0, 0.23805351092417337)	(72.0, 0.17184639950149938)	(73.0, 0.11050745803637496)	(74.0, 0.07204891537173345)	(75.0, 0.043326712622191066)	(76.0, 0.022880398800482923)	(77.0, 0.013144058885383806)	(78.0, 0.00924952291934416)	(79.0, 0.006815437940569382)	(80.0, 0.004381352961794602)	(81.0, 0.0)	(82.0, 0.0004868169957549558)	(83.0, 0.0004868169957549558)	(84.0, 0.0)	(85.0, 0.0)	(86.0, 0.0)	(87.0, 0.0)	(88.0, 0.0)	(89.0, 0.0)	(90.0, 0.0)	(91.0, 0.0)	(92.0, 0.0)	(93.0, 0.0)	(94.0, 0.0)	(95.0, 0.0)	(96.0, 0.0)	(97.0, 0.0)	(98.0, 0.0)	(99.0, 0.0)	(100.0, 0.0)
SRR8865588_R1	(0.0, 0.0)	(1.0, 0.0)	(2.0, 0.0)	(3.0, 0.0)	(4.0, 0.0)	(5.0, 0.0)	(6.0, 0.0)	(7.0, 0.0)	(8.0, 0.0)	(9.0, 0.0)	(10.0, 0.0)	(11.0, 0.0)	(12.0, 0.0)	(13.0, 0.0)	(14.0, 0.0)	(15.0, 0.0)	(16.0, 0.0004934713737256101)	(17.0, 0.002467356868628051)	(18.0, 0.003947770989804881)	(19.0, 0.005428185110981712)	(20.0, 0.015297612585493916)	(21.0, 0.021712740443926848)	(22.0, 0.03059522517098783)	(23.0, 0.05921656484707322)	(24.0, 0.08339666215962811)	(25.0, 0.11300494458316473)	(26.0, 0.17715622316749405)	(27.0, 0.25068345785261)	(28.0, 0.326678049406354)	(29.0, 0.3942836276067625)	(30.0, 0.4826150035036467)	(31.0, 0.5788419213801408)	(32.0, 0.7229355625080189)	(33.0, 0.8660422608884459)	(34.0, 0.9820080337139643)	(35.0, 1.1650859133661655)	(36.0, 1.3669157052199403)	(37.0, 1.5944060085074465)	(38.0, 1.8243636686635807)	(39.0, 2.069125470031483)	(40.0, 2.284772460349575)	(41.0, 2.568518500241801)	(42.0, 2.934180788172478)	(43.0, 3.2460546963670636)	(44.0, 3.536709335491448)	(45.0, 3.804170820050729)	(46.0, 4.024259052732352)	(47.0, 4.155522438143364)	(48.0, 4.254216712888486)	(49.0, 4.304057321634772)	(50.0, 4.27839681020104)	(51.0, 4.208323875132003)	(52.0, 4.053867335155887)	(53.0, 3.90631939441193)	(54.0, 3.816014133020144)	(55.0, 3.6768552056295216)	(56.0, 3.510555352683991)	(57.0, 3.311192917698844)	(58.0, 3.0920916277646735)	(59.0, 2.8305517996900997)	(60.0, 2.5537143590300326)	(61.0, 2.2941484164503616)	(62.0, 1.9995460063361725)	(63.0, 1.740473535130227)	(64.0, 1.4784402356819282)	(65.0, 1.197655024032056)	(66.0, 0.9973056462994581)	(67.0, 0.8058387532939214)	(68.0, 0.5951264767130858)	(69.0, 0.4362286943734394)	(70.0, 0.32470416391145146)	(71.0, 0.23538584526711603)	(72.0, 0.14804141211768304)	(73.0, 0.10017468886629886)	(74.0, 0.06760557820040859)	(75.0, 0.034049524787067104)	(76.0, 0.017764969454121968)	(77.0, 0.014310669838042694)	(78.0, 0.012336784343140254)	(79.0, 0.007402070605884153)	(80.0, 0.002960828242353661)	(81.0, 0.0019738854949024405)	(82.0, 0.0009869427474512203)	(83.0, 0.0004934713737256101)	(84.0, 0.0)	(85.0, 0.0)	(86.0, 0.0)	(87.0, 0.0)	(88.0, 0.0)	(89.0, 0.0)	(90.0, 0.0)	(91.0, 0.0)	(92.0, 0.0)	(93.0, 0.0)	(94.0, 0.0)	(95.0, 0.0)	(96.0, 0.0)	(97.0, 0.0)	(98.0, 0.0)	(99.0, 0.0)	(100.0, 0.0)
SRR8865588_R2	(0.0, 0.0)	(1.0, 0.0)	(2.0, 0.0)	(3.0, 0.0)	(4.0, 0.0)	(5.0, 0.0)	(6.0, 0.0)	(7.0, 0.0)	(8.0, 0.0)	(9.0, 0.0)	(10.0, 0.0)	(11.0, 0.0)	(12.0, 0.0)	(13.0, 0.0)	(14.0, 0.0)	(15.0, 0.0)	(16.0, 0.0004934811144777489)	(17.0, 0.0014804433434332468)	(18.0, 0.0024674055723887447)	(19.0, 0.0029608866868664936)	(20.0, 0.013323990090899221)	(21.0, 0.024674055723887447)	(22.0, 0.03701108358583117)	(23.0, 0.06267210153867411)	(24.0, 0.0917874872928613)	(25.0, 0.12386375973391499)	(26.0, 0.17469231452512313)	(27.0, 0.24131226497961922)	(28.0, 0.3197757621815813)	(29.0, 0.38787615597951064)	(30.0, 0.5013768123093929)	(31.0, 0.6365906376762961)	(32.0, 0.7303520494270684)	(33.0, 0.872968091511138)	(34.0, 1.0368038215177506)	(35.0, 1.1887960047768973)	(36.0, 1.3506578103255988)	(37.0, 1.5189348703625114)	(38.0, 1.7809733421501959)	(39.0, 2.0770620108368454)	(40.0, 2.360320170547073)	(41.0, 2.645552254715212)	(42.0, 2.90907116984633)	(43.0, 3.1883814806407362)	(44.0, 3.492859328273507)	(45.0, 3.8007915437076227)	(46.0, 3.967588160401102)	(47.0, 4.052960393205752)	(48.0, 4.14129351269727)	(49.0, 4.191135105259522)	(50.0, 4.179291558512055)	(51.0, 4.135371739323536)	(52.0, 4.12352819257607)	(53.0, 4.027792856367387)	(54.0, 3.880735484253018)	(55.0, 3.7257824143070044)	(56.0, 3.493846290502463)	(57.0, 3.2762211190177757)	(58.0, 3.002832581597102)	(59.0, 2.782740004540026)	(60.0, 2.588801926550271)	(61.0, 2.293700220092577)	(62.0, 2.018831239328471)	(63.0, 1.7903494833252733)	(64.0, 1.5598938028641645)	(65.0, 1.2929205199317022)	(66.0, 1.0728279428746264)	(67.0, 0.833489602352918)	(68.0, 0.5980991107470317)	(69.0, 0.4313024940535526)	(70.0, 0.3054648098617266)	(71.0, 0.21762517148468727)	(72.0, 0.1633422488921349)	(73.0, 0.1189289485891375)	(74.0, 0.0725417238282291)	(75.0, 0.04391981918851966)	(76.0, 0.02270013126597645)	(77.0, 0.007895697831643983)	(78.0, 0.00444133003029974)	(79.0, 0.0034543678013442426)	(80.0, 0.0014804433434332468)	(81.0, 0.0)	(82.0, 0.0)	(83.0, 0.0)	(84.0, 0.0004934811144777489)	(85.0, 0.0004934811144777489)	(86.0, 0.0)	(87.0, 0.0)	(88.0, 0.0)	(89.0, 0.0)	(90.0, 0.0)	(91.0, 0.0)	(92.0, 0.0)	(93.0, 0.0)	(94.0, 0.0)	(95.0, 0.0)	(96.0, 0.0)	(97.0, 0.0)	(98.0, 0.0)	(99.0, 0.0)	(100.0, 0.0)
SRR8865589_R1	(0.0, 0.0)	(1.0, 0.0)	(2.0, 0.0)	(3.0, 0.0)	(4.0, 0.0)	(5.0, 0.0)	(6.0, 0.0)	(7.0, 0.0)	(8.0, 0.0)	(9.0, 0.0)	(10.0, 0.0)	(11.0, 0.00048499898150213883)	(12.0, 0.0009699979630042777)	(13.0, 0.0014549969445064165)	(14.0, 0.0019399959260085553)	(15.0, 0.003394992870514972)	(16.0, 0.011154976574549193)	(17.0, 0.01648996537107272)	(18.0, 0.019884958241587695)	(19.0, 0.030554935834634745)	(20.0, 0.04946989611321817)	(21.0, 0.07274984722532082)	(22.0, 0.11057976778248765)	(23.0, 0.1663546506552336)	(24.0, 0.2206745365834732)	(25.0, 0.3089443512168625)	(26.0, 0.4345590874259164)	(27.0, 0.5528988389124383)	(28.0, 0.6848185618810201)	(29.0, 0.8472932206842365)	(30.0, 1.0087978815244487)	(31.0, 1.1736975352351762)	(32.0, 1.3182272317228134)	(33.0, 1.439476977098348)	(34.0, 1.6135916114576159)	(35.0, 1.8148661887810038)	(36.0, 1.9627908781391559)	(37.0, 2.1150805583308276)	(38.0, 2.2824052069490652)	(39.0, 2.4434248688077758)	(40.0, 2.7092043106709474)	(41.0, 2.9327888411434335)	(42.0, 3.1112684663362207)	(43.0, 3.3474629703277623)	(44.0, 3.609362420338917)	(45.0, 3.82082197627385)	(46.0, 3.93431173794535)	(47.0, 4.054106486376378)	(48.0, 4.13607131425024)	(49.0, 4.153046278602815)	(50.0, 4.182146217492944)	(51.0, 4.169051244992385)	(52.0, 4.006576586189169)	(53.0, 3.85040691414548)	(54.0, 3.6981172339538086)	(55.0, 3.462407728943769)	(56.0, 3.174803332913001)	(57.0, 2.8673139786406447)	(58.0, 2.54866964779374)	(59.0, 2.2358453047248603)	(60.0, 1.9123509840629334)	(61.0, 1.585946669511994)	(62.0, 1.282337307091655)	(63.0, 1.0083128825429466)	(64.0, 0.8201332777201168)	(65.0, 0.6523236301203768)	(66.0, 0.5155539173367736)	(67.0, 0.4112791363138138)	(68.0, 0.3171893339023988)	(69.0, 0.23473950704703522)	(70.0, 0.1658696516737315)	(71.0, 0.12076474639403256)	(72.0, 0.08632981870738071)	(73.0, 0.06595986148429088)	(74.0, 0.048984897131716026)	(75.0, 0.027159942964119776)	(76.0, 0.011154976574549193)	(77.0, 0.006304986759527805)	(78.0, 0.007274984722532083)	(79.0, 0.004849989815021389)	(80.0, 0.0019399959260085553)	(81.0, 0.0014549969445064165)	(82.0, 0.00048499898150213883)	(83.0, 0.00048499898150213883)	(84.0, 0.0)	(85.0, 0.0)	(86.0, 0.0)	(87.0, 0.0)	(88.0, 0.0)	(89.0, 0.0)	(90.0, 0.0)	(91.0, 0.0)	(92.0, 0.0)	(93.0, 0.0)	(94.0, 0.0)	(95.0, 0.0)	(96.0, 0.0)	(97.0, 0.0)	(98.0, 0.0)	(99.0, 0.0)	(100.0, 0.0)
SRR8865589_R2	(0.0, 0.0)	(1.0, 0.0)	(2.0, 0.0)	(3.0, 0.0)	(4.0, 0.0)	(5.0, 0.0)	(6.0, 0.0)	(7.0, 0.0)	(8.0, 0.0)	(9.0, 0.0)	(10.0, 0.0)	(11.0, 0.0)	(12.0, 0.0)	(13.0, 0.0014550110580840415)	(14.0, 0.0038800294882241106)	(15.0, 0.006305047918364179)	(16.0, 0.009215070034532261)	(17.0, 0.016005121638924456)	(18.0, 0.019400147441120553)	(19.0, 0.023765180615372677)	(20.0, 0.036375276452101035)	(21.0, 0.06547549761378187)	(22.0, 0.10427579249602298)	(23.0, 0.14259108369223608)	(24.0, 0.22213168820083032)	(25.0, 0.32058743646451715)	(26.0, 0.4234082179024561)	(27.0, 0.5548442168160478)	(28.0, 0.6765801420090793)	(29.0, 0.8279012920498195)	(30.0, 1.0073526558801846)	(31.0, 1.1654638575253171)	(32.0, 1.334245140263066)	(33.0, 1.5001164008846468)	(34.0, 1.6300973887401544)	(35.0, 1.8051837193962674)	(36.0, 1.9982151864354167)	(37.0, 2.1927016645326503)	(38.0, 2.3517828735498387)	(39.0, 2.5040740309626353)	(40.0, 2.7499708997788384)	(41.0, 2.967737554805417)	(42.0, 3.1830791914018546)	(43.0, 3.4081209017188527)	(44.0, 3.624432545687347)	(45.0, 3.841229193341869)	(46.0, 3.9712101811973772)	(47.0, 4.045900748845691)	(48.0, 4.1826717883055915)	(49.0, 4.242812245373065)	(50.0, 4.1826717883055915)	(51.0, 4.172971714585031)	(52.0, 4.005160439219338)	(53.0, 3.841229193341869)	(54.0, 3.656927792651224)	(55.0, 3.3562255073138556)	(56.0, 3.1020835758351764)	(57.0, 2.831451519031545)	(58.0, 2.5171691304853914)	(59.0, 2.1602064175687734)	(60.0, 1.8488340511387886)	(61.0, 1.5185465409537113)	(62.0, 1.225604314592791)	(63.0, 1.0112326853684088)	(64.0, 0.809471151980755)	(65.0, 0.6411748729290343)	(66.0, 0.5053738408411903)	(67.0, 0.3787878787878788)	(68.0, 0.28954720055872424)	(69.0, 0.2274667287471385)	(70.0, 0.16732627167966477)	(71.0, 0.11446086990261127)	(72.0, 0.08972568191518256)	(73.0, 0.07275055290420207)	(74.0, 0.04801536491677336)	(75.0, 0.024735187987428704)	(76.0, 0.0140651068948124)	(77.0, 0.011640088464672332)	(78.0, 0.006305047918364179)	(79.0, 0.002910022116168083)	(80.0, 0.002425018430140069)	(81.0, 0.0014550110580840415)	(82.0, 0.0009700073720560276)	(83.0, 0.0004850036860280138)	(84.0, 0.0)	(85.0, 0.0)	(86.0, 0.0)	(87.0, 0.0)	(88.0, 0.0)	(89.0, 0.0)	(90.0, 0.0)	(91.0, 0.0)	(92.0, 0.0)	(93.0, 0.0)	(94.0, 0.0)	(95.0, 0.0)	(96.0, 0.0)	(97.0, 0.0)	(98.0, 0.0)	(99.0, 0.0)	(100.0, 0.0)
SRR8865590_R1	(0.0, 0.0)	(1.0, 0.0)	(2.0, 0.0)	(3.0, 0.0)	(4.0, 0.0)	(5.0, 0.0)	(6.0, 0.0)	(7.0, 0.0)	(8.0, 0.0)	(9.0, 0.000487757291971515)	(10.0, 0.00097551458394303)	(11.0, 0.000487757291971515)	(12.0, 0.0)	(13.0, 0.001463271875914545)	(14.0, 0.00292654375182909)	(15.0, 0.00390205833577212)	(16.0, 0.006828602087601209)	(17.0, 0.009267388547458785)	(18.0, 0.01268168959125939)	(19.0, 0.021949078138718173)	(20.0, 0.03414301043800605)	(21.0, 0.05267778753292361)	(22.0, 0.07609013754755634)	(23.0, 0.11120866256950541)	(24.0, 0.17169056677397326)	(25.0, 0.2536337918251878)	(26.0, 0.35606282313920595)	(27.0, 0.4741000877963125)	(28.0, 0.5809189347380743)	(29.0, 0.7472441713003609)	(30.0, 0.9013754755633596)	(31.0, 1.0101453516730075)	(32.0, 1.199882938249927)	(33.0, 1.3876694956589601)	(34.0, 1.5808213832796802)	(35.0, 1.7705589698565993)	(36.0, 1.9641986147692907)	(37.0, 2.1895424836601305)	(38.0, 2.443176275485319)	(39.0, 2.6480343381133546)	(40.0, 2.7958247975807238)	(41.0, 3.0406789581504245)	(42.0, 3.3211394010340456)	(43.0, 3.604038630377524)	(44.0, 3.857672422202712)	(45.0, 4.034728319188372)	(46.0, 4.179592234903912)	(47.0, 4.3868890839918055)	(48.0, 4.524436640327774)	(49.0, 4.570285825773095)	(50.0, 4.554189835138035)	(51.0, 4.450785289240074)	(52.0, 4.253731343283582)	(53.0, 3.925958443078724)	(54.0, 3.5933079699541506)	(55.0, 3.2908984489318116)	(56.0, 2.948492829967808)	(57.0, 2.6060872110038042)	(58.0, 2.2773387962150036)	(59.0, 1.8998146522290509)	(60.0, 1.5998439176665693)	(61.0, 1.319383474782948)	(62.0, 1.0579455662862158)	(63.0, 0.8925958443078724)	(64.0, 0.7389522973368452)	(65.0, 0.5818944493220174)	(66.0, 0.4399570773583065)	(67.0, 0.34386889083991806)	(68.0, 0.2633889376646181)	(69.0, 0.1858355282411472)	(70.0, 0.1438884011315969)	(71.0, 0.10584333235781876)	(72.0, 0.06731050629206907)	(73.0, 0.048287971905179985)	(74.0, 0.03219198127011999)	(75.0, 0.02048580626280363)	(76.0, 0.01170617500731636)	(77.0, 0.00390205833577212)	(78.0, 0.004389815627743635)	(79.0, 0.00292654375182909)	(80.0, 0.00195102916788606)	(81.0, 0.00195102916788606)	(82.0, 0.000487757291971515)	(83.0, 0.0)	(84.0, 0.000487757291971515)	(85.0, 0.000487757291971515)	(86.0, 0.0)	(87.0, 0.0)	(88.0, 0.0)	(89.0, 0.0)	(90.0, 0.0)	(91.0, 0.0)	(92.0, 0.0)	(93.0, 0.0)	(94.0, 0.0)	(95.0, 0.0)	(96.0, 0.0)	(97.0, 0.0)	(98.0, 0.0)	(99.0, 0.0)	(100.0, 0.0)
SRR8865590_R2	(0.0, 0.0)	(1.0, 0.0)	(2.0, 0.0)	(3.0, 0.0)	(4.0, 0.0)	(5.0, 0.0)	(6.0, 0.0)	(7.0, 0.0)	(8.0, 0.0)	(9.0, 0.0)	(10.0, 0.0)	(11.0, 0.0004877525338744135)	(12.0, 0.000975505067748827)	(13.0, 0.003414267737120894)	(14.0, 0.004389772804869721)	(15.0, 0.004389772804869721)	(16.0, 0.006828535474241788)	(17.0, 0.01121830827911151)	(18.0, 0.01999785388885095)	(19.0, 0.026338636829218328)	(20.0, 0.03658144004058101)	(21.0, 0.059993561666552855)	(22.0, 0.08145467315702705)	(23.0, 0.11364634039273834)	(24.0, 0.17559091219478887)	(25.0, 0.24436401947108116)	(26.0, 0.33264722810235003)	(27.0, 0.4599506394435719)	(28.0, 0.5872540507847938)	(29.0, 0.7340675634809923)	(30.0, 0.8794178185755674)	(31.0, 1.0076967349845383)	(32.0, 1.18914067758582)	(33.0, 1.382290681000088)	(34.0, 1.5505653051867605)	(35.0, 1.7539581118123908)	(36.0, 1.932475539210426)	(37.0, 2.1792783213508793)	(38.0, 2.4197403205509653)	(39.0, 2.585576182068266)	(40.0, 2.841646262352333)	(41.0, 3.113812176254256)	(42.0, 3.418657509925764)	(43.0, 3.7191130707924027)	(44.0, 3.8747061290983402)	(45.0, 4.046395021022134)	(46.0, 4.23710626176703)	(47.0, 4.404405380885954)	(48.0, 4.534147554896547)	(49.0, 4.540000585303041)	(50.0, 4.476105003365492)	(51.0, 4.314171162119187)	(52.0, 4.158578103813249)	(53.0, 3.9766464086780933)	(54.0, 3.6693623123372126)	(55.0, 3.3118397050072677)	(56.0, 2.937245758991718)	(57.0, 2.588502697271512)	(58.0, 2.272439055320892)	(59.0, 1.9675937216493842)	(60.0, 1.6251914428695458)	(61.0, 1.3169318414609164)	(62.0, 1.067690296651091)	(63.0, 0.8525914292124747)	(64.0, 0.7150452146598901)	(65.0, 0.5706704646330637)	(66.0, 0.43361200261435356)	(67.0, 0.32776970276360584)	(68.0, 0.2521680600130718)	(69.0, 0.19363775594814214)	(70.0, 0.14583800762844962)	(71.0, 0.101452527045878)	(72.0, 0.06340782940367375)	(73.0, 0.053652778726185485)	(74.0, 0.03950795524382749)	(75.0, 0.021461111490474194)	(76.0, 0.015120328550106818)	(77.0, 0.010730555745237097)	(78.0, 0.004389772804869721)	(79.0, 0.000975505067748827)	(80.0, 0.000975505067748827)	(81.0, 0.000975505067748827)	(82.0, 0.0)	(83.0, 0.0)	(84.0, 0.0)	(85.0, 0.0)	(86.0, 0.0)	(87.0, 0.0)	(88.0, 0.0)	(89.0, 0.0)	(90.0, 0.0)	(91.0, 0.0)	(92.0, 0.0)	(93.0, 0.0)	(94.0, 0.0)	(95.0, 0.0)	(96.0, 0.0)	(97.0, 0.0)	(98.0, 0.0)	(99.0, 0.0)	(100.0, 0.0)
SRR8865591_R1	(0.0, 0.0)	(1.0, 0.0)	(2.0, 0.0)	(3.0, 0.0)	(4.0, 0.0)	(5.0, 0.0)	(6.0, 0.0)	(7.0, 0.0)	(8.0, 0.0)	(9.0, 0.0)	(10.0, 0.0)	(11.0, 0.0)	(12.0, 0.0)	(13.0, 0.0)	(14.0, 0.0)	(15.0, 0.00048241128456476853)	(16.0, 0.0009648225691295371)	(17.0, 0.002412056422823843)	(18.0, 0.006271346699341991)	(19.0, 0.013507515967813518)	(20.0, 0.022190919089979354)	(21.0, 0.031839144781274725)	(22.0, 0.05788935414777223)	(23.0, 0.097929490766648)	(24.0, 0.1427937402311715)	(25.0, 0.20888408621654478)	(26.0, 0.2928236497308145)	(27.0, 0.42596916427069065)	(28.0, 0.571174960924686)	(29.0, 0.7115566447330336)	(30.0, 0.8992146344287286)	(31.0, 1.0950736159620247)	(32.0, 1.304922524747699)	(33.0, 1.5379271751924821)	(34.0, 1.8129016073944002)	(35.0, 2.079675047758717)	(36.0, 2.3474133106921635)	(37.0, 2.5813827837060765)	(38.0, 2.838990409663663)	(39.0, 3.1882561796885556)	(40.0, 3.4299442332555046)	(41.0, 3.609883642398163)	(42.0, 3.816838083476449)	(43.0, 3.947571541593501)	(44.0, 4.031028693823206)	(45.0, 4.037300040522548)	(46.0, 4.020415645562781)	(47.0, 4.04357138722189)	(48.0, 3.9239333886498273)	(49.0, 3.8216621963220962)	(50.0, 3.6899639156359147)	(51.0, 3.4434517492233176)	(52.0, 3.291492194585416)	(53.0, 3.1458039866468557)	(54.0, 2.9745479806263626)	(55.0, 2.7873724022152326)	(56.0, 2.547131582501978)	(57.0, 2.367674584643884)	(58.0, 2.2615441020396347)	(59.0, 2.0729212897748104)	(60.0, 1.8399166393300272)	(61.0, 1.6073944001698088)	(62.0, 1.3666711691719893)	(63.0, 1.1756363004843409)	(64.0, 0.9846014317966926)	(65.0, 0.810933369353376)	(66.0, 0.65656175829265)	(67.0, 0.5156976631997376)	(68.0, 0.4028134226115817)	(69.0, 0.31646180267448815)	(70.0, 0.24313528742064333)	(71.0, 0.1702911834513633)	(72.0, 0.12060282114119214)	(73.0, 0.08924608764448218)	(74.0, 0.0598189992860313)	(75.0, 0.038592902765181486)	(76.0, 0.025085386797367965)	(77.0, 0.014472338536943057)	(78.0, 0.012060282114119213)	(79.0, 0.007236169268471529)	(80.0, 0.0038592902765181483)	(81.0, 0.0014472338536943056)	(82.0, 0.0)	(83.0, 0.00048241128456476853)	(84.0, 0.00048241128456476853)	(85.0, 0.0)	(86.0, 0.0)	(87.0, 0.0)	(88.0, 0.0)	(89.0, 0.0)	(90.0, 0.0)	(91.0, 0.0)	(92.0, 0.0)	(93.0, 0.0)	(94.0, 0.0)	(95.0, 0.0)	(96.0, 0.0)	(97.0, 0.0)	(98.0, 0.0)	(99.0, 0.0)	(100.0, 0.0)
SRR8865591_R2	(0.0, 0.0)	(1.0, 0.0)	(2.0, 0.0)	(3.0, 0.0)	(4.0, 0.0)	(5.0, 0.0)	(6.0, 0.0)	(7.0, 0.0)	(8.0, 0.0)	(9.0, 0.0)	(10.0, 0.0)	(11.0, 0.0)	(12.0, 0.0)	(13.0, 0.0)	(14.0, 0.0)	(15.0, 0.0)	(16.0, 0.002411870260674938)	(17.0, 0.0043413664692148884)	(18.0, 0.005788488625619851)	(19.0, 0.013024099407644665)	(20.0, 0.020742084241804466)	(21.0, 0.031354313388774195)	(22.0, 0.05257877168271364)	(23.0, 0.0969571844791325)	(24.0, 0.16497192583016573)	(25.0, 0.24070465201535882)	(26.0, 0.3246377370868466)	(27.0, 0.43413664692148873)	(28.0, 0.5687190074671503)	(29.0, 0.735620429505856)	(30.0, 0.9729484631562699)	(31.0, 1.1586624732282402)	(32.0, 1.3318347579447007)	(33.0, 1.6024466011924285)	(34.0, 1.8499044899376773)	(35.0, 2.0790321647017964)	(36.0, 2.33758465664615)	(37.0, 2.6139849885194977)	(38.0, 2.947305458544774)	(39.0, 3.2420360043992513)	(40.0, 3.4364327474096514)	(41.0, 3.6597719335481504)	(42.0, 3.8840758677909197)	(43.0, 3.993092403573427)	(44.0, 4.036023694213441)	(45.0, 4.035541320161306)	(46.0, 4.020587724545122)	(47.0, 4.002257510563992)	(48.0, 3.9236305400659885)	(49.0, 3.8348737144731513)	(50.0, 3.67038416269512)	(51.0, 3.447044976556621)	(52.0, 3.258436722171841)	(53.0, 3.1306075983560695)	(54.0, 2.910645030582515)	(55.0, 2.6699403785671563)	(56.0, 2.51461593377969)	(57.0, 2.363150481409304)	(58.0, 2.208790784726108)	(59.0, 1.9902753391089587)	(60.0, 1.7510178092500046)	(61.0, 1.5455264630405001)	(62.0, 1.352576842186505)	(63.0, 1.168792328323075)	(64.0, 0.9768074555733497)	(65.0, 0.7766222239373299)	(66.0, 0.6237096494105389)	(67.0, 0.505045632585332)	(68.0, 0.4032647075848496)	(69.0, 0.31161363767920197)	(70.0, 0.23588091149400892)	(71.0, 0.17172516256005557)	(72.0, 0.1205935130337469)	(73.0, 0.07717984834159801)	(74.0, 0.05257877168271364)	(75.0, 0.03666042796225905)	(76.0, 0.022189206398209427)	(77.0, 0.01591834372045459)	(78.0, 0.013024099407644665)	(79.0, 0.009647481042699751)	(80.0, 0.0038589924170799005)	(81.0, 0.0009647481042699751)	(82.0, 0.0014471221564049627)	(83.0, 0.0014471221564049627)	(84.0, 0.0)	(85.0, 0.0)	(86.0, 0.0)	(87.0, 0.0)	(88.0, 0.0)	(89.0, 0.0)	(90.0, 0.0)	(91.0, 0.0)	(92.0, 0.0)	(93.0, 0.0)	(94.0, 0.0)	(95.0, 0.0)	(96.0, 0.0)	(97.0, 0.0)	(98.0, 0.0)	(99.0, 0.0)	(100.0, 0.0)
SRR8865592_R1	(0.0, 0.0)	(1.0, 0.0)	(2.0, 0.0)	(3.0, 0.0)	(4.0, 0.0)	(5.0, 0.0)	(6.0, 0.0)	(7.0, 0.0)	(8.0, 0.0)	(9.0, 0.0)	(10.0, 0.0004940174486962879)	(11.0, 0.001482052346088864)	(12.0, 0.0019760697947851518)	(13.0, 0.002964104692177728)	(14.0, 0.0039521395895703035)	(15.0, 0.010374366422622046)	(16.0, 0.01679659325567379)	(17.0, 0.014820523460888638)	(18.0, 0.02568890733220697)	(19.0, 0.047425675074843646)	(20.0, 0.06422226833051743)	(21.0, 0.08793510586793925)	(22.0, 0.1309146239045163)	(23.0, 0.1763642291845748)	(24.0, 0.2425625673098774)	(25.0, 0.3211113416525872)	(26.0, 0.4347353548527334)	(27.0, 0.588374781397279)	(28.0, 0.7449783126340023)	(29.0, 0.9870468624951834)	(30.0, 1.189099999011965)	(31.0, 1.4054796415409392)	(32.0, 1.7073243026943712)	(33.0, 2.0012646846686626)	(34.0, 2.259635810336821)	(35.0, 2.545671913131972)	(36.0, 2.9512602385116242)	(37.0, 3.3410400055329954)	(38.0, 3.638932527096857)	(39.0, 3.8696386756380234)	(40.0, 4.100838841627887)	(41.0, 4.336979182104712)	(42.0, 4.385886909525644)	(43.0, 4.362668089436919)	(44.0, 4.329074902925571)	(45.0, 4.2525021983776465)	(46.0, 4.098368754384405)	(47.0, 3.9141002460206895)	(48.0, 3.6621513471855827)	(49.0, 3.3291835867642847)	(50.0, 3.054509885289148)	(51.0, 2.851468713874974)	(52.0, 2.6350890713459996)	(53.0, 2.333244410192568)	(54.0, 2.1045143314461865)	(55.0, 1.9513689223503372)	(56.0, 1.7651243441918367)	(57.0, 1.5566489808420034)	(58.0, 1.4914386776140933)	(59.0, 1.423758287142702)	(60.0, 1.2913616108920967)	(61.0, 1.2192350633824387)	(62.0, 1.12191362598927)	(63.0, 0.986552845046487)	(64.0, 0.874904901641126)	(65.0, 0.7711612374149055)	(66.0, 0.6476568752408335)	(67.0, 0.5374909841815613)	(68.0, 0.45054391321101456)	(69.0, 0.37841736570135653)	(70.0, 0.2944343994229876)	(71.0, 0.20551125865765577)	(72.0, 0.1467231822627975)	(73.0, 0.10077955953404275)	(74.0, 0.06866842536878402)	(75.0, 0.05384790190789538)	(76.0, 0.04446157038266592)	(77.0, 0.021242750293940384)	(78.0, 0.011362401320014622)	(79.0, 0.005434191935659168)	(80.0, 0.0039521395895703035)	(81.0, 0.004446157038266591)	(82.0, 0.0019760697947851518)	(83.0, 0.001482052346088864)	(84.0, 0.00247008724348144)	(85.0, 0.001482052346088864)	(86.0, 0.0)	(87.0, 0.0)	(88.0, 0.0)	(89.0, 0.0)	(90.0, 0.0)	(91.0, 0.0)	(92.0, 0.0)	(93.0, 0.0)	(94.0, 0.0)	(95.0, 0.0)	(96.0, 0.0)	(97.0, 0.0)	(98.0, 0.0)	(99.0, 0.0)	(100.0, 0.0)
SRR8865592_R2	(0.0, 0.0)	(1.0, 0.0)	(2.0, 0.0)	(3.0, 0.0)	(4.0, 0.0)	(5.0, 0.0)	(6.0, 0.0)	(7.0, 0.0)	(8.0, 0.0)	(9.0, 0.0004939588828625905)	(10.0, 0.000987917765725181)	(11.0, 0.0014818766485877716)	(12.0, 0.0014818766485877716)	(13.0, 0.002469794414312953)	(14.0, 0.0059275065943510865)	(15.0, 0.006915424360076267)	(16.0, 0.01086709542297699)	(17.0, 0.015806684251602896)	(18.0, 0.0261798207917173)	(19.0, 0.042480463926182786)	(20.0, 0.060756942592098635)	(21.0, 0.08002133902373967)	(22.0, 0.10274344763541883)	(23.0, 0.1526332948045405)	(24.0, 0.2346304693597305)	(25.0, 0.3146518083834701)	(26.0, 0.4272744336761408)	(27.0, 0.5828714817778569)	(28.0, 0.7587208440769391)	(29.0, 0.9676654515278148)	(30.0, 1.1929107021131562)	(31.0, 1.4117344872212838)	(32.0, 1.723916501190441)	(33.0, 2.0444958161682623)	(34.0, 2.3245705027513512)	(35.0, 2.6421860644319968)	(36.0, 3.0403169240192445)	(37.0, 3.3658358278256917)	(38.0, 3.624176323562826)	(39.0, 3.9215395710461056)	(40.0, 4.159627752585875)	(41.0, 4.342392539245033)	(42.0, 4.4036434407199945)	(43.0, 4.46193058889778)	(44.0, 4.412534700611521)	(45.0, 4.261877241338431)	(46.0, 4.134929808442745)	(47.0, 3.9373462552977094)	(48.0, 3.6661628286061467)	(49.0, 3.3964612785631725)	(50.0, 3.0926765656026793)	(51.0, 2.808156249073827)	(52.0, 2.564140560939707)	(53.0, 2.2875235865366568)	(54.0, 2.0504233227626134)	(55.0, 1.8637068650405542)	(56.0, 1.7402171443249064)	(57.0, 1.6127757525463582)	(58.0, 1.484840401884947)	(59.0, 1.3796271598352152)	(60.0, 1.261570986831056)	(61.0, 1.1415389782954466)	(62.0, 1.0452169961372415)	(63.0, 0.9577862738705631)	(64.0, 0.8214536222004879)	(65.0, 0.7068551613763671)	(66.0, 0.6134969325153374)	(67.0, 0.5235964158343459)	(68.0, 0.45592404888217103)	(69.0, 0.3487349713009889)	(70.0, 0.2603163312685852)	(71.0, 0.20400501862224987)	(72.0, 0.1526332948045405)	(73.0, 0.1200320085356095)	(74.0, 0.0879246811495411)	(75.0, 0.05631131264633532)	(76.0, 0.03457712180038134)	(77.0, 0.022722108611679163)	(78.0, 0.013336889837289943)	(79.0, 0.008891259891526629)	(80.0, 0.006915424360076267)	(81.0, 0.0029637532971755432)	(82.0, 0.0014818766485877716)	(83.0, 0.000987917765725181)	(84.0, 0.0)	(85.0, 0.0004939588828625905)	(86.0, 0.0004939588828625905)	(87.0, 0.0)	(88.0, 0.0)	(89.0, 0.0)	(90.0, 0.0)	(91.0, 0.0)	(92.0, 0.0)	(93.0, 0.0)	(94.0, 0.0)	(95.0, 0.0)	(96.0, 0.0)	(97.0, 0.0)	(98.0, 0.0)	(99.0, 0.0)	(100.0, 0.0)
SRR8865593_R1	(0.0, 0.0)	(1.0, 0.0)	(2.0, 0.0)	(3.0, 0.0004904894103336309)	(4.0, 0.0004904894103336309)	(5.0, 0.0)	(6.0, 0.0)	(7.0, 0.0)	(8.0, 0.0004904894103336309)	(9.0, 0.0014714682310008925)	(10.0, 0.002942936462001785)	(11.0, 0.003433425872335416)	(12.0, 0.003433425872335416)	(13.0, 0.008338319975671726)	(14.0, 0.018148108182344344)	(15.0, 0.0269769175683497)	(16.0, 0.04218208928869226)	(17.0, 0.06376362334337202)	(18.0, 0.09466445619439076)	(19.0, 0.13537507725208214)	(20.0, 0.1922718488507833)	(21.0, 0.28448385799350595)	(22.0, 0.3511904177988797)	(23.0, 0.4409499798899342)	(24.0, 0.5812299512453526)	(25.0, 0.7126811132147657)	(26.0, 0.8259841670018345)	(27.0, 0.9441921148922394)	(28.0, 1.0839815968373243)	(29.0, 1.2738009986364394)	(30.0, 1.431248099353535)	(31.0, 1.5062929791345805)	(32.0, 1.6039003717909732)	(33.0, 1.718184404398709)	(34.0, 1.8368828416994478)	(35.0, 1.935961702586841)	(36.0, 2.0389644787569035)	(37.0, 2.182187386574324)	(38.0, 2.3200149108780743)	(39.0, 2.440184816409814)	(40.0, 2.501005503291184)	(41.0, 2.627061281746927)	(42.0, 2.787451318926024)	(43.0, 2.916940523254103)	(44.0, 3.055258536968187)	(45.0, 3.152375440214246)	(46.0, 3.2524352799223064)	(47.0, 3.334347011448023)	(48.0, 3.3529856090407004)	(49.0, 3.382414973660719)	(50.0, 3.4010535712533962)	(51.0, 3.3264991808826845)	(52.0, 3.1955385083236054)	(53.0, 3.036129449965175)	(54.0, 2.9404840149501172)	(55.0, 2.8472910269867273)	(56.0, 2.7084825238623096)	(57.0, 2.651095262853275)	(58.0, 2.5520164019658815)	(59.0, 2.3504252543187594)	(60.0, 2.150305574902638)	(61.0, 2.0178734341125577)	(62.0, 1.8594453545747947)	(63.0, 1.6024289035599721)	(64.0, 1.4091760758885215)	(65.0, 1.2394667399130854)	(66.0, 1.028556293469624)	(67.0, 0.8480561904668479)	(68.0, 0.6601987463090672)	(69.0, 0.4747937492029547)	(70.0, 0.3766958671362285)	(71.0, 0.288407773276175)	(72.0, 0.18491450769577883)	(73.0, 0.1314511619694131)	(74.0, 0.10202179734939522)	(75.0, 0.061801665702037496)	(76.0, 0.035315237544021424)	(77.0, 0.023053002285680652)	(78.0, 0.013733703489341664)	(79.0, 0.005395383513669939)	(80.0, 0.003433425872335416)	(81.0, 0.0024524470516681545)	(82.0, 0.0014714682310008925)	(83.0, 0.0014714682310008925)	(84.0, 0.0)	(85.0, 0.0)	(86.0, 0.0)	(87.0, 0.0)	(88.0, 0.0)	(89.0, 0.0)	(90.0, 0.0)	(91.0, 0.0)	(92.0, 0.0)	(93.0, 0.0)	(94.0, 0.0)	(95.0, 0.0)	(96.0, 0.0)	(97.0, 0.0)	(98.0, 0.0)	(99.0, 0.0)	(100.0, 0.0)
SRR8865593_R2	(0.0, 0.0)	(1.0, 0.0)	(2.0, 0.0)	(3.0, 0.0004904845987835981)	(4.0, 0.0009809691975671963)	(5.0, 0.0009809691975671963)	(6.0, 0.0004904845987835981)	(7.0, 0.0004904845987835981)	(8.0, 0.0004904845987835981)	(9.0, 0.0009809691975671963)	(10.0, 0.0009809691975671963)	(11.0, 0.002452422993917991)	(12.0, 0.003923876790268785)	(13.0, 0.00784775358053757)	(14.0, 0.01569550716107514)	(15.0, 0.03090052972336669)	(16.0, 0.048557975279576227)	(17.0, 0.060329605650382576)	(18.0, 0.08926819697861488)	(19.0, 0.14273101824602707)	(20.0, 0.20894643908181285)	(21.0, 0.26142829115165783)	(22.0, 0.32813419658622717)	(23.0, 0.43947420051010394)	(24.0, 0.5684716499901903)	(25.0, 0.7200313910143222)	(26.0, 0.8549146556798117)	(27.0, 0.9696880517951737)	(28.0, 1.091328232293506)	(29.0, 1.2271924661565627)	(30.0, 1.3723759073965078)	(31.0, 1.5018638414753778)	(32.0, 1.6181086913870903)	(33.0, 1.7098293113596235)	(34.0, 1.8422601530311948)	(35.0, 1.9354522268000784)	(36.0, 2.0001961938395136)	(37.0, 2.1640180498332353)	(38.0, 2.313125367863449)	(39.0, 2.404845987835982)	(40.0, 2.5299195605257996)	(41.0, 2.6628408867961544)	(42.0, 2.80262899744948)	(43.0, 2.936040808318619)	(44.0, 3.1091818716892288)	(45.0, 3.2322935059839124)	(46.0, 3.238669805768099)	(47.0, 3.291151657837944)	(48.0, 3.3029232882087505)	(49.0, 3.325485579752796)	(50.0, 3.3706101628408867)	(51.0, 3.3328428487345496)	(52.0, 3.1915832842848735)	(53.0, 3.065528742397489)	(54.0, 2.990484598783598)	(55.0, 2.904649793996468)	(56.0, 2.773690406121248)	(57.0, 2.5858348047871296)	(58.0, 2.4578183245046104)	(59.0, 2.306749068079262)	(60.0, 2.1571512654502647)	(61.0, 2.01196782421032)	(62.0, 1.838336276240926)	(63.0, 1.66029036688248)	(64.0, 1.443986658818913)	(65.0, 1.2340592505395331)	(66.0, 1.0206984500686678)	(67.0, 0.8294094565430645)	(68.0, 0.6803021385128507)	(69.0, 0.5110849519325094)	(70.0, 0.36639199529134786)	(71.0, 0.2839905826957033)	(72.0, 0.21090837747694724)	(73.0, 0.15401216401804985)	(74.0, 0.09809691975671965)	(75.0, 0.05885815185403178)	(76.0, 0.04169119089660585)	(77.0, 0.023543260741612712)	(78.0, 0.011771630370806356)	(79.0, 0.006376299784186777)	(80.0, 0.003433392191485187)	(81.0, 0.0019619383951343925)	(82.0, 0.0014714537963507945)	(83.0, 0.0)	(84.0, 0.0)	(85.0, 0.0)	(86.0, 0.0)	(87.0, 0.0)	(88.0, 0.0)	(89.0, 0.0)	(90.0, 0.0)	(91.0, 0.0)	(92.0, 0.0)	(93.0, 0.0)	(94.0, 0.0)	(95.0, 0.0)	(96.0, 0.0)	(97.0, 0.0)	(98.0, 0.0)	(99.0, 0.0)	(100.0, 0.0)
SRR8865594_R1	(0.0, 0.0)	(1.0, 0.0)	(2.0, 0.0)	(3.0, 0.0)	(4.0, 0.0)	(5.0, 0.0)	(6.0, 0.0)	(7.0, 0.0)	(8.0, 0.0)	(9.0, 0.0)	(10.0, 0.0)	(11.0, 0.0)	(12.0, 0.0)	(13.0, 0.0)	(14.0, 0.001975874571482202)	(15.0, 0.005433655071576056)	(16.0, 0.00839746692879936)	(17.0, 0.011855247428893214)	(18.0, 0.01778287114333982)	(19.0, 0.028650181286491935)	(20.0, 0.034083836358067984)	(21.0, 0.062240049001689376)	(22.0, 0.10422738364568616)	(23.0, 0.1378172513608836)	(24.0, 0.18178046057636263)	(25.0, 0.24747829007814587)	(26.0, 0.33491073986623326)	(27.0, 0.4485235277264599)	(28.0, 0.581401092658638)	(29.0, 0.7414469329486965)	(30.0, 0.9582991671688681)	(31.0, 1.2294879521048003)	(32.0, 1.4483160608964543)	(33.0, 1.6962883196174707)	(34.0, 2.023295561197775)	(35.0, 2.3191827782772347)	(36.0, 2.6535995495005977)	(37.0, 2.9089813378646725)	(38.0, 3.102123077227058)	(39.0, 3.280445757303326)	(40.0, 3.419250945949951)	(41.0, 3.4953221169520163)	(42.0, 3.4266604755930095)	(43.0, 3.3920826705920706)	(44.0, 3.3456496181622395)	(45.0, 3.2320368303020124)	(46.0, 3.1347250076565136)	(47.0, 3.0561839934400963)	(48.0, 3.040376996868239)	(49.0, 2.955414390294504)	(50.0, 2.9089813378646725)	(51.0, 2.9307159581509765)	(52.0, 2.860078442220488)	(53.0, 2.8704517837207693)	(54.0, 2.88922259214985)	(55.0, 2.8403196965056656)	(56.0, 2.737574218788591)	(57.0, 2.702008476501912)	(58.0, 2.6343347724286463)	(59.0, 2.3769771094930894)	(60.0, 2.156667094772824)	(61.0, 2.0395965264125033)	(62.0, 1.87510496833661)	(63.0, 1.65084320447338)	(64.0, 1.459677339682477)	(65.0, 1.3011134053210303)	(66.0, 1.1059957913871628)	(67.0, 0.8960591181671788)	(68.0, 0.7286037482340622)	(69.0, 0.5552207545864989)	(70.0, 0.43024668794024956)	(71.0, 0.3270072415803045)	(72.0, 0.23265923079202933)	(73.0, 0.15461218521848233)	(74.0, 0.10570928957429782)	(75.0, 0.07261339050197094)	(76.0, 0.0400114600725146)	(77.0, 0.024698432143527526)	(78.0, 0.013337153357504867)	(79.0, 0.00839746692879936)	(80.0, 0.004445717785834955)	(81.0, 0.0004939686428705505)	(82.0, 0.0004939686428705505)	(83.0, 0.0)	(84.0, 0.0)	(85.0, 0.0)	(86.0, 0.0)	(87.0, 0.0)	(88.0, 0.0)	(89.0, 0.0)	(90.0, 0.0)	(91.0, 0.0)	(92.0, 0.0)	(93.0, 0.0)	(94.0, 0.0)	(95.0, 0.0)	(96.0, 0.0)	(97.0, 0.0)	(98.0, 0.0)	(99.0, 0.0)	(100.0, 0.0)
SRR8865594_R2	(0.0, 0.0)	(1.0, 0.0)	(2.0, 0.0)	(3.0, 0.0)	(4.0, 0.0)	(5.0, 0.0)	(6.0, 0.0)	(7.0, 0.0)	(8.0, 0.0)	(9.0, 0.0)	(10.0, 0.0)	(11.0, 0.0004940223298093074)	(12.0, 0.0004940223298093074)	(13.0, 0.0004940223298093074)	(14.0, 0.0019760893192372294)	(15.0, 0.0029641339788558443)	(16.0, 0.003952178638474459)	(17.0, 0.009880446596186147)	(18.0, 0.014326647564469913)	(19.0, 0.024207094160656063)	(20.0, 0.0469321213318842)	(21.0, 0.06718703685406581)	(22.0, 0.0943582649935777)	(23.0, 0.14376049797450843)	(24.0, 0.19118664163620197)	(25.0, 0.2746764153739749)	(26.0, 0.3764450153146922)	(27.0, 0.45450054342456275)	(28.0, 0.5765240588874617)	(29.0, 0.7514079636399564)	(30.0, 0.9440766722655863)	(31.0, 1.1826894575634819)	(32.0, 1.422290287520996)	(33.0, 1.6450943582649935)	(34.0, 1.999308368738267)	(35.0, 2.380199585021243)	(36.0, 2.6178243256595195)	(37.0, 2.8677996245430295)	(38.0, 3.1251852583736786)	(39.0, 3.2763560912953267)	(40.0, 3.41665843296117)	(41.0, 3.5045944076672266)	(42.0, 3.460132397984389)	(43.0, 3.4433356387708725)	(44.0, 3.3889931824918484)	(45.0, 3.2323881039422986)	(46.0, 3.153344531172809)	(47.0, 3.1548265981622374)	(48.0, 3.0609623554984684)	(49.0, 2.9142377235451042)	(50.0, 2.847544709020848)	(51.0, 2.861377334255508)	(52.0, 2.89595889734216)	(53.0, 2.9088034779172016)	(54.0, 2.91028554490663)	(55.0, 2.80999901195534)	(56.0, 2.701808121727102)	(57.0, 2.6489477324375064)	(58.0, 2.5565655567631658)	(59.0, 2.413793103448276)	(60.0, 2.242861377334256)	(61.0, 2.033395909495109)	(62.0, 1.8352929552415769)	(63.0, 1.706353127161348)	(64.0, 1.5161545301847645)	(65.0, 1.260250963343543)	(66.0, 1.0423871158976385)	(67.0, 0.8808418140499951)	(68.0, 0.7390574053947239)	(69.0, 0.5676316569508941)	(70.0, 0.4214010473273392)	(71.0, 0.316668313407766)	(72.0, 0.241082896946942)	(73.0, 0.16648552514573658)	(74.0, 0.09929848829167078)	(75.0, 0.06916312617330304)	(76.0, 0.04347396502321905)	(77.0, 0.01877284853275368)	(78.0, 0.006916312617330303)	(79.0, 0.003952178638474459)	(80.0, 0.0034581563086651516)	(81.0, 0.0024701116490465367)	(82.0, 0.0014820669894279222)	(83.0, 0.0)	(84.0, 0.0)	(85.0, 0.0)	(86.0, 0.0)	(87.0, 0.0)	(88.0, 0.0)	(89.0, 0.0)	(90.0, 0.0)	(91.0, 0.0)	(92.0, 0.0)	(93.0, 0.0)	(94.0, 0.0)	(95.0, 0.0)	(96.0, 0.0)	(97.0, 0.0)	(98.0, 0.0)	(99.0, 0.0)	(100.0, 0.0)
SRR8865595_R1	(0.0, 0.0)	(1.0, 0.0)	(2.0, 0.0)	(3.0, 0.0)	(4.0, 0.0)	(5.0, 0.0)	(6.0, 0.0)	(7.0, 0.0)	(8.0, 0.0004948045522018803)	(9.0, 0.0004948045522018803)	(10.0, 0.0)	(11.0, 0.0014844136566056407)	(12.0, 0.002474022761009401)	(13.0, 0.004948045522018802)	(14.0, 0.009401286491835725)	(15.0, 0.014844136566056407)	(16.0, 0.01929737753587333)	(17.0, 0.020286986640277088)	(18.0, 0.03958436417615042)	(19.0, 0.06679861454725385)	(20.0, 0.0801583374567046)	(21.0, 0.09846610588817417)	(22.0, 0.14596734289955468)	(23.0, 0.21919841662543293)	(24.0, 0.3176645225136071)	(25.0, 0.44037605145967346)	(26.0, 0.5353785254824345)	(27.0, 0.6422563087580405)	(28.0, 0.8114794656110835)	(29.0, 1.003958436417615)	(30.0, 1.17367639782286)	(31.0, 1.2939139040079168)	(32.0, 1.4314695695200397)	(33.0, 1.6561108362196935)	(34.0, 1.8574962889658584)	(35.0, 2.012370113805047)	(36.0, 2.256308758040574)	(37.0, 2.515091538842157)	(38.0, 2.7545769421078674)	(39.0, 3.022266204849085)	(40.0, 3.3181593270658087)	(41.0, 3.549727857496289)	(42.0, 3.7461652647204358)	(43.0, 3.938149430974765)	(44.0, 4.1073725878278085)	(45.0, 4.194952993567541)	(46.0, 4.144977733795151)	(47.0, 4.182582879762494)	(48.0, 4.210786739238001)	(49.0, 4.088570014844136)	(50.0, 3.9970311726867886)	(51.0, 3.870361207323107)	(52.0, 3.728352300841168)	(53.0, 3.5353785254824346)	(54.0, 3.2538347352795647)	(55.0, 2.9980207817911926)	(56.0, 2.7026224641266703)	(57.0, 2.3236021771400295)	(58.0, 1.938149430974765)	(59.0, 1.657100445324097)	(60.0, 1.4121721919841663)	(61.0, 1.1479465611083621)	(62.0, 0.8807521029193469)	(63.0, 0.6630380999505195)	(64.0, 0.5239980207817913)	(65.0, 0.4106877783275606)	(66.0, 0.29193468579910936)	(67.0, 0.21177634834240477)	(68.0, 0.15982187036120732)	(69.0, 0.11380504700643246)	(70.0, 0.08164275111331024)	(71.0, 0.05739732805541811)	(72.0, 0.03908955962394854)	(73.0, 0.027214250371103414)	(74.0, 0.01583374567046017)	(75.0, 0.010885700148441365)	(76.0, 0.008906481939633844)	(77.0, 0.004948045522018802)	(78.0, 0.002474022761009401)	(79.0, 0.0009896091044037606)	(80.0, 0.0004948045522018803)	(81.0, 0.0)	(82.0, 0.0)	(83.0, 0.0)	(84.0, 0.0)	(85.0, 0.0)	(86.0, 0.0)	(87.0, 0.0)	(88.0, 0.0)	(89.0, 0.0)	(90.0, 0.0)	(91.0, 0.0)	(92.0, 0.0)	(93.0, 0.0)	(94.0, 0.0)	(95.0, 0.0)	(96.0, 0.0)	(97.0, 0.0)	(98.0, 0.0)	(99.0, 0.0)	(100.0, 0.0)
SRR8865595_R2	(0.0, 0.0)	(1.0, 0.0)	(2.0, 0.0)	(3.0, 0.0)	(4.0, 0.0)	(5.0, 0.0)	(6.0, 0.0)	(7.0, 0.0)	(8.0, 0.0)	(9.0, 0.0)	(10.0, 0.0)	(11.0, 0.0)	(12.0, 0.0039582405620701595)	(13.0, 0.00692692098362278)	(14.0, 0.007916481124140319)	(15.0, 0.012369501756469248)	(16.0, 0.01632774231853941)	(17.0, 0.026223343723714806)	(18.0, 0.04304586611251299)	(19.0, 0.06234228885260502)	(20.0, 0.08510217208450843)	(21.0, 0.11577853644055218)	(22.0, 0.1632774231853941)	(23.0, 0.22759883231903416)	(24.0, 0.32408094601949433)	(25.0, 0.44381772302211664)	(26.0, 0.5630597199544802)	(27.0, 0.6793330364652911)	(28.0, 0.8208401365592994)	(29.0, 0.9930236010093513)	(30.0, 1.144426302508535)	(31.0, 1.3151254267478107)	(32.0, 1.5244173964672703)	(33.0, 1.6857156993716291)	(34.0, 1.8000098956014052)	(35.0, 1.9712037999109397)	(36.0, 2.2082034535648902)	(37.0, 2.5347582999356786)	(38.0, 2.8642818267280195)	(39.0, 3.0869328583444657)	(40.0, 3.3145316906635)	(41.0, 3.508485478204938)	(42.0, 3.646529117807135)	(43.0, 3.787046657760625)	(44.0, 3.9953490673395673)	(45.0, 4.158626490524962)	(46.0, 4.185344614318935)	(47.0, 4.188808074810747)	(48.0, 4.136361387363317)	(49.0, 4.125971005887883)	(50.0, 4.077482559002523)	(51.0, 3.9038147543416954)	(52.0, 3.6979862451140466)	(53.0, 3.5248132205234777)	(54.0, 3.2610954430755528)	(55.0, 2.896937311365098)	(56.0, 2.648557716095196)	(57.0, 2.343278412745535)	(58.0, 2.004848844688536)	(59.0, 1.6961060808470634)	(60.0, 1.3710355746870515)	(61.0, 1.1043491168175747)	(62.0, 0.9103953292761366)	(63.0, 0.7327692840532384)	(64.0, 0.569986640938103)	(65.0, 0.41314135866607293)	(66.0, 0.28994112117163917)	(67.0, 0.23749443372420959)	(68.0, 0.1781208252931572)	(69.0, 0.1251793577754688)	(70.0, 0.07768047103062689)	(71.0, 0.04403542625303053)	(72.0, 0.037108505269407746)	(73.0, 0.029686804215526198)	(74.0, 0.01731730245905695)	(75.0, 0.012864281826728021)	(76.0, 0.007916481124140319)	(77.0, 0.0039582405620701595)	(78.0, 0.00247390035129385)	(79.0, 0.0014843402107763098)	(80.0, 0.0009895601405175399)	(81.0, 0.0)	(82.0, 0.0)	(83.0, 0.0)	(84.0, 0.0)	(85.0, 0.0)	(86.0, 0.0)	(87.0, 0.0)	(88.0, 0.0)	(89.0, 0.0)	(90.0, 0.0)	(91.0, 0.0)	(92.0, 0.0)	(93.0, 0.0)	(94.0, 0.0)	(95.0, 0.0)	(96.0, 0.0)	(97.0, 0.0)	(98.0, 0.0)	(99.0, 0.0)	(100.0, 0.0)
SRR8865596_R1	(0.0, 0.0)	(1.0, 0.0)	(2.0, 0.0)	(3.0, 0.0)	(4.0, 0.0)	(5.0, 0.0)	(6.0, 0.0)	(7.0, 0.0)	(8.0, 0.0)	(9.0, 0.0)	(10.0, 0.0)	(11.0, 0.0)	(12.0, 0.0)	(13.0, 0.0)	(14.0, 0.0)	(15.0, 0.0004924604308043849)	(16.0, 0.003939683446435079)	(17.0, 0.0064019856004570025)	(18.0, 0.007879366892870159)	(19.0, 0.012311510770109623)	(20.0, 0.020683338093784163)	(21.0, 0.034964690587111324)	(22.0, 0.050230963942047256)	(23.0, 0.0812559710827235)	(24.0, 0.1236075681319006)	(25.0, 0.15610995656499)	(26.0, 0.19599925146014519)	(27.0, 0.26888339521919413)	(28.0, 0.3521092080251352)	(29.0, 0.42597827264579285)	(30.0, 0.5259477400990831)	(31.0, 0.6584195959854625)	(32.0, 0.802218041780343)	(33.0, 0.9538958544680934)	(34.0, 1.0878450916468863)	(35.0, 1.2799046596605963)	(36.0, 1.4286277097635205)	(37.0, 1.5345067023864634)	(38.0, 1.7068678531679977)	(39.0, 1.8649476514562053)	(40.0, 2.045680629561415)	(41.0, 2.2589159960997134)	(42.0, 2.426352542573204)	(43.0, 2.5662113049216497)	(44.0, 2.8217982685091254)	(45.0, 3.0010538653219214)	(46.0, 3.08624951985108)	(47.0, 3.2989924259585743)	(48.0, 3.559996454284898)	(49.0, 3.856457633629138)	(50.0, 4.157350956850617)	(51.0, 4.370586323388916)	(52.0, 4.497641114536447)	(53.0, 4.546394697186082)	(54.0, 4.519801833922645)	(55.0, 4.4547970570564654)	(56.0, 4.257320424303908)	(57.0, 3.9116132018792293)	(58.0, 3.533403591021461)	(59.0, 3.165535649210586)	(60.0, 2.807516916015798)	(61.0, 2.4667342978991638)	(62.0, 2.1643635933852714)	(63.0, 1.8373698673311598)	(64.0, 1.5192404290315273)	(65.0, 1.24887965251992)	(66.0, 1.023825235642316)	(67.0, 0.8376751927982586)	(68.0, 0.630841811860417)	(69.0, 0.46094296323290423)	(70.0, 0.3486619850095045)	(71.0, 0.26001910746471524)	(72.0, 0.1822103593976224)	(73.0, 0.11228097822339975)	(74.0, 0.07731628763628842)	(75.0, 0.04629128049561218)	(76.0, 0.02216071938619732)	(77.0, 0.01329643163171839)	(78.0, 0.008371827323674544)	(79.0, 0.007386906462065773)	(80.0, 0.003939683446435079)	(81.0, 0.0004924604308043849)	(82.0, 0.0)	(83.0, 0.0)	(84.0, 0.0)	(85.0, 0.0)	(86.0, 0.0)	(87.0, 0.0)	(88.0, 0.0)	(89.0, 0.0)	(90.0, 0.0)	(91.0, 0.0)	(92.0, 0.0)	(93.0, 0.0)	(94.0, 0.0)	(95.0, 0.0)	(96.0, 0.0)	(97.0, 0.0)	(98.0, 0.0)	(99.0, 0.0)	(100.0, 0.0)
SRR8865596_R2	(0.0, 0.0)	(1.0, 0.0)	(2.0, 0.0)	(3.0, 0.0)	(4.0, 0.0)	(5.0, 0.0)	(6.0, 0.0)	(7.0, 0.0)	(8.0, 0.0)	(9.0, 0.0)	(10.0, 0.0)	(11.0, 0.0)	(12.0, 0.0)	(13.0, 0.0)	(14.0, 0.0004925040877839286)	(15.0, 0.0009850081755678572)	(16.0, 0.004432536790055358)	(17.0, 0.006895057228975001)	(18.0, 0.004925040877839286)	(19.0, 0.012312602194598215)	(20.0, 0.02462520438919643)	(21.0, 0.03644530249601072)	(22.0, 0.053682945568448215)	(23.0, 0.08421819901105179)	(24.0, 0.12263351785819822)	(25.0, 0.15858631626642503)	(26.0, 0.19650913102578754)	(27.0, 0.2565946297354268)	(28.0, 0.337857804219775)	(29.0, 0.4422686708299679)	(30.0, 0.5565296191958393)	(31.0, 0.662910502157168)	(32.0, 0.7702763932940644)	(33.0, 0.9037450010835091)	(34.0, 1.0539587478576073)	(35.0, 1.2573629361123697)	(36.0, 1.4632296448060518)	(37.0, 1.592758219893225)	(38.0, 1.7060341600835287)	(39.0, 1.8513228659797876)	(40.0, 2.055219558322334)	(41.0, 2.227103484958925)	(42.0, 2.3994799156833)	(43.0, 2.587616477216761)	(44.0, 2.7570378834144322)	(45.0, 2.9279368018754557)	(46.0, 3.117058371584484)	(47.0, 3.3933531648312685)	(48.0, 3.6174425247729554)	(49.0, 3.8031165658674966)	(50.0, 4.0789188550264965)	(51.0, 4.367526250467879)	(52.0, 4.45913201079569)	(53.0, 4.515277476803058)	(54.0, 4.587675577707295)	(55.0, 4.461594531234609)	(56.0, 4.232087626327298)	(57.0, 3.9385551900080773)	(58.0, 3.5741021650479694)	(59.0, 3.2106341482634306)	(60.0, 2.863418766375761)	(61.0, 2.5373810602628004)	(62.0, 2.1281101633143553)	(63.0, 1.8020724572013949)	(64.0, 1.545477827465968)	(65.0, 1.2529303993223142)	(66.0, 1.0470636906286321)	(67.0, 0.8239593388625125)	(68.0, 0.6092275565887196)	(69.0, 0.43980615039104826)	(70.0, 0.33884281239534286)	(71.0, 0.2561021256476429)	(72.0, 0.17779397568999822)	(73.0, 0.11770847698035893)	(74.0, 0.07338310907980536)	(75.0, 0.04038533519828214)	(76.0, 0.027087724828116076)	(77.0, 0.02117767577470893)	(78.0, 0.01083508993124643)	(79.0, 0.006895057228975001)	(80.0, 0.004432536790055358)	(81.0, 0.002462520438919643)	(82.0, 0.0009850081755678572)	(83.0, 0.0)	(84.0, 0.0)	(85.0, 0.0)	(86.0, 0.0)	(87.0, 0.0)	(88.0, 0.0)	(89.0, 0.0)	(90.0, 0.0)	(91.0, 0.0)	(92.0, 0.0)	(93.0, 0.0)	(94.0, 0.0)	(95.0, 0.0)	(96.0, 0.0)	(97.0, 0.0)	(98.0, 0.0)	(99.0, 0.0)	(100.0, 0.0)
SRR8865597_R1	(0.0, 0.0)	(1.0, 0.0)	(2.0, 0.0)	(3.0, 0.0)	(4.0, 0.0)	(5.0, 0.0)	(6.0, 0.0)	(7.0, 0.0)	(8.0, 0.0)	(9.0, 0.0014675811327769569)	(10.0, 0.0014675811327769569)	(11.0, 0.0029351622655539138)	(12.0, 0.0058703245311078275)	(13.0, 0.010273067929438698)	(14.0, 0.017610973593323486)	(15.0, 0.028373235233687833)	(16.0, 0.03864630316312653)	(17.0, 0.06555195726403741)	(18.0, 0.11642810320030526)	(19.0, 0.16436908687101917)	(20.0, 0.2289426567132053)	(21.0, 0.3277597863201871)	(22.0, 0.43782837127845886)	(23.0, 0.5933919713528163)	(24.0, 0.7734152569734564)	(25.0, 0.9084327211889364)	(26.0, 1.0527448659120038)	(27.0, 1.2714144546957704)	(28.0, 1.4881272686358344)	(29.0, 1.6133608586328014)	(30.0, 1.6720641039438797)	(31.0, 1.79240575683159)	(32.0, 1.867252394603215)	(33.0, 1.8804606247982076)	(34.0, 1.9244880587815163)	(35.0, 1.9548180688589065)	(36.0, 1.9866156600690743)	(37.0, 2.0507000362003347)	(38.0, 2.1094032815114128)	(39.0, 2.1279926425265874)	(40.0, 2.179357982173781)	(41.0, 2.2165367042041306)	(42.0, 2.248334295414298)	(43.0, 2.3520433621305363)	(44.0, 2.4797229206821316)	(45.0, 2.6029997358353962)	(46.0, 2.7429091371601326)	(47.0, 2.8671643397352486)	(48.0, 3.0471876253558885)	(49.0, 3.2653680204287294)	(50.0, 3.477188897259537)	(51.0, 3.65232024577092)	(52.0, 3.6992828420197834)	(53.0, 3.7922296470956565)	(54.0, 3.8240272383058245)	(55.0, 3.7261884961206935)	(56.0, 3.5358921425706153)	(57.0, 3.2878709311313092)	(58.0, 3.0256631020751596)	(59.0, 2.6788247610288725)	(60.0, 2.296275279085012)	(61.0, 1.9122582160083752)	(62.0, 1.5624847126965336)	(63.0, 1.2200491150485768)	(64.0, 0.9588196734142787)	(65.0, 0.7685233198641999)	(66.0, 0.5743134166267159)	(67.0, 0.43440401530197925)	(68.0, 0.3336301108512949)	(69.0, 0.22111555733839486)	(70.0, 0.15996634347268832)	(71.0, 0.11789568433308222)	(72.0, 0.07778180003717872)	(73.0, 0.054300501912747406)	(74.0, 0.034732753475721315)	(75.0, 0.02299210441350566)	(76.0, 0.015654198749620873)	(77.0, 0.009783874218513048)	(78.0, 0.0044027433983308715)	(79.0, 0.002445968554628262)	(80.0, 0.0009783874218513046)	(81.0, 0.0009783874218513046)	(82.0, 0.0004891937109256523)	(83.0, 0.0)	(84.0, 0.0)	(85.0, 0.0)	(86.0, 0.0)	(87.0, 0.0)	(88.0, 0.0)	(89.0, 0.0)	(90.0, 0.0)	(91.0, 0.0)	(92.0, 0.0)	(93.0, 0.0)	(94.0, 0.0)	(95.0, 0.0)	(96.0, 0.0)	(97.0, 0.0)	(98.0, 0.0)	(99.0, 0.0)	(100.0, 0.0)
SRR8865597_R2	(0.0, 0.0)	(1.0, 0.0)	(2.0, 0.0)	(3.0, 0.0)	(4.0, 0.0)	(5.0, 0.0)	(6.0, 0.0)	(7.0, 0.0)	(8.0, 0.0)	(9.0, 0.0)	(10.0, 0.0004891937109256523)	(11.0, 0.0014675811327769569)	(12.0, 0.0034243559764795665)	(13.0, 0.009783874218513048)	(14.0, 0.014186617616843917)	(15.0, 0.022013716991654355)	(16.0, 0.04696259624886262)	(17.0, 0.09196841765402264)	(18.0, 0.12474439628604135)	(19.0, 0.16192311831639092)	(20.0, 0.2230723321820975)	(21.0, 0.3326517234294436)	(22.0, 0.4603312819810389)	(23.0, 0.5865432593998572)	(24.0, 0.7333013726775529)	(25.0, 0.8966920721267208)	(26.0, 1.0762261640364352)	(27.0, 1.2665225175865138)	(28.0, 1.445078222074377)	(29.0, 1.5712901994931954)	(30.0, 1.6960345957792369)	(31.0, 1.8413251279241556)	(32.0, 1.899539179524308)	(33.0, 1.939163870109286)	(34.0, 1.9831913040925946)	(35.0, 2.0086293770607284)	(36.0, 2.034556643739788)	(37.0, 2.063908266395327)	(38.0, 2.1720200765098965)	(39.0, 2.217515091625982)	(40.0, 2.2287665469772717)	(41.0, 2.2615425256092907)	(42.0, 2.3290512577170306)	(43.0, 2.4400982300971537)	(44.0, 2.5398937471259866)	(45.0, 2.5800076314218905)	(46.0, 2.694478959778493)	(47.0, 2.8632507900478434)	(48.0, 3.0794744102769815)	(49.0, 3.3226036846070306)	(50.0, 3.502137776516745)	(51.0, 3.6738447690516494)	(52.0, 3.7966323904939876)	(53.0, 3.900830650921152)	(54.0, 3.828429981704155)	(55.0, 3.6420471778414814)	(56.0, 3.4512616305804773)	(57.0, 3.2423759160152237)	(58.0, 2.9234216164916984)	(59.0, 2.554080364742831)	(60.0, 2.20870960482932)	(61.0, 1.868230782025066)	(62.0, 1.4739406510189905)	(63.0, 1.1178076294651156)	(64.0, 0.9079435274780107)	(65.0, 0.6917199072488724)	(66.0, 0.502401941120645)	(67.0, 0.38548464420941403)	(68.0, 0.30819203788316096)	(69.0, 0.23872653093171833)	(70.0, 0.17855570448786312)	(71.0, 0.11055777866919743)	(72.0, 0.07142228179514523)	(73.0, 0.06163840757663219)	(74.0, 0.03913549687405219)	(75.0, 0.02103532956980305)	(76.0, 0.016143392460546527)	(77.0, 0.009294680507587394)	(78.0, 0.005381130820182176)	(79.0, 0.0034243559764795665)	(80.0, 0.0014675811327769569)	(81.0, 0.0)	(82.0, 0.0)	(83.0, 0.0)	(84.0, 0.0)	(85.0, 0.0)	(86.0, 0.0)	(87.0, 0.0)	(88.0, 0.0)	(89.0, 0.0)	(90.0, 0.0)	(91.0, 0.0)	(92.0, 0.0)	(93.0, 0.0)	(94.0, 0.0)	(95.0, 0.0)	(96.0, 0.0)	(97.0, 0.0)	(98.0, 0.0)	(99.0, 0.0)	(100.0, 0.0)
SRR8865598_R1	(0.0, 0.0)	(1.0, 0.0)	(2.0, 0.0)	(3.0, 0.0)	(4.0, 0.0)	(5.0, 0.0)	(6.0, 0.0)	(7.0, 0.0)	(8.0, 0.0004849754602417118)	(9.0, 0.0004849754602417118)	(10.0, 0.0004849754602417118)	(11.0, 0.0009699509204834236)	(12.0, 0.0009699509204834236)	(13.0, 0.0009699509204834236)	(14.0, 0.0009699509204834236)	(15.0, 0.0024248773012085587)	(16.0, 0.004364779142175406)	(17.0, 0.007274631903625676)	(18.0, 0.01600419018797649)	(19.0, 0.0247337484723273)	(20.0, 0.04364779142175406)	(21.0, 0.07323129449649848)	(22.0, 0.10523967487245146)	(23.0, 0.13870298162912958)	(24.0, 0.20562959514248577)	(25.0, 0.2895303497643019)	(26.0, 0.3918601718753031)	(27.0, 0.50146462588993)	(28.0, 0.6261033191720499)	(29.0, 0.7682011290228714)	(30.0, 0.9272730799821528)	(31.0, 1.1246580923005296)	(32.0, 1.3603561659780015)	(33.0, 1.6358222273952938)	(34.0, 1.8928592213234012)	(35.0, 2.1833595220081863)	(36.0, 2.512657859512309)	(37.0, 2.8526256571417488)	(38.0, 3.1775592155036954)	(39.0, 3.5262565714174863)	(40.0, 3.8133620438805798)	(41.0, 4.0088071543579895)	(42.0, 4.096102737201498)	(43.0, 4.218316553182409)	(44.0, 4.356534559351297)	(45.0, 4.2672990746668225)	(46.0, 4.144115307765428)	(47.0, 4.005897301596539)	(48.0, 3.8875632892975616)	(49.0, 3.726066461037072)	(50.0, 3.5461405652873963)	(51.0, 3.357970086713612)	(52.0, 3.167859706298861)	(53.0, 3.0155774117829637)	(54.0, 2.79345865099226)	(55.0, 2.5693999883605887)	(56.0, 2.324002405478283)	(57.0, 2.0805447244369435)	(58.0, 1.8608508409474482)	(59.0, 1.6387320801567442)	(60.0, 1.4093386874624143)	(61.0, 1.2357174726958817)	(62.0, 1.0737356689751498)	(63.0, 0.9214533744592524)	(64.0, 0.8050592640012415)	(65.0, 0.674600865196221)	(66.0, 0.5814855768298124)	(67.0, 0.49225009214533744)	(68.0, 0.3831306135909523)	(69.0, 0.30892936817397043)	(70.0, 0.24927738656423987)	(71.0, 0.18623057673281732)	(72.0, 0.13288327610622902)	(73.0, 0.09505519020737552)	(74.0, 0.06886651535432307)	(75.0, 0.04267784050127064)	(76.0, 0.02715862577353586)	(77.0, 0.0164891656482182)	(78.0, 0.0077596073638673884)	(79.0, 0.00533473006265883)	(80.0, 0.0038798036819336942)	(81.0, 0.0014549263807251353)	(82.0, 0.0009699509204834236)	(83.0, 0.0004849754602417118)	(84.0, 0.0)	(85.0, 0.0)	(86.0, 0.0)	(87.0, 0.0)	(88.0, 0.0)	(89.0, 0.0)	(90.0, 0.0)	(91.0, 0.0)	(92.0, 0.0)	(93.0, 0.0)	(94.0, 0.0)	(95.0, 0.0)	(96.0, 0.0)	(97.0, 0.0)	(98.0, 0.0)	(99.0, 0.0)	(100.0, 0.0)
SRR8865598_R2	(0.0, 0.0)	(1.0, 0.0)	(2.0, 0.0)	(3.0, 0.0)	(4.0, 0.0)	(5.0, 0.0)	(6.0, 0.0)	(7.0, 0.0)	(8.0, 0.0004848813980100468)	(9.0, 0.0009697627960200936)	(10.0, 0.0004848813980100468)	(11.0, 0.0009697627960200936)	(12.0, 0.0019395255920401872)	(13.0, 0.0014546441940301402)	(14.0, 0.0009697627960200936)	(15.0, 0.0024244069900502337)	(16.0, 0.004848813980100467)	(17.0, 0.007273220970150701)	(18.0, 0.01309179774627126)	(19.0, 0.02230454430846215)	(20.0, 0.04412420721891425)	(21.0, 0.07176244690548692)	(22.0, 0.10230997498011986)	(23.0, 0.13528191004480306)	(24.0, 0.20316530576620961)	(25.0, 0.29141372020403805)	(26.0, 0.3752982020597762)	(27.0, 0.49409414457223766)	(28.0, 0.6206481894528598)	(29.0, 0.7292616226071102)	(30.0, 0.8994549933086368)	(31.0, 1.14044104811963)	(32.0, 1.3940340192788845)	(33.0, 1.639868888069978)	(34.0, 1.8842491126670418)	(35.0, 2.1712989002889893)	(36.0, 2.5276867278263735)	(37.0, 2.8811652669756977)	(38.0, 3.2322193991349715)	(39.0, 3.5556352916076728)	(40.0, 3.7432843926375607)	(41.0, 3.984755328846564)	(42.0, 4.282957388622743)	(43.0, 4.380418549622762)	(44.0, 4.317868849279466)	(45.0, 4.25531914893617)	(46.0, 4.169495141488392)	(47.0, 4.052638724567971)	(48.0, 3.9081440679609765)	(49.0, 3.746193681025621)	(50.0, 3.544967900851452)	(51.0, 3.3354991369111118)	(52.0, 3.201186989662329)	(53.0, 3.0275994491747316)	(54.0, 2.7458833569308947)	(55.0, 2.48744157179154)	(56.0, 2.3167633196920034)	(57.0, 2.084505130045191)	(58.0, 1.8333365658759866)	(59.0, 1.610291122791365)	(60.0, 1.3838515099206734)	(61.0, 1.2068697996470064)	(62.0, 1.0526775150798113)	(63.0, 0.8844236699703252)	(64.0, 0.7733858298260246)	(65.0, 0.683682771194166)	(66.0, 0.5668263542737447)	(67.0, 0.46500126069163483)	(68.0, 0.36899474388564557)	(69.0, 0.29189860160204817)	(70.0, 0.23807676642293293)	(71.0, 0.18619445683585795)	(72.0, 0.13043309606470258)	(73.0, 0.09503675400996915)	(74.0, 0.06497410733334627)	(75.0, 0.04654861420896449)	(76.0, 0.03491146065672336)	(77.0, 0.018425493124381777)	(78.0, 0.010667390756221027)	(79.0, 0.008242983766170794)	(80.0, 0.004848813980100467)	(81.0, 0.0024244069900502337)	(82.0, 0.0009697627960200936)	(83.0, 0.0009697627960200936)	(84.0, 0.0004848813980100468)	(85.0, 0.0)	(86.0, 0.0)	(87.0, 0.0)	(88.0, 0.0)	(89.0, 0.0)	(90.0, 0.0)	(91.0, 0.0)	(92.0, 0.0)	(93.0, 0.0)	(94.0, 0.0)	(95.0, 0.0)	(96.0, 0.0)	(97.0, 0.0)	(98.0, 0.0)	(99.0, 0.0)	(100.0, 0.0)
SRR8865599_R1	(0.0, 0.0)	(1.0, 0.0)	(2.0, 0.0)	(3.0, 0.0)	(4.0, 0.0004923004214091607)	(5.0, 0.0004923004214091607)	(6.0, 0.0)	(7.0, 0.0)	(8.0, 0.0)	(9.0, 0.0004923004214091607)	(10.0, 0.0004923004214091607)	(11.0, 0.0004923004214091607)	(12.0, 0.0009846008428183214)	(13.0, 0.0004923004214091607)	(14.0, 0.0024615021070458036)	(15.0, 0.005907605056909928)	(16.0, 0.007876806742546571)	(17.0, 0.009353708006774054)	(18.0, 0.010338308849592375)	(19.0, 0.019199716434957267)	(20.0, 0.029538025284549643)	(21.0, 0.039876334134142016)	(22.0, 0.05907605056909929)	(23.0, 0.06744515773305503)	(24.0, 0.08910637627505809)	(25.0, 0.12947501083060928)	(26.0, 0.18264345634279863)	(27.0, 0.2555039187113544)	(28.0, 0.31901067307313613)	(29.0, 0.4209168603048324)	(30.0, 0.5306998542790753)	(31.0, 0.6513134575243196)	(32.0, 0.7876806742546572)	(33.0, 0.9309400968847229)	(34.0, 1.1017683431137018)	(35.0, 1.2691504863928162)	(36.0, 1.4650860541136623)	(37.0, 1.629022094442913)	(38.0, 1.8062502461502108)	(39.0, 2.0440313496908353)	(40.0, 2.2503052262612737)	(41.0, 2.4688866133669407)	(42.0, 2.7337442400850698)	(43.0, 2.9301721082273247)	(44.0, 3.103461856563349)	(45.0, 3.301858926391241)	(46.0, 3.5086251033830886)	(47.0, 3.796620849907448)	(48.0, 3.979264306250246)	(49.0, 4.0590169745185305)	(50.0, 4.207199401362688)	(51.0, 4.231814422433146)	(52.0, 4.189968886613367)	(53.0, 4.159938560907408)	(54.0, 4.092493403174354)	(55.0, 4.0496632665117565)	(56.0, 3.8025284549643574)	(57.0, 3.432810838486078)	(58.0, 3.162045606711039)	(59.0, 2.873557559765271)	(60.0, 2.562915993856091)	(61.0, 2.3015044700878264)	(62.0, 2.01203182229924)	(63.0, 1.7353589854672915)	(64.0, 1.5005316844551218)	(65.0, 1.222381946358946)	(66.0, 1.0190618723169627)	(67.0, 0.8388799180812099)	(68.0, 0.6606671655310937)	(69.0, 0.5075617344728447)	(70.0, 0.37168681816391635)	(71.0, 0.2958725532669056)	(72.0, 0.22695049426962308)	(73.0, 0.16492064117206884)	(74.0, 0.11372139734551613)	(75.0, 0.08369107163955733)	(76.0, 0.0639990547831909)	(77.0, 0.0413532353983695)	(78.0, 0.027568823598913)	(79.0, 0.019199716434957267)	(80.0, 0.011815210113819856)	(81.0, 0.009353708006774054)	(82.0, 0.004923004214091607)	(83.0, 0.0004923004214091607)	(84.0, 0.0004923004214091607)	(85.0, 0.0004923004214091607)	(86.0, 0.0004923004214091607)	(87.0, 0.0004923004214091607)	(88.0, 0.0)	(89.0, 0.0)	(90.0, 0.0)	(91.0, 0.0)	(92.0, 0.0)	(93.0, 0.0)	(94.0, 0.0)	(95.0, 0.0)	(96.0, 0.0)	(97.0, 0.0)	(98.0, 0.0)	(99.0, 0.0)	(100.0, 0.0)
SRR8865599_R2	(0.0, 0.0)	(1.0, 0.0)	(2.0, 0.0)	(3.0, 0.0004922858802563825)	(4.0, 0.0014768576407691474)	(5.0, 0.000984571760512765)	(6.0, 0.0004922858802563825)	(7.0, 0.0004922858802563825)	(8.0, 0.0004922858802563825)	(9.0, 0.0004922858802563825)	(10.0, 0.0)	(11.0, 0.0004922858802563825)	(12.0, 0.00196914352102553)	(13.0, 0.0014768576407691474)	(14.0, 0.002953715281538295)	(15.0, 0.004430572922307443)	(16.0, 0.005415144682820208)	(17.0, 0.01181486112615318)	(18.0, 0.01575314816820424)	(19.0, 0.024614294012819126)	(20.0, 0.034460011617946776)	(21.0, 0.048244016265125485)	(22.0, 0.05316687506768931)	(23.0, 0.06055116327153505)	(24.0, 0.08467317140409779)	(25.0, 0.11125660893794244)	(26.0, 0.17919206041332322)	(27.0, 0.25254265657152425)	(28.0, 0.3382003997361348)	(29.0, 0.4351807181466421)	(30.0, 0.5415144682820208)	(31.0, 0.6463713607766302)	(32.0, 0.7807654060866226)	(33.0, 0.9466657477330236)	(34.0, 1.0894286530073745)	(35.0, 1.2720667145824922)	(36.0, 1.489164787775557)	(37.0, 1.6402965530142664)	(38.0, 1.795366605295027)	(39.0, 2.0213258243327066)	(40.0, 2.2482696151308987)	(41.0, 2.4835822658934497)	(42.0, 2.695265194403694)	(43.0, 2.8513198184449675)	(44.0, 3.0861401833272617)	(45.0, 3.3042228282808397)	(46.0, 3.48784546161647)	(47.0, 3.762048696919275)	(48.0, 3.9673319089861865)	(49.0, 4.1120639577815625)	(50.0, 4.199198558586943)	(51.0, 4.242027430169248)	(52.0, 4.221843709078736)	(53.0, 4.149477684681048)	(54.0, 4.083511376726693)	(55.0, 3.978654484232083)	(56.0, 3.735957545265687)	(57.0, 3.453385449998523)	(58.0, 3.250071381452637)	(59.0, 2.8966101194285545)	(60.0, 2.571209152579086)	(61.0, 2.334911930056022)	(62.0, 1.9908040997568106)	(63.0, 1.7151240068132365)	(64.0, 1.4798113560506858)	(65.0, 1.2144692665924957)	(66.0, 0.9978634792796873)	(67.0, 0.8304862799925172)	(68.0, 0.6931385194009866)	(69.0, 0.5518524717674047)	(70.0, 0.42090442761920704)	(71.0, 0.31801667864562305)	(72.0, 0.23974322368485826)	(73.0, 0.18608406273691258)	(74.0, 0.1265174712258903)	(75.0, 0.07679659731999568)	(76.0, 0.05415144682820207)	(77.0, 0.034460011617946776)	(78.0, 0.02362972225230636)	(79.0, 0.017230005808973388)	(80.0, 0.008368859964358502)	(81.0, 0.004922858802563825)	(82.0, 0.00196914352102553)	(83.0, 0.000984571760512765)	(84.0, 0.0014768576407691474)	(85.0, 0.0014768576407691474)	(86.0, 0.0004922858802563825)	(87.0, 0.0)	(88.0, 0.0)	(89.0, 0.0)	(90.0, 0.0)	(91.0, 0.0)	(92.0, 0.0)	(93.0, 0.0)	(94.0, 0.0)	(95.0, 0.0)	(96.0, 0.0)	(97.0, 0.0)	(98.0, 0.0)	(99.0, 0.0)	(100.0, 0.0)
SRR8865600_R1	(0.0, 0.0)	(1.0, 0.0)	(2.0, 0.0)	(3.0, 0.0)	(4.0, 0.0)	(5.0, 0.0)	(6.0, 0.0)	(7.0, 0.0)	(8.0, 0.0)	(9.0, 0.0004947996556194397)	(10.0, 0.0014843989668583192)	(11.0, 0.0024739982780971983)	(12.0, 0.0014843989668583192)	(13.0, 0.0024739982780971983)	(14.0, 0.004453196900574957)	(15.0, 0.005937595867433277)	(16.0, 0.011875191734866553)	(17.0, 0.019297186569158145)	(18.0, 0.023750383469733106)	(19.0, 0.03809957348269685)	(20.0, 0.05838635936309388)	(21.0, 0.07372514868729652)	(22.0, 0.10935072389189618)	(23.0, 0.15536709186450406)	(24.0, 0.2167222491613146)	(25.0, 0.25927501954458637)	(26.0, 0.3102393840733887)	(27.0, 0.39831372277364896)	(28.0, 0.46907007352722885)	(29.0, 0.5487328180819586)	(30.0, 0.6610523399075714)	(31.0, 0.766444666554512)	(32.0, 0.8906393801149914)	(33.0, 1.005927699874321)	(34.0, 1.1132992251437392)	(35.0, 1.2632235207964295)	(36.0, 1.423538609217128)	(37.0, 1.5838536976378264)	(38.0, 1.7456531850253834)	(39.0, 1.9059682734460817)	(40.0, 2.0791481529128855)	(41.0, 2.2637084244589363)	(42.0, 2.4670710829185265)	(43.0, 2.6699389417224966)	(44.0, 2.8747859991489446)	(45.0, 3.023720695490396)	(46.0, 3.1899733797785275)	(47.0, 3.390367240304401)	(48.0, 3.5670107173605405)	(49.0, 3.7871965641111913)	(50.0, 4.026679597431)	(51.0, 4.167202699626921)	(52.0, 4.23004225589059)	(53.0, 4.267647029717668)	(54.0, 4.244886245559173)	(55.0, 4.20431267379838)	(56.0, 4.095951549217721)	(57.0, 3.8619113121097266)	(58.0, 3.5917507001415125)	(59.0, 3.2414325439629494)	(60.0, 2.8386656242887254)	(61.0, 2.4957694629444536)	(62.0, 2.104382935349477)	(63.0, 1.7263559984562253)	(64.0, 1.459658984077347)	(65.0, 1.2013735638439997)	(66.0, 0.9490257394780854)	(67.0, 0.7610018703426982)	(68.0, 0.603160780200097)	(69.0, 0.47698686801713985)	(70.0, 0.3453701596223689)	(71.0, 0.23601943573047274)	(72.0, 0.16427348566565397)	(73.0, 0.12221551493800162)	(74.0, 0.08263154248844642)	(75.0, 0.04552156831698845)	(76.0, 0.028698380025927502)	(77.0, 0.021771184847255345)	(78.0, 0.010885592423627672)	(79.0, 0.003463597589336078)	(80.0, 0.004453196900574957)	(81.0, 0.0024739982780971983)	(82.0, 0.0004947996556194397)	(83.0, 0.0)	(84.0, 0.0)	(85.0, 0.0)	(86.0, 0.0)	(87.0, 0.0)	(88.0, 0.0)	(89.0, 0.0)	(90.0, 0.0)	(91.0, 0.0)	(92.0, 0.0)	(93.0, 0.0)	(94.0, 0.0)	(95.0, 0.0)	(96.0, 0.0)	(97.0, 0.0)	(98.0, 0.0)	(99.0, 0.0)	(100.0, 0.0)
SRR8865600_R2	(0.0, 0.0)	(1.0, 0.0)	(2.0, 0.0)	(3.0, 0.0)	(4.0, 0.0)	(5.0, 0.0)	(6.0, 0.0)	(7.0, 0.0)	(8.0, 0.0)	(9.0, 0.0)	(10.0, 0.0)	(11.0, 0.0009896580731357317)	(12.0, 0.0009896580731357317)	(13.0, 0.0019793161462714633)	(14.0, 0.006432777475382255)	(15.0, 0.006927606511950121)	(16.0, 0.011875896877628779)	(17.0, 0.01979316146271463)	(18.0, 0.02127764857241823)	(19.0, 0.03958632292542926)	(20.0, 0.06630709090009401)	(21.0, 0.08708991043594438)	(22.0, 0.10935721708149834)	(23.0, 0.15240734326290267)	(24.0, 0.2068385372853679)	(25.0, 0.2632490474541046)	(26.0, 0.3345044287198773)	(27.0, 0.4112029293878965)	(28.0, 0.4760255331782869)	(29.0, 0.5769706566381315)	(30.0, 0.6883071898659013)	(31.0, 0.7630263743876491)	(32.0, 0.8788163689445296)	(33.0, 1.047058241377604)	(34.0, 1.146518877727745)	(35.0, 1.2672571626503042)	(36.0, 1.4152110445840962)	(37.0, 1.5498045425305556)	(38.0, 1.7526844475233807)	(39.0, 1.9476470879311198)	(40.0, 2.1351872927903406)	(41.0, 2.331139591271216)	(42.0, 2.514226334801326)	(43.0, 2.655747439259736)	(44.0, 2.802216834083824)	(45.0, 2.9808501162848238)	(46.0, 3.1624523727052303)	(47.0, 3.415804839427978)	(48.0, 3.617695086347667)	(49.0, 3.7102281161858577)	(50.0, 3.850264733534564)	(51.0, 4.029392844772131)	(52.0, 4.152110445840962)	(53.0, 4.24315898856945)	(54.0, 4.249096937008264)	(55.0, 4.169924291157405)	(56.0, 4.090256816269979)	(57.0, 3.8774803305457963)	(58.0, 3.59839675392152)	(59.0, 3.2950665545054187)	(60.0, 2.939284477213123)	(61.0, 2.5859765451036667)	(62.0, 2.1727942995694987)	(63.0, 1.7596120540353306)	(64.0, 1.431045573754268)	(65.0, 1.1989707556039388)	(66.0, 0.9792666633678063)	(67.0, 0.7452125290712059)	(68.0, 0.5853827502597853)	(69.0, 0.4502944232767579)	(70.0, 0.3414320352318274)	(71.0, 0.2518679796130437)	(72.0, 0.15735563362858132)	(73.0, 0.09550200405759811)	(74.0, 0.06432777475382256)	(75.0, 0.047998416547082985)	(76.0, 0.02919491315750408)	(77.0, 0.01286555495076451)	(78.0, 0.008412093621653719)	(79.0, 0.005443119402246524)	(80.0, 0.002474145182839329)	(81.0, 0.0014844871097035974)	(82.0, 0.0019793161462714633)	(83.0, 0.0009896580731357317)	(84.0, 0.0)	(85.0, 0.0)	(86.0, 0.0)	(87.0, 0.0)	(88.0, 0.0)	(89.0, 0.0)	(90.0, 0.0)	(91.0, 0.0)	(92.0, 0.0)	(93.0, 0.0)	(94.0, 0.0)	(95.0, 0.0)	(96.0, 0.0)	(97.0, 0.0)	(98.0, 0.0)	(99.0, 0.0)	(100.0, 0.0)
SRR8865601_R1	(0.0, 0.0)	(1.0, 0.0)	(2.0, 0.0)	(3.0, 0.0)	(4.0, 0.0)	(5.0, 0.0)	(6.0, 0.0)	(7.0, 0.0)	(8.0, 0.0004929508035098097)	(9.0, 0.0004929508035098097)	(10.0, 0.0)	(11.0, 0.0)	(12.0, 0.0014788524105294291)	(13.0, 0.0029577048210588583)	(14.0, 0.0029577048210588583)	(15.0, 0.008380163659666765)	(16.0, 0.012816720891255053)	(17.0, 0.01873213053337277)	(18.0, 0.025140490979000292)	(19.0, 0.031055900621118012)	(20.0, 0.03795721187025535)	(21.0, 0.04633737552992211)	(22.0, 0.07197081731243221)	(23.0, 0.101054914719511)	(24.0, 0.13063196293009957)	(25.0, 0.18337769890564923)	(26.0, 0.2592921226461599)	(27.0, 0.33471359558316083)	(28.0, 0.4254165434289658)	(29.0, 0.5461894902888692)	(30.0, 0.64773735581189)	(31.0, 0.7492852213349108)	(32.0, 0.8868184955141477)	(33.0, 1.0583653751355615)	(34.0, 1.2663906142167012)	(35.0, 1.4680074928522133)	(36.0, 1.6543428965789215)	(37.0, 1.880607315389924)	(38.0, 2.1053928817903973)	(39.0, 2.323770087745243)	(40.0, 2.5815833579808736)	(41.0, 2.750665483584738)	(42.0, 2.8926353149955633)	(43.0, 3.1021394064872325)	(44.0, 3.262841368431431)	(45.0, 3.287488908606921)	(46.0, 3.3116434979789013)	(47.0, 3.3481218574386276)	(48.0, 3.354037267080745)	(49.0, 3.3574879227053143)	(50.0, 3.2983338262841366)	(51.0, 3.275658089322685)	(52.0, 3.2968549738736073)	(53.0, 3.274179236912156)	(54.0, 3.2086167800453516)	(55.0, 3.2189687469190575)	(56.0, 3.229813664596273)	(57.0, 3.181011535048802)	(58.0, 3.118899733806566)	(59.0, 3.0010844917677217)	(60.0, 2.9241841664201913)	(61.0, 2.825594005718229)	(62.0, 2.525879917184265)	(63.0, 2.2133491077590457)	(64.0, 1.984126984126984)	(65.0, 1.7366656807650598)	(66.0, 1.443359952676723)	(67.0, 1.1653356994971902)	(68.0, 0.9696342305037957)	(69.0, 0.7709750566893424)	(70.0, 0.5486542443064182)	(71.0, 0.3869663807552006)	(72.0, 0.29478458049886624)	(73.0, 0.21098294390219854)	(74.0, 0.13506852016168788)	(75.0, 0.08182983338262842)	(76.0, 0.05323868677905945)	(77.0, 0.03697131026323573)	(78.0, 0.02612639258601991)	(79.0, 0.01478852410529429)	(80.0, 0.007394262052647145)	(81.0, 0.0044365572315882874)	(82.0, 0.0024647540175490486)	(83.0, 0.0014788524105294291)	(84.0, 0.0009859016070196194)	(85.0, 0.0004929508035098097)	(86.0, 0.0)	(87.0, 0.0)	(88.0, 0.0)	(89.0, 0.0)	(90.0, 0.0)	(91.0, 0.0)	(92.0, 0.0)	(93.0, 0.0)	(94.0, 0.0)	(95.0, 0.0)	(96.0, 0.0)	(97.0, 0.0)	(98.0, 0.0)	(99.0, 0.0)	(100.0, 0.0)
SRR8865601_R2	(0.0, 0.0)	(1.0, 0.0)	(2.0, 0.0)	(3.0, 0.0)	(4.0, 0.0)	(5.0, 0.0)	(6.0, 0.0)	(7.0, 0.0)	(8.0, 0.0)	(9.0, 0.0004930042694169731)	(10.0, 0.0009860085388339462)	(11.0, 0.0009860085388339462)	(12.0, 0.0014790128082509194)	(13.0, 0.0009860085388339462)	(14.0, 0.0024650213470848656)	(15.0, 0.005916051233003677)	(16.0, 0.008381072580088543)	(17.0, 0.016269140890760113)	(18.0, 0.026622230548516552)	(19.0, 0.032538281781520226)	(20.0, 0.04091935436160877)	(21.0, 0.05817450379120283)	(22.0, 0.07937368737613268)	(23.0, 0.10007986669164555)	(24.0, 0.1321251442037488)	(25.0, 0.18438359676194796)	(26.0, 0.2642502884074976)	(27.0, 0.34806101420838303)	(28.0, 0.40919354361608773)	(29.0, 0.5122314359242351)	(30.0, 0.6364685118173123)	(31.0, 0.7557755450162198)	(32.0, 0.919945966732072)	(33.0, 1.0949624823750974)	(34.0, 1.2231435924235103)	(35.0, 1.4208383044597166)	(36.0, 1.6762145160177087)	(37.0, 1.83890592492531)	(38.0, 2.053362782121693)	(39.0, 2.308738993679685)	(40.0, 2.5577061497352567)	(41.0, 2.7608239087350497)	(42.0, 2.896400082824717)	(43.0, 3.119238012601189)	(44.0, 3.282915430047624)	(45.0, 3.3672191601179264)	(46.0, 3.356373066190753)	(47.0, 3.309044656326724)	(48.0, 3.4071525059407013)	(49.0, 3.40567349313245)	(50.0, 3.3120026819432256)	(51.0, 3.253335173882606)	(52.0, 3.2336150031059265)	(53.0, 3.2237549177175877)	(54.0, 3.2055137597491594)	(55.0, 3.2005837170549896)	(56.0, 3.2553071909602735)	(57.0, 3.1936816572831517)	(58.0, 3.055147457576983)	(59.0, 2.998451966594031)	(60.0, 2.864847809582031)	(61.0, 2.7218765714511086)	(62.0, 2.553762115579921)	(63.0, 2.3077529851408514)	(64.0, 1.9897652313669036)	(65.0, 1.6983997081414726)	(66.0, 1.4790128082509195)	(67.0, 1.2270876265788462)	(68.0, 0.972204419290271)	(69.0, 0.7681006517516442)	(70.0, 0.5837170549896962)	(71.0, 0.42694169731509873)	(72.0, 0.3076346641161912)	(73.0, 0.20262475473037597)	(74.0, 0.13113913566491486)	(75.0, 0.09465681972805884)	(76.0, 0.055216478174700996)	(77.0, 0.028101243356767468)	(78.0, 0.01922716650726195)	(79.0, 0.008874076849505518)	(80.0, 0.004930042694169731)	(81.0, 0.0034510298859188123)	(82.0, 0.0004930042694169731)	(83.0, 0.0)	(84.0, 0.0004930042694169731)	(85.0, 0.0004930042694169731)	(86.0, 0.0)	(87.0, 0.0)	(88.0, 0.0004930042694169731)	(89.0, 0.0004930042694169731)	(90.0, 0.0)	(91.0, 0.0)	(92.0, 0.0)	(93.0, 0.0)	(94.0, 0.0)	(95.0, 0.0)	(96.0, 0.0)	(97.0, 0.0)	(98.0, 0.0)	(99.0, 0.0)	(100.0, 0.0)
