Sample	0	1	2	3	4	5	6	7	8	9	10	11	12	13	14	15	16	17	18	19	20	21	22	23	24	25	26	27	28	29	30	31	32	33	34	35	36	37
SRR5898908_R1	(1, 31.25210316581802)	(2, 31.382200575603278)	(3, 31.41574053575382)	(4, 31.542428603055125)	(5, 31.471219836174452)	(6, 34.791144564976754)	(7, 34.80429488598627)	(8, 34.739539517378795)	(9, 34.96735665264556)	(10, 34.921937126411336)	(15, 34.8789926942661)	(20, 34.80143900819128)	(25, 34.6653907460704)	(30, 34.519287137480624)	(35, 34.40956165596635)	(40, 34.29373920743857)	(45, 34.22733230019925)	(50, 34.066378223259605)	(55, 33.77573838202436)	(60, 33.66237197613539)	(65, 33.521107581909476)	(70, 33.12371770926066)	(75, 32.952582457590935)	(80, 32.711716989578875)	(85, 32.593365788462755)	(90, 32.41653656764326)	(95, 32.23646843676488)	(100, 31.868537059703094)	(105, 31.656890107927484)	(110, 31.370540113986245)	(115, 31.06506893805365)	(120, 30.821662818094875)	(125, 30.352466016983396)	(130, 30.116076336322102)	(135, 29.748812314843526)	(140, 28.96301029597646)	(145, 28.758577596378775)	(150, 26.68060464007226)
SRR5898908_R2	(1, 31.337735222492803)	(2, 30.923256586229797)	(3, 30.911545273411555)	(4, 30.96642683196812)	(5, 30.850309940225813)	(6, 34.440878901926055)	(7, 34.36954837281382)	(8, 34.31360416205446)	(9, 34.53340712862519)	(10, 34.398977197254816)	(15, 34.2878857648882)	(20, 34.13892627850343)	(25, 34.034018153641796)	(30, 33.8099048040735)	(35, 33.593548815585564)	(40, 33.34234669028116)	(45, 33.094766437901264)	(50, 32.96326923120302)	(55, 32.70745036358029)	(60, 32.52720383354376)	(65, 32.31572392178878)	(70, 32.04061233505365)	(75, 31.79098500375744)	(80, 31.556150817547213)	(85, 31.197668296437683)	(90, 30.6131053988521)	(95, 30.256674079021604)	(100, 29.654628559406262)	(105, 28.811929620514455)	(110, 28.284331669372882)	(115, 27.672467095844365)	(120, 27.155600070398485)	(125, 26.69508124634436)	(130, 26.438966815278775)	(135, 26.030358222727376)	(140, 25.57971765601572)	(145, 25.148673920146813)	(150, 22.51779292801079)
SRR5898909_R1	(1, 31.20749786866551)	(2, 31.32316566835328)	(3, 31.399528338444846)	(4, 31.52083171868599)	(5, 31.472658023228778)	(6, 34.77658078588115)	(7, 34.81152359968556)	(8, 34.72134323896412)	(9, 34.853242396395)	(10, 34.86984355451234)	(15, 34.83961071313898)	(20, 34.79072620378879)	(25, 34.6277128843322)	(30, 34.48299693309271)	(35, 34.35852699874888)	(40, 34.23488745446694)	(45, 34.20252217141465)	(50, 33.98794517982094)	(55, 33.728244066600745)	(60, 33.575146736928104)	(65, 33.406744681033956)	(70, 32.97444966194507)	(75, 32.81722876470598)	(80, 32.55601077261792)	(85, 32.42017181957461)	(90, 32.21606371636233)	(95, 32.0313771883403)	(100, 31.633524237908226)	(105, 31.405381887424)	(110, 31.128495310444045)	(115, 30.839430714326973)	(120, 30.558586092173705)	(125, 30.23465653953062)	(130, 30.012609255801287)	(135, 29.64255096461838)	(140, 28.94749363177624)	(145, 28.65926116239632)	(150, 26.772452699646642)
SRR5898909_R2	(1, 31.36340083481881)	(2, 30.97991563236971)	(3, 31.006532401820216)	(4, 31.038131511642067)	(5, 30.94884797218747)	(6, 34.58903442243603)	(7, 34.486697151208496)	(8, 34.43948670822308)	(9, 34.628859929804364)	(10, 34.4942016629945)	(15, 34.3971168857051)	(20, 34.24154386120307)	(25, 34.151250567433216)	(30, 33.95078997774554)	(35, 33.78414508575161)	(40, 33.55950353746166)	(45, 33.26567610358839)	(50, 33.05800372659588)	(55, 32.82169368708774)	(60, 32.59939356572871)	(65, 32.39030734695946)	(70, 32.13578036987322)	(75, 31.835535734520192)	(80, 31.584280221733565)	(85, 31.221417532694165)	(90, 30.74296215829562)	(95, 30.335647092261574)	(100, 29.689851170215615)	(105, 28.995027487363767)	(110, 28.44125517414568)	(115, 27.739662042773737)	(120, 27.23119585308553)	(125, 26.71129641505115)	(130, 26.41648193925831)	(135, 25.825203569048234)	(140, 25.42497551554468)	(145, 24.878637468141278)	(150, 22.374502058091725)
SRR5898910_R1	(1, 30.94760639177759)	(2, 31.040792245172533)	(3, 31.043902116256245)	(4, 31.210974977668478)	(5, 31.054202185732088)	(6, 33.98459400743281)	(7, 34.042236901597946)	(8, 34.037572094972376)	(9, 34.13788197928958)	(10, 34.13935751386761)	(15, 34.04655984296254)	(20, 34.03841021625734)	(25, 33.81287398405364)	(30, 33.65379415300124)	(35, 33.519621963188825)	(40, 33.439054246297374)	(45, 33.30948069564066)	(50, 33.16746751559949)	(55, 32.98843308509686)	(60, 32.85770056943678)	(65, 32.667686043020964)	(70, 32.591672855101024)	(75, 32.18481700624069)	(80, 32.03611791697317)	(85, 31.770768439128336)	(90, 31.596376861260712)	(95, 31.38390078178976)	(100, 31.37548992863504)	(105, 31.112629735999217)	(110, 30.90227461208433)	(115, 30.91375022589046)	(120, 30.707231219690964)	(125, 30.48009153629842)	(130, 30.327280470512278)	(135, 30.20016359410841)	(140, 29.96030006652466)	(145, 29.61551742915906)	(150, 27.789279401177733)
SRR5898910_R2	(1, 31.04477332127615)	(2, 30.752963751254423)	(3, 30.660726298260897)	(4, 30.726783489010685)	(5, 30.61363711553943)	(6, 34.053705929708094)	(7, 33.9359278333462)	(8, 33.82345416248525)	(9, 34.08073534114845)	(10, 33.920173358771045)	(15, 33.734412598286255)	(20, 33.69375489363579)	(25, 33.59071008723079)	(30, 33.45594239018957)	(35, 33.345991905512854)	(40, 33.19659237530188)	(45, 32.94879740623519)	(50, 32.6506381240471)	(55, 32.420308653271036)	(60, 32.29575758312469)	(65, 32.04088762771291)	(70, 31.76811962999947)	(75, 31.61301439039798)	(80, 31.369683960705697)	(85, 31.198648768371463)	(90, 30.989841927571792)	(95, 30.479240787664217)	(100, 30.523564137239994)	(105, 30.36815320080503)	(110, 30.012286985844135)	(115, 29.666012172463972)	(120, 29.303515841466215)	(125, 29.382710287816327)	(130, 29.177263897579245)	(135, 28.90768886148561)	(140, 28.446607016407803)	(145, 27.778581493561028)	(150, 26.0686994451928)
SRR5898911_R1	(1, 31.15884480539653)	(2, 31.181722362756844)	(3, 31.288787556028936)	(4, 31.4259530466427)	(5, 31.35493498424533)	(6, 34.59510495717392)	(7, 34.62447299516265)	(8, 34.536779390227665)	(9, 34.82321484045622)	(10, 34.74162783473129)	(15, 34.69531132117339)	(20, 34.612952114676254)	(25, 34.45128478231926)	(30, 34.29508942439977)	(35, 34.164105977899084)	(40, 34.04007899525141)	(45, 33.972227399813605)	(50, 33.77474194782494)	(55, 33.50098536590378)	(60, 33.329858619714095)	(65, 33.2099571814339)	(70, 32.806553574844415)	(75, 32.652057874956455)	(80, 32.35862830459756)	(85, 32.22823611030272)	(90, 32.04107024864764)	(95, 31.826352468293614)	(100, 31.474900995766994)	(105, 31.23369304304321)	(110, 30.97946823837911)	(115, 30.65739829500036)	(120, 30.347772026553095)	(125, 29.92701911720595)	(130, 29.76007010673182)	(135, 29.328461748958933)	(140, 28.65836042730574)	(145, 28.38536084549137)	(150, 26.480629996282417)
SRR5898911_R2	(1, 31.28298495539875)	(2, 30.89688456929836)	(3, 30.92532064083788)	(4, 30.96507344783207)	(5, 30.831979763014246)	(6, 34.375582479030754)	(7, 34.3134513824169)	(8, 34.287722451515556)	(9, 34.478276305862515)	(10, 34.32544934096658)	(15, 34.21273021790263)	(20, 34.074089113744286)	(25, 33.95136244619003)	(30, 33.723177118004706)	(35, 33.48017796121245)	(40, 33.23961301202681)	(45, 32.960839657391375)	(50, 32.79793027801299)	(55, 32.53828563981128)	(60, 32.29396037328948)	(65, 32.089302586602045)	(70, 31.7779352748676)	(75, 31.50265324138811)	(80, 31.207747664052597)	(85, 30.826985613678573)	(90, 30.269733629807128)	(95, 29.885630025673755)	(100, 29.23370168027724)	(105, 28.43592356575603)	(110, 27.815922750582008)	(115, 27.209099921391037)	(120, 26.651529173686903)	(125, 26.17467641256159)	(130, 25.874405021461094)	(135, 25.448030827251976)	(140, 25.036080052473082)	(145, 24.516940297862106)	(150, 22.048409517604163)
SRR5898912_R1	(1, 31.22181802098652)	(2, 31.290460973694977)	(3, 31.33590596976968)	(4, 31.486747973772378)	(5, 31.43476818629131)	(6, 34.67705304127644)	(7, 34.70758190603611)	(8, 34.64642466192682)	(9, 34.90033060958215)	(10, 34.851681243711226)	(15, 34.80594654960802)	(20, 34.738033370559165)	(25, 34.57089308815887)	(30, 34.44415351784075)	(35, 34.30872079523215)	(40, 34.19469918950895)	(45, 34.13728811685225)	(50, 33.94885157895352)	(55, 33.71460732460894)	(60, 33.53613658271706)	(65, 33.37678405412406)	(70, 32.98733625962528)	(75, 32.83900121845786)	(80, 32.547993173526095)	(85, 32.43601167520588)	(90, 32.26988637953796)	(95, 32.018358118949195)	(100, 31.66098555310298)	(105, 31.401011507972857)	(110, 31.1651765184434)	(115, 30.837250531404532)	(120, 30.577512593052013)	(125, 30.180412023838386)	(130, 29.990665752387002)	(135, 29.59864143893954)	(140, 28.84849127366285)	(145, 28.607278466193975)	(150, 26.78211610451413)
SRR5898912_R2	(1, 31.32096772410133)	(2, 30.95074027797742)	(3, 30.951691195170227)	(4, 31.018023197956634)	(5, 30.875628876922566)	(6, 34.48312121982773)	(7, 34.43009100056391)	(8, 34.36057453089928)	(9, 34.566016873251584)	(10, 34.41910016696337)	(15, 34.31667311668639)	(20, 34.1864704386382)	(25, 34.06970223023254)	(30, 33.86008248653789)	(35, 33.65062417762248)	(40, 33.43172525127434)	(45, 33.14693218633554)	(50, 33.00293673912705)	(55, 32.74471082594136)	(60, 32.519759638635904)	(65, 32.30946135594227)	(70, 32.045520130106496)	(75, 31.757958240268703)	(80, 31.50350274504705)	(85, 31.133122945810886)	(90, 30.57428482360394)	(95, 30.218375007851375)	(100, 29.532115901354665)	(105, 28.716277396114606)	(110, 28.201815961336962)	(115, 27.537848703893463)	(120, 26.95538810139218)	(125, 26.504517626979045)	(130, 26.21770600710177)	(135, 25.724685413705885)	(140, 25.235495488481753)	(145, 24.730502685214862)	(150, 22.222904550221955)
SRR5898920_R1	(1, 30.96731288238014)	(2, 31.036482694106642)	(3, 31.017343526552906)	(4, 31.17909099706461)	(5, 31.03105276173887)	(6, 34.013236132167776)	(7, 34.04615980129673)	(8, 34.04433190327194)	(9, 34.17837059019602)	(10, 34.15287463845252)	(15, 34.03317957485242)	(20, 34.0113953313334)	(25, 33.83133017214498)	(30, 33.67776523337957)	(35, 33.53280001720375)	(40, 33.460441061041045)	(45, 33.32596152812275)	(50, 33.18416069232551)	(55, 33.03044325370116)	(60, 32.888616195886996)	(65, 32.693107380349815)	(70, 32.63271469374424)	(75, 32.2680285304399)	(80, 32.08641262886808)	(85, 31.786122383269323)	(90, 31.60452698552001)	(95, 31.44381814933099)	(100, 31.431991223107026)	(105, 31.219571001087438)	(110, 30.949204037790473)	(115, 30.97447160773286)	(120, 30.803791112767733)	(125, 30.512471658183625)	(130, 30.452224546063064)	(135, 30.25600165839004)	(140, 30.104514935790956)	(145, 29.77448105446277)	(150, 27.984358865937615)
SRR5898920_R2	(1, 31.074169650441384)	(2, 30.764867799963444)	(3, 30.68268765523693)	(4, 30.78730793630313)	(5, 30.64988226186252)	(6, 34.065653796114105)	(7, 34.02103157962647)	(8, 33.86180015698418)	(9, 34.11937249336043)	(10, 33.99275722288529)	(15, 33.83637947162995)	(20, 33.762764642000796)	(25, 33.654357386320875)	(30, 33.514789845488856)	(35, 33.43173230971044)	(40, 33.29991935744008)	(45, 33.06917411266303)	(50, 32.87787256807236)	(55, 32.568402707488744)	(60, 32.45342463514429)	(65, 32.18005879265884)	(70, 31.873008410309023)	(75, 31.76059062229718)	(80, 31.600600176082914)	(85, 31.382563934172317)	(90, 31.20611152230086)	(95, 30.772808270020573)	(100, 30.694348174858554)	(105, 30.587158023567802)	(110, 30.27228664745429)	(115, 29.99368520944381)	(120, 29.65627796817235)	(125, 29.495370086146682)	(130, 29.3376038413517)	(135, 29.209885041010484)	(140, 28.772278409172873)	(145, 28.237314993674744)	(150, 26.405832155318226)
SRR5898921_R1	(1, 30.981848398515066)	(2, 31.02932098765432)	(3, 31.025198566865235)	(4, 31.194433652766985)	(5, 31.022338772338774)	(6, 33.97679789346456)	(7, 34.05327851161184)	(8, 34.02583527583528)	(9, 34.17151212984546)	(10, 34.14792368125701)	(15, 34.05106190106191)	(20, 34.031483639816976)	(25, 33.802458344125014)	(30, 33.63951912285246)	(35, 33.511290252956925)	(40, 33.45332383665717)	(45, 33.29483510316844)	(50, 33.17908360007416)	(55, 32.98717665071895)	(60, 32.857309368617976)	(65, 32.68559164140945)	(70, 32.572551622716915)	(75, 32.1850464963883)	(80, 32.02580114249078)	(85, 31.746076712274423)	(90, 31.61257217650057)	(95, 31.39604502527112)	(100, 31.359948463944193)	(105, 31.147354705219946)	(110, 30.918691156312114)	(115, 30.92298733441937)	(120, 30.733987902117292)	(125, 30.488465262557135)	(130, 30.35981632143005)	(135, 30.2090736080251)	(140, 30.01054737852501)	(145, 29.713414995183303)	(150, 27.754541244579517)
SRR5898921_R2	(1, 30.977348269014936)	(2, 30.680037555037554)	(3, 30.57723603556937)	(4, 30.73168652335319)	(5, 30.568667443667444)	(6, 33.97195243028576)	(7, 33.912598204264874)	(8, 33.72551368384702)	(9, 34.08654925321592)	(10, 33.90688077354744)	(15, 33.71698394198394)	(20, 33.64835750669084)	(25, 33.53070663903997)	(30, 33.39853449020116)	(35, 33.298791332124665)	(40, 33.161760770094105)	(45, 32.942465250798584)	(50, 32.69528363095399)	(55, 32.384363630953445)	(60, 32.28154679961195)	(65, 32.05607568814668)	(70, 31.736600085694725)	(75, 31.603067502268676)	(80, 31.395460318355873)	(85, 31.24095514054208)	(90, 30.987734010329596)	(95, 30.53950532273803)	(100, 30.572875760585674)	(105, 30.44583884367889)	(110, 30.040121918089817)	(115, 29.793132014679184)	(120, 29.46817877098248)	(125, 29.44636711715811)	(130, 29.225117089159255)	(135, 29.014410714418272)	(140, 28.5201520056964)	(145, 27.976058011026918)	(150, 26.14227390148521)
SRR5898922_R1	(1, 30.963337780525638)	(2, 30.994055947848537)	(3, 30.95179677415856)	(4, 31.157235364940938)	(5, 30.992559088000174)	(6, 33.85967481262135)	(7, 33.927380603733475)	(8, 33.91326890327899)	(9, 34.074007788009936)	(10, 34.05163732604428)	(15, 33.950907335697934)	(20, 33.93906261863699)	(25, 33.718147798639805)	(30, 33.55573850509258)	(35, 33.40282667881509)	(40, 33.336238109183995)	(45, 33.17885522762032)	(50, 33.0609314693305)	(55, 32.86791636823071)	(60, 32.73626818925221)	(65, 32.55458381466385)	(70, 32.42551270621125)	(75, 32.053635578299044)	(80, 31.874802373574102)	(85, 31.570662505925668)	(90, 31.410078292359152)	(95, 31.206652661919684)	(100, 31.18436287220693)	(105, 30.96856721963536)	(110, 30.721180173755243)	(115, 30.73958385782213)	(120, 30.56111356467116)	(125, 30.263320968939997)	(130, 30.134278973865484)	(135, 29.980545962146078)	(140, 29.771684810378154)	(145, 29.47128650938303)	(150, 27.659877556671955)
SRR5898922_R2	(1, 31.004458039113597)	(2, 30.697298059505602)	(3, 30.6508737105854)	(4, 30.722679596064776)	(5, 30.591715206143633)	(6, 33.95818554554033)	(7, 33.86408946449296)	(8, 33.70274315837428)	(9, 34.019990671742974)	(10, 33.85938411810007)	(15, 33.67951145965529)	(20, 33.59149610057163)	(25, 33.49111971624744)	(30, 33.36374128187607)	(35, 33.2487542438146)	(40, 33.12962372414391)	(45, 32.8722202336403)	(50, 32.63743323049317)	(55, 32.28603819634933)	(60, 32.17410499876973)	(65, 31.95185855026482)	(70, 31.609054737514953)	(75, 31.477500076718734)	(80, 31.246980047008996)	(85, 31.080396325689936)	(90, 30.83143629664702)	(95, 30.37531823225235)	(100, 30.39846741431383)	(105, 30.251827940837806)	(110, 29.82752898489651)	(115, 29.577945895392055)	(120, 29.227911185932975)	(125, 29.23839841936869)	(130, 28.964028366269183)	(135, 28.76865147313952)	(140, 28.27305707567448)	(145, 27.713010653185904)	(150, 26.00891621578083)
SRR5898923_R1	(1, 30.920927084356816)	(2, 30.94171333748185)	(3, 30.91219336455638)	(4, 31.109466260548697)	(5, 30.915468509481546)	(6, 33.80865511632223)	(7, 33.86383039116148)	(8, 33.840151093352546)	(9, 34.004901800237995)	(10, 33.968709265384994)	(15, 33.85513160624024)	(20, 33.84061616393193)	(25, 33.64490442035394)	(30, 33.457103243485186)	(35, 33.30013646437188)	(40, 33.218135569165604)	(45, 33.07608161661154)	(50, 32.96911336428902)	(55, 32.752906883027734)	(60, 32.63603202169155)	(65, 32.44527604796298)	(70, 32.33538593145844)	(75, 31.962539827687955)	(80, 31.782654832457883)	(85, 31.49111140738886)	(90, 31.317777322791425)	(95, 31.096513126414834)	(100, 31.07254582644602)	(105, 30.835297310568695)	(110, 30.58809223032565)	(115, 30.610544104175432)	(120, 30.409597835223735)	(125, 30.15734566408134)	(130, 30.007904947452015)	(135, 29.87839610136545)	(140, 29.62423283135896)	(145, 29.304249240378443)	(150, 27.36851076807695)
SRR5898923_R2	(1, 30.92801231454492)	(2, 30.639024443498293)	(3, 30.533859539951308)	(4, 30.64844594373301)	(5, 30.49609711896418)	(6, 33.87043526676055)	(7, 33.767388290265174)	(8, 33.63214663915545)	(9, 33.93413683555497)	(10, 33.76441882553303)	(15, 33.58471162348934)	(20, 33.51335713271978)	(25, 33.38891690957325)	(30, 33.24019476195155)	(35, 33.1505998973788)	(40, 33.02344785423422)	(45, 32.73506042642387)	(50, 32.46764685906848)	(55, 32.163139007338444)	(60, 32.052167955203274)	(65, 31.820747510845802)	(70, 31.493807216839777)	(75, 31.355552601973738)	(80, 31.134364536727)	(85, 30.963323925848083)	(90, 30.676549655113)	(95, 30.225472135457732)	(100, 30.2389330552383)	(105, 30.083575680606565)	(110, 29.714730203157966)	(115, 29.415340964544914)	(120, 29.072084546504122)	(125, 29.108871480510096)	(130, 28.883736577007255)	(135, 28.645892208918866)	(140, 28.134687616976635)	(145, 27.515465401888754)	(150, 25.860092069276853)
SRR5898924_R1	(1, 31.0127966166356)	(2, 31.04753496179545)	(3, 31.054216670481672)	(4, 31.200429460558297)	(5, 31.074054696271105)	(6, 33.99328559127127)	(7, 34.08294910783384)	(8, 34.04164895414364)	(9, 34.18398133917574)	(10, 34.18286517772473)	(15, 34.0777018410124)	(20, 34.0879216942982)	(25, 33.85943995727194)	(30, 33.69426550254515)	(35, 33.554440120772156)	(40, 33.47873734235854)	(45, 33.34587052963168)	(50, 33.22621050084563)	(55, 33.03697187993505)	(60, 32.921331309934374)	(65, 32.73559117144858)	(70, 32.61220403110353)	(75, 32.26114303982814)	(80, 32.09060370897828)	(85, 31.81034014152981)	(90, 31.668474671456117)	(95, 31.43690104972548)	(100, 31.430561856208364)	(105, 31.245540405115086)	(110, 30.98233177064558)	(115, 30.986640166095334)	(120, 30.840612028802173)	(125, 30.578433443714307)	(130, 30.430300034012333)	(135, 30.291221180173512)	(140, 30.104103922819792)	(145, 29.776724099470094)	(150, 27.93894851934784)
SRR5898924_R2	(1, 30.991672389174106)	(2, 30.583423258450235)	(3, 30.546276010158813)	(4, 30.671746073269894)	(5, 30.49050063765083)	(6, 33.87678623982211)	(7, 33.82224256891534)	(8, 33.65339044940758)	(9, 33.956181943036526)	(10, 33.80430986560283)	(15, 33.641668574169145)	(20, 33.54409164731915)	(25, 33.46541098503428)	(30, 33.29360278168362)	(35, 33.20885517151172)	(40, 33.07596655875652)	(45, 32.839859171816926)	(50, 32.593487581246414)	(55, 32.32183557039868)	(60, 32.168619932391614)	(65, 31.931448988370807)	(70, 31.645374636278525)	(75, 31.498581301715443)	(80, 31.28733777810607)	(85, 31.098780552043166)	(90, 30.89089864371734)	(95, 30.419354715904518)	(100, 30.450275255947645)	(105, 30.34785369152222)	(110, 29.94081123269641)	(115, 29.69259862127268)	(120, 29.355212229614928)	(125, 29.33833647850098)	(130, 29.0911497969435)	(135, 28.902082494545358)	(140, 28.42012779741542)	(145, 27.875849348640095)	(150, 26.187066056895137)
SRR5898925_R1	(1, 30.971874833413295)	(2, 31.018774988005756)	(3, 31.023668639053255)	(4, 31.18960498960499)	(5, 30.998219521296445)	(6, 33.97033957033957)	(7, 34.04344581267658)	(8, 33.98715283330668)	(9, 34.188005757236525)	(10, 34.1399306999307)	(15, 34.018092648861874)	(20, 34.00708566554721)	(25, 33.82978410363026)	(30, 33.67767151767152)	(35, 33.5174881390266)	(40, 33.44133695826004)	(45, 33.30764113225652)	(50, 33.18916299239622)	(55, 33.01808578039574)	(60, 32.871120089533896)	(65, 32.69679266353977)	(70, 32.61777045303286)	(75, 32.28148591482112)	(80, 32.06778523537442)	(85, 31.771558829320867)	(90, 31.633998654667458)	(95, 31.435923563924394)	(100, 31.421287085758273)	(105, 31.217709611648853)	(110, 30.968961599496573)	(115, 30.992940522130493)	(120, 30.78573410153292)	(125, 30.496825330259288)	(130, 30.44000839005173)	(135, 30.25442736663316)	(140, 30.07868765068786)	(145, 29.78492210347117)	(150, 27.98650473866161)
SRR5898925_R2	(1, 31.03477797323951)	(2, 30.73443147289301)	(3, 30.69388560157791)	(4, 30.792558238712086)	(5, 30.656794072178688)	(6, 34.003454341915884)	(7, 33.991460099152405)	(8, 33.837560637560635)	(9, 34.10989924836079)	(10, 33.959552214936835)	(15, 33.800138600138595)	(20, 33.72351831121062)	(25, 33.62335092488939)	(30, 33.49291540060771)	(35, 33.39206780745242)	(40, 33.27107841569379)	(45, 33.049023935177786)	(50, 32.83772662297322)	(55, 32.51071553381361)	(60, 32.407945376265474)	(65, 32.14623428720725)	(70, 31.889843796343428)	(75, 31.72512870133977)	(80, 31.557366972555933)	(85, 31.351209923516148)	(90, 31.16753267452723)	(95, 30.71914621204299)	(100, 30.674596231247317)	(105, 30.59932123643481)	(110, 30.229201767633846)	(115, 29.940312150739963)	(120, 29.614549334338374)	(125, 29.457446838142744)	(130, 29.302617326198252)	(135, 29.13401246686425)	(140, 28.745452571405046)	(145, 28.182395389242163)	(150, 26.409792659261065)
SRR5898926_R1	(1, 30.92160101926233)	(2, 30.943303532866892)	(3, 30.97916126803144)	(4, 31.18937332642308)	(5, 30.983944458840806)	(6, 33.96358080677205)	(7, 34.03644078776885)	(8, 33.976904638507385)	(9, 34.098924591863174)	(10, 34.105774380236674)	(15, 34.01762546428263)	(20, 34.00324781895137)	(25, 33.81747646195042)	(30, 33.644100371426106)	(35, 33.4870583916386)	(40, 33.40304483026691)	(45, 33.28219961993608)	(50, 33.13939752006284)	(55, 32.98550325300855)	(60, 32.81753639497374)	(65, 32.590905950138826)	(70, 32.5713057172845)	(75, 32.211235009276535)	(80, 31.99963245907922)	(85, 31.691276791602707)	(90, 31.512782710545117)	(95, 31.350003059885204)	(100, 31.31519193712121)	(105, 31.093627680139697)	(110, 30.911162271650408)	(115, 30.896048106701596)	(120, 30.679813248585766)	(125, 30.443256396330867)	(130, 30.383381406653637)	(135, 30.207089329709653)	(140, 30.052872104921256)	(145, 29.7631440000078)	(150, 28.106030387963145)
SRR5898926_R2	(1, 30.96719789237281)	(2, 30.62141530621059)	(3, 30.554601796665803)	(4, 30.673458149779737)	(5, 30.5175887535631)	(6, 33.91345987734301)	(7, 33.89298825256975)	(8, 33.74435302755463)	(9, 34.04575883216723)	(10, 33.86607281679191)	(15, 33.71424375917768)	(20, 33.60887751576401)	(25, 33.52826293513)	(30, 33.35053338516023)	(35, 33.27340632288157)	(40, 33.11252051481385)	(45, 32.90312904897642)	(50, 32.70196816210154)	(55, 32.376906172264825)	(60, 32.2708631057384)	(65, 31.975001462568077)	(70, 31.702381805243668)	(75, 31.523043124292307)	(80, 31.369269720199906)	(85, 31.170780374439072)	(90, 31.002935189015602)	(95, 30.611954852793463)	(100, 30.47832332915243)	(105, 30.42567193468206)	(110, 30.054347972431817)	(115, 29.809454741591974)	(120, 29.479259765236833)	(125, 29.336984044403074)	(130, 29.117845371659904)	(135, 29.008551158334267)	(140, 28.660515787504977)	(145, 28.2527521267652)	(150, 26.400247368492387)
SRR5898948_R1	(1, 30.81487782924634)	(2, 31.108746240477707)	(3, 31.07124980790762)	(4, 31.277436280213387)	(5, 31.04640951900068)	(6, 33.71649360057957)	(7, 33.85008012996422)	(8, 33.829937871835966)	(9, 34.16019406818731)	(10, 34.14787381177142)	(15, 34.06883493227372)	(20, 33.87306755065751)	(25, 33.56680643674124)	(30, 33.19697262409168)	(35, 32.81933437246163)	(40, 32.58409914162148)	(45, 32.47467014994182)	(50, 32.10550709600669)	(55, 31.8666273109914)	(60, 31.794978935263323)	(65, 31.4097439861112)	(70, 31.22543564939529)	(75, 30.932817834750217)	(80, 30.437925265433364)	(85, 30.1693837698651)	(90, 29.845324923447457)	(95, 29.427045497867613)	(100, 29.02285786644611)	(105, 28.17794135774117)	(110, 27.826067522179148)	(115, 27.444978282938344)	(120, 26.552734069830127)	(125, 26.61684538521475)	(130, 25.92684576021356)	(135, 25.6152622345672)	(140, 25.364818558322394)	(145, 24.896994268032255)	(150, 23.266222812939077)
SRR5898948_R2	(1, 31.144607143641192)	(2, 30.895172444073676)	(3, 30.78851177800707)	(4, 30.91572084037672)	(5, 30.732870848060415)	(6, 34.10810959144695)	(7, 34.057781387894885)	(8, 33.95037430572326)	(9, 34.219226800728855)	(10, 34.07031239709337)	(15, 33.884437224210224)	(20, 33.72427828148668)	(25, 33.52523764571579)	(30, 33.24826238721433)	(35, 33.06846172422121)	(40, 32.7889420649382)	(45, 32.64404513622094)	(50, 32.21195186274063)	(55, 31.874397576241286)	(60, 31.644128331811565)	(65, 31.50750348309732)	(70, 31.049273429092125)	(75, 30.95073323536895)	(80, 30.531754308613035)	(85, 30.270282288258546)	(90, 29.825322767959925)	(95, 29.446019364998733)	(100, 28.920662836374042)	(105, 28.59080282752098)	(110, 27.780255130225914)	(115, 27.111589916633683)	(120, 26.571111127505834)	(125, 26.052651381283585)	(130, 25.923682766521175)	(135, 25.527598430239713)	(140, 25.332700195866693)	(145, 24.92154991315793)	(150, 23.082769336284514)
SRR5898950_R1	(1, 30.794148792357607)	(2, 31.085301009372746)	(3, 31.080141492429703)	(4, 31.342848774333092)	(5, 31.07498197548666)	(6, 33.78091204037491)	(7, 33.93035778658976)	(8, 33.98882480173035)	(9, 34.34118150684932)	(10, 34.2474044700793)	(15, 34.152129145638064)	(20, 33.96847287310743)	(25, 33.67506533886085)	(30, 33.32105939077145)	(35, 32.921827685652495)	(40, 32.654769736842105)	(45, 32.58953226387887)	(50, 32.25657971506369)	(55, 32.02287713276822)	(60, 31.885232895733104)	(65, 31.547356319743454)	(70, 31.33329013376591)	(75, 31.071266804815536)	(80, 30.552066231275113)	(85, 30.274386392999617)	(90, 29.934983688098164)	(95, 29.50910989571838)	(100, 28.957324578232164)	(105, 28.137181239431378)	(110, 27.65817602002856)	(115, 27.42552653396378)	(120, 26.594345870287743)	(125, 26.658268645069136)	(130, 26.00948048167667)	(135, 25.811076973976288)	(140, 25.585377554548575)	(145, 25.113274637519314)	(150, 23.34438000899549)
SRR5898950_R2	(1, 31.109634102379236)	(2, 30.803442682047585)	(3, 30.70469087959625)	(4, 30.90665555155011)	(5, 30.64929929704398)	(6, 33.99823134462869)	(7, 33.999436733958184)	(8, 33.862777126892574)	(9, 34.234183489545785)	(10, 34.02599360129776)	(15, 33.79341429343908)	(20, 33.66441510454218)	(25, 33.50406903388608)	(30, 33.200754776496034)	(35, 33.009920241528484)	(40, 32.74141582552271)	(45, 32.58266492429705)	(50, 32.19544030086432)	(55, 31.83081874389171)	(60, 31.61077031839012)	(65, 31.442429008682193)	(70, 31.05716919817179)	(75, 30.95590307447789)	(80, 30.54165405362621)	(85, 30.265800382762052)	(90, 29.87343060797749)	(95, 29.553764722494787)	(100, 28.97367707223082)	(105, 28.566127702519577)	(110, 27.757224675933696)	(115, 27.303871479095022)	(120, 26.672904091667665)	(125, 26.15347684206389)	(130, 25.999916284995788)	(135, 25.68027165421561)	(140, 25.505023302454674)	(145, 25.03179692003952)	(150, 23.167291723591575)
SRR5898954_R1	(1, 30.829340824545426)	(2, 31.12077384806154)	(3, 31.141458811135863)	(4, 31.354519417528998)	(5, 31.132482524772573)	(6, 33.84041304085417)	(7, 33.920771653370494)	(8, 33.959167773156736)	(9, 34.30473285123287)	(10, 34.26486189906616)	(15, 34.207130551196656)	(20, 33.97687673517761)	(25, 33.69487429907055)	(30, 33.352438850420825)	(35, 32.993611254375665)	(40, 32.7227249283982)	(45, 32.66277474788486)	(50, 32.312756273925494)	(55, 32.09477319314679)	(60, 31.970271485610965)	(65, 31.62147985377565)	(70, 31.41647674740188)	(75, 31.138353992113952)	(80, 30.61892123286255)	(85, 30.35442805283616)	(90, 30.059510484611838)	(95, 29.583008360343474)	(100, 29.046197559900207)	(105, 28.204563296397794)	(110, 27.78865674282465)	(115, 27.48678009373881)	(120, 26.609826879804473)	(125, 26.710132668359183)	(130, 26.10487420004612)	(135, 25.82642583577289)	(140, 25.616069614976833)	(145, 25.146808940143455)	(150, 23.454896053914275)
SRR5898954_R2	(1, 31.17826377991638)	(2, 30.926774133371374)	(3, 30.870908272887885)	(4, 30.993821944715734)	(5, 30.813286659570498)	(6, 34.18139121465176)	(7, 34.153343063130286)	(8, 34.04019576644098)	(9, 34.344698175114395)	(10, 34.18323694981839)	(15, 34.01359172162539)	(20, 33.85745701148921)	(25, 33.687662544305326)	(30, 33.41335469499281)	(35, 33.2291323288964)	(40, 32.96316650023593)	(45, 32.83897112883933)	(50, 32.41276703422566)	(55, 32.060716484000835)	(60, 31.842170814258303)	(65, 31.686557352106682)	(70, 31.296781398461654)	(75, 31.206289972754057)	(80, 30.78299051735301)	(85, 30.45850192029629)	(90, 30.05953902279876)	(95, 29.709232057485146)	(100, 29.148373252142754)	(105, 28.7608225496152)	(110, 27.8870368889338)	(115, 27.379700467944154)	(120, 26.768955572451915)	(125, 26.282826838208678)	(130, 26.12506225598571)	(135, 25.74890758648501)	(140, 25.586293353833746)	(145, 25.140201383939225)	(150, 23.19408240311506)
SRR5898966_R1	(1, 30.779032044491526)	(2, 31.11082053319209)	(3, 31.129811087570623)	(4, 31.344378972457626)	(5, 31.180073711158194)	(6, 33.97256797316384)	(7, 34.109066031073446)	(8, 34.15487067443503)	(9, 34.44925185381356)	(10, 34.399940413135596)	(15, 34.3254987641243)	(20, 34.13695047669491)	(25, 33.887890625)	(30, 33.53960540254237)	(35, 33.20517302259887)	(40, 32.972146451271186)	(45, 32.88825256002825)	(50, 32.52073068946022)	(55, 32.29556828237207)	(60, 32.244856923186624)	(65, 31.89872071743024)	(70, 31.689049816949925)	(75, 31.428541052728463)	(80, 30.92631277682323)	(85, 30.68994683559358)	(90, 30.35376999428638)	(95, 29.895262047885563)	(100, 29.59649404528742)	(105, 28.70468940320625)	(110, 28.345440632542186)	(115, 27.99401770912806)	(120, 27.122250101629618)	(125, 27.11042319626357)	(130, 26.439803709151636)	(135, 26.083955410764002)	(140, 25.814649298220314)	(145, 25.338985502122632)	(150, 23.638577240768267)
SRR5898966_R2	(1, 31.205254678672315)	(2, 30.932313735875706)	(3, 30.790485963983052)	(4, 30.96539548022599)	(5, 30.73486052259887)	(6, 34.160299699858754)	(7, 34.170197740113)	(8, 34.06582141596045)	(9, 34.3836511299435)	(10, 34.2263925670904)	(15, 34.01552348163842)	(20, 33.88125882768362)	(25, 33.70873057909604)	(30, 33.46412208686441)	(35, 33.27078919491525)	(40, 33.02001235875706)	(45, 32.908289194915255)	(50, 32.5149391559115)	(55, 32.169517202896635)	(60, 31.95618600602644)	(65, 31.83996300051465)	(70, 31.414667438255123)	(75, 31.31179942452193)	(80, 30.920115050965954)	(85, 30.653413648227122)	(90, 30.17156226936209)	(95, 29.862353316649)	(100, 29.35355714995044)	(105, 29.00234898363568)	(110, 28.187820745642846)	(115, 27.583726935182465)	(120, 26.975293623675764)	(125, 26.499970493938587)	(130, 26.35318939091614)	(135, 25.954122497350966)	(140, 25.777145426852968)	(145, 25.346875699255747)	(150, 23.40652220354638)
SRR5898978_R1	(1, 31.290482063607516)	(2, 31.398701285011015)	(3, 31.401115292579824)	(4, 31.533495672706955)	(5, 31.46920295584158)	(6, 34.77764776572531)	(7, 34.77677281975059)	(8, 34.749723285158595)	(9, 34.901405184318435)	(10, 34.845020714082416)	(15, 34.785066885930235)	(20, 34.76972897757819)	(25, 34.64376205686095)	(30, 34.51772134551932)	(35, 34.45177361036442)	(40, 34.35082592791711)	(45, 34.20539514879353)	(50, 34.04796895076781)	(55, 33.83168560157326)	(60, 33.632339941002634)	(65, 33.41443721392261)	(70, 33.339663087963075)	(75, 33.14964425254188)	(80, 32.94106153496587)	(85, 32.83950679262337)	(90, 32.75080452736371)	(95, 32.549042415973)	(100, 32.40438974365305)	(105, 32.24902747185921)	(110, 31.943026666787784)	(115, 31.713656720331652)	(120, 31.505513656376156)	(125, 31.23738592165456)	(130, 31.01520823488563)	(135, 30.485686144714787)	(140, 30.104183105947858)	(145, 29.740145120046815)	(150, 27.722128102914795)
SRR5898978_R2	(1, 31.29997997111624)	(2, 31.030823397952837)	(3, 31.005344549508237)	(4, 31.110970557540874)	(5, 30.958118549908814)	(6, 34.48586909543236)	(7, 34.42908193921761)	(8, 34.386230669491795)	(9, 34.59358232398301)	(10, 34.50654522838198)	(15, 34.40769319966689)	(20, 34.32041786576431)	(25, 34.20251098953227)	(30, 34.08578476329022)	(35, 33.90757618881967)	(40, 33.758255589639795)	(45, 33.56829743946533)	(50, 33.34487354582298)	(55, 33.171806930607)	(60, 33.02266821962995)	(65, 32.844255069996386)	(70, 32.68470446171223)	(75, 32.58291584427442)	(80, 32.33860562408354)	(85, 32.13714135615477)	(90, 31.826368773705106)	(95, 31.650969262481528)	(100, 31.396321774206648)	(105, 30.944013104584684)	(110, 30.31049463680111)	(115, 30.218750185357976)	(120, 29.40565175921544)	(125, 28.88422302893043)	(130, 28.51444819498166)	(135, 27.99024283321885)	(140, 27.547024957382813)	(145, 27.379427655339974)	(150, 24.96432050181214)
SRR5898979_R1	(1, 30.811491705504675)	(2, 31.139773381568514)	(3, 31.17434192658258)	(4, 31.366837227998133)	(5, 31.20279416397788)	(6, 34.05049484513683)	(7, 34.13931710284739)	(8, 34.1791763082706)	(9, 34.50087453421547)	(10, 34.48135666873078)	(15, 34.4440765244598)	(20, 34.225297395952154)	(25, 33.987680474529874)	(30, 33.62602309639432)	(35, 33.279485925974214)	(40, 33.023611337439846)	(45, 32.951882149724604)	(50, 32.66278166203044)	(55, 32.493284716656454)	(60, 32.45474182503901)	(65, 32.02188091241463)	(70, 31.836488913119247)	(75, 31.595772238403384)	(80, 30.991506539276315)	(85, 30.88804169460882)	(90, 30.47024221056451)	(95, 29.993811905361603)	(100, 29.74432606331745)	(105, 28.72756796147715)	(110, 28.365169400020896)	(115, 27.936780380171143)	(120, 27.09231426966333)	(125, 27.280167556236034)	(130, 26.63554513434631)	(135, 26.30939659169015)	(140, 26.007194302042173)	(145, 25.624470311333045)	(150, 23.734613821555907)
SRR5898979_R2	(1, 31.27138806505231)	(2, 31.02333539745136)	(3, 30.94462731805886)	(4, 31.08752946800074)	(5, 30.851926691218807)	(6, 34.296907082097576)	(7, 34.286651674651544)	(8, 34.20899738182924)	(9, 34.54782778737412)	(10, 34.347123814490104)	(15, 34.16632445762583)	(20, 34.02147117296223)	(25, 33.86631468022466)	(30, 33.60800225966605)	(35, 33.48411606861563)	(40, 33.22634466425491)	(45, 33.047387804321616)	(50, 32.70209309213495)	(55, 32.3934276836662)	(60, 32.182204220847794)	(65, 32.04874547722336)	(70, 31.706028055160466)	(75, 31.643245850333262)	(80, 31.248769115177215)	(85, 30.926460176235615)	(90, 30.440653252567643)	(95, 30.056308610577254)	(100, 29.726345974136088)	(105, 29.212575154653916)	(110, 28.37920341501881)	(115, 27.74645139508227)	(120, 27.28447280462076)	(125, 26.73485551789716)	(130, 26.776053712267316)	(135, 26.34242584982392)	(140, 26.16832110574445)	(145, 25.72387448770843)	(150, 23.567131592644543)
SRR5898980_R1	(1, 30.762291994416255)	(2, 31.104451485675035)	(3, 31.11085506636237)	(4, 31.321464182047816)	(5, 31.11637233830405)	(6, 33.8634198222951)	(7, 34.01410338791518)	(8, 33.99400633710753)	(9, 34.406095588398216)	(10, 34.32032084376592)	(15, 34.249923555870694)	(20, 34.043814672841286)	(25, 33.784977066761215)	(30, 33.425496886840534)	(35, 33.052095012297535)	(40, 32.770248831180346)	(45, 32.70034344463894)	(50, 32.34288035450099)	(55, 32.13868343945577)	(60, 32.03638676965903)	(65, 31.692202776860476)	(70, 31.472716909251496)	(75, 31.20405054993632)	(80, 30.695024860886047)	(85, 30.44090835588859)	(90, 30.122898872238345)	(95, 29.6717680073983)	(100, 29.19451093327234)	(105, 28.300085926604858)	(110, 27.934384967046775)	(115, 27.60501918497203)	(120, 26.764678628991298)	(125, 26.860943839004516)	(130, 26.198666663769778)	(135, 25.942554045265915)	(140, 25.700188209064144)	(145, 25.220249755681483)	(150, 23.55217622361212)
SRR5898980_R2	(1, 31.148179743413618)	(2, 30.84784294609027)	(3, 30.77114400301345)	(4, 30.91109215395183)	(5, 30.670847089583656)	(6, 34.067315149232236)	(7, 34.06177571957191)	(8, 33.90886530322838)	(9, 34.28820544636724)	(10, 34.095778954598835)	(15, 33.898688263056435)	(20, 33.73324544104939)	(25, 33.58429017748333)	(30, 33.31611752453968)	(35, 33.132574062174555)	(40, 32.86197292326782)	(45, 32.69531807405109)	(50, 32.30535293834605)	(55, 31.941500238527794)	(60, 31.708662174940805)	(65, 31.57684140945556)	(70, 31.197063141416134)	(75, 31.097699394259443)	(80, 30.73686659994332)	(85, 30.34413561572123)	(90, 30.019232728043725)	(95, 29.70694509804961)	(100, 29.182144241479442)	(105, 28.792424539035352)	(110, 27.941831421755957)	(115, 27.43310830617859)	(120, 26.8137735264618)	(125, 26.307297225919058)	(130, 26.17480750673068)	(135, 25.824373125112395)	(140, 25.62682075796016)	(145, 25.18043731726925)	(150, 23.329149094473973)
SRR5898981_R1	(1, 31.109597807190625)	(2, 31.17297170465332)	(3, 31.25744179349623)	(4, 31.431426712599055)	(5, 31.330926504623456)	(6, 34.52552767141989)	(7, 34.556542698989986)	(8, 34.48924392871236)	(9, 34.69272938641866)	(10, 34.645479463742916)	(15, 34.5696590266742)	(20, 34.52189503098303)	(25, 34.41301393969774)	(30, 34.271528673968916)	(35, 34.159503418265594)	(40, 34.06143705805186)	(45, 33.890481116882285)	(50, 33.6608501766207)	(55, 33.46408141340506)	(60, 33.26868175619871)	(65, 33.017135066106796)	(70, 32.88075825331019)	(75, 32.64246168118636)	(80, 32.45426827181235)	(85, 32.33152143129122)	(90, 32.23283232514935)	(95, 31.97293818805367)	(100, 31.87594576533429)	(105, 31.69608249344875)	(110, 31.366745368088363)	(115, 31.172086933522195)	(120, 30.877034233922274)	(125, 30.62225897276975)	(130, 30.412472873536593)	(135, 29.99013850338337)	(140, 29.64218849803246)	(145, 29.222057493943783)	(150, 27.487326785665775)
SRR5898981_R2	(1, 31.122801591279956)	(2, 30.80908906688282)	(3, 30.780313776516888)	(4, 30.922291784430627)	(5, 30.711052569831807)	(6, 34.16423672955707)	(7, 34.109683130512686)	(8, 34.0303537718241)	(9, 34.29384285577159)	(10, 34.20170433335822)	(15, 34.0513667729653)	(20, 33.94465076097738)	(25, 33.82753596911296)	(30, 33.666319685156935)	(35, 33.464067149454465)	(40, 33.29721312699311)	(45, 33.05644564371114)	(50, 32.80794251333344)	(55, 32.63550449715431)	(60, 32.443310625400386)	(65, 32.18540099337119)	(70, 32.03234710333449)	(75, 31.852442628393042)	(80, 31.596933302300624)	(85, 31.419976222615624)	(90, 31.114593965619395)	(95, 30.935515227066457)	(100, 30.61660877492464)	(105, 30.170540574554565)	(110, 29.62565532422883)	(115, 29.375712191695506)	(120, 28.75249904029019)	(125, 28.346330766825012)	(130, 27.84590469762572)	(135, 27.458693394096013)	(140, 26.969775221469217)	(145, 26.70800264312882)	(150, 24.601498805654643)
SRR5898982_R1	(1, 31.17323287758821)	(2, 31.270495209880753)	(3, 31.302752586877524)	(4, 31.489721757478232)	(5, 31.376922175214997)	(6, 34.66387109837061)	(7, 34.697982715075824)	(8, 34.59523225950831)	(9, 34.860026215113116)	(10, 34.778919212694085)	(15, 34.70737752959857)	(20, 34.67056980573109)	(25, 34.54817719711421)	(30, 34.420784535214565)	(35, 34.328598983365126)	(40, 34.22490009484329)	(45, 34.0717590767165)	(50, 33.89751529139771)	(55, 33.69356129730288)	(60, 33.548192626428715)	(65, 33.300427026911755)	(70, 33.15032701416386)	(75, 32.93676621747438)	(80, 32.727215708899166)	(85, 32.62581128499596)	(90, 32.52609137504088)	(95, 32.28375818030175)	(100, 32.18522675451801)	(105, 31.97703540808724)	(110, 31.73552985816149)	(115, 31.4609164293056)	(120, 31.245496462120844)	(125, 30.968609601058688)	(130, 30.781410163067346)	(135, 30.378280699288204)	(140, 29.987723773662015)	(145, 29.60201370407155)	(150, 27.773859799426994)
SRR5898982_R2	(1, 31.221325887957033)	(2, 30.87749230064259)	(3, 30.825818689457474)	(4, 30.99281748526732)	(5, 30.811847952343907)	(6, 34.328328306993896)	(7, 34.24706145632413)	(8, 34.204243438229305)	(9, 34.42805230234764)	(10, 34.36073487569134)	(15, 34.215443472330264)	(20, 34.10663583371519)	(25, 34.00438836730997)	(30, 33.880350387365596)	(35, 33.68649921674357)	(40, 33.52965824443994)	(45, 33.30943424375793)	(50, 33.054398452907996)	(55, 32.90176213692151)	(60, 32.68330093242001)	(65, 32.4754602838533)	(70, 32.316141052378875)	(75, 32.128047863469774)	(80, 31.888297292197798)	(85, 31.694739468997984)	(90, 31.44180023935356)	(95, 31.219515333691913)	(100, 30.954168116319703)	(105, 30.49991116770392)	(110, 30.04687237219114)	(115, 29.71638106890247)	(120, 29.15314952505297)	(125, 28.76060735215699)	(130, 28.26725261187182)	(135, 27.7901206742362)	(140, 27.298664047724024)	(145, 27.024613905393863)	(150, 24.804911513618876)
SRR5898983_R1	(1, 31.29625105307498)	(2, 31.382613732097724)	(3, 31.408814237573715)	(4, 31.535256950294862)	(5, 31.421272114574556)	(6, 34.77781171019377)	(7, 34.772662173546756)	(8, 34.693060235888794)	(9, 34.903296124684076)	(10, 34.83893639427127)	(15, 34.76654802021905)	(20, 34.75277801179444)	(25, 34.62103622577928)	(30, 34.50089932603201)	(35, 34.42527590564448)	(40, 34.31926916596461)	(45, 34.181040438079194)	(50, 34.011007227555126)	(55, 33.78514732030843)	(60, 33.5981012095624)	(65, 33.37859984172097)	(70, 33.31040347235758)	(75, 33.06892060766989)	(80, 32.878561787394005)	(85, 32.809297653030534)	(90, 32.71355120344175)	(95, 32.518918024916466)	(100, 32.3977212205544)	(105, 32.22073777696949)	(110, 31.957971501109604)	(115, 31.735093027041557)	(120, 31.489742329835074)	(125, 31.239532265689583)	(130, 31.050567855131543)	(135, 30.542960928667167)	(140, 30.177048172209776)	(145, 29.817511592485623)	(150, 27.84478076761186)
SRR5898983_R2	(1, 31.19832561078349)	(2, 30.851769165964615)	(3, 30.805570766638585)	(4, 30.965680286436395)	(5, 30.755202190395956)	(6, 34.232076663858464)	(7, 34.175494945240104)	(8, 34.11370050547599)	(9, 34.41541701769166)	(10, 34.315098989048025)	(15, 34.19047809604043)	(20, 34.09646798652064)	(25, 33.94455349620893)	(30, 33.822215669755685)	(35, 33.62460614995787)	(40, 33.48173125526537)	(45, 33.26464616680708)	(50, 33.06223205948665)	(55, 32.88536699386115)	(60, 32.71974310641641)	(65, 32.53693458916342)	(70, 32.39610372085133)	(75, 32.291513033007924)	(80, 32.04681244696418)	(85, 31.849761557965007)	(90, 31.58123974185683)	(95, 31.41113316353273)	(100, 31.168055838423793)	(105, 30.74736739925347)	(110, 30.149451675955795)	(115, 30.081537789053833)	(120, 29.287934733356956)	(125, 28.7730356878405)	(130, 28.3875297017728)	(135, 27.88297878225503)	(140, 27.488186004669977)	(145, 27.30211500228911)	(150, 24.825247898225513)
SRR5898984_R1	(1, 30.783728344964437)	(2, 31.020980580143142)	(3, 31.09713272836726)	(4, 31.312902722347328)	(5, 31.14673028472052)	(6, 33.93541950012263)	(7, 34.03123676172215)	(8, 34.02020021850126)	(9, 34.44522976076342)	(10, 34.309397783772944)	(15, 34.24017524692872)	(20, 34.05259637466277)	(25, 33.762228266928275)	(30, 33.34557980869992)	(35, 32.95009698780406)	(40, 32.937947871842326)	(45, 32.91598180642573)	(50, 32.55532179833917)	(55, 32.345040956585706)	(60, 32.30206418206111)	(65, 31.957863420263426)	(70, 31.74477030523449)	(75, 31.471447928576943)	(80, 31.016493140126368)	(85, 30.783972106913133)	(90, 30.490147131386387)	(95, 30.021663957757966)	(100, 29.699266418228103)	(105, 28.84108468011625)	(110, 28.498975111713946)	(115, 28.172554761997088)	(120, 27.278446715050848)	(125, 27.351470662252922)	(130, 26.66464594584732)	(135, 26.327176941804602)	(140, 26.06749576475979)	(145, 25.587790197080515)	(150, 23.899803858395465)
SRR5898984_R2	(1, 31.264498004503803)	(2, 30.884049408039953)	(3, 30.7331497625471)	(4, 30.90589953401262)	(5, 30.708022117678535)	(6, 34.02736839758311)	(7, 34.09413391005775)	(8, 33.994871909210495)	(9, 34.30553387884328)	(10, 34.144255423513414)	(15, 33.93930793070389)	(20, 33.79068694120533)	(25, 33.63217096608771)	(30, 33.37863815745468)	(35, 33.19812713205948)	(40, 32.943468373057456)	(45, 32.78561682013779)	(50, 32.408148729632394)	(55, 32.065644062913876)	(60, 31.86785996346014)	(65, 31.731773082443986)	(70, 31.329146570581617)	(75, 31.264186912768025)	(80, 30.891229360890684)	(85, 30.624293063848512)	(90, 30.18532376551206)	(95, 29.78883038523267)	(100, 29.326014217942564)	(105, 28.998462894705806)	(110, 28.202228149190084)	(115, 27.57213506476961)	(120, 27.00898420592815)	(125, 26.540264099115074)	(130, 26.377667558831178)	(135, 25.96676591534693)	(140, 25.772836543332595)	(145, 25.39670107822199)	(150, 23.460120707095825)
SRR5898985_R1	(1, 31.247791528747022)	(2, 31.352143113153844)	(3, 31.376220193544306)	(4, 31.518943307119816)	(5, 31.46647762012186)	(6, 34.663743121587146)	(7, 34.682106639117876)	(8, 34.618298159431596)	(9, 34.821656722396746)	(10, 34.781014526364615)	(15, 34.716269950032675)	(20, 34.705460563766316)	(25, 34.577980645569355)	(30, 34.451447365646935)	(35, 34.359450570302116)	(40, 34.24581391916679)	(45, 34.100145474478715)	(50, 33.91538336347095)	(55, 33.702704362170245)	(60, 33.46965307788979)	(65, 33.24400531723863)	(70, 33.1218021811615)	(75, 32.87228268502235)	(80, 32.663684506017475)	(85, 32.55423038756489)	(90, 32.45161485516577)	(95, 32.19929536814979)	(100, 32.0944029715005)	(105, 31.859517164954422)	(110, 31.581028515336392)	(115, 31.28746355948785)	(120, 31.015097619812146)	(125, 30.676612172965996)	(130, 30.463863228071638)	(135, 29.94944367837119)	(140, 29.57316525482696)	(145, 29.195341521640444)	(150, 27.1135601436938)
SRR5898985_R2	(1, 31.3277603255255)	(2, 31.087590394467753)	(3, 31.055733591954628)	(4, 31.141953574666356)	(5, 31.003763361514622)	(6, 34.538666694777675)	(7, 34.46177605363581)	(8, 34.40672766755919)	(9, 34.617265079800134)	(10, 34.52532310092555)	(15, 34.43432354367397)	(20, 34.339113659842724)	(25, 34.221787438595015)	(30, 34.11438721511248)	(35, 33.93504880774178)	(40, 33.771390019185766)	(45, 33.53956905821087)	(50, 33.32558522088677)	(55, 33.15239616327466)	(60, 32.99155698733182)	(65, 32.7672376874171)	(70, 32.603230936676155)	(75, 32.47690413119119)	(80, 32.186569319418176)	(85, 31.940752040258996)	(90, 31.64857355559264)	(95, 31.467639989870413)	(100, 31.17992410167841)	(105, 30.681406870320178)	(110, 30.067367632960732)	(115, 29.905363615043957)	(120, 29.127916731335922)	(125, 28.541407939239132)	(130, 28.13780718310067)	(135, 27.615607207123986)	(140, 27.186454880359626)	(145, 27.00337440497673)	(150, 24.464906951723226)
SRR5898986_R1	(1, 30.80954756971939)	(2, 31.137594776062738)	(3, 31.17477844908939)	(4, 31.381978718096125)	(5, 31.185354318751287)	(6, 34.0133418663427)	(7, 34.14262780531722)	(8, 34.15045937238993)	(9, 34.48798689676867)	(10, 34.45782994001583)	(15, 34.39677191916782)	(20, 34.207972578668205)	(25, 33.937759651159006)	(30, 33.61479320107169)	(35, 33.292753088696294)	(40, 33.037650095996355)	(45, 32.91595491967763)	(50, 32.63737076974868)	(55, 32.43651255121462)	(60, 32.36944444899261)	(65, 32.0021645959462)	(70, 31.815781546986376)	(75, 31.544512476188277)	(80, 30.996340482134844)	(85, 30.875257083989663)	(90, 30.479339391556316)	(95, 29.973887646711084)	(100, 29.733813451694516)	(105, 28.728075330743565)	(110, 28.378020056585722)	(115, 27.94951870298949)	(120, 27.101819867710674)	(125, 27.25586164387367)	(130, 26.566870956180026)	(135, 26.166363849683847)	(140, 25.90677055491803)	(145, 25.444038495834466)	(150, 23.699287622901736)
SRR5898986_R2	(1, 31.266913256174682)	(2, 31.023158442798103)	(3, 30.93685934635702)	(4, 31.09900098708117)	(5, 30.875888101875454)	(6, 34.32858955863371)	(7, 34.307047325660854)	(8, 34.23369960191342)	(9, 34.526483062337974)	(10, 34.37222939332473)	(15, 34.195665520495496)	(20, 34.06320790532699)	(25, 33.90257183456086)	(30, 33.65487954355631)	(35, 33.513416710958765)	(40, 33.262164419520346)	(45, 33.080986213404785)	(50, 32.73996502853636)	(55, 32.40329668584009)	(60, 32.18015149700326)	(65, 32.076712066968135)	(70, 31.6943970822209)	(75, 31.597994764276518)	(80, 31.209031251851382)	(85, 30.88903652277155)	(90, 30.426655268041383)	(95, 30.07501267487034)	(100, 29.703183109937065)	(105, 29.178328606567312)	(110, 28.355437118602275)	(115, 27.672519090463425)	(120, 27.109865227246434)	(125, 26.657541650242642)	(130, 26.640737299963455)	(135, 26.178737981767636)	(140, 25.960043414931892)	(145, 25.53686585271738)	(150, 23.422737463143235)
SRR5898987_R1	(1, 31.217335319782908)	(2, 31.310194743003088)	(3, 31.336171118442056)	(4, 31.482462488028094)	(5, 31.376928807066086)	(6, 34.638852825369796)	(7, 34.68376077471533)	(8, 34.600457592848784)	(9, 34.850516122166646)	(10, 34.75348089815899)	(15, 34.681206768117484)	(20, 34.64895817814195)	(25, 34.500566138129194)	(30, 34.360972650846016)	(35, 34.27307651378099)	(40, 34.18107481110993)	(45, 34.02785569862722)	(50, 33.81078049603552)	(55, 33.61363675568232)	(60, 33.431387625886245)	(65, 33.16311745765234)	(70, 33.041620661821554)	(75, 32.80552325295439)	(80, 32.60708246340882)	(85, 32.52806017058691)	(90, 32.433647249140456)	(95, 32.19601567527831)	(100, 32.092734538505105)	(105, 31.914838469703035)	(110, 31.601323001688407)	(115, 31.397034643565064)	(120, 31.12629461596888)	(125, 30.85721017538163)	(130, 30.68563704848006)	(135, 30.224983244479166)	(140, 29.890986272414143)	(145, 29.452027375260023)	(150, 27.64969754085864)
SRR5898987_R2	(1, 31.214536554219432)	(2, 30.86058316483984)	(3, 30.837607747153346)	(4, 30.975545386825583)	(5, 30.794476960732148)	(6, 34.29325316590401)	(7, 34.26096626582952)	(8, 34.15766734064063)	(9, 34.441013089283814)	(10, 34.33084175800788)	(15, 34.200493774608915)	(20, 34.08785144194955)	(25, 33.97572629562626)	(30, 33.84550175587954)	(35, 33.66337341704799)	(40, 33.46939448760243)	(45, 33.28078535702883)	(50, 33.025607090040346)	(55, 32.87079139505622)	(60, 32.70049771330011)	(65, 32.438357846380555)	(70, 32.31807009538538)	(75, 32.147397933021516)	(80, 31.890523092124532)	(85, 31.699937130490337)	(90, 31.427960408146514)	(95, 31.24407449633686)	(100, 30.986591552278504)	(105, 30.54939625657724)	(110, 30.005317034762093)	(115, 29.81491319206673)	(120, 29.115642869692785)	(125, 28.679299679842266)	(130, 28.217758356664376)	(135, 27.770806038371898)	(140, 27.367440662143053)	(145, 27.03752837715961)	(150, 24.70665776517601)
SRR5899005_R1	(1, 31.308640056830797)	(2, 31.410114105580963)	(3, 31.44319140434223)	(4, 31.556298006482262)	(5, 31.499833503529725)	(6, 34.833681125960126)	(7, 34.83842072548062)	(8, 34.78296630111441)	(9, 34.96274918971718)	(10, 34.936020956355726)	(15, 34.89863694889668)	(20, 34.83536607023931)	(25, 34.677487457265904)	(30, 34.559721173911115)	(35, 34.425911290680645)	(40, 34.33663810327221)	(45, 34.26389690538561)	(50, 34.11232364219164)	(55, 33.85126774327889)	(60, 33.68540973039992)	(65, 33.56902070678943)	(70, 33.18847286825827)	(75, 33.04518723518548)	(80, 32.77984334789206)	(85, 32.666112184400134)	(90, 32.483741234851145)	(95, 32.297705442681)	(100, 31.988038501476588)	(105, 31.750340821088024)	(110, 31.499059529487347)	(115, 31.152178244360705)	(120, 30.891999318203453)	(125, 30.484199553640945)	(130, 30.306285604130657)	(135, 29.85903468251426)	(140, 29.172295067496076)	(145, 28.917405621895767)	(150, 26.940755059897093)
SRR5899005_R2	(1, 31.340751676064468)	(2, 30.94072725658216)	(3, 30.967233494649914)	(4, 31.01152155574302)	(5, 30.90103449806864)	(6, 34.49095369178173)	(7, 34.427851529547574)	(8, 34.396483594547796)	(9, 34.59687874617058)	(10, 34.438860276162146)	(15, 34.33873595879768)	(20, 34.193171424765794)	(25, 34.07813346357058)	(30, 33.861570394707634)	(35, 33.65545886427208)	(40, 33.4286751320872)	(45, 33.18695999644808)	(50, 33.04842259292336)	(55, 32.804658742705556)	(60, 32.593888873659125)	(65, 32.4163877718411)	(70, 32.136438474302146)	(75, 31.893725197500526)	(80, 31.64413468547635)	(85, 31.311232813093135)	(90, 30.761558297284914)	(95, 30.422829450066196)	(100, 29.809148664725104)	(105, 29.009848888266976)	(110, 28.463116753423797)	(115, 27.863517834332395)	(120, 27.31191357286267)	(125, 26.874105625196638)	(130, 26.570441081520443)	(135, 26.148771993165962)	(140, 25.717272171416926)	(145, 25.252782326928447)	(150, 22.730817793411802)
SRR5899006_R1	(1, 31.31160159205289)	(2, 31.366314704560157)	(3, 31.37925287545366)	(4, 31.495849917217637)	(5, 31.420337050316327)	(6, 34.72280517088254)	(7, 34.746422815038976)	(8, 34.668464853129834)	(9, 34.953181364648096)	(10, 34.877150970911046)	(15, 34.81155663739132)	(20, 34.742306722366585)	(25, 34.60318410578599)	(30, 34.4649934760918)	(35, 34.34510268302578)	(40, 34.223705360569284)	(45, 34.16419854610045)	(50, 33.99708512409611)	(55, 33.68430449708817)	(60, 33.57270387383913)	(65, 33.478374404115485)	(70, 33.070930995989706)	(75, 32.90450384532075)	(80, 32.66273742221122)	(85, 32.5512519307714)	(90, 32.377772137104536)	(95, 32.1927974274843)	(100, 31.842259218333822)	(105, 31.639333084774186)	(110, 31.41768064585645)	(115, 31.029819764820594)	(120, 30.766178952958604)	(125, 30.32909945267146)	(130, 30.07814305648385)	(135, 29.671161298649544)	(140, 28.888860948366073)	(145, 28.62468065312446)	(150, 26.464493642584905)
SRR5899006_R2	(1, 31.29205179654178)	(2, 30.938916483010427)	(3, 30.96333453943401)	(4, 30.961021019045425)	(5, 30.851704439546946)	(6, 34.47168404548096)	(7, 34.37059087968598)	(8, 34.33550431455106)	(9, 34.54431323531024)	(10, 34.404655548611345)	(15, 34.29453417102508)	(20, 34.14309617008213)	(25, 34.02794425621964)	(30, 33.782559784217625)	(35, 33.5644858173525)	(40, 33.33235748824052)	(45, 33.12084032323499)	(50, 32.928861148127055)	(55, 32.72357649884809)	(60, 32.502333021199)	(65, 32.30516113871997)	(70, 32.033147272944376)	(75, 31.768275941897837)	(80, 31.554056603549192)	(85, 31.214155094662363)	(90, 30.57167191358376)	(95, 30.196719688749983)	(100, 29.570459446722577)	(105, 28.635495819293407)	(110, 28.115099640064223)	(115, 27.555891905753356)	(120, 27.127509904792692)	(125, 26.62209864530655)	(130, 26.44096343188008)	(135, 26.09481375498034)	(140, 25.676830777989473)	(145, 25.218410537527905)	(150, 22.46877373678391)
SRR5899007_R1	(1, 31.257246537150948)	(2, 31.342645041377175)	(3, 31.39724299685799)	(4, 31.525589680046025)	(5, 31.438941009868568)	(6, 34.751172722042746)	(7, 34.76733637208479)	(8, 34.70009293269018)	(9, 34.93243572155596)	(10, 34.8864251891844)	(15, 34.84374031951144)	(20, 34.771144399699075)	(25, 34.61582289684471)	(30, 34.48465725538789)	(35, 34.33823516395982)	(40, 34.23424348364828)	(45, 34.18436296853564)	(50, 34.00470434951429)	(55, 33.74012126345349)	(60, 33.5921755950648)	(65, 33.47122926907797)	(70, 33.08381959360084)	(75, 32.92391056317048)	(80, 32.66911267130091)	(85, 32.52829766362264)	(90, 32.37755173082117)	(95, 32.1689764620083)	(100, 31.811011207147384)	(105, 31.609703673251534)	(110, 31.32609949177742)	(115, 31.014874825365023)	(120, 30.740150528146295)	(125, 30.2994858353887)	(130, 30.144214976268767)	(135, 29.7232864392959)	(140, 29.04276754329922)	(145, 28.7651697141162)	(150, 26.746858934389145)
SRR5899007_R2	(1, 31.30487454086826)	(2, 30.838429880072574)	(3, 30.8546709740231)	(4, 30.921482940213302)	(5, 30.759724742222417)	(6, 34.334037704120014)	(7, 34.27172854803735)	(8, 34.25464663450901)	(9, 34.4560782404744)	(10, 34.30202681771917)	(15, 34.20538345798114)	(20, 34.0574611674116)	(25, 33.94155418860911)	(30, 33.729353453998314)	(35, 33.491534274461216)	(40, 33.25827100942603)	(45, 33.01077797937779)	(50, 32.87766201333291)	(55, 32.62719369768548)	(60, 32.39345881886335)	(65, 32.207838444075705)	(70, 31.949091922063747)	(75, 31.708553543032302)	(80, 31.427690649100015)	(85, 31.11604181517357)	(90, 30.56247197148029)	(95, 30.185235215430595)	(100, 29.580362016778707)	(105, 28.773364231034737)	(110, 28.21178340895785)	(115, 27.626746631401808)	(120, 27.113922400771692)	(125, 26.59135719593533)	(130, 26.324025066874988)	(135, 25.914113957673457)	(140, 25.49906277102587)	(145, 24.98015954651807)	(150, 22.5212238747687)
SRR5899017_R1	(1, 30.68573885131262)	(2, 30.887137452711222)	(3, 30.887045741144103)	(4, 31.06860025220681)	(5, 30.84057090450533)	(6, 33.32338644961596)	(7, 33.44415911956896)	(8, 33.41631319500172)	(9, 33.872956551645075)	(10, 33.738949902556456)	(15, 33.6527456150407)	(20, 33.40282471626735)	(25, 33.0743941304597)	(30, 32.54816462226298)	(35, 32.07706981543047)	(40, 31.968432878596815)	(45, 31.883961939699645)	(50, 31.52595006238359)	(55, 31.305671028266296)	(60, 31.141680674843276)	(65, 30.7904515065131)	(70, 30.57924933108665)	(75, 30.31933522927388)	(80, 29.815047581146427)	(85, 29.4939479713177)	(90, 29.236747657225457)	(95, 28.70634105163129)	(100, 28.285465772612888)	(105, 27.40141372975321)	(110, 26.979585891916322)	(115, 26.734129207588115)	(120, 25.918500041203316)	(125, 26.010501192028435)	(130, 25.495867204604995)	(135, 25.349330276073317)	(140, 25.135239398430056)	(145, 24.705991640701676)	(150, 23.121059404022176)
SRR5899017_R2	(1, 30.942726126332683)	(2, 30.569815430471166)	(3, 30.483239711108563)	(4, 30.659211280522754)	(5, 30.35570331308036)	(6, 33.63953914937522)	(7, 33.66402613779663)	(8, 33.52867132867133)	(9, 33.908276968932704)	(10, 33.697792044021554)	(15, 33.494222171271346)	(20, 33.32146279949559)	(25, 33.12302418892583)	(30, 32.79820016049524)	(35, 32.57033360082541)	(40, 32.301611830792154)	(45, 32.123413963086094)	(50, 31.719670930846796)	(55, 31.328171721018077)	(60, 31.088800428287403)	(65, 30.857644749453932)	(70, 30.505547287762774)	(75, 30.401339320584622)	(80, 29.96726824043686)	(85, 29.702206805589736)	(90, 29.2692348884651)	(95, 28.92251265177415)	(100, 28.39253383919267)	(105, 27.943465132533397)	(110, 27.140724418479817)	(115, 26.696411652005008)	(120, 26.081595970010078)	(125, 25.58856903959569)	(130, 25.53556609876893)	(135, 25.16628706672452)	(140, 25.009377708831142)	(145, 24.596121993627637)	(150, 22.782787057399158)
SRR8865572_R1	(1, 31.18705)	(2, 31.36338)	(3, 31.57699)	(4, 31.74436)	(5, 31.66491)	(6, 35.29891)	(7, 35.38176)	(8, 35.27024)	(9, 35.48699)	(10, 35.42101)	(15, 35.399118)	(20, 35.399002)	(25, 35.348310000000005)	(30, 35.281515999999996)	(35, 35.254875999999996)	(40, 35.198886)	(45, 35.129756)	(50, 35.073028)	(55, 34.977196000000006)	(60, 34.87167149192847)	(65, 34.68247255484798)	(70, 34.52051051996726)	(75, 34.33418255072033)	(80, 34.18565634487233)	(85, 34.06072394622145)	(90, 33.96956981534211)	(95, 33.817811782959666)	(100, 33.69657417571059)	(105, 33.46249211070169)	(110, 33.29466021830751)	(115, 33.1323913125427)	(120, 32.93282384279067)	(125, 32.448433898867606)	(130, 31.989764796321953)	(135, 31.62951797855809)	(140, 31.080864868439495)	(145, 30.497580959988188)	(150, 28.3692678868573)
SRR8865572_R2	(1, 31.69775)	(2, 31.54108)	(3, 31.52383)	(4, 31.58923)	(5, 31.4895)	(6, 35.16397)	(7, 35.17416)	(8, 35.10538)	(9, 35.29249)	(10, 35.232867999999996)	(15, 35.15633)	(20, 35.105744)	(25, 35.05479)	(30, 35.00067)	(35, 34.980544)	(40, 34.898962)	(45, 34.843258000000006)	(50, 34.773557999999994)	(55, 34.614408000000005)	(60, 34.477461138063724)	(65, 34.34286358860007)	(70, 34.148679101103916)	(75, 34.00190904804113)	(80, 33.904811841307016)	(85, 33.79603211777514)	(90, 33.64907920217104)	(95, 33.49508042740312)	(100, 33.31373617155362)	(105, 33.039441403049025)	(110, 32.66132001305967)	(115, 32.41463568943958)	(120, 31.99497957953323)	(125, 31.532886460051838)	(130, 31.28919158682931)	(135, 30.571370674004747)	(140, 30.06216739157482)	(145, 29.651611252849897)	(150, 27.180913484113333)
SRR8865573_R1	(1, 31.2886)	(2, 31.50988)	(3, 31.66054)	(4, 31.77036)	(5, 31.71261)	(6, 35.42682)	(7, 35.45044)	(8, 35.37313)	(9, 35.54206)	(10, 35.50846)	(15, 35.465042)	(20, 35.449902)	(25, 35.412382)	(30, 35.351034000000006)	(35, 35.301012)	(40, 35.256256)	(45, 35.204506)	(50, 35.140742)	(55, 35.05028450284503)	(60, 34.964391926936216)	(65, 34.7794293093376)	(70, 34.63133030133868)	(75, 34.43269536480775)	(80, 34.30864440841841)	(85, 34.204028542458104)	(90, 34.10195392583584)	(95, 33.93975521971873)	(100, 33.83050074764992)	(105, 33.59223607810761)	(110, 33.45088782443439)	(115, 33.271051054289515)	(120, 33.114303157904295)	(125, 32.61322746286118)	(130, 32.16497899519389)	(135, 31.78939357171948)	(140, 31.24574318919421)	(145, 30.663716070006945)	(150, 28.52410859798729)
SRR8865573_R2	(1, 31.65841)	(2, 31.47467)	(3, 31.44777)	(4, 31.54078)	(5, 31.41597)	(6, 35.07551)	(7, 35.12227)	(8, 34.98783)	(9, 35.25186)	(10, 35.161846000000004)	(15, 35.067296)	(20, 35.03415199999999)	(25, 34.985684000000006)	(30, 34.915302000000004)	(35, 34.900225999999996)	(40, 34.819512)	(45, 34.767708000000006)	(50, 34.68527399999999)	(55, 34.54373543735437)	(60, 34.38728658379082)	(65, 34.24514583551614)	(70, 34.0593273132246)	(75, 33.924957197998104)	(80, 33.83008788892228)	(85, 33.71046582236495)	(90, 33.56215989088055)	(95, 33.43806078605013)	(100, 33.22301588355536)	(105, 33.00271118496873)	(110, 32.612459156556895)	(115, 32.37090403158436)	(120, 31.95469053423677)	(125, 31.48535287254167)	(130, 31.222738689922203)	(135, 30.522731893868656)	(140, 30.03033298186981)	(145, 29.670693740347758)	(150, 27.15154580226857)
SRR8865574_R1	(1, 30.94841)	(2, 30.99615)	(3, 31.42379)	(4, 31.64338)	(5, 31.60193)	(6, 35.15402)	(7, 35.22795)	(8, 35.12868)	(9, 35.34976)	(10, 35.265726)	(15, 35.244812)	(20, 35.268428)	(25, 35.220124)	(30, 35.135692)	(35, 35.089094)	(40, 35.026126000000005)	(45, 34.960824)	(50, 34.900316)	(55, 34.783988)	(60, 34.63246219604641)	(65, 34.400711942632164)	(70, 34.20582074073259)	(75, 33.957866239689864)	(80, 33.76024788998004)	(85, 33.613559084843416)	(90, 33.47190345583327)	(95, 33.27560167237978)	(100, 33.10249146985679)	(105, 32.85822120670173)	(110, 32.61579609168595)	(115, 32.435191208405705)	(120, 32.161905660100935)	(125, 31.655988492504907)	(130, 31.25407460033952)	(135, 30.699108677414443)	(140, 30.171772595684168)	(145, 29.516399936696168)	(150, 27.30654262618326)
SRR8865574_R2	(1, 31.6828)	(2, 31.565)	(3, 31.48169)	(4, 31.56159)	(5, 31.4753)	(6, 35.05628)	(7, 35.07324)	(8, 34.98566)	(9, 35.18926)	(10, 35.084778)	(15, 34.996204)	(20, 34.95603)	(25, 34.887972000000005)	(30, 34.830436)	(35, 34.774502)	(40, 34.68367)	(45, 34.614942)	(50, 34.502204)	(55, 34.335964000000004)	(60, 34.12921814890709)	(65, 33.950563120339815)	(70, 33.68861375067437)	(75, 33.51207687439598)	(80, 33.37812675907185)	(85, 33.23454196207667)	(90, 33.04025014036733)	(95, 32.838315884759865)	(100, 32.58382135281923)	(105, 32.30318093596894)	(110, 31.848016215620635)	(115, 31.54860844774094)	(120, 31.079380815634426)	(125, 30.601054428936816)	(130, 30.29154497804854)	(135, 29.61747465918512)	(140, 29.073896378622067)	(145, 28.64993206941626)	(150, 25.640986895971746)
SRR8865575_R1	(1, 31.121314852594104)	(2, 31.369014760590424)	(3, 31.59396375855034)	(4, 31.73771950878035)	(5, 31.677797111884477)	(6, 35.31052242089684)	(7, 35.390365614624585)	(8, 35.28748149925997)	(9, 35.49359974398976)	(10, 35.455114204568176)	(15, 35.41588263530541)	(20, 35.40660626425057)	(25, 35.36159846393856)	(30, 35.296133845353815)	(35, 35.25897035881435)	(40, 35.19877595103804)	(45, 35.123132925317016)	(50, 35.061792471698865)	(55, 34.97869514780591)	(60, 34.86741351073013)	(65, 34.68473622248568)	(70, 34.525557214868556)	(75, 34.340636823804495)	(80, 34.18862120590073)	(85, 34.077325472651)	(90, 33.97771418290093)	(95, 33.82154971447696)	(100, 33.70593686557511)	(105, 33.47280683211832)	(110, 33.28835573962137)	(115, 33.12415334474487)	(120, 32.96953201125332)	(125, 32.48733251279596)	(130, 32.031706213366974)	(135, 31.64197341620983)	(140, 31.107797787532725)	(145, 30.522539574281456)	(150, 28.39673137499054)
SRR8865575_R2	(1, 31.704498179927196)	(2, 31.57338293531741)	(3, 31.523170926837075)	(4, 31.598553942157686)	(5, 31.510940437617506)	(6, 35.195147805912235)	(7, 35.21437857514301)	(8, 35.141465658626345)	(9, 35.32104284171367)	(10, 35.25316012640506)	(15, 35.17923316932677)	(20, 35.136649465978635)	(25, 35.085219408776354)	(30, 35.03154126165047)	(35, 35.00889835593424)	(40, 34.93409536381455)	(45, 34.881869274770985)	(50, 34.81152246089844)	(55, 34.65251410056402)	(60, 34.49266906967669)	(65, 34.35410501997937)	(70, 34.149055400480805)	(75, 34.04008860357709)	(80, 33.91110424820281)	(85, 33.80739645779822)	(90, 33.64729473943759)	(95, 33.50552768335609)	(100, 33.28735453145289)	(105, 33.04674305084427)	(110, 32.63242016712678)	(115, 32.365058040769995)	(120, 31.944747897181678)	(125, 31.487597851986237)	(130, 31.264467431445958)	(135, 30.485447821708455)	(140, 30.028718625561453)	(145, 29.669152053500227)	(150, 27.011947489642893)
SRR8865576_R1	(1, 31.25669)	(2, 31.49858)	(3, 31.66047)	(4, 31.77117)	(5, 31.73721)	(6, 35.39148)	(7, 35.45186)	(8, 35.37822)	(9, 35.52484)	(10, 35.498092)	(15, 35.469668)	(20, 35.466328)	(25, 35.431796)	(30, 35.36761800000001)	(35, 35.330592)	(40, 35.286021999999996)	(45, 35.226848000000004)	(50, 35.168071999999995)	(55, 35.08661600000001)	(60, 35.00105348319978)	(65, 34.82325586006001)	(70, 34.6753104609745)	(75, 34.4985597908153)	(80, 34.36469588848119)	(85, 34.25089393139191)	(90, 34.15513075336453)	(95, 34.002600870779155)	(100, 33.87987962955649)	(105, 33.646693285579815)	(110, 33.485352896151994)	(115, 33.33969747864638)	(120, 33.174489021902104)	(125, 32.685501695635786)	(130, 32.2234476884925)	(135, 31.850664897844165)	(140, 31.338825980366256)	(145, 30.774755414074058)	(150, 28.636766656314197)
SRR8865576_R2	(1, 31.70977)	(2, 31.57361)	(3, 31.53662)	(4, 31.61294)	(5, 31.55777)	(6, 35.22582)	(7, 35.23774)	(8, 35.16287)	(9, 35.33449)	(10, 35.269644)	(15, 35.203238)	(20, 35.164236)	(25, 35.124238000000005)	(30, 35.076066000000004)	(35, 35.04935400000001)	(40, 34.976428)	(45, 34.938545999999995)	(50, 34.865480000000005)	(55, 34.723978)	(60, 34.580451574674704)	(65, 34.46390313730906)	(70, 34.268968007082776)	(75, 34.1302933857881)	(80, 34.04142136300429)	(85, 33.95498881222802)	(90, 33.79566937388008)	(95, 33.662985482636756)	(100, 33.470512415145656)	(105, 33.22582084975768)	(110, 32.839301647108364)	(115, 32.58112404777978)	(120, 32.206919223293106)	(125, 31.721812428076703)	(130, 31.519297193124043)	(135, 30.80076248048069)	(140, 30.319988386961466)	(145, 29.965871461099464)	(150, 27.438593005245366)
SRR8865577_R1	(1, 31.580085800858008)	(2, 31.76550765507655)	(3, 31.788367883678838)	(4, 31.850778507785076)	(5, 31.806968069680696)	(6, 35.48571485714857)	(7, 35.51092510925109)	(8, 35.477864778647785)	(9, 35.60677606776068)	(10, 35.58143181431814)	(15, 35.51613316133161)	(20, 35.481576815768165)	(25, 35.372287722877225)	(30, 35.23646636466364)	(35, 35.07389873898738)	(40, 35.01560415604156)	(45, 34.98319983199832)	(50, 34.795305953059525)	(55, 34.530817308173084)	(60, 34.2824691690813)	(65, 33.92175541826238)	(70, 33.55916879825035)	(75, 33.31816906051541)	(80, 32.960815747010585)	(85, 32.666041748907844)	(90, 32.24747101354271)	(95, 31.892887691890326)	(100, 31.358509145237974)	(105, 30.52656561154628)	(110, 29.72753513887779)	(115, 29.29045930059791)	(120, 28.512391573237057)	(125, 27.866559251140313)	(130, 27.11734523924959)	(135, 26.442809473901043)	(140, 25.85064079018066)	(145, 25.073140489537174)	(150, 23.007198474893976)
SRR8865577_R2	(1, 31.831768317683178)	(2, 31.682256822568224)	(3, 31.668476684766848)	(4, 31.712797127971278)	(5, 31.639676396763967)	(6, 35.38107381073811)	(7, 35.39776397763978)	(8, 35.31987319873199)	(9, 35.51848518485185)	(10, 35.41928019280193)	(15, 35.33018730187302)	(20, 35.23547235472355)	(25, 35.12860528605286)	(30, 35.01040610406104)	(35, 34.855446554465544)	(40, 34.727763277632775)	(45, 34.57678576785768)	(50, 34.30166701667016)	(55, 34.01331613316133)	(60, 33.68849012596657)	(65, 33.365906944712734)	(70, 32.943046173782584)	(75, 32.59922417325442)	(80, 31.978758445401365)	(85, 31.742001831478866)	(90, 31.11624828594273)	(95, 30.766081869816468)	(100, 30.060629393924227)	(105, 29.38483033976808)	(110, 28.47457862829851)	(115, 27.801267558177972)	(120, 26.923272274078453)	(125, 26.220170230743197)	(130, 25.15640495998459)	(135, 24.46776848403839)	(140, 23.783339744062282)	(145, 23.302699362230044)	(150, 21.358129994558155)
SRR8865578_R1	(1, 31.33677673553471)	(2, 31.53065061301226)	(3, 31.632802656053123)	(4, 31.763645272905457)	(5, 31.70982419648393)	(6, 35.38469769395388)	(7, 35.445138902778055)	(8, 35.37802756055121)	(9, 35.5442608852177)	(10, 35.495061901238024)	(15, 35.459193183863675)	(20, 35.44853897077941)	(25, 35.404584091681826)	(30, 35.34289485789716)	(35, 35.316378327566554)	(40, 35.24396487929759)	(45, 35.18934378687574)	(50, 35.12849656993139)	(55, 35.03329666593332)	(60, 34.933598043542496)	(65, 34.76355448048172)	(70, 34.63275940581447)	(75, 34.42324977503381)	(80, 34.282089058675794)	(85, 34.176441848810256)	(90, 34.086350714628296)	(95, 33.94118769053045)	(100, 33.814445402955016)	(105, 33.610643336656565)	(110, 33.435536579508145)	(115, 33.27629419310157)	(120, 33.078068055211936)	(125, 32.62726052444883)	(130, 32.231772858480845)	(135, 31.775259808518662)	(140, 31.249599612527184)	(145, 30.640108707649564)	(150, 28.428188126563672)
SRR8865578_R2	(1, 31.693393867877358)	(2, 31.51063021260425)	(3, 31.46266925338507)	(4, 31.566871337426747)	(5, 31.44879897597952)	(6, 35.125972519450386)	(7, 35.17191343826877)	(8, 35.06740134802696)	(9, 35.27718554371087)	(10, 35.19886597731954)	(15, 35.10533210664213)	(20, 35.06562131242625)	(25, 35.01790635812716)	(30, 34.96708134162684)	(35, 34.94501690033801)	(40, 34.85591911838237)	(45, 34.80087001740035)	(50, 34.72108242164843)	(55, 34.58502770055401)	(60, 34.428489684425536)	(65, 34.30184393588977)	(70, 34.103487054945695)	(75, 33.963737561678116)	(80, 33.858725896891144)	(85, 33.76757248517597)	(90, 33.620198693713384)	(95, 33.49363267234729)	(100, 33.282087105692334)	(105, 33.061315825611615)	(110, 32.673355926913224)	(115, 32.43040728967529)	(120, 32.02046350225737)	(125, 31.607313162863285)	(130, 31.30708529415532)	(135, 30.634006255348275)	(140, 30.116085840489554)	(145, 29.687189834740757)	(150, 27.131608633907156)
SRR8865579_R1	(1, 31.185663713274266)	(2, 31.37519750395008)	(3, 31.588761775235504)	(4, 31.750335006700134)	(5, 31.683213664273286)	(6, 35.32722654453089)	(7, 35.40192803856077)	(8, 35.313386267725356)	(9, 35.4667593351867)	(10, 35.44840296805936)	(15, 35.40188203764076)	(20, 35.39276585531711)	(25, 35.34488689773796)	(30, 35.26426928538571)	(35, 35.21084621692434)	(40, 35.176363527270546)	(45, 35.12420648412968)	(50, 35.07266945338907)	(55, 34.98540970819416)	(60, 34.872530539199516)	(65, 34.67762968815006)	(70, 34.53642489605536)	(75, 34.31087512088867)	(80, 34.16722020341422)	(85, 34.04571711334163)	(90, 33.93836863330461)	(95, 33.787386781246795)	(100, 33.64049223718565)	(105, 33.42149429262391)	(110, 33.223847298977134)	(115, 33.05536652851535)	(120, 32.87692893023001)	(125, 32.377492260807664)	(130, 31.981687308640517)	(135, 31.490788791581725)	(140, 30.95406531205473)	(145, 30.381960326251793)	(150, 28.25165542436212)
SRR8865579_R2	(1, 31.67992359847197)	(2, 31.511390227804554)	(3, 31.488629772595452)	(4, 31.57758155163103)	(5, 31.471379427588552)	(6, 35.132512650253005)	(7, 35.162993259865196)	(8, 35.06820136402728)	(9, 35.27577551551031)	(10, 35.21105822116442)	(15, 35.12733054661093)	(20, 35.083101662033236)	(25, 35.02739054781095)	(30, 34.979851597031946)	(35, 34.94589091781835)	(40, 34.86783535670713)	(45, 34.79934598691973)	(50, 34.732510650213)	(55, 34.5857657153143)	(60, 34.41640026330041)	(65, 34.29149793377729)	(70, 34.09623162946824)	(75, 33.94742273471827)	(80, 33.842539330747144)	(85, 33.739090179337985)	(90, 33.58430705942756)	(95, 33.43938477082889)	(100, 33.23974114816822)	(105, 32.993531674166334)	(110, 32.59181385022087)	(115, 32.35809866693943)	(120, 31.944916879766186)	(125, 31.51209968589839)	(130, 31.182683826565135)	(135, 30.523563887747674)	(140, 30.02907974953131)	(145, 29.602328827569288)	(150, 27.022057308336066)
SRR8865580_R1	(1, 31.2020020200202)	(2, 31.41009410094101)	(3, 31.55850558505585)	(4, 31.71131711317113)	(5, 31.654926549265493)	(6, 35.314553145531455)	(7, 35.40416404164041)	(8, 35.294022940229404)	(9, 35.485444854448545)	(10, 35.43867438674387)	(15, 35.39917999179992)	(20, 35.39586195861959)	(25, 35.332143321433215)	(30, 35.25250652506525)	(35, 35.18392183921839)	(40, 35.14302343023431)	(45, 35.08059680596806)	(50, 34.9979559795598)	(55, 34.872626726267264)	(60, 34.74357015909617)	(65, 34.528348920431256)	(70, 34.36379289155201)	(75, 34.15444590512432)	(80, 33.99711368147412)	(85, 33.870204926206085)	(90, 33.76486091176832)	(95, 33.59671240013037)	(100, 33.458695210909795)	(105, 33.25327642334598)	(110, 33.045680436249576)	(115, 32.876468953068795)	(120, 32.67292037268303)	(125, 32.164490790235064)	(130, 31.76810790257939)	(135, 31.279114456336618)	(140, 30.767033538744748)	(145, 30.170594527792492)	(150, 27.965216368926246)
SRR8865580_R2	(1, 31.69661696616966)	(2, 31.541465414654148)	(3, 31.495674956749568)	(4, 31.5819758197582)	(5, 31.46478464784648)	(6, 35.168631686316864)	(7, 35.17424174241742)	(8, 35.08704087040871)	(9, 35.2959629596296)	(10, 35.20847008470084)	(15, 35.11924119241193)	(20, 35.08661886618866)	(25, 35.03187631876319)	(30, 34.99671596715967)	(35, 34.96130561305613)	(40, 34.89166291662917)	(45, 34.82855028550286)	(50, 34.74447144471445)	(55, 34.60354403544036)	(60, 34.41507050685348)	(65, 34.28418138782602)	(70, 34.08931882672809)	(75, 33.92813969292977)	(80, 33.824465160313075)	(85, 33.70987909839201)	(90, 33.56695334151595)	(95, 33.40793616134912)	(100, 33.19462453280627)	(105, 32.95966123953232)	(110, 32.563101205883186)	(115, 32.318929453098114)	(120, 31.89178535707227)	(125, 31.442243933119823)	(130, 31.1602256614379)	(135, 30.450838185572792)	(140, 29.944543081381973)	(145, 29.517070048236043)	(150, 26.982790245477037)
SRR8865581_R1	(1, 31.14825444763343)	(2, 31.353680610418312)	(3, 31.54146624398732)	(4, 31.711451343540308)	(5, 31.635129053871616)	(6, 35.29223876716301)	(7, 35.35392061761853)	(8, 35.25170755122654)	(9, 35.47465423962719)	(10, 35.44414132423973)	(15, 35.41434843045291)	(20, 35.399419982599476)	(25, 35.347916437493126)	(30, 35.278708361250835)	(35, 35.193627808834265)	(40, 35.14400432012961)	(45, 35.09748292448773)	(50, 35.00693220796624)	(55, 34.890622718681556)	(60, 34.766791804761716)	(65, 34.56536529041555)	(70, 34.40016236763451)	(75, 34.19460296561859)	(80, 34.03631500955858)	(85, 33.89020247915265)	(90, 33.798066330986344)	(95, 33.65123725543997)	(100, 33.51217165204663)	(105, 33.26246703474028)	(110, 33.0744027767011)	(115, 32.91735142751134)	(120, 32.60192921191483)	(125, 32.196181674941336)	(130, 31.793886709682596)	(135, 31.29773668576403)	(140, 30.788924604853282)	(145, 30.233399517500317)	(150, 28.104009826040986)
SRR8865581_R2	(1, 31.66249987499625)	(2, 31.52485574567237)	(3, 31.46304389131674)	(4, 31.552096562896885)	(5, 31.420372611178337)	(6, 35.07937238117144)	(7, 35.122293668810066)	(8, 35.02161064831945)	(9, 35.2497774933248)	(10, 35.17010110303309)	(15, 35.06652599577988)	(20, 35.02830884926548)	(25, 34.97507325219757)	(30, 34.94104023120694)	(35, 34.91831954958649)	(40, 34.8314509435283)	(45, 34.768995069852096)	(50, 34.69312279368381)	(55, 34.54003420102603)	(60, 34.350564120087384)	(65, 34.231502676716445)	(70, 34.03663755932653)	(75, 33.866478226844556)	(80, 33.75953845915468)	(85, 33.62420563001258)	(90, 33.484869801617535)	(95, 33.33020424897229)	(100, 33.1108543222431)	(105, 32.864033553242734)	(110, 32.50333392528118)	(115, 32.15467196236743)	(120, 31.797617798926325)	(125, 31.33830548383866)	(130, 31.025378807325843)	(135, 30.331730544567684)	(140, 29.818458278363845)	(145, 29.388168629345245)	(150, 26.93589211702656)
SRR8865582_R1	(1, 31.51146)	(2, 31.77214)	(3, 31.77645)	(4, 31.84681)	(5, 31.79899)	(6, 35.50051)	(7, 35.53461)	(8, 35.50381)	(9, 35.63615)	(10, 35.55912)	(15, 35.507396)	(20, 35.463834000000006)	(25, 35.366194)	(30, 35.249148000000005)	(35, 35.115034)	(40, 35.021928)	(45, 34.914010000000005)	(50, 34.708092)	(55, 34.459586)	(60, 34.19213181454228)	(65, 33.81390184441254)	(70, 33.47661942841756)	(75, 33.18076413761222)	(80, 32.82365175411272)	(85, 32.465949502568506)	(90, 32.02857213056219)	(95, 31.630874206442286)	(100, 31.104560975539776)	(105, 30.43402922257048)	(110, 29.601092859182266)	(115, 29.009709941862873)	(120, 28.186592580954738)	(125, 27.61640356196643)	(130, 26.8508958860614)	(135, 26.14803529059453)	(140, 25.460244654278686)	(145, 24.701364425566712)	(150, 22.731983249787994)
SRR8865582_R2	(1, 31.82307)	(2, 31.68334)	(3, 31.64728)	(4, 31.70966)	(5, 31.64772)	(6, 35.3818)	(7, 35.37986)	(8, 35.32468)	(9, 35.47948)	(10, 35.390544)	(15, 35.290406000000004)	(20, 35.208692)	(25, 35.086742)	(30, 34.969674000000005)	(35, 34.806599999999996)	(40, 34.669894)	(45, 34.477418)	(50, 34.200036)	(55, 33.895326)	(60, 33.53456262247299)	(65, 33.14383641745849)	(70, 32.79123981235175)	(75, 32.39036552757382)	(80, 31.823444118116164)	(85, 31.507532847415888)	(90, 30.885419504886624)	(95, 30.5507115342629)	(100, 29.878387915698774)	(105, 29.132132382743134)	(110, 28.272939428162363)	(115, 27.606085689921304)	(120, 26.675422867286176)	(125, 25.892375273117388)	(130, 24.98514437446215)	(135, 24.443622634156718)	(140, 23.814580678499873)	(145, 23.214988064581767)	(150, 21.371040954607565)
SRR8865583_R1	(1, 31.58591)	(2, 31.76719)	(3, 31.77781)	(4, 31.84555)	(5, 31.77251)	(6, 35.46501)	(7, 35.50226)	(8, 35.42899)	(9, 35.62871)	(10, 35.555402)	(15, 35.50309)	(20, 35.458268)	(25, 35.355188)	(30, 35.238226)	(35, 35.094578)	(40, 35.007326)	(45, 34.929954)	(50, 34.71527)	(55, 34.483238)	(60, 34.20551610689047)	(65, 33.85493939472882)	(70, 33.47537185775978)	(75, 33.1766540267785)	(80, 32.80327988967509)	(85, 32.51399022969983)	(90, 32.05302130723242)	(95, 31.694260369275515)	(100, 31.13937013526214)	(105, 30.42472174575041)	(110, 29.592759998894252)	(115, 29.097347979631934)	(120, 28.318581249487767)	(125, 27.619002934374134)	(130, 26.8596097930341)	(135, 26.194363148601855)	(140, 25.571921509075967)	(145, 24.74537963980565)	(150, 22.715450229475206)
SRR8865583_R2	(1, 31.82539)	(2, 31.65466)	(3, 31.64822)	(4, 31.70614)	(5, 31.61758)	(6, 35.36452)	(7, 35.36446)	(8, 35.31467)	(9, 35.47619)	(10, 35.386018)	(15, 35.283536000000005)	(20, 35.202904)	(25, 35.091278)	(30, 34.96073)	(35, 34.805991999999996)	(40, 34.681632)	(45, 34.488929999999996)	(50, 34.230149999999995)	(55, 33.908336)	(60, 33.54797148551653)	(65, 33.19929621834477)	(70, 32.797296439285944)	(75, 32.42932130983416)	(80, 31.81340438071725)	(85, 31.541452512453855)	(90, 30.890119460890766)	(95, 30.565496025768237)	(100, 29.878769635450613)	(105, 29.111713013903756)	(110, 28.24118255601627)	(115, 27.570599080749776)	(120, 26.69795956636579)	(125, 25.91522544111557)	(130, 24.88368759752068)	(135, 24.361029316840376)	(140, 23.73427220440986)	(145, 23.0920498136205)	(150, 21.110668833715046)
SRR8865584_R1	(1, 31.5897)	(2, 31.77854)	(3, 31.7856)	(4, 31.85931)	(5, 31.79936)	(6, 35.50407)	(7, 35.53641)	(8, 35.47759)	(9, 35.66216)	(10, 35.605958)	(15, 35.53863199999999)	(20, 35.505404)	(25, 35.39920600000001)	(30, 35.268264)	(35, 35.122367999999994)	(40, 35.038476)	(45, 34.968498)	(50, 34.790666)	(55, 34.532694)	(60, 34.27280373243382)	(65, 33.919248137114984)	(70, 33.53167237463075)	(75, 33.26331935943732)	(80, 32.90668312972498)	(85, 32.58426193192757)	(90, 32.16135683729432)	(95, 31.796044855493932)	(100, 31.290905560791003)	(105, 30.550876392371627)	(110, 29.73960598757755)	(115, 29.248902499173596)	(120, 28.492776092058516)	(125, 27.79173280978672)	(130, 27.11054262423516)	(135, 26.43770555809713)	(140, 25.741316530629103)	(145, 24.892526637906347)	(150, 22.87981323013297)
SRR8865584_R2	(1, 31.82727)	(2, 31.69562)	(3, 31.66222)	(4, 31.73012)	(5, 31.65126)	(6, 35.39986)	(7, 35.39789)	(8, 35.33902)	(9, 35.51706)	(10, 35.418060000000004)	(15, 35.323556)	(20, 35.23795)	(25, 35.121336)	(30, 34.997384)	(35, 34.838998000000004)	(40, 34.707316000000006)	(45, 34.514474)	(50, 34.267022)	(55, 33.932010000000005)	(60, 33.593899979688054)	(65, 33.26763506217875)	(70, 32.85085822756031)	(75, 32.470859184022316)	(80, 31.890183225106995)	(85, 31.647460020358118)	(90, 30.96918514679071)	(95, 30.662316639990923)	(100, 29.99284608349542)	(105, 29.259858762531746)	(110, 28.403068731670555)	(115, 27.759915859313377)	(120, 26.906103627569063)	(125, 26.109267767407935)	(130, 25.080461588450493)	(135, 24.500094254048463)	(140, 23.905945547465446)	(145, 23.26930012436109)	(150, 21.26173491285991)
SRR8865585_R1	(1, 31.59076)	(2, 31.80269)	(3, 31.80965)	(4, 31.87267)	(5, 31.82672)	(6, 35.55483)	(7, 35.59574)	(8, 35.55894)	(9, 35.64573)	(10, 35.61280000000001)	(15, 35.568574)	(20, 35.533656)	(25, 35.447122)	(30, 35.31406199999999)	(35, 35.123782)	(40, 35.100024000000005)	(45, 35.103528)	(50, 34.968396)	(55, 34.72537200000001)	(60, 34.458701985134304)	(65, 34.152176393620024)	(70, 33.81699043830109)	(75, 33.61850060649001)	(80, 33.31010671194089)	(85, 33.029156136461125)	(90, 32.618888885623186)	(95, 32.26911566043315)	(100, 31.737926436827205)	(105, 30.890819285221262)	(110, 30.25365595432358)	(115, 29.716819940060184)	(120, 28.893136545339008)	(125, 28.25025579038263)	(130, 27.577473598422472)	(135, 26.935105464356553)	(140, 26.38509032667158)	(145, 25.581918900885984)	(150, 23.23641657353193)
SRR8865585_R2	(1, 31.84984)	(2, 31.71167)	(3, 31.70595)	(4, 31.73554)	(5, 31.69346)	(6, 35.44646)	(7, 35.4543)	(8, 35.41768)	(9, 35.58238)	(10, 35.485104)	(15, 35.409648)	(20, 35.332826)	(25, 35.241326)	(30, 35.131693999999996)	(35, 34.981554)	(40, 34.87919599999999)	(45, 34.75872)	(50, 34.535474)	(55, 34.248924)	(60, 33.94385591444025)	(65, 33.6729143349301)	(70, 33.27727139248799)	(75, 33.01398974301408)	(80, 32.39851247735395)	(85, 32.193211922342336)	(90, 31.61395389139809)	(95, 31.269371237370542)	(100, 30.58953687983123)	(105, 29.974334726798467)	(110, 28.914329734606447)	(115, 28.210285920587573)	(120, 27.523993837144143)	(125, 26.77030603211237)	(130, 25.602778152367296)	(135, 24.98188562957685)	(140, 24.24554660850078)	(145, 23.881237290228384)	(150, 21.7824328527472)
SRR8865586_R1	(1, 31.62158)	(2, 31.70856)	(3, 31.77476)	(4, 31.85779)	(5, 31.82545)	(6, 35.56638)	(7, 35.60447)	(8, 35.56123)	(9, 35.6442)	(10, 35.619722)	(15, 35.631797999999996)	(20, 35.61574)	(25, 35.56678000000001)	(30, 35.52774599999999)	(35, 35.4704)	(40, 35.441028)	(45, 35.425688)	(50, 35.359198)	(55, 35.286538)	(60, 35.16869853177432)	(65, 35.05652350599469)	(70, 34.88573684345205)	(75, 34.74486338441152)	(80, 34.63028724281022)	(85, 34.54683015148911)	(90, 34.44841528976267)	(95, 34.37552075830568)	(100, 34.24115440393046)	(105, 34.052351662013045)	(110, 33.922611973863)	(115, 33.75604136194707)	(120, 33.552437877567314)	(125, 33.29602803302451)	(130, 33.15025651133769)	(135, 32.81093476688071)	(140, 32.431566244649126)	(145, 31.95098689488996)	(150, 29.778932390632715)
SRR8865586_R2	(1, 31.82181)	(2, 31.72267)	(3, 31.70514)	(4, 31.7381)	(5, 31.70824)	(6, 35.52748)	(7, 35.52675)	(8, 35.51049)	(9, 35.57039)	(10, 35.527354)	(15, 35.508818)	(20, 35.468916)	(25, 35.427322)	(30, 35.385894)	(35, 35.33602)	(40, 35.302352)	(45, 35.260466)	(50, 35.165206)	(55, 35.076934)	(60, 34.970524848893206)	(65, 34.87228982358501)	(70, 34.74974710156782)	(75, 34.68140569188474)	(80, 34.56845631076548)	(85, 34.496095160915345)	(90, 34.37060734788336)	(95, 34.248769639298835)	(100, 34.10804977683257)	(105, 33.938050580543056)	(110, 33.74940728677413)	(115, 33.55347650487816)	(120, 33.28055559357291)	(125, 33.022952567559166)	(130, 32.62986747126706)	(135, 32.11762235644441)	(140, 31.56276480939483)	(145, 31.128207756942665)	(150, 28.349073136302415)
SRR8865587_R1	(1, 31.64476)	(2, 31.74347)	(3, 31.80355)	(4, 31.87081)	(5, 31.83523)	(6, 35.60403)	(7, 35.63651)	(8, 35.60322)	(9, 35.70043)	(10, 35.653026)	(15, 35.65420400000001)	(20, 35.638524000000004)	(25, 35.594058000000004)	(30, 35.549298)	(35, 35.50253)	(40, 35.475614)	(45, 35.459752)	(50, 35.39907)	(55, 35.32255200000001)	(60, 35.22604598879318)	(65, 35.125444873164426)	(70, 34.98474639269097)	(75, 34.81823310110759)	(80, 34.73030398483791)	(85, 34.66213337703893)	(90, 34.56644321783715)	(95, 34.49357320896535)	(100, 34.343159691828546)	(105, 34.18870475643966)	(110, 34.064453032137216)	(115, 33.888906234189996)	(120, 33.744555746788045)	(125, 33.476961449166126)	(130, 33.31085791382744)	(135, 32.95471228724078)	(140, 32.5661721821006)	(145, 32.1339057971838)	(150, 29.95633277454857)
SRR8865587_R2	(1, 31.78124)	(2, 31.66857)	(3, 31.6693)	(4, 31.70013)	(5, 31.65777)	(6, 35.45069)	(7, 35.4503)	(8, 35.45035)	(9, 35.51094)	(10, 35.48767)	(15, 35.453419999999994)	(20, 35.421307999999996)	(25, 35.37147)	(30, 35.335478)	(35, 35.287296000000005)	(40, 35.251484)	(45, 35.20456)	(50, 35.118185999999994)	(55, 35.030967999999994)	(60, 34.93919764321724)	(65, 34.8452951684755)	(70, 34.707789563367974)	(75, 34.62728313854849)	(80, 34.533544325422156)	(85, 34.46825477016162)	(90, 34.347043367438815)	(95, 34.226453473085414)	(100, 34.09755380905635)	(105, 33.94685098863924)	(110, 33.79133059908895)	(115, 33.60047816839806)	(120, 33.35268516540443)	(125, 33.14266675386566)	(130, 32.75818641083153)	(135, 32.312965490317325)	(140, 31.86872260465089)	(145, 31.386825616842163)	(150, 28.726138367812094)
SRR8865588_R1	(1, 31.14298)	(2, 31.39297)	(3, 31.52747)	(4, 31.70307)	(5, 31.61701)	(6, 35.30892)	(7, 35.34264)	(8, 35.28462)	(9, 35.46813)	(10, 35.425670000000004)	(15, 35.399491999999995)	(20, 35.390842)	(25, 35.338718)	(30, 35.260244)	(35, 35.149482)	(40, 35.09362600000001)	(45, 35.083785999999996)	(50, 34.980652000000006)	(55, 34.838705999999995)	(60, 34.69138008183391)	(65, 34.46341548586712)	(70, 34.28196924561833)	(75, 34.04298740549688)	(80, 33.89311738036519)	(85, 33.751266119051714)	(90, 33.64963916297822)	(95, 33.49790136683522)	(100, 33.34119898324576)	(105, 33.1407371667232)	(110, 32.9394223211038)	(115, 32.76879094222667)	(120, 32.559144757352975)	(125, 32.072489069794)	(130, 31.67001690391418)	(135, 31.199836134863528)	(140, 30.694067023403846)	(145, 30.09637271290372)	(150, 27.888727202564766)
SRR8865588_R2	(1, 31.67294)	(2, 31.50303)	(3, 31.4268)	(4, 31.52098)	(5, 31.36965)	(6, 35.01582)	(7, 35.07407)	(8, 34.95426)	(9, 35.21972)	(10, 35.12174)	(15, 35.004868)	(20, 34.962244)	(25, 34.90486)	(30, 34.878214)	(35, 34.85304)	(40, 34.776011999999994)	(45, 34.727318000000004)	(50, 34.640638)	(55, 34.46069)	(60, 34.28411322610892)	(65, 34.14262793335153)	(70, 33.95711824653518)	(75, 33.795215188415156)	(80, 33.68024708312275)	(85, 33.54810505348055)	(90, 33.39124099225238)	(95, 33.24088671111173)	(100, 33.0334512839557)	(105, 32.7813295059869)	(110, 32.40461156660876)	(115, 32.13354990388771)	(120, 31.710228435305044)	(125, 31.28324863520847)	(130, 30.960637026217018)	(135, 30.284469663890427)	(140, 29.787774621382386)	(145, 29.35217313345911)	(150, 26.89674388414266)
SRR8865589_R1	(1, 31.56368)	(2, 31.75586)	(3, 31.77076)	(4, 31.84194)	(5, 31.79541)	(6, 35.48877)	(7, 35.51361)	(8, 35.43918)	(9, 35.65845)	(10, 35.582484)	(15, 35.527286)	(20, 35.487818000000004)	(25, 35.389266000000006)	(30, 35.26720400000001)	(35, 35.115764)	(40, 35.039692)	(45, 35.022245999999996)	(50, 34.837934)	(55, 34.596665378813796)	(60, 34.34712402787203)	(65, 33.99891830930533)	(70, 33.63222809953851)	(75, 33.40973226720661)	(80, 33.05706081116399)	(85, 32.75500723955306)	(90, 32.33752154614224)	(95, 32.00322622839242)	(100, 31.47993785571598)	(105, 30.66285501133111)	(110, 29.86105044903764)	(115, 29.418179515834957)	(120, 28.63675769290355)	(125, 27.985472734907397)	(130, 27.26953550344073)	(135, 26.52904967649822)	(140, 25.973533160367104)	(145, 25.162342715641948)	(150, 23.06452600859267)
SRR8865589_R2	(1, 31.7946)	(2, 31.66142)	(3, 31.64047)	(4, 31.69394)	(5, 31.62612)	(6, 35.35559)	(7, 35.3348)	(8, 35.28462)	(9, 35.46821)	(10, 35.372364000000005)	(15, 35.283988)	(20, 35.195795999999994)	(25, 35.089512)	(30, 34.962118)	(35, 34.809856)	(40, 34.679124)	(45, 34.541270000000004)	(50, 34.267117999999996)	(55, 33.98707949755497)	(60, 33.64554466294581)	(65, 33.28054273064892)	(70, 32.91168556674455)	(75, 32.55983653431936)	(80, 31.93519938471029)	(85, 31.685830395266528)	(90, 31.04214379539606)	(95, 30.765115654930206)	(100, 30.01738808105538)	(105, 29.352433942018344)	(110, 28.413190109632314)	(115, 27.754869777470482)	(120, 26.90392554601744)	(125, 26.187703961981043)	(130, 25.10817734765443)	(135, 24.450411892077955)	(140, 23.750464291682185)	(145, 23.269813318568897)	(150, 21.290413764303196)
SRR8865590_R1	(1, 31.34426)	(2, 31.55598)	(3, 31.66346)	(4, 31.7829)	(5, 31.72561)	(6, 35.38536)	(7, 35.4699)	(8, 35.36911)	(9, 35.53178)	(10, 35.509582)	(15, 35.481826)	(20, 35.47582)	(25, 35.423145999999996)	(30, 35.376864)	(35, 35.33439599999999)	(40, 35.28363)	(45, 35.23121)	(50, 35.17555)	(55, 35.083532000000005)	(60, 35.009252926823855)	(65, 34.844674773080214)	(70, 34.693511894811515)	(75, 34.53779013344385)	(80, 34.40465222933488)	(85, 34.28662097631279)	(90, 34.196822368414146)	(95, 34.0512891090719)	(100, 33.94373173153325)	(105, 33.72217238154404)	(110, 33.598393404507924)	(115, 33.42060344169589)	(120, 33.25582560405254)	(125, 32.76536590197427)	(130, 32.29212521792233)	(135, 31.928245125608704)	(140, 31.41526619602319)	(145, 30.81687227226785)	(150, 28.76298123566326)
SRR8865590_R2	(1, 31.70401)	(2, 31.54882)	(3, 31.52213)	(4, 31.60093)	(5, 31.52079)	(6, 35.17379)	(7, 35.21093)	(8, 35.13445)	(9, 35.29654)	(10, 35.246074)	(15, 35.170992)	(20, 35.133192)	(25, 35.08433)	(30, 35.044654)	(35, 35.022206000000004)	(40, 34.93773399999999)	(45, 34.885608000000005)	(50, 34.819794)	(55, 34.67836200000001)	(60, 34.536015000393434)	(65, 34.39444091043255)	(70, 34.23840397625172)	(75, 34.12095854392599)	(80, 34.00869691876351)	(85, 33.93666392125492)	(90, 33.7829512787673)	(95, 33.662572888295486)	(100, 33.475231955325256)	(105, 33.228000670067026)	(110, 32.81840063834535)	(115, 32.56950057290324)	(120, 32.20795719817786)	(125, 31.720887672850772)	(130, 31.420891271779745)	(135, 30.71898743211424)	(140, 30.203234710158608)	(145, 29.892744310840886)	(150, 27.388847521178782)
SRR8865591_R1	(1, 31.596045960459605)	(2, 31.787847878478786)	(3, 31.814388143881438)	(4, 31.869688696886968)	(5, 31.82066820668207)	(6, 35.545445454454544)	(7, 35.561135611356114)	(8, 35.54207542075421)	(9, 35.612876128761286)	(10, 35.58952389523895)	(15, 35.55269352693527)	(20, 35.52476324763247)	(25, 35.442478424784255)	(30, 35.31727117271172)	(35, 35.180493804938045)	(40, 35.12407524075241)	(45, 35.07852878528785)	(50, 34.912757127571275)	(55, 34.67650676506765)	(60, 34.465161990841224)	(65, 34.139743567282004)	(70, 33.77106325864711)	(75, 33.54673250082395)	(80, 33.21035613551887)	(85, 32.93598733835899)	(90, 32.51218084531629)	(95, 32.17755851768542)	(100, 31.667905965374587)	(105, 30.93188757429213)	(110, 30.14488465200454)	(115, 29.71459551971334)	(120, 28.91575713199868)	(125, 28.228897802668037)	(130, 27.520382768636665)	(135, 26.79695536328229)	(140, 26.21315221440929)	(145, 25.367854606043597)	(150, 23.25723924376534)
SRR8865591_R2	(1, 31.805868058680588)	(2, 31.659996599966)	(3, 31.633856338563387)	(4, 31.698936989369894)	(5, 31.603966039660396)	(6, 35.35511355113551)	(7, 35.36521365213652)	(8, 35.316823168231686)	(9, 35.48510485104851)	(10, 35.4011100111001)	(15, 35.30440104401044)	(20, 35.227188271882724)	(25, 35.12411524115241)	(30, 35.015548155481554)	(35, 34.87019470194702)	(40, 34.73622336223362)	(45, 34.6120101201012)	(50, 34.366059660596605)	(55, 34.09974699746998)	(60, 33.764379460427996)	(65, 33.43804520714773)	(70, 33.09659982219433)	(75, 32.75589535504319)	(80, 32.148291929033434)	(85, 31.90003618523132)	(90, 31.314882966875352)	(95, 31.02419150029661)	(100, 30.295148100611375)	(105, 29.63823565586001)	(110, 28.78162447012931)	(115, 28.1492583322295)	(120, 27.254111527778264)	(125, 26.486388882695174)	(130, 25.408407654380063)	(135, 24.765859880175576)	(140, 24.17592110766713)	(145, 23.591321185934927)	(150, 21.55247930444215)
SRR8865592_R1	(1, 31.55033953055775)	(2, 31.763398705883528)	(3, 31.79694172475523)	(4, 31.852296706703605)	(5, 31.81057295156564)	(6, 35.4938644478003)	(7, 35.5210368933204)	(8, 35.46629196627696)	(9, 35.64133772039484)	(10, 35.59094918542669)	(15, 35.54897740796672)	(20, 35.50197117740596)	(25, 35.41945175065756)	(30, 35.30089108019722)	(35, 35.17711794061465)	(40, 35.08539368543169)	(45, 34.98753487813903)	(50, 34.79465951935675)	(55, 34.552129565588295)	(60, 34.2920080259593)	(65, 33.90023735374102)	(70, 33.553523092255865)	(75, 33.25044943747431)	(80, 32.884872863586224)	(85, 32.51418734786603)	(90, 32.04800880841747)	(95, 31.690532976159794)	(100, 31.164783014260365)	(105, 30.472918970041064)	(110, 29.64945291789824)	(115, 29.036083396038794)	(120, 28.20437393081541)	(125, 27.57591877384696)	(130, 26.912110857915216)	(135, 26.178188680123817)	(140, 25.50503384196903)	(145, 24.729228789546607)	(150, 22.80797438862526)
SRR8865592_R2	(1, 31.819823784140574)	(2, 31.66818013621226)	(3, 31.636337270354332)	(4, 31.676070846376174)	(5, 31.603194287485874)	(6, 35.33944054964947)	(7, 35.326319368743185)	(8, 35.24661219509756)	(9, 35.42999869988299)	(10, 35.34017661589543)	(15, 35.24327389465052)	(20, 35.15398385854727)	(25, 35.0402836255263)	(30, 34.90564550809573)	(35, 34.76594893540419)	(40, 34.6189757078137)	(45, 34.397679791181204)	(50, 34.134222079987204)	(55, 33.80592128975176)	(60, 33.418028662921735)	(65, 33.043397629307044)	(70, 32.654218573155006)	(75, 32.265446135206645)	(80, 31.66295775638551)	(85, 31.358548658816495)	(90, 30.744786918262076)	(95, 30.404823044842868)	(100, 29.68332885769204)	(105, 28.95701511034372)	(110, 28.04364859174813)	(115, 27.34523609396523)	(120, 26.44580899701766)	(125, 25.696171519251788)	(130, 24.802221857783678)	(135, 24.255151624001343)	(140, 23.596638196600118)	(145, 22.983049167310856)	(150, 21.15671873630304)
SRR8865593_R1	(1, 31.309173091730916)	(2, 31.571675716757166)	(3, 31.63279632796328)	(4, 31.75671756717567)	(5, 31.718207182071822)	(6, 35.392433924339244)	(7, 35.46644466444665)	(8, 35.3890038900389)	(9, 35.50910509105091)	(10, 35.49867898678987)	(15, 35.47192071920719)	(20, 35.470000700007)	(25, 35.42720827208272)	(30, 35.34786947869478)	(35, 35.301035010350105)	(40, 35.264234642346416)	(45, 35.21393013930139)	(50, 35.14092740927409)	(55, 35.0440104401044)	(60, 34.93587690908422)	(65, 34.75614766970523)	(70, 34.59051561870987)	(75, 34.4121070492004)	(80, 34.2722011292815)	(85, 34.139577213976565)	(90, 34.05704197945919)	(95, 33.894536354414456)	(100, 33.76412836969022)	(105, 33.560671853726106)	(110, 33.40055238158825)	(115, 33.21632791635163)	(120, 33.02218048817278)	(125, 32.563029528190945)	(130, 32.098189392569836)	(135, 31.714850967757343)	(140, 31.192955137163317)	(145, 30.60274814027134)	(150, 28.376441313929305)
SRR8865593_R2	(1, 31.693536935369355)	(2, 31.546515465154652)	(3, 31.471264712647127)	(4, 31.556845568455685)	(5, 31.45079450794508)	(6, 35.132871328713286)	(7, 35.16518165181652)	(8, 35.07975079750798)	(9, 35.266052660526604)	(10, 35.20448404484044)	(15, 35.115929159291596)	(20, 35.08233482334823)	(25, 35.043932439324394)	(30, 35.002444024440244)	(35, 34.984849848498484)	(40, 34.90418504185042)	(45, 34.852368523685236)	(50, 34.78408584085841)	(55, 34.62734827348273)	(60, 34.4597124155938)	(65, 34.33287139201974)	(70, 34.143884965899886)	(75, 33.990902995436784)	(80, 33.88709203747366)	(85, 33.77696149453318)	(90, 33.6218582542618)	(95, 33.489707194073624)	(100, 33.289061069987255)	(105, 33.04101802516536)	(110, 32.65560348558482)	(115, 32.40751982273019)	(120, 31.987948944729453)	(125, 31.52926351469123)	(130, 31.310263396703675)	(135, 30.559579966742273)	(140, 30.090358044659883)	(145, 29.69805267052279)	(150, 27.215063800501973)
SRR8865594_R1	(1, 31.08686)	(2, 31.22424)	(3, 31.51249)	(4, 31.67439)	(5, 31.63462)	(6, 35.26629)	(7, 35.3267)	(8, 35.23003)	(9, 35.44808)	(10, 35.370129999999996)	(15, 35.346284)	(20, 35.361270000000005)	(25, 35.306046)	(30, 35.223718)	(35, 35.14447199999999)	(40, 35.106068)	(45, 35.057332)	(50, 34.975578)	(55, 34.860904000000005)	(60, 34.723311022150426)	(65, 34.546884351892814)	(70, 34.35653593177103)	(75, 34.15477418764081)	(80, 33.98789106846583)	(85, 33.84207327963767)	(90, 33.76437030156256)	(95, 33.57620829010148)	(100, 33.40654028515854)	(105, 33.13128364309183)	(110, 32.95105868458276)	(115, 32.78352348560608)	(120, 32.45540856232897)	(125, 32.005244901572155)	(130, 31.538777454284606)	(135, 31.019124420253387)	(140, 30.591125266166568)	(145, 30.054852475195826)	(150, 27.946831071343667)
SRR8865594_R2	(1, 31.68025)	(2, 31.54188)	(3, 31.51724)	(4, 31.57259)	(5, 31.46013)	(6, 35.11665)	(7, 35.16312)	(8, 35.07495)	(9, 35.29117)	(10, 35.183588)	(15, 35.107502)	(20, 35.068299999999994)	(25, 35.020655999999995)	(30, 34.97891599999999)	(35, 34.937586)	(40, 34.85902)	(45, 34.792928)	(50, 34.719222)	(55, 34.555682)	(60, 34.391610019258096)	(65, 34.244629693735476)	(70, 34.063329072575314)	(75, 33.887661303621684)	(80, 33.790802721345145)	(85, 33.67418729562256)	(90, 33.51199913435701)	(95, 33.35234504711111)	(100, 33.09985937327824)	(105, 32.83313099253058)	(110, 32.51093231214074)	(115, 32.11964702321536)	(120, 31.80045041702228)	(125, 31.253565654188026)	(130, 30.93074129270308)	(135, 30.248704720094345)	(140, 29.687710582539484)	(145, 29.28972427892949)	(150, 26.73643829600383)
SRR8865595_R1	(1, 31.28563)	(2, 31.52879)	(3, 31.67942)	(4, 31.79321)	(5, 31.74555)	(6, 35.42119)	(7, 35.48451)	(8, 35.38795)	(9, 35.57287)	(10, 35.539988)	(15, 35.512240000000006)	(20, 35.504112)	(25, 35.464141999999995)	(30, 35.410814)	(35, 35.36833)	(40, 35.319898)	(45, 35.253693999999996)	(50, 35.208839999999995)	(55, 35.135306)	(60, 35.04109859605097)	(65, 34.892155381855865)	(70, 34.746799356560054)	(75, 34.564983542182055)	(80, 34.439815565465715)	(85, 34.33983174131274)	(90, 34.249705325746234)	(95, 34.11175495427605)	(100, 33.99401992282392)	(105, 33.778424129051686)	(110, 33.603293995703474)	(115, 33.45221604170358)	(120, 33.28852944341092)	(125, 32.81541414060812)	(130, 32.41594490925486)	(135, 31.990510842172917)	(140, 31.482095411032226)	(145, 30.916682024353655)	(150, 28.849358595630342)
SRR8865595_R2	(1, 31.66508)	(2, 31.47758)	(3, 31.42861)	(4, 31.52851)	(5, 31.40678)	(6, 35.08439)	(7, 35.10556)	(8, 34.99916)	(9, 35.25054)	(10, 35.17214)	(15, 35.063178)	(20, 35.024651999999996)	(25, 34.982916)	(30, 34.915424)	(35, 34.897234000000005)	(40, 34.809116)	(45, 34.756870000000006)	(50, 34.68753400000001)	(55, 34.552494)	(60, 34.36959767152559)	(65, 34.261683448791516)	(70, 34.063386783622825)	(75, 33.91700153435871)	(80, 33.82419959109695)	(85, 33.72921532411848)	(90, 33.578633337638024)	(95, 33.44759336277444)	(100, 33.27412392920463)	(105, 33.045282145137975)	(110, 32.67465320748875)	(115, 32.43874196590222)	(120, 32.02352973849891)	(125, 31.63728417284314)	(130, 31.32907259594698)	(135, 30.697274707281515)	(140, 30.201798677678067)	(145, 29.7810037922721)	(150, 27.375580392447656)
SRR8865596_R1	(1, 31.36722)	(2, 31.58457)	(3, 31.66928)	(4, 31.78492)	(5, 31.72358)	(6, 35.42227)	(7, 35.48123)	(8, 35.40112)	(9, 35.55097)	(10, 35.520778)	(15, 35.482762)	(20, 35.470014)	(25, 35.424176)	(30, 35.363976)	(35, 35.331488)	(40, 35.27606)	(45, 35.220547999999994)	(50, 35.173012)	(55, 35.06580799999999)	(60, 34.98550714048925)	(65, 34.8183082077)	(70, 34.67177142516512)	(75, 34.506515288749824)	(80, 34.36071548582783)	(85, 34.26420647766858)	(90, 34.17964461685021)	(95, 34.0162230889043)	(100, 33.912804424972705)	(105, 33.68567602999081)	(110, 33.53572395363465)	(115, 33.37005333591932)	(120, 33.22068891818836)	(125, 32.735396926677545)	(130, 32.280753106803346)	(135, 31.918797030021246)	(140, 31.34880155281299)	(145, 30.787457601919122)	(150, 28.677163565243067)
SRR8865596_R2	(1, 31.67307)	(2, 31.5194)	(3, 31.48675)	(4, 31.57423)	(5, 31.45913)	(6, 35.13073)	(7, 35.16603)	(8, 35.10276)	(9, 35.3041)	(10, 35.230608000000004)	(15, 35.13661599999999)	(20, 35.100864)	(25, 35.053728)	(30, 35.01613)	(35, 34.982600000000005)	(40, 34.90541)	(45, 34.850876)	(50, 34.783082)	(55, 34.633402000000004)	(60, 34.48984810612619)	(65, 34.38605221941222)	(70, 34.20941653787958)	(75, 34.07713143052921)	(80, 33.97305462940789)	(85, 33.87594827785166)	(90, 33.74245933552396)	(95, 33.600025669388366)	(100, 33.41571269616465)	(105, 33.188030402775404)	(110, 32.78711618173939)	(115, 32.53082743793001)	(120, 32.160542441880736)	(125, 31.68697847850617)	(130, 31.429095381201062)	(135, 30.72773996151667)	(140, 30.203872314618263)	(145, 29.8821749124642)	(150, 27.363684751889195)
SRR8865597_R1	(1, 31.55939559395594)	(2, 31.786147861478614)	(3, 31.822888228882288)	(4, 31.876458764587646)	(5, 31.835038350383503)	(6, 35.50348503485035)	(7, 35.562885628856286)	(8, 35.5269852698527)	(9, 35.653626536265364)	(10, 35.62267422674226)	(15, 35.57670376703767)	(20, 35.53942739427394)	(25, 35.4550325503255)	(30, 35.34865148651486)	(35, 35.202966029660296)	(40, 35.129995299952995)	(45, 35.0780467804678)	(50, 34.87710877108771)	(55, 34.65889658896589)	(60, 34.37966617990267)	(65, 34.03838949283499)	(70, 33.66570360789483)	(75, 33.39986464928405)	(80, 33.034687339169565)	(85, 32.705428863054685)	(90, 32.244229614933055)	(95, 31.895135371964226)	(100, 31.359558854937507)	(105, 30.668086253911945)	(110, 29.82775517691136)	(115, 29.276073385948337)	(120, 28.46282185039995)	(125, 27.773980324325542)	(130, 27.01207589840851)	(135, 26.30944564174792)	(140, 25.623986186701313)	(145, 24.805339329165463)	(150, 22.64911767216367)
SRR8865597_R2	(1, 31.81841818418184)	(2, 31.672626726267264)	(3, 31.650256502565025)	(4, 31.706687066870668)	(5, 31.635226352263523)	(6, 35.36038360383604)	(7, 35.376563765637655)	(8, 35.332663326633266)	(9, 35.50538505385054)	(10, 35.40527805278053)	(15, 35.3250552505525)	(20, 35.246434464344645)	(25, 35.13566935669357)	(30, 35.022824228242285)	(35, 34.8720027200272)	(40, 34.74984549845498)	(45, 34.59482194821948)	(50, 34.34095540955409)	(55, 34.02722027220272)	(60, 33.7128150307708)	(65, 33.349765918503266)	(70, 32.98139972711865)	(75, 32.612572667386004)	(80, 32.0157346821293)	(85, 31.769938618033642)	(90, 31.11703902772203)	(95, 30.813033786319256)	(100, 30.140236531459028)	(105, 29.36380011642629)	(110, 28.48806956102817)	(115, 27.78634091785529)	(120, 26.89438438878638)	(125, 26.05862292887731)	(130, 25.069864781983917)	(135, 24.556230614443127)	(140, 23.873963997717492)	(145, 23.219492360927088)	(150, 21.071452403202816)
SRR8865598_R1	(1, 31.456392819640982)	(2, 31.747087354367718)	(3, 31.774548727436372)	(4, 31.848502425121257)	(5, 31.809770488524425)	(6, 35.48758437921896)	(7, 35.53021651082554)	(8, 35.467493374668734)	(9, 35.64238211910595)	(10, 35.569800490024505)	(15, 35.52477623881194)	(20, 35.484720236011796)	(25, 35.392575628781444)	(30, 35.282952147607375)	(35, 35.145943297164855)	(40, 35.062267113355674)	(45, 34.984223211160554)	(50, 34.77267463373168)	(55, 34.530084504225215)	(60, 34.2571782127181)	(65, 33.90176294752278)	(70, 33.56336925264896)	(75, 33.26911799161961)	(80, 32.92608391284369)	(85, 32.57880982802454)	(90, 32.1185327443971)	(95, 31.742616470682368)	(100, 31.213524952401524)	(105, 30.54784347629834)	(110, 29.73816547492168)	(115, 29.188530899169148)	(120, 28.363035030669614)	(125, 27.775699575879777)	(130, 27.01031927231848)	(135, 26.30696470343355)	(140, 25.647008142516427)	(145, 24.830299445139563)	(150, 22.913938908566607)
SRR8865598_R2	(1, 31.84575228761438)	(2, 31.71115555777789)	(3, 31.695064753237663)	(4, 31.736046802340116)	(5, 31.68852442622131)	(6, 35.45386269313466)	(7, 35.42594129706485)	(8, 35.382689134456726)	(9, 35.510385519275964)	(10, 35.4301195059753)	(15, 35.34906345317266)	(20, 35.269389469473474)	(25, 35.156401820091006)	(30, 35.055958797939894)	(35, 34.9085614280714)	(40, 34.76984849242463)	(45, 34.57894694734737)	(50, 34.331654582729136)	(55, 34.01398469923497)	(60, 33.6696305571454)	(65, 33.3087718462643)	(70, 32.92473791549492)	(75, 32.4999717096618)	(80, 31.93002026092235)	(85, 31.62887959351529)	(90, 30.991215813057444)	(95, 30.67828941201173)	(100, 29.96594403608313)	(105, 29.17031102703429)	(110, 28.3472790274991)	(115, 27.604992292338373)	(120, 26.7154707163038)	(125, 25.858261835913954)	(130, 24.94146097736255)	(135, 24.443302084195643)	(140, 23.7440506323454)	(145, 23.15707150753319)	(150, 21.212810168026113)
SRR8865599_R1	(1, 31.28843)	(2, 31.50082)	(3, 31.61584)	(4, 31.7382)	(5, 31.6853)	(6, 35.3888)	(7, 35.43266)	(8, 35.35596)	(9, 35.52717)	(10, 35.482245999999996)	(15, 35.442714)	(20, 35.440634)	(25, 35.385536)	(30, 35.319241999999996)	(35, 35.255444)	(40, 35.20709)	(45, 35.166568)	(50, 35.087876)	(55, 34.974321999999994)	(60, 34.86249648777833)	(65, 34.663667578624036)	(70, 34.52082911178619)	(75, 34.31309988625685)	(80, 34.16134632542543)	(85, 34.03241426884917)	(90, 33.94172622494132)	(95, 33.79337672842418)	(100, 33.66386308925442)	(105, 33.467406863120296)	(110, 33.2783941229711)	(115, 33.107210445951466)	(120, 32.90663993056525)	(125, 32.43572613966627)	(130, 32.052022596340734)	(135, 31.575432581809274)	(140, 31.036475635698594)	(145, 30.43414650039304)	(150, 28.23611051008357)
SRR8865599_R2	(1, 31.66219)	(2, 31.50734)	(3, 31.41482)	(4, 31.52715)	(5, 31.38472)	(6, 35.05621)	(7, 35.07625)	(8, 34.97109)	(9, 35.2156)	(10, 35.134631999999996)	(15, 35.020206)	(20, 34.975010000000005)	(25, 34.955614000000004)	(30, 34.907669999999996)	(35, 34.878353999999995)	(40, 34.788818000000006)	(45, 34.720349999999996)	(50, 34.652442)	(55, 34.49436)	(60, 34.31225105503218)	(65, 34.19195927834969)	(70, 33.97764948286737)	(75, 33.82115003620691)	(80, 33.699501566125434)	(85, 33.58226548318983)	(90, 33.4317385364387)	(95, 33.301891081693704)	(100, 33.10973993614874)	(105, 32.83670223315085)	(110, 32.47123224707995)	(115, 32.217908491566575)	(120, 31.80615315302257)	(125, 31.341091859792932)	(130, 31.0384959048939)	(135, 30.382322011543568)	(140, 29.874834025290518)	(145, 29.445347194930537)	(150, 26.910450146758002)
SRR8865600_R1	(1, 31.17332)	(2, 31.31809)	(3, 31.55489)	(4, 31.70472)	(5, 31.6154)	(6, 35.25189)	(7, 35.33009)	(8, 35.23638)	(9, 35.45163)	(10, 35.39045)	(15, 35.364315999999995)	(20, 35.365046)	(25, 35.315632)	(30, 35.224802)	(35, 35.149206)	(40, 35.095222)	(45, 35.045092)	(50, 34.967686)	(55, 34.83033400000001)	(60, 34.703517036224156)	(65, 34.4967592975108)	(70, 34.33057199289438)	(75, 34.09023563769991)	(80, 33.934643778273504)	(85, 33.798331251411554)	(90, 33.68474269284294)	(95, 33.530933476099136)	(100, 33.39636993011696)	(105, 33.167456363198795)	(110, 32.95245098529081)	(115, 32.78975742611213)	(120, 32.58579400685062)	(125, 32.08816733011407)	(130, 31.6905964532702)	(135, 31.20555360505178)	(140, 30.664508956004898)	(145, 30.076167363986293)	(150, 27.863186641760123)
SRR8865600_R2	(1, 31.6953)	(2, 31.55654)	(3, 31.51091)	(4, 31.58674)	(5, 31.46299)	(6, 35.12353)	(7, 35.17306)	(8, 35.0813)	(9, 35.28319)	(10, 35.223242000000006)	(15, 35.127320000000005)	(20, 35.083428000000005)	(25, 35.037054)	(30, 34.990908000000005)	(35, 34.966364)	(40, 34.875479999999996)	(45, 34.82042)	(50, 34.741164000000005)	(55, 34.588206)	(60, 34.41476184310428)	(65, 34.27491526244809)	(70, 34.080511795093926)	(75, 33.91401610807211)	(80, 33.82109738943507)	(85, 33.701634729195234)	(90, 33.53306293922591)	(95, 33.370038189081825)	(100, 33.18252952975639)	(105, 32.921908651878795)	(110, 32.521799207001585)	(115, 32.27139637826263)	(120, 31.858652496605707)	(125, 31.40735389670153)	(130, 31.102889373320288)	(135, 30.41279748512509)	(140, 29.901793024685936)	(145, 29.48333529836277)	(150, 26.835597822143)
SRR8865601_R1	(1, 31.235352353523535)	(2, 31.471354713547136)	(3, 31.589845898458986)	(4, 31.71967719677197)	(5, 31.63018630186302)	(6, 35.32084320843209)	(7, 35.370643706437065)	(8, 35.27142271422714)	(9, 35.48128481284813)	(10, 35.445204452044514)	(15, 35.41690616906169)	(20, 35.402916029160295)	(25, 35.341819418194184)	(30, 35.2529425294253)	(35, 35.16361763617636)	(40, 35.12435524355244)	(45, 35.08463084630846)	(50, 34.99155391553916)	(55, 34.84858848588486)	(60, 34.72978868407762)	(65, 34.51812796484684)	(70, 34.33178220379405)	(75, 34.13189969423372)	(80, 33.97893965765561)	(85, 33.830587039423776)	(90, 33.70344521794338)	(95, 33.53677639757118)	(100, 33.42047946663779)	(105, 33.20644606710232)	(110, 33.039632037645276)	(115, 32.79704755312024)	(120, 32.66200142632742)	(125, 32.13293353175605)	(130, 31.613470872345992)	(135, 31.210383225407874)	(140, 30.688393984510526)	(145, 30.13042821386667)	(150, 27.822651876666562)
SRR8865601_R2	(1, 31.696916969169692)	(2, 31.54880548805488)	(3, 31.48659486594866)	(4, 31.567735677356772)	(5, 31.465334653346535)	(6, 35.11591115911159)	(7, 35.15120151201512)	(8, 35.063890638906386)	(9, 35.287052870528704)	(10, 35.202348023480226)	(15, 35.10946109461095)	(20, 35.064594645946464)	(25, 35.04110041100411)	(30, 35.00441404414044)	(35, 34.9690376903769)	(40, 34.88539085390854)	(45, 34.847998479984795)	(50, 34.77749377493775)	(55, 34.58739187391874)	(60, 34.439073533911)	(65, 34.29886887515317)	(70, 34.099183838313365)	(75, 33.97242449030207)	(80, 33.844610452468416)	(85, 33.750325092324985)	(90, 33.584520525908985)	(95, 33.45121287608677)	(100, 33.23386628681359)	(105, 33.00263193824205)	(110, 32.55586399836277)	(115, 32.28293894781758)	(120, 31.89077396498174)	(125, 31.39896316550274)	(130, 31.123865229730406)	(135, 30.352989700728337)	(140, 29.79973164153963)	(145, 29.426849775967533)	(150, 26.953818333787467)
