Sample	0	1	2	3	4	5	6	7	8	9	10	11	12	13	14	15	16	17	18	19	20	21	22	23	24	25	26	27	28	29	30	31	32	33	34	35	36	37	38	39	40	41	42	43	44	45	46	47	48	49	50	51	52	53	54	55	56	57	58	59	60	61	62	63	64	65	66	67	68	69	70	71	72	73	74	75	76	77	78	79	80	81	82	83	84	85	86	87	88	89	90	91	92	93	94	95	96	97	98	99	100
SRR5898908_R1	(0.0, 0.0)	(1.0, 0.0)	(2.0, 0.0)	(3.0, 0.0)	(4.0, 0.0)	(5.0, 0.0)	(6.0, 0.0)	(7.0, 0.0)	(8.0, 0.0)	(9.0, 0.5)	(10.0, 0.5)	(11.0, 1.0)	(12.0, 3.5)	(13.0, 4.5)	(14.0, 8.0)	(15.0, 12.0)	(16.0, 13.5)	(17.0, 23.5)	(18.0, 38.5)	(19.0, 61.5)	(20.0, 98.0)	(21.0, 147.0)	(22.0, 201.5)	(23.0, 254.0)	(24.0, 325.5)	(25.0, 435.0)	(26.0, 565.5)	(27.0, 666.0)	(28.0, 780.0)	(29.0, 946.0)	(30.0, 1086.0)	(31.0, 1252.0)	(32.0, 1414.5)	(33.0, 1549.0)	(34.0, 1702.5)	(35.0, 1869.5)	(36.0, 2053.5)	(37.0, 2241.0)	(38.0, 2402.5)	(39.0, 2566.5)	(40.0, 2797.5)	(41.0, 2974.5)	(42.0, 3136.0)	(43.0, 3364.5)	(44.0, 3637.5)	(45.0, 3906.0)	(46.0, 4031.5)	(47.0, 4135.0)	(48.0, 4198.5)	(49.0, 4266.0)	(50.0, 4318.5)	(51.0, 4178.0)	(52.0, 3891.5)	(53.0, 3558.5)	(54.0, 3251.0)	(55.0, 2872.5)	(56.0, 2507.0)	(57.0, 2216.0)	(58.0, 1868.5)	(59.0, 1586.0)	(60.0, 1386.0)	(61.0, 1154.0)	(62.0, 955.0)	(63.0, 801.0)	(64.0, 649.5)	(65.0, 503.0)	(66.0, 413.5)	(67.0, 342.5)	(68.0, 295.0)	(69.0, 251.5)	(70.0, 184.5)	(71.0, 131.5)	(72.0, 101.0)	(73.0, 76.5)	(74.0, 59.0)	(75.0, 45.0)	(76.0, 25.5)	(77.0, 20.0)	(78.0, 16.5)	(79.0, 9.5)	(80.0, 6.5)	(81.0, 3.5)	(82.0, 1.5)	(83.0, 0.5)	(84.0, 1.0)	(85.0, 1.0)	(86.0, 0.5)	(87.0, 0.5)	(88.0, 0.0)	(89.0, 0.0)	(90.0, 0.0)	(91.0, 0.0)	(92.0, 0.0)	(93.0, 0.0)	(94.0, 0.0)	(95.0, 0.0)	(96.0, 0.5)	(97.0, 0.5)	(98.0, 0.0)	(99.0, 0.0)	(100.0, 0.0)
SRR5898908_R2	(0.0, 0.0)	(1.0, 0.0)	(2.0, 0.0)	(3.0, 0.0)	(4.0, 0.0)	(5.0, 0.0)	(6.0, 0.0)	(7.0, 0.0)	(8.0, 0.5)	(9.0, 1.0)	(10.0, 0.5)	(11.0, 0.5)	(12.0, 2.5)	(13.0, 3.5)	(14.0, 3.5)	(15.0, 8.0)	(16.0, 18.0)	(17.0, 30.5)	(18.0, 42.0)	(19.0, 59.0)	(20.0, 97.0)	(21.0, 140.0)	(22.0, 196.0)	(23.0, 273.5)	(24.0, 348.0)	(25.0, 434.5)	(26.0, 547.5)	(27.0, 678.0)	(28.0, 799.5)	(29.0, 954.5)	(30.0, 1112.5)	(31.0, 1244.0)	(32.0, 1409.0)	(33.0, 1574.0)	(34.0, 1730.0)	(35.0, 1880.5)	(36.0, 2036.5)	(37.0, 2219.0)	(38.0, 2400.5)	(39.0, 2607.5)	(40.0, 2825.0)	(41.0, 3047.0)	(42.0, 3197.5)	(43.0, 3326.5)	(44.0, 3593.0)	(45.0, 3874.5)	(46.0, 4061.5)	(47.0, 4121.0)	(48.0, 4154.0)	(49.0, 4199.5)	(50.0, 4195.5)	(51.0, 4103.5)	(52.0, 3892.5)	(53.0, 3639.5)	(54.0, 3311.0)	(55.0, 2927.5)	(56.0, 2532.5)	(57.0, 2156.5)	(58.0, 1851.5)	(59.0, 1585.5)	(60.0, 1344.5)	(61.0, 1107.5)	(62.0, 939.0)	(63.0, 799.0)	(64.0, 657.5)	(65.0, 546.5)	(66.0, 434.5)	(67.0, 356.5)	(68.0, 297.0)	(69.0, 252.0)	(70.0, 204.5)	(71.0, 150.0)	(72.0, 108.5)	(73.0, 72.5)	(74.0, 50.5)	(75.0, 38.5)	(76.0, 31.0)	(77.0, 22.5)	(78.0, 13.0)	(79.0, 4.5)	(80.0, 3.5)	(81.0, 2.5)	(82.0, 1.5)	(83.0, 2.0)	(84.0, 1.0)	(85.0, 0.5)	(86.0, 0.0)	(87.0, 0.0)	(88.0, 0.0)	(89.0, 0.5)	(90.0, 0.5)	(91.0, 0.0)	(92.0, 0.0)	(93.0, 0.0)	(94.0, 0.0)	(95.0, 0.0)	(96.0, 0.0)	(97.0, 0.0)	(98.0, 0.0)	(99.0, 0.5)	(100.0, 7.5)
SRR5898909_R1	(0.0, 0.0)	(1.0, 0.0)	(2.0, 0.0)	(3.0, 0.0)	(4.0, 0.0)	(5.0, 0.0)	(6.0, 0.0)	(7.0, 0.0)	(8.0, 0.0)	(9.0, 0.0)	(10.0, 0.5)	(11.0, 3.0)	(12.0, 4.5)	(13.0, 3.0)	(14.0, 3.0)	(15.0, 5.5)	(16.0, 10.5)	(17.0, 17.0)	(18.0, 36.0)	(19.0, 55.0)	(20.0, 66.5)	(21.0, 117.5)	(22.0, 188.5)	(23.0, 267.5)	(24.0, 353.5)	(25.0, 454.5)	(26.0, 589.5)	(27.0, 706.0)	(28.0, 836.5)	(29.0, 1004.0)	(30.0, 1182.5)	(31.0, 1394.5)	(32.0, 1578.0)	(33.0, 1745.5)	(34.0, 1939.0)	(35.0, 2110.0)	(36.0, 2308.5)	(37.0, 2537.5)	(38.0, 2745.0)	(39.0, 2940.0)	(40.0, 3168.5)	(41.0, 3420.5)	(42.0, 3569.5)	(43.0, 3668.5)	(44.0, 3695.0)	(45.0, 3701.5)	(46.0, 3706.0)	(47.0, 3679.0)	(48.0, 3638.5)	(49.0, 3558.0)	(50.0, 3454.0)	(51.0, 3222.5)	(52.0, 3018.5)	(53.0, 2826.5)	(54.0, 2597.0)	(55.0, 2444.5)	(56.0, 2300.0)	(57.0, 2152.0)	(58.0, 1991.0)	(59.0, 1842.5)	(60.0, 1703.0)	(61.0, 1513.0)	(62.0, 1373.0)	(63.0, 1233.5)	(64.0, 1041.5)	(65.0, 849.0)	(66.0, 683.0)	(67.0, 568.5)	(68.0, 457.0)	(69.0, 338.5)	(70.0, 248.0)	(71.0, 184.0)	(72.0, 134.0)	(73.0, 89.5)	(74.0, 56.5)	(75.0, 37.0)	(76.0, 21.0)	(77.0, 15.0)	(78.0, 12.5)	(79.0, 8.5)	(80.0, 5.0)	(81.0, 3.0)	(82.0, 1.0)	(83.0, 0.0)	(84.0, 0.5)	(85.0, 0.5)	(86.0, 0.0)	(87.0, 0.0)	(88.0, 0.0)	(89.0, 0.0)	(90.0, 0.0)	(91.0, 0.0)	(92.0, 0.0)	(93.0, 0.0)	(94.0, 0.0)	(95.0, 0.0)	(96.0, 0.0)	(97.0, 0.0)	(98.0, 0.0)	(99.0, 0.0)	(100.0, 0.0)
SRR5898909_R2	(0.0, 0.0)	(1.0, 0.0)	(2.0, 0.0)	(3.0, 0.0)	(4.0, 0.0)	(5.0, 0.0)	(6.0, 0.0)	(7.0, 0.0)	(8.0, 0.0)	(9.0, 0.0)	(10.0, 0.5)	(11.0, 2.5)	(12.0, 4.0)	(13.0, 2.5)	(14.0, 3.0)	(15.0, 6.0)	(16.0, 10.5)	(17.0, 18.0)	(18.0, 38.0)	(19.0, 54.5)	(20.0, 71.0)	(21.0, 119.5)	(22.0, 191.5)	(23.0, 286.5)	(24.0, 377.0)	(25.0, 471.0)	(26.0, 599.5)	(27.0, 716.0)	(28.0, 844.5)	(29.0, 1024.0)	(30.0, 1182.5)	(31.0, 1385.5)	(32.0, 1572.0)	(33.0, 1699.0)	(34.0, 1881.5)	(35.0, 2129.5)	(36.0, 2343.0)	(37.0, 2554.5)	(38.0, 2778.0)	(39.0, 2964.5)	(40.0, 3176.0)	(41.0, 3386.0)	(42.0, 3525.0)	(43.0, 3573.0)	(44.0, 3697.0)	(45.0, 3788.5)	(46.0, 3747.0)	(47.0, 3690.0)	(48.0, 3596.0)	(49.0, 3520.0)	(50.0, 3345.5)	(51.0, 3133.0)	(52.0, 2992.5)	(53.0, 2842.5)	(54.0, 2658.0)	(55.0, 2458.0)	(56.0, 2346.0)	(57.0, 2183.5)	(58.0, 1992.5)	(59.0, 1851.5)	(60.0, 1693.0)	(61.0, 1508.0)	(62.0, 1341.0)	(63.0, 1203.0)	(64.0, 1070.0)	(65.0, 901.5)	(66.0, 703.0)	(67.0, 550.0)	(68.0, 448.5)	(69.0, 360.0)	(70.0, 270.5)	(71.0, 192.5)	(72.0, 129.0)	(73.0, 84.0)	(74.0, 51.0)	(75.0, 31.5)	(76.0, 21.5)	(77.0, 19.5)	(78.0, 12.5)	(79.0, 6.0)	(80.0, 4.5)	(81.0, 1.5)	(82.0, 0.5)	(83.0, 0.5)	(84.0, 1.0)	(85.0, 0.5)	(86.0, 0.0)	(87.0, 0.0)	(88.0, 0.0)	(89.0, 0.0)	(90.0, 0.0)	(91.0, 0.0)	(92.0, 0.0)	(93.0, 0.0)	(94.0, 0.0)	(95.0, 0.0)	(96.0, 0.0)	(97.0, 0.0)	(98.0, 0.0)	(99.0, 0.5)	(100.0, 5.0)
SRR5898910_R1	(0.0, 0.0)	(1.0, 0.0)	(2.0, 0.0)	(3.0, 0.0)	(4.0, 0.0)	(5.0, 0.0)	(6.0, 0.0)	(7.0, 0.0)	(8.0, 0.0)	(9.0, 0.0)	(10.0, 0.0)	(11.0, 0.0)	(12.0, 0.0)	(13.0, 0.0)	(14.0, 2.0)	(15.0, 4.5)	(16.0, 6.5)	(17.0, 9.5)	(18.0, 16.0)	(19.0, 23.0)	(20.0, 31.5)	(21.0, 53.0)	(22.0, 95.0)	(23.0, 147.5)	(24.0, 186.0)	(25.0, 232.5)	(26.0, 327.5)	(27.0, 431.0)	(28.0, 546.5)	(29.0, 683.0)	(30.0, 856.0)	(31.0, 1041.0)	(32.0, 1139.0)	(33.0, 1254.5)	(34.0, 1462.0)	(35.0, 1632.0)	(36.0, 1819.5)	(37.0, 2003.5)	(38.0, 2146.5)	(39.0, 2421.5)	(40.0, 2671.5)	(41.0, 2873.5)	(42.0, 3167.5)	(43.0, 3431.5)	(44.0, 3720.5)	(45.0, 4068.0)	(46.0, 4370.0)	(47.0, 4626.0)	(48.0, 4797.0)	(49.0, 4899.0)	(50.0, 4961.5)	(51.0, 4837.0)	(52.0, 4560.5)	(53.0, 4252.0)	(54.0, 3816.0)	(55.0, 3330.5)	(56.0, 2862.0)	(57.0, 2399.0)	(58.0, 2012.0)	(59.0, 1690.5)	(60.0, 1380.0)	(61.0, 1072.5)	(62.0, 827.5)	(63.0, 682.0)	(64.0, 552.0)	(65.0, 410.0)	(66.0, 303.0)	(67.0, 225.0)	(68.0, 175.0)	(69.0, 125.5)	(70.0, 85.0)	(71.0, 62.5)	(72.0, 44.5)	(73.0, 32.5)	(74.0, 21.0)	(75.0, 14.0)	(76.0, 9.5)	(77.0, 4.0)	(78.0, 2.0)	(79.0, 1.0)	(80.0, 1.0)	(81.0, 0.5)	(82.0, 0.5)	(83.0, 0.5)	(84.0, 0.0)	(85.0, 0.0)	(86.0, 0.0)	(87.0, 0.0)	(88.0, 0.0)	(89.0, 0.0)	(90.0, 0.0)	(91.0, 0.0)	(92.0, 0.0)	(93.0, 0.0)	(94.0, 0.0)	(95.0, 0.0)	(96.0, 0.0)	(97.0, 0.0)	(98.0, 0.0)	(99.0, 0.0)	(100.0, 0.0)
SRR5898910_R2	(0.0, 0.0)	(1.0, 0.0)	(2.0, 0.0)	(3.0, 0.0)	(4.0, 0.0)	(5.0, 0.0)	(6.0, 0.0)	(7.0, 0.0)	(8.0, 0.0)	(9.0, 0.0)	(10.0, 0.0)	(11.0, 0.0)	(12.0, 0.0)	(13.0, 1.5)	(14.0, 3.0)	(15.0, 4.5)	(16.0, 6.5)	(17.0, 9.0)	(18.0, 15.0)	(19.0, 24.5)	(20.0, 37.5)	(21.0, 57.5)	(22.0, 99.5)	(23.0, 133.0)	(24.0, 183.5)	(25.0, 248.5)	(26.0, 334.0)	(27.0, 437.0)	(28.0, 545.5)	(29.0, 719.5)	(30.0, 874.5)	(31.0, 961.5)	(32.0, 1102.5)	(33.0, 1303.0)	(34.0, 1498.0)	(35.0, 1660.5)	(36.0, 1823.0)	(37.0, 2005.0)	(38.0, 2183.0)	(39.0, 2407.5)	(40.0, 2651.0)	(41.0, 2933.0)	(42.0, 3219.5)	(43.0, 3447.0)	(44.0, 3802.5)	(45.0, 4095.5)	(46.0, 4312.0)	(47.0, 4584.5)	(48.0, 4763.0)	(49.0, 4897.0)	(50.0, 4915.0)	(51.0, 4740.0)	(52.0, 4498.0)	(53.0, 4273.5)	(54.0, 3872.0)	(55.0, 3310.5)	(56.0, 2845.5)	(57.0, 2456.0)	(58.0, 2038.0)	(59.0, 1663.5)	(60.0, 1353.5)	(61.0, 1097.0)	(62.0, 867.0)	(63.0, 678.5)	(64.0, 558.0)	(65.0, 428.5)	(66.0, 306.5)	(67.0, 224.0)	(68.0, 159.0)	(69.0, 127.0)	(70.0, 96.5)	(71.0, 57.5)	(72.0, 42.0)	(73.0, 33.0)	(74.0, 21.0)	(75.0, 16.0)	(76.0, 12.0)	(77.0, 3.5)	(78.0, 1.5)	(79.0, 2.0)	(80.0, 1.5)	(81.0, 0.5)	(82.0, 0.5)	(83.0, 0.5)	(84.0, 0.0)	(85.0, 0.0)	(86.0, 0.0)	(87.0, 0.0)	(88.0, 0.0)	(89.0, 0.0)	(90.0, 0.0)	(91.0, 0.0)	(92.0, 0.0)	(93.0, 0.0)	(94.0, 0.0)	(95.0, 0.0)	(96.0, 0.0)	(97.0, 0.0)	(98.0, 0.5)	(99.0, 0.5)	(100.0, 1.0)
SRR5898911_R1	(0.0, 0.0)	(1.0, 0.0)	(2.0, 0.0)	(3.0, 0.0)	(4.0, 0.0)	(5.0, 0.0)	(6.0, 0.0)	(7.0, 0.5)	(8.0, 1.0)	(9.0, 1.0)	(10.0, 1.0)	(11.0, 0.5)	(12.0, 1.0)	(13.0, 1.0)	(14.0, 1.0)	(15.0, 6.5)	(16.0, 10.5)	(17.0, 12.0)	(18.0, 19.5)	(19.0, 26.5)	(20.0, 44.5)	(21.0, 67.0)	(22.0, 91.5)	(23.0, 128.5)	(24.0, 191.5)	(25.0, 277.5)	(26.0, 364.0)	(27.0, 455.5)	(28.0, 572.0)	(29.0, 720.0)	(30.0, 867.0)	(31.0, 1012.0)	(32.0, 1195.0)	(33.0, 1379.0)	(34.0, 1524.0)	(35.0, 1746.5)	(36.0, 1978.5)	(37.0, 2190.5)	(38.0, 2407.0)	(39.0, 2684.0)	(40.0, 2977.5)	(41.0, 3224.0)	(42.0, 3525.5)	(43.0, 3799.5)	(44.0, 4060.0)	(45.0, 4316.0)	(46.0, 4574.5)	(47.0, 4725.5)	(48.0, 4808.5)	(49.0, 4839.0)	(50.0, 4751.0)	(51.0, 4548.0)	(52.0, 4193.5)	(53.0, 3793.0)	(54.0, 3309.0)	(55.0, 2761.5)	(56.0, 2297.0)	(57.0, 1914.5)	(58.0, 1550.5)	(59.0, 1261.0)	(60.0, 1034.0)	(61.0, 819.5)	(62.0, 620.0)	(63.0, 478.5)	(64.0, 394.0)	(65.0, 304.0)	(66.0, 218.5)	(67.0, 162.5)	(68.0, 141.0)	(69.0, 120.5)	(70.0, 92.0)	(71.0, 71.0)	(72.0, 54.5)	(73.0, 38.5)	(74.0, 23.0)	(75.0, 13.0)	(76.0, 10.5)	(77.0, 9.5)	(78.0, 6.0)	(79.0, 3.5)	(80.0, 4.0)	(81.0, 4.5)	(82.0, 3.5)	(83.0, 1.5)	(84.0, 0.0)	(85.0, 0.5)	(86.0, 0.5)	(87.0, 0.0)	(88.0, 0.5)	(89.0, 1.0)	(90.0, 0.5)	(91.0, 0.0)	(92.0, 0.0)	(93.0, 0.0)	(94.0, 0.0)	(95.0, 0.0)	(96.0, 0.0)	(97.0, 0.0)	(98.0, 0.0)	(99.0, 0.0)	(100.0, 0.0)
SRR5898911_R2	(0.0, 0.0)	(1.0, 0.0)	(2.0, 0.0)	(3.0, 0.0)	(4.0, 0.0)	(5.0, 0.5)	(6.0, 0.5)	(7.0, 0.0)	(8.0, 1.0)	(9.0, 1.5)	(10.0, 1.0)	(11.0, 1.0)	(12.0, 1.0)	(13.0, 1.0)	(14.0, 2.0)	(15.0, 7.0)	(16.0, 13.0)	(17.0, 18.5)	(18.0, 23.0)	(19.0, 28.5)	(20.0, 42.0)	(21.0, 62.0)	(22.0, 94.5)	(23.0, 140.5)	(24.0, 192.0)	(25.0, 256.0)	(26.0, 353.0)	(27.0, 471.5)	(28.0, 567.5)	(29.0, 710.5)	(30.0, 852.5)	(31.0, 1007.5)	(32.0, 1201.5)	(33.0, 1383.5)	(34.0, 1604.5)	(35.0, 1825.5)	(36.0, 2008.5)	(37.0, 2219.5)	(38.0, 2495.5)	(39.0, 2749.0)	(40.0, 2977.0)	(41.0, 3267.5)	(42.0, 3531.5)	(43.0, 3815.5)	(44.0, 4142.0)	(45.0, 4389.5)	(46.0, 4521.5)	(47.0, 4651.0)	(48.0, 4810.0)	(49.0, 4800.0)	(50.0, 4680.0)	(51.0, 4436.0)	(52.0, 4112.0)	(53.0, 3733.5)	(54.0, 3281.0)	(55.0, 2834.0)	(56.0, 2303.5)	(57.0, 1877.0)	(58.0, 1573.5)	(59.0, 1247.0)	(60.0, 991.0)	(61.0, 780.0)	(62.0, 611.5)	(63.0, 483.0)	(64.0, 378.5)	(65.0, 289.5)	(66.0, 226.5)	(67.0, 181.5)	(68.0, 146.0)	(69.0, 118.0)	(70.0, 90.0)	(71.0, 74.5)	(72.0, 59.5)	(73.0, 46.5)	(74.0, 29.5)	(75.0, 18.0)	(76.0, 13.0)	(77.0, 8.0)	(78.0, 4.5)	(79.0, 3.5)	(80.0, 4.0)	(81.0, 4.5)	(82.0, 4.5)	(83.0, 3.5)	(84.0, 3.5)	(85.0, 2.5)	(86.0, 0.5)	(87.0, 0.5)	(88.0, 0.5)	(89.0, 0.0)	(90.0, 0.0)	(91.0, 0.0)	(92.0, 0.0)	(93.0, 0.0)	(94.0, 0.0)	(95.0, 0.0)	(96.0, 0.0)	(97.0, 0.0)	(98.0, 0.0)	(99.0, 0.0)	(100.0, 3.0)
SRR5898912_R1	(0.0, 0.0)	(1.0, 0.0)	(2.0, 0.0)	(3.0, 0.0)	(4.0, 0.0)	(5.0, 0.0)	(6.0, 0.0)	(7.0, 0.0)	(8.0, 0.0)	(9.0, 0.0)	(10.0, 0.0)	(11.0, 0.5)	(12.0, 1.0)	(13.0, 2.0)	(14.0, 3.5)	(15.0, 4.0)	(16.0, 7.5)	(17.0, 12.0)	(18.0, 14.5)	(19.0, 32.0)	(20.0, 57.5)	(21.0, 80.5)	(22.0, 123.5)	(23.0, 196.5)	(24.0, 287.5)	(25.0, 371.0)	(26.0, 464.0)	(27.0, 590.0)	(28.0, 720.0)	(29.0, 856.5)	(30.0, 993.0)	(31.0, 1092.5)	(32.0, 1255.0)	(33.0, 1496.0)	(34.0, 1673.0)	(35.0, 1849.5)	(36.0, 1992.0)	(37.0, 2122.0)	(38.0, 2376.0)	(39.0, 2663.5)	(40.0, 2889.0)	(41.0, 3126.5)	(42.0, 3413.0)	(43.0, 3735.0)	(44.0, 4093.0)	(45.0, 4344.5)	(46.0, 4601.0)	(47.0, 4813.5)	(48.0, 4863.5)	(49.0, 4814.0)	(50.0, 4719.5)	(51.0, 4526.5)	(52.0, 4114.5)	(53.0, 3678.0)	(54.0, 3269.0)	(55.0, 2768.5)	(56.0, 2293.5)	(57.0, 1852.0)	(58.0, 1492.0)	(59.0, 1218.5)	(60.0, 953.5)	(61.0, 771.5)	(62.0, 607.5)	(63.0, 455.5)	(64.0, 351.0)	(65.0, 296.5)	(66.0, 241.5)	(67.0, 182.5)	(68.0, 138.5)	(69.0, 101.0)	(70.0, 71.5)	(71.0, 50.5)	(72.0, 49.5)	(73.0, 41.0)	(74.0, 21.5)	(75.0, 12.0)	(76.0, 9.5)	(77.0, 7.0)	(78.0, 5.0)	(79.0, 3.5)	(80.0, 1.5)	(81.0, 0.0)	(82.0, 0.0)	(83.0, 0.0)	(84.0, 0.0)	(85.0, 0.0)	(86.0, 0.0)	(87.0, 0.0)	(88.0, 0.0)	(89.0, 0.0)	(90.0, 0.0)	(91.0, 0.0)	(92.0, 0.0)	(93.0, 0.0)	(94.0, 0.0)	(95.0, 0.0)	(96.0, 0.0)	(97.0, 0.0)	(98.0, 0.0)	(99.0, 0.0)	(100.0, 0.0)
SRR5898912_R2	(0.0, 0.0)	(1.0, 0.0)	(2.0, 0.0)	(3.0, 0.0)	(4.0, 0.0)	(5.0, 0.0)	(6.0, 0.0)	(7.0, 0.0)	(8.0, 0.0)	(9.0, 0.0)	(10.0, 0.0)	(11.0, 0.5)	(12.0, 1.0)	(13.0, 1.5)	(14.0, 2.5)	(15.0, 5.5)	(16.0, 10.0)	(17.0, 15.0)	(18.0, 19.5)	(19.0, 32.0)	(20.0, 58.5)	(21.0, 79.5)	(22.0, 117.0)	(23.0, 200.5)	(24.0, 279.0)	(25.0, 349.5)	(26.0, 461.0)	(27.0, 590.0)	(28.0, 709.0)	(29.0, 859.0)	(30.0, 998.5)	(31.0, 1131.5)	(32.0, 1312.5)	(33.0, 1484.5)	(34.0, 1683.5)	(35.0, 1897.5)	(36.0, 2044.5)	(37.0, 2185.0)	(38.0, 2437.5)	(39.0, 2713.5)	(40.0, 2932.0)	(41.0, 3162.5)	(42.0, 3431.5)	(43.0, 3736.5)	(44.0, 4038.0)	(45.0, 4301.5)	(46.0, 4589.5)	(47.0, 4776.5)	(48.0, 4850.5)	(49.0, 4798.0)	(50.0, 4697.5)	(51.0, 4524.0)	(52.0, 4163.5)	(53.0, 3708.0)	(54.0, 3193.5)	(55.0, 2713.5)	(56.0, 2255.0)	(57.0, 1816.5)	(58.0, 1447.5)	(59.0, 1171.0)	(60.0, 945.0)	(61.0, 779.5)	(62.0, 613.0)	(63.0, 471.5)	(64.0, 376.0)	(65.0, 292.5)	(66.0, 248.5)	(67.0, 197.5)	(68.0, 135.0)	(69.0, 102.5)	(70.0, 79.5)	(71.0, 59.0)	(72.0, 39.5)	(73.0, 24.0)	(74.0, 19.0)	(75.0, 13.5)	(76.0, 7.5)	(77.0, 4.0)	(78.0, 3.5)	(79.0, 2.0)	(80.0, 1.0)	(81.0, 1.5)	(82.0, 0.5)	(83.0, 0.0)	(84.0, 0.0)	(85.0, 0.0)	(86.0, 0.0)	(87.0, 0.0)	(88.0, 0.5)	(89.0, 0.5)	(90.0, 0.0)	(91.0, 0.0)	(92.0, 0.0)	(93.0, 0.0)	(94.0, 0.5)	(95.0, 0.5)	(96.0, 0.0)	(97.0, 0.0)	(98.0, 0.5)	(99.0, 1.5)	(100.0, 5.5)
SRR5898920_R1	(0.0, 0.0)	(1.0, 0.0)	(2.0, 0.0)	(3.0, 0.0)	(4.0, 0.0)	(5.0, 0.0)	(6.0, 0.0)	(7.0, 0.0)	(8.0, 0.0)	(9.0, 1.0)	(10.0, 1.0)	(11.0, 0.5)	(12.0, 0.5)	(13.0, 0.0)	(14.0, 1.0)	(15.0, 2.0)	(16.0, 4.5)	(17.0, 14.0)	(18.0, 27.5)	(19.0, 34.0)	(20.0, 49.0)	(21.0, 84.5)	(22.0, 139.5)	(23.0, 197.0)	(24.0, 258.5)	(25.0, 359.5)	(26.0, 464.0)	(27.0, 577.0)	(28.0, 730.0)	(29.0, 911.0)	(30.0, 1077.0)	(31.0, 1249.5)	(32.0, 1451.0)	(33.0, 1610.0)	(34.0, 1762.0)	(35.0, 1950.0)	(36.0, 2170.0)	(37.0, 2346.5)	(38.0, 2511.0)	(39.0, 2711.5)	(40.0, 2907.5)	(41.0, 3082.0)	(42.0, 3194.5)	(43.0, 3375.5)	(44.0, 3646.0)	(45.0, 3802.0)	(46.0, 3920.5)	(47.0, 4054.0)	(48.0, 4187.5)	(49.0, 4247.0)	(50.0, 4237.0)	(51.0, 4109.5)	(52.0, 3925.5)	(53.0, 3723.5)	(54.0, 3386.5)	(55.0, 3002.0)	(56.0, 2631.5)	(57.0, 2292.0)	(58.0, 1963.5)	(59.0, 1692.0)	(60.0, 1453.0)	(61.0, 1231.5)	(62.0, 1047.0)	(63.0, 866.5)	(64.0, 698.0)	(65.0, 564.5)	(66.0, 448.0)	(67.0, 350.0)	(68.0, 258.0)	(69.0, 198.5)	(70.0, 156.5)	(71.0, 115.5)	(72.0, 73.5)	(73.0, 50.0)	(74.0, 35.5)	(75.0, 21.5)	(76.0, 18.0)	(77.0, 11.5)	(78.0, 7.0)	(79.0, 5.5)	(80.0, 2.0)	(81.0, 1.5)	(82.0, 1.0)	(83.0, 0.0)	(84.0, 0.0)	(85.0, 0.0)	(86.0, 0.0)	(87.0, 0.0)	(88.0, 0.0)	(89.0, 0.0)	(90.0, 0.0)	(91.0, 0.0)	(92.0, 0.0)	(93.0, 0.0)	(94.0, 0.0)	(95.0, 0.0)	(96.0, 0.0)	(97.0, 0.0)	(98.0, 0.0)	(99.0, 0.0)	(100.0, 0.0)
SRR5898920_R2	(0.0, 0.0)	(1.0, 0.0)	(2.0, 0.0)	(3.0, 0.0)	(4.0, 0.0)	(5.0, 0.0)	(6.0, 0.0)	(7.0, 0.0)	(8.0, 0.0)	(9.0, 0.5)	(10.0, 1.0)	(11.0, 0.5)	(12.0, 1.0)	(13.0, 1.0)	(14.0, 1.0)	(15.0, 2.5)	(16.0, 6.5)	(17.0, 12.5)	(18.0, 22.0)	(19.0, 35.5)	(20.0, 56.0)	(21.0, 83.5)	(22.0, 132.5)	(23.0, 198.0)	(24.0, 283.5)	(25.0, 388.5)	(26.0, 467.5)	(27.0, 582.5)	(28.0, 746.0)	(29.0, 893.5)	(30.0, 1041.0)	(31.0, 1226.0)	(32.0, 1426.5)	(33.0, 1625.5)	(34.0, 1820.0)	(35.0, 1983.0)	(36.0, 2188.0)	(37.0, 2394.5)	(38.0, 2601.0)	(39.0, 2766.0)	(40.0, 2868.5)	(41.0, 3032.5)	(42.0, 3225.0)	(43.0, 3427.0)	(44.0, 3664.0)	(45.0, 3823.5)	(46.0, 3955.5)	(47.0, 4140.0)	(48.0, 4209.0)	(49.0, 4188.0)	(50.0, 4167.5)	(51.0, 4045.5)	(52.0, 3896.0)	(53.0, 3716.5)	(54.0, 3315.0)	(55.0, 2980.5)	(56.0, 2700.0)	(57.0, 2330.5)	(58.0, 1989.5)	(59.0, 1663.5)	(60.0, 1400.5)	(61.0, 1153.5)	(62.0, 992.0)	(63.0, 878.5)	(64.0, 707.5)	(65.0, 558.5)	(66.0, 437.5)	(67.0, 347.5)	(68.0, 291.0)	(69.0, 218.0)	(70.0, 155.5)	(71.0, 120.0)	(72.0, 75.5)	(73.0, 38.5)	(74.0, 25.0)	(75.0, 21.0)	(76.0, 18.0)	(77.0, 14.5)	(78.0, 5.5)	(79.0, 3.5)	(80.0, 3.5)	(81.0, 1.5)	(82.0, 1.0)	(83.0, 0.0)	(84.0, 0.0)	(85.0, 0.0)	(86.0, 0.0)	(87.0, 0.0)	(88.0, 0.0)	(89.0, 0.0)	(90.0, 0.0)	(91.0, 0.0)	(92.0, 0.0)	(93.0, 0.0)	(94.0, 0.0)	(95.0, 0.0)	(96.0, 0.0)	(97.0, 0.0)	(98.0, 0.5)	(99.0, 0.5)	(100.0, 4.5)
SRR5898921_R1	(0.0, 0.0)	(1.0, 0.0)	(2.0, 0.0)	(3.0, 0.0)	(4.0, 0.0)	(5.0, 0.0)	(6.0, 0.0)	(7.0, 0.0)	(8.0, 0.0)	(9.0, 0.5)	(10.0, 1.5)	(11.0, 2.0)	(12.0, 2.0)	(13.0, 2.5)	(14.0, 4.0)	(15.0, 6.0)	(16.0, 11.0)	(17.0, 20.0)	(18.0, 26.0)	(19.0, 46.5)	(20.0, 73.5)	(21.0, 91.0)	(22.0, 133.5)	(23.0, 199.0)	(24.0, 270.5)	(25.0, 347.5)	(26.0, 468.5)	(27.0, 584.0)	(28.0, 683.0)	(29.0, 823.0)	(30.0, 920.5)	(31.0, 1018.5)	(32.0, 1126.5)	(33.0, 1226.5)	(34.0, 1343.0)	(35.0, 1450.0)	(36.0, 1580.0)	(37.0, 1709.5)	(38.0, 1789.0)	(39.0, 1932.5)	(40.0, 2106.5)	(41.0, 2234.0)	(42.0, 2311.5)	(43.0, 2462.0)	(44.0, 2748.0)	(45.0, 2948.5)	(46.0, 3104.5)	(47.0, 3316.5)	(48.0, 3456.0)	(49.0, 3601.0)	(50.0, 3789.0)	(51.0, 3833.0)	(52.0, 3850.5)	(53.0, 3840.0)	(54.0, 3738.5)	(55.0, 3686.5)	(56.0, 3532.0)	(57.0, 3326.0)	(58.0, 3150.0)	(59.0, 2855.0)	(60.0, 2562.5)	(61.0, 2296.5)	(62.0, 2032.5)	(63.0, 1763.5)	(64.0, 1480.5)	(65.0, 1216.5)	(66.0, 965.0)	(67.0, 776.5)	(68.0, 637.0)	(69.0, 484.5)	(70.0, 340.0)	(71.0, 250.5)	(72.0, 189.0)	(73.0, 123.0)	(74.0, 84.0)	(75.0, 64.0)	(76.0, 43.5)	(77.0, 24.5)	(78.0, 12.5)	(79.0, 8.0)	(80.0, 4.0)	(81.0, 0.5)	(82.0, 1.0)	(83.0, 1.5)	(84.0, 0.5)	(85.0, 0.5)	(86.0, 0.5)	(87.0, 0.0)	(88.0, 0.0)	(89.0, 0.0)	(90.0, 0.0)	(91.0, 0.0)	(92.0, 0.0)	(93.0, 0.0)	(94.0, 0.0)	(95.0, 0.0)	(96.0, 0.0)	(97.0, 0.0)	(98.0, 0.0)	(99.0, 0.0)	(100.0, 0.0)
SRR5898921_R2	(0.0, 0.0)	(1.0, 0.0)	(2.0, 0.0)	(3.0, 0.0)	(4.0, 0.0)	(5.0, 0.0)	(6.0, 0.0)	(7.0, 0.0)	(8.0, 0.0)	(9.0, 0.5)	(10.0, 1.0)	(11.0, 1.0)	(12.0, 1.5)	(13.0, 2.5)	(14.0, 5.0)	(15.0, 7.5)	(16.0, 10.0)	(17.0, 19.0)	(18.0, 37.5)	(19.0, 58.5)	(20.0, 80.0)	(21.0, 108.5)	(22.0, 148.0)	(23.0, 200.5)	(24.0, 270.0)	(25.0, 341.0)	(26.0, 443.5)	(27.0, 586.5)	(28.0, 705.5)	(29.0, 815.0)	(30.0, 956.0)	(31.0, 1071.0)	(32.0, 1139.0)	(33.0, 1212.0)	(34.0, 1318.5)	(35.0, 1468.0)	(36.0, 1600.0)	(37.0, 1686.0)	(38.0, 1777.5)	(39.0, 1935.0)	(40.0, 2078.5)	(41.0, 2238.5)	(42.0, 2408.0)	(43.0, 2566.5)	(44.0, 2710.5)	(45.0, 2895.0)	(46.0, 3114.0)	(47.0, 3269.0)	(48.0, 3447.0)	(49.0, 3595.5)	(50.0, 3755.0)	(51.0, 3867.5)	(52.0, 3857.5)	(53.0, 3827.0)	(54.0, 3718.0)	(55.0, 3651.0)	(56.0, 3541.0)	(57.0, 3298.0)	(58.0, 3104.5)	(59.0, 2815.0)	(60.0, 2508.0)	(61.0, 2282.0)	(62.0, 2025.5)	(63.0, 1746.5)	(64.0, 1512.5)	(65.0, 1268.5)	(66.0, 1001.5)	(67.0, 791.0)	(68.0, 636.0)	(69.0, 503.0)	(70.0, 376.5)	(71.0, 272.5)	(72.0, 187.0)	(73.0, 130.0)	(74.0, 92.0)	(75.0, 62.0)	(76.0, 36.5)	(77.0, 21.5)	(78.0, 17.5)	(79.0, 10.0)	(80.0, 4.5)	(81.0, 2.0)	(82.0, 0.5)	(83.0, 1.0)	(84.0, 0.5)	(85.0, 0.0)	(86.0, 0.0)	(87.0, 0.0)	(88.0, 0.0)	(89.0, 0.0)	(90.0, 0.0)	(91.0, 0.0)	(92.0, 0.0)	(93.0, 0.0)	(94.0, 0.5)	(95.0, 0.5)	(96.0, 0.0)	(97.0, 0.0)	(98.0, 0.0)	(99.0, 0.0)	(100.0, 2.5)
SRR5898922_R1	(0.0, 0.0)	(1.0, 0.0)	(2.0, 0.0)	(3.0, 0.0)	(4.0, 0.0)	(5.0, 0.0)	(6.0, 0.0)	(7.0, 0.0)	(8.0, 0.0)	(9.0, 0.0)	(10.0, 0.5)	(11.0, 0.5)	(12.0, 0.5)	(13.0, 1.0)	(14.0, 2.5)	(15.0, 5.5)	(16.0, 5.5)	(17.0, 4.5)	(18.0, 12.5)	(19.0, 22.5)	(20.0, 29.0)	(21.0, 59.0)	(22.0, 97.5)	(23.0, 130.5)	(24.0, 183.0)	(25.0, 265.5)	(26.0, 366.0)	(27.0, 492.5)	(28.0, 632.5)	(29.0, 798.5)	(30.0, 994.0)	(31.0, 1203.5)	(32.0, 1406.5)	(33.0, 1634.0)	(34.0, 1878.0)	(35.0, 2135.5)	(36.0, 2434.0)	(37.0, 2766.5)	(38.0, 3122.5)	(39.0, 3461.5)	(40.0, 3728.0)	(41.0, 3977.5)	(42.0, 4184.0)	(43.0, 4239.0)	(44.0, 4287.5)	(45.0, 4299.0)	(46.0, 4260.0)	(47.0, 4136.0)	(48.0, 3928.0)	(49.0, 3665.0)	(50.0, 3408.5)	(51.0, 3245.0)	(52.0, 2990.5)	(53.0, 2700.5)	(54.0, 2427.0)	(55.0, 2178.0)	(56.0, 1997.0)	(57.0, 1859.0)	(58.0, 1713.5)	(59.0, 1500.0)	(60.0, 1384.0)	(61.0, 1293.0)	(62.0, 1125.5)	(63.0, 973.5)	(64.0, 845.0)	(65.0, 696.0)	(66.0, 532.5)	(67.0, 419.5)	(68.0, 338.0)	(69.0, 262.5)	(70.0, 187.5)	(71.0, 131.0)	(72.0, 93.5)	(73.0, 61.0)	(74.0, 34.0)	(75.0, 21.0)	(76.0, 11.5)	(77.0, 4.5)	(78.0, 4.0)	(79.0, 2.0)	(80.0, 0.5)	(81.0, 0.5)	(82.0, 0.5)	(83.0, 0.5)	(84.0, 0.0)	(85.0, 0.0)	(86.0, 0.0)	(87.0, 0.0)	(88.0, 0.0)	(89.0, 0.0)	(90.0, 0.0)	(91.0, 0.0)	(92.0, 0.0)	(93.0, 0.0)	(94.0, 0.0)	(95.0, 0.0)	(96.0, 0.0)	(97.0, 0.0)	(98.0, 0.0)	(99.0, 0.0)	(100.0, 0.0)
SRR5898922_R2	(0.0, 0.0)	(1.0, 0.0)	(2.0, 0.0)	(3.0, 0.0)	(4.0, 0.0)	(5.0, 0.0)	(6.0, 0.0)	(7.0, 0.0)	(8.0, 0.0)	(9.0, 0.0)	(10.0, 0.5)	(11.0, 0.5)	(12.0, 0.5)	(13.0, 0.5)	(14.0, 1.0)	(15.0, 5.0)	(16.0, 6.0)	(17.0, 4.5)	(18.0, 10.5)	(19.0, 22.5)	(20.0, 39.0)	(21.0, 60.5)	(22.0, 97.5)	(23.0, 148.5)	(24.0, 200.0)	(25.0, 281.0)	(26.0, 384.5)	(27.0, 493.5)	(28.0, 614.5)	(29.0, 817.0)	(30.0, 1012.0)	(31.0, 1188.5)	(32.0, 1399.0)	(33.0, 1620.5)	(34.0, 1903.0)	(35.0, 2201.5)	(36.0, 2499.0)	(37.0, 2800.0)	(38.0, 3106.0)	(39.0, 3424.0)	(40.0, 3679.0)	(41.0, 3911.5)	(42.0, 4184.5)	(43.0, 4305.5)	(44.0, 4295.0)	(45.0, 4268.5)	(46.0, 4233.0)	(47.0, 4171.5)	(48.0, 3948.5)	(49.0, 3668.0)	(50.0, 3451.5)	(51.0, 3190.0)	(52.0, 2951.0)	(53.0, 2702.5)	(54.0, 2424.5)	(55.0, 2231.0)	(56.0, 2029.5)	(57.0, 1798.0)	(58.0, 1612.5)	(59.0, 1520.0)	(60.0, 1406.5)	(61.0, 1259.0)	(62.0, 1125.0)	(63.0, 992.0)	(64.0, 833.5)	(65.0, 681.5)	(66.0, 564.5)	(67.0, 437.5)	(68.0, 345.0)	(69.0, 274.0)	(70.0, 200.5)	(71.0, 133.5)	(72.0, 96.0)	(73.0, 65.5)	(74.0, 39.5)	(75.0, 23.5)	(76.0, 14.0)	(77.0, 7.0)	(78.0, 2.5)	(79.0, 2.0)	(80.0, 1.5)	(81.0, 0.5)	(82.0, 0.0)	(83.0, 0.0)	(84.0, 0.0)	(85.0, 0.0)	(86.0, 0.0)	(87.0, 0.0)	(88.0, 0.0)	(89.0, 0.0)	(90.0, 0.0)	(91.0, 0.0)	(92.0, 0.0)	(93.0, 0.0)	(94.0, 0.0)	(95.0, 0.0)	(96.0, 0.0)	(97.0, 0.5)	(98.0, 0.5)	(99.0, 1.0)	(100.0, 2.5)
SRR5898923_R1	(0.0, 0.0)	(1.0, 0.0)	(2.0, 0.0)	(3.0, 0.0)	(4.0, 0.0)	(5.0, 0.0)	(6.0, 0.0)	(7.0, 0.0)	(8.0, 0.0)	(9.0, 0.0)	(10.0, 0.0)	(11.0, 0.0)	(12.0, 0.0)	(13.0, 0.5)	(14.0, 2.0)	(15.0, 2.0)	(16.0, 4.5)	(17.0, 15.0)	(18.0, 16.5)	(19.0, 20.5)	(20.0, 39.5)	(21.0, 65.5)	(22.0, 109.5)	(23.0, 162.5)	(24.0, 232.5)	(25.0, 305.5)	(26.0, 374.5)	(27.0, 491.0)	(28.0, 659.0)	(29.0, 808.0)	(30.0, 948.0)	(31.0, 1137.5)	(32.0, 1343.0)	(33.0, 1541.0)	(34.0, 1760.0)	(35.0, 1970.5)	(36.0, 2203.0)	(37.0, 2413.5)	(38.0, 2606.5)	(39.0, 2876.5)	(40.0, 3093.0)	(41.0, 3255.5)	(42.0, 3482.0)	(43.0, 3664.0)	(44.0, 3857.0)	(45.0, 4080.5)	(46.0, 4295.0)	(47.0, 4484.0)	(48.0, 4529.0)	(49.0, 4494.5)	(50.0, 4462.0)	(51.0, 4340.5)	(52.0, 4089.5)	(53.0, 3814.5)	(54.0, 3491.0)	(55.0, 3076.5)	(56.0, 2602.0)	(57.0, 2180.5)	(58.0, 1848.0)	(59.0, 1528.5)	(60.0, 1240.5)	(61.0, 1007.5)	(62.0, 783.5)	(63.0, 603.5)	(64.0, 473.0)	(65.0, 371.0)	(66.0, 291.0)	(67.0, 205.0)	(68.0, 138.0)	(69.0, 96.5)	(70.0, 72.0)	(71.0, 62.5)	(72.0, 48.5)	(73.0, 35.5)	(74.0, 29.0)	(75.0, 18.5)	(76.0, 8.5)	(77.0, 4.5)	(78.0, 4.0)	(79.0, 2.5)	(80.0, 0.5)	(81.0, 0.0)	(82.0, 0.0)	(83.0, 0.5)	(84.0, 0.5)	(85.0, 0.0)	(86.0, 0.0)	(87.0, 0.0)	(88.0, 0.5)	(89.0, 0.5)	(90.0, 0.0)	(91.0, 0.0)	(92.0, 0.0)	(93.0, 0.0)	(94.0, 0.0)	(95.0, 0.0)	(96.0, 0.0)	(97.0, 0.0)	(98.0, 0.0)	(99.0, 0.0)	(100.0, 0.0)
SRR5898923_R2	(0.0, 0.0)	(1.0, 0.0)	(2.0, 0.0)	(3.0, 0.0)	(4.0, 0.0)	(5.0, 0.0)	(6.0, 0.0)	(7.0, 0.0)	(8.0, 0.0)	(9.0, 0.0)	(10.0, 0.0)	(11.0, 0.5)	(12.0, 0.5)	(13.0, 0.5)	(14.0, 1.5)	(15.0, 1.5)	(16.0, 7.5)	(17.0, 15.5)	(18.0, 18.0)	(19.0, 26.0)	(20.0, 45.0)	(21.0, 64.0)	(22.0, 99.5)	(23.0, 156.0)	(24.0, 232.5)	(25.0, 312.5)	(26.0, 382.5)	(27.0, 493.0)	(28.0, 671.0)	(29.0, 829.0)	(30.0, 949.0)	(31.0, 1159.5)	(32.0, 1373.0)	(33.0, 1569.5)	(34.0, 1802.5)	(35.0, 1980.5)	(36.0, 2165.5)	(37.0, 2418.5)	(38.0, 2647.5)	(39.0, 2875.0)	(40.0, 3131.0)	(41.0, 3308.0)	(42.0, 3461.5)	(43.0, 3719.5)	(44.0, 3896.5)	(45.0, 4117.5)	(46.0, 4383.5)	(47.0, 4448.0)	(48.0, 4434.5)	(49.0, 4443.0)	(50.0, 4459.0)	(51.0, 4361.0)	(52.0, 4132.0)	(53.0, 3810.0)	(54.0, 3437.5)	(55.0, 2976.5)	(56.0, 2531.0)	(57.0, 2191.5)	(58.0, 1889.0)	(59.0, 1564.5)	(60.0, 1234.5)	(61.0, 1005.5)	(62.0, 786.5)	(63.0, 583.5)	(64.0, 472.5)	(65.0, 371.5)	(66.0, 254.5)	(67.0, 189.0)	(68.0, 160.5)	(69.0, 113.5)	(70.0, 81.0)	(71.0, 57.5)	(72.0, 39.5)	(73.0, 31.5)	(74.0, 25.0)	(75.0, 17.5)	(76.0, 8.0)	(77.0, 5.5)	(78.0, 5.0)	(79.0, 2.5)	(80.0, 0.5)	(81.0, 0.0)	(82.0, 0.0)	(83.0, 0.5)	(84.0, 0.5)	(85.0, 0.0)	(86.0, 0.0)	(87.0, 0.0)	(88.0, 0.0)	(89.0, 0.0)	(90.0, 0.0)	(91.0, 0.0)	(92.0, 0.0)	(93.0, 0.0)	(94.0, 0.0)	(95.0, 0.0)	(96.0, 0.0)	(97.0, 0.0)	(98.0, 0.5)	(99.0, 1.0)	(100.0, 3.0)
SRR5898924_R1	(0.0, 0.0)	(1.0, 0.0)	(2.0, 0.0)	(3.0, 0.0)	(4.0, 0.0)	(5.0, 0.0)	(6.0, 0.0)	(7.0, 0.0)	(8.0, 0.0)	(9.0, 0.0)	(10.0, 0.5)	(11.0, 0.5)	(12.0, 0.5)	(13.0, 0.5)	(14.0, 0.5)	(15.0, 2.5)	(16.0, 5.0)	(17.0, 10.5)	(18.0, 15.0)	(19.0, 19.5)	(20.0, 32.5)	(21.0, 64.5)	(22.0, 104.5)	(23.0, 144.5)	(24.0, 198.5)	(25.0, 277.5)	(26.0, 361.0)	(27.0, 445.5)	(28.0, 574.0)	(29.0, 719.0)	(30.0, 857.5)	(31.0, 1003.0)	(32.0, 1144.5)	(33.0, 1240.5)	(34.0, 1398.0)	(35.0, 1619.0)	(36.0, 1771.0)	(37.0, 1914.5)	(38.0, 2119.5)	(39.0, 2311.0)	(40.0, 2531.0)	(41.0, 2813.5)	(42.0, 3074.5)	(43.0, 3377.5)	(44.0, 3713.0)	(45.0, 4035.5)	(46.0, 4389.0)	(47.0, 4609.5)	(48.0, 4749.5)	(49.0, 4868.5)	(50.0, 4834.0)	(51.0, 4700.5)	(52.0, 4440.5)	(53.0, 4056.0)	(54.0, 3625.5)	(55.0, 3188.0)	(56.0, 2736.5)	(57.0, 2348.0)	(58.0, 1993.5)	(59.0, 1605.0)	(60.0, 1319.0)	(61.0, 1090.5)	(62.0, 879.5)	(63.0, 730.5)	(64.0, 581.0)	(65.0, 449.0)	(66.0, 347.0)	(67.0, 274.0)	(68.0, 211.5)	(69.0, 156.5)	(70.0, 104.5)	(71.0, 67.0)	(72.0, 46.0)	(73.0, 23.5)	(74.0, 14.5)	(75.0, 13.0)	(76.0, 8.0)	(77.0, 3.0)	(78.0, 2.5)	(79.0, 2.5)	(80.0, 2.0)	(81.0, 2.0)	(82.0, 1.5)	(83.0, 0.5)	(84.0, 0.0)	(85.0, 0.0)	(86.0, 0.0)	(87.0, 0.0)	(88.0, 0.0)	(89.0, 0.0)	(90.0, 0.0)	(91.0, 0.0)	(92.0, 0.0)	(93.0, 0.0)	(94.0, 0.0)	(95.0, 0.0)	(96.0, 0.0)	(97.0, 0.0)	(98.0, 0.0)	(99.0, 0.0)	(100.0, 0.0)
SRR5898924_R2	(0.0, 0.0)	(1.0, 0.0)	(2.0, 0.0)	(3.0, 0.0)	(4.0, 0.0)	(5.0, 0.0)	(6.0, 0.0)	(7.0, 0.0)	(8.0, 0.0)	(9.0, 0.0)	(10.0, 0.0)	(11.0, 0.0)	(12.0, 0.0)	(13.0, 0.5)	(14.0, 0.5)	(15.0, 0.0)	(16.0, 3.5)	(17.0, 10.0)	(18.0, 14.5)	(19.0, 23.0)	(20.0, 45.0)	(21.0, 68.5)	(22.0, 83.5)	(23.0, 134.0)	(24.0, 219.5)	(25.0, 298.5)	(26.0, 363.5)	(27.0, 453.0)	(28.0, 571.5)	(29.0, 707.5)	(30.0, 845.5)	(31.0, 959.5)	(32.0, 1115.5)	(33.0, 1251.0)	(34.0, 1376.0)	(35.0, 1584.5)	(36.0, 1796.0)	(37.0, 1950.5)	(38.0, 2119.0)	(39.0, 2304.5)	(40.0, 2547.0)	(41.0, 2800.0)	(42.0, 3082.0)	(43.0, 3424.5)	(44.0, 3761.5)	(45.0, 4081.0)	(46.0, 4400.5)	(47.0, 4673.5)	(48.0, 4774.0)	(49.0, 4756.0)	(50.0, 4784.5)	(51.0, 4704.0)	(52.0, 4419.5)	(53.0, 3972.5)	(54.0, 3582.5)	(55.0, 3212.0)	(56.0, 2725.0)	(57.0, 2319.5)	(58.0, 1925.5)	(59.0, 1639.5)	(60.0, 1357.0)	(61.0, 1097.0)	(62.0, 916.0)	(63.0, 760.0)	(64.0, 621.5)	(65.0, 491.0)	(66.0, 391.5)	(67.0, 281.5)	(68.0, 201.0)	(69.0, 147.5)	(70.0, 106.0)	(71.0, 83.0)	(72.0, 62.0)	(73.0, 34.0)	(74.0, 20.5)	(75.0, 13.5)	(76.0, 6.0)	(77.0, 5.5)	(78.0, 4.5)	(79.0, 2.0)	(80.0, 1.5)	(81.0, 1.0)	(82.0, 1.0)	(83.0, 0.5)	(84.0, 0.0)	(85.0, 0.0)	(86.0, 0.0)	(87.0, 0.0)	(88.0, 0.0)	(89.0, 0.0)	(90.0, 0.0)	(91.0, 0.0)	(92.0, 0.0)	(93.0, 0.0)	(94.0, 0.0)	(95.0, 0.0)	(96.0, 0.0)	(97.0, 0.5)	(98.0, 0.5)	(99.0, 0.0)	(100.0, 2.5)
SRR5898925_R1	(0.0, 0.0)	(1.0, 0.0)	(2.0, 0.0)	(3.0, 0.0)	(4.0, 0.0)	(5.0, 0.0)	(6.0, 0.0)	(7.0, 0.0)	(8.0, 0.0)	(9.0, 0.0)	(10.0, 0.0)	(11.0, 0.0)	(12.0, 0.0)	(13.0, 0.5)	(14.0, 1.0)	(15.0, 2.5)	(16.0, 4.5)	(17.0, 5.0)	(18.0, 13.0)	(19.0, 20.5)	(20.0, 24.0)	(21.0, 35.0)	(22.0, 54.0)	(23.0, 104.5)	(24.0, 173.0)	(25.0, 224.0)	(26.0, 285.5)	(27.0, 387.0)	(28.0, 495.5)	(29.0, 616.5)	(30.0, 728.0)	(31.0, 837.0)	(32.0, 992.5)	(33.0, 1150.0)	(34.0, 1302.5)	(35.0, 1471.5)	(36.0, 1660.0)	(37.0, 1824.5)	(38.0, 2072.5)	(39.0, 2340.5)	(40.0, 2592.5)	(41.0, 2949.5)	(42.0, 3243.0)	(43.0, 3593.0)	(44.0, 4051.5)	(45.0, 4512.0)	(46.0, 4814.0)	(47.0, 5192.0)	(48.0, 5546.5)	(49.0, 5661.5)	(50.0, 5671.0)	(51.0, 5434.0)	(52.0, 5136.0)	(53.0, 4678.5)	(54.0, 4082.5)	(55.0, 3504.5)	(56.0, 2824.5)	(57.0, 2244.0)	(58.0, 1761.5)	(59.0, 1289.0)	(60.0, 910.5)	(61.0, 625.5)	(62.0, 428.0)	(63.0, 282.5)	(64.0, 193.5)	(65.0, 121.0)	(66.0, 71.0)	(67.0, 50.5)	(68.0, 37.5)	(69.0, 20.5)	(70.0, 13.0)	(71.0, 8.0)	(72.0, 5.5)	(73.0, 5.0)	(74.0, 3.0)	(75.0, 1.5)	(76.0, 2.0)	(77.0, 1.5)	(78.0, 0.0)	(79.0, 0.0)	(80.0, 0.0)	(81.0, 0.0)	(82.0, 0.0)	(83.0, 0.0)	(84.0, 0.0)	(85.0, 0.0)	(86.0, 0.0)	(87.0, 0.0)	(88.0, 0.0)	(89.0, 0.0)	(90.0, 0.0)	(91.0, 0.0)	(92.0, 0.0)	(93.0, 0.0)	(94.0, 0.0)	(95.0, 0.0)	(96.0, 0.0)	(97.0, 0.0)	(98.0, 0.0)	(99.0, 0.0)	(100.0, 0.0)
SRR5898925_R2	(0.0, 0.0)	(1.0, 0.0)	(2.0, 0.0)	(3.0, 0.0)	(4.0, 0.0)	(5.0, 0.0)	(6.0, 0.0)	(7.0, 0.0)	(8.0, 0.0)	(9.0, 0.0)	(10.0, 0.5)	(11.0, 0.5)	(12.0, 0.0)	(13.0, 1.0)	(14.0, 2.0)	(15.0, 3.5)	(16.0, 5.5)	(17.0, 6.5)	(18.0, 11.0)	(19.0, 19.5)	(20.0, 29.0)	(21.0, 42.5)	(22.0, 64.0)	(23.0, 107.0)	(24.0, 158.0)	(25.0, 210.0)	(26.0, 286.0)	(27.0, 390.0)	(28.0, 488.0)	(29.0, 598.5)	(30.0, 723.0)	(31.0, 852.0)	(32.0, 1029.5)	(33.0, 1159.5)	(34.0, 1274.0)	(35.0, 1476.0)	(36.0, 1689.5)	(37.0, 1884.0)	(38.0, 2112.0)	(39.0, 2390.0)	(40.0, 2632.0)	(41.0, 2928.5)	(42.0, 3286.5)	(43.0, 3686.5)	(44.0, 4103.5)	(45.0, 4487.5)	(46.0, 4892.0)	(47.0, 5265.5)	(48.0, 5515.0)	(49.0, 5601.5)	(50.0, 5560.5)	(51.0, 5445.0)	(52.0, 5131.0)	(53.0, 4597.0)	(54.0, 4107.5)	(55.0, 3517.0)	(56.0, 2792.0)	(57.0, 2197.5)	(58.0, 1679.0)	(59.0, 1240.5)	(60.0, 923.0)	(61.0, 627.0)	(62.0, 416.0)	(63.0, 291.5)	(64.0, 194.5)	(65.0, 128.5)	(66.0, 80.0)	(67.0, 51.0)	(68.0, 34.5)	(69.0, 27.5)	(70.0, 19.0)	(71.0, 8.0)	(72.0, 5.5)	(73.0, 6.0)	(74.0, 3.5)	(75.0, 0.5)	(76.0, 0.5)	(77.0, 0.5)	(78.0, 0.0)	(79.0, 0.0)	(80.0, 0.0)	(81.0, 0.0)	(82.0, 0.0)	(83.0, 0.0)	(84.0, 0.0)	(85.0, 0.0)	(86.0, 0.0)	(87.0, 0.0)	(88.0, 0.0)	(89.0, 0.0)	(90.0, 0.0)	(91.0, 0.0)	(92.0, 0.0)	(93.0, 0.0)	(94.0, 0.0)	(95.0, 0.0)	(96.0, 0.0)	(97.0, 0.5)	(98.0, 1.0)	(99.0, 2.0)	(100.0, 4.0)
SRR5898926_R1	(0.0, 0.0)	(1.0, 0.0)	(2.0, 0.0)	(3.0, 0.0)	(4.0, 0.0)	(5.0, 0.0)	(6.0, 0.0)	(7.0, 0.0)	(8.0, 0.0)	(9.0, 0.5)	(10.0, 0.5)	(11.0, 0.0)	(12.0, 0.0)	(13.0, 0.5)	(14.0, 3.5)	(15.0, 5.0)	(16.0, 4.5)	(17.0, 9.0)	(18.0, 15.5)	(19.0, 18.5)	(20.0, 36.0)	(21.0, 63.0)	(22.0, 105.5)	(23.0, 159.0)	(24.0, 226.0)	(25.0, 318.5)	(26.0, 403.0)	(27.0, 511.0)	(28.0, 624.0)	(29.0, 739.5)	(30.0, 909.5)	(31.0, 1073.5)	(32.0, 1166.5)	(33.0, 1307.0)	(34.0, 1534.5)	(35.0, 1725.0)	(36.0, 1872.0)	(37.0, 2004.5)	(38.0, 2212.0)	(39.0, 2461.5)	(40.0, 2629.5)	(41.0, 2819.0)	(42.0, 3086.5)	(43.0, 3431.0)	(44.0, 3815.0)	(45.0, 4102.0)	(46.0, 4270.0)	(47.0, 4500.5)	(48.0, 4699.0)	(49.0, 4782.5)	(50.0, 4783.5)	(51.0, 4625.5)	(52.0, 4354.0)	(53.0, 4025.5)	(54.0, 3685.0)	(55.0, 3175.5)	(56.0, 2679.5)	(57.0, 2308.0)	(58.0, 1913.0)	(59.0, 1551.5)	(60.0, 1258.0)	(61.0, 1020.5)	(62.0, 812.0)	(63.0, 632.0)	(64.0, 484.5)	(65.0, 380.5)	(66.0, 277.5)	(67.0, 217.0)	(68.0, 183.5)	(69.0, 138.0)	(70.0, 97.0)	(71.0, 65.5)	(72.0, 48.0)	(73.0, 30.0)	(74.0, 20.5)	(75.0, 12.5)	(76.0, 5.5)	(77.0, 4.5)	(78.0, 4.5)	(79.0, 2.5)	(80.0, 1.5)	(81.0, 0.5)	(82.0, 0.0)	(83.0, 0.0)	(84.0, 0.0)	(85.0, 0.0)	(86.0, 0.0)	(87.0, 0.0)	(88.0, 0.5)	(89.0, 0.5)	(90.0, 0.0)	(91.0, 0.0)	(92.0, 0.0)	(93.0, 0.0)	(94.0, 0.0)	(95.0, 0.0)	(96.0, 0.0)	(97.0, 0.0)	(98.0, 0.0)	(99.0, 0.0)	(100.0, 0.0)
SRR5898926_R2	(0.0, 0.0)	(1.0, 0.0)	(2.0, 0.0)	(3.0, 0.0)	(4.0, 0.0)	(5.0, 0.0)	(6.0, 0.0)	(7.0, 0.0)	(8.0, 0.0)	(9.0, 0.0)	(10.0, 0.0)	(11.0, 0.5)	(12.0, 0.5)	(13.0, 1.0)	(14.0, 3.5)	(15.0, 4.5)	(16.0, 5.0)	(17.0, 7.5)	(18.0, 13.0)	(19.0, 28.5)	(20.0, 40.5)	(21.0, 55.0)	(22.0, 102.5)	(23.0, 165.5)	(24.0, 235.5)	(25.0, 316.0)	(26.0, 396.5)	(27.0, 503.0)	(28.0, 642.5)	(29.0, 760.5)	(30.0, 882.0)	(31.0, 1041.0)	(32.0, 1191.5)	(33.0, 1342.5)	(34.0, 1522.5)	(35.0, 1710.5)	(36.0, 1898.5)	(37.0, 2056.5)	(38.0, 2190.0)	(39.0, 2378.5)	(40.0, 2631.0)	(41.0, 2919.5)	(42.0, 3155.0)	(43.0, 3454.0)	(44.0, 3778.5)	(45.0, 4086.5)	(46.0, 4401.5)	(47.0, 4512.5)	(48.0, 4620.0)	(49.0, 4791.5)	(50.0, 4736.5)	(51.0, 4616.0)	(52.0, 4357.5)	(53.0, 3953.5)	(54.0, 3608.5)	(55.0, 3196.5)	(56.0, 2730.5)	(57.0, 2284.5)	(58.0, 1902.0)	(59.0, 1540.0)	(60.0, 1259.0)	(61.0, 1008.5)	(62.0, 790.0)	(63.0, 650.5)	(64.0, 501.0)	(65.0, 377.0)	(66.0, 303.0)	(67.0, 238.5)	(68.0, 176.5)	(69.0, 123.5)	(70.0, 91.0)	(71.0, 66.0)	(72.0, 43.5)	(73.0, 34.0)	(74.0, 23.0)	(75.0, 15.0)	(76.0, 10.5)	(77.0, 7.0)	(78.0, 5.0)	(79.0, 2.5)	(80.0, 0.5)	(81.0, 0.0)	(82.0, 0.0)	(83.0, 0.0)	(84.0, 0.0)	(85.0, 0.0)	(86.0, 0.0)	(87.0, 0.0)	(88.0, 0.0)	(89.0, 0.0)	(90.0, 0.0)	(91.0, 0.0)	(92.0, 0.0)	(93.0, 0.0)	(94.0, 0.0)	(95.0, 0.5)	(96.0, 0.5)	(97.0, 0.0)	(98.0, 0.0)	(99.0, 0.0)	(100.0, 3.5)
SRR5898948_R1	(0.0, 0.0)	(1.0, 0.0)	(2.0, 0.0)	(3.0, 0.0)	(4.0, 0.0)	(5.0, 0.0)	(6.0, 0.0)	(7.0, 0.0)	(8.0, 0.0)	(9.0, 0.0)	(10.0, 0.0)	(11.0, 0.0)	(12.0, 0.0)	(13.0, 0.0)	(14.0, 0.0)	(15.0, 1.0)	(16.0, 2.5)	(17.0, 5.0)	(18.0, 7.5)	(19.0, 16.0)	(20.0, 27.0)	(21.0, 45.0)	(22.0, 75.0)	(23.0, 116.0)	(24.0, 176.5)	(25.0, 259.5)	(26.0, 352.5)	(27.0, 454.0)	(28.0, 595.5)	(29.0, 750.5)	(30.0, 855.5)	(31.0, 1033.5)	(32.0, 1257.0)	(33.0, 1474.0)	(34.0, 1722.5)	(35.0, 1989.0)	(36.0, 2277.5)	(37.0, 2547.0)	(38.0, 2857.5)	(39.0, 3178.0)	(40.0, 3485.5)	(41.0, 3760.0)	(42.0, 4009.0)	(43.0, 4169.5)	(44.0, 4255.0)	(45.0, 4303.0)	(46.0, 4267.0)	(47.0, 4174.5)	(48.0, 3965.0)	(49.0, 3670.5)	(50.0, 3398.5)	(51.0, 3150.5)	(52.0, 2837.0)	(53.0, 2529.5)	(54.0, 2297.0)	(55.0, 2105.0)	(56.0, 1935.0)	(57.0, 1735.0)	(58.0, 1520.0)	(59.0, 1410.0)	(60.0, 1294.0)	(61.0, 1145.5)	(62.0, 1008.5)	(63.0, 864.5)	(64.0, 784.0)	(65.0, 695.0)	(66.0, 571.5)	(67.0, 445.5)	(68.0, 348.5)	(69.0, 282.5)	(70.0, 221.5)	(71.0, 165.5)	(72.0, 118.5)	(73.0, 82.5)	(74.0, 61.0)	(75.0, 41.5)	(76.0, 24.5)	(77.0, 13.5)	(78.0, 7.5)	(79.0, 5.5)	(80.0, 3.0)	(81.0, 1.0)	(82.0, 1.5)	(83.0, 1.0)	(84.0, 0.0)	(85.0, 0.0)	(86.0, 0.0)	(87.0, 0.0)	(88.0, 0.0)	(89.0, 0.0)	(90.0, 0.0)	(91.0, 0.0)	(92.0, 0.0)	(93.0, 0.0)	(94.0, 0.0)	(95.0, 0.0)	(96.0, 0.0)	(97.0, 0.0)	(98.0, 0.0)	(99.0, 0.0)	(100.0, 0.0)
SRR5898948_R2	(0.0, 0.0)	(1.0, 0.0)	(2.0, 0.0)	(3.0, 0.0)	(4.0, 0.0)	(5.0, 0.0)	(6.0, 0.0)	(7.0, 0.0)	(8.0, 0.0)	(9.0, 0.0)	(10.0, 0.0)	(11.0, 0.0)	(12.0, 0.0)	(13.0, 0.0)	(14.0, 1.5)	(15.0, 4.0)	(16.0, 3.5)	(17.0, 7.5)	(18.0, 14.0)	(19.0, 15.0)	(20.0, 22.0)	(21.0, 43.5)	(22.0, 79.5)	(23.0, 119.5)	(24.0, 175.0)	(25.0, 248.0)	(26.0, 332.0)	(27.0, 455.5)	(28.0, 584.5)	(29.0, 699.0)	(30.0, 851.0)	(31.0, 1066.5)	(32.0, 1254.5)	(33.0, 1413.5)	(34.0, 1682.5)	(35.0, 1957.5)	(36.0, 2233.5)	(37.0, 2538.5)	(38.0, 2877.0)	(39.0, 3157.0)	(40.0, 3471.5)	(41.0, 3799.0)	(42.0, 4018.0)	(43.0, 4201.0)	(44.0, 4241.0)	(45.0, 4255.0)	(46.0, 4289.0)	(47.0, 4161.0)	(48.0, 3922.0)	(49.0, 3697.0)	(50.0, 3446.0)	(51.0, 3151.5)	(52.0, 2840.5)	(53.0, 2607.5)	(54.0, 2402.5)	(55.0, 2134.5)	(56.0, 1900.5)	(57.0, 1736.5)	(58.0, 1574.5)	(59.0, 1411.5)	(60.0, 1243.5)	(61.0, 1122.5)	(62.0, 1030.5)	(63.0, 876.5)	(64.0, 756.5)	(65.0, 673.0)	(66.0, 563.0)	(67.0, 483.5)	(68.0, 387.0)	(69.0, 281.5)	(70.0, 215.0)	(71.0, 167.5)	(72.0, 116.0)	(73.0, 74.0)	(74.0, 53.5)	(75.0, 36.5)	(76.0, 20.0)	(77.0, 10.5)	(78.0, 7.0)	(79.0, 4.5)	(80.0, 1.5)	(81.0, 0.0)	(82.0, 0.0)	(83.0, 0.0)	(84.0, 0.0)	(85.0, 0.0)	(86.0, 0.0)	(87.0, 0.0)	(88.0, 0.0)	(89.0, 0.0)	(90.0, 0.0)	(91.0, 0.0)	(92.0, 0.0)	(93.0, 0.0)	(94.0, 0.5)	(95.0, 0.5)	(96.0, 0.5)	(97.0, 1.5)	(98.0, 1.5)	(99.0, 0.5)	(100.0, 1.0)
SRR5898950_R1	(0.0, 0.0)	(1.0, 0.0)	(2.0, 0.0)	(3.0, 0.0)	(4.0, 0.0)	(5.0, 0.0)	(6.0, 0.0)	(7.0, 0.0)	(8.0, 0.0)	(9.0, 0.0)	(10.0, 0.0)	(11.0, 1.0)	(12.0, 3.0)	(13.0, 4.5)	(14.0, 8.0)	(15.0, 20.5)	(16.0, 34.5)	(17.0, 47.5)	(18.0, 65.5)	(19.0, 86.0)	(20.0, 130.0)	(21.0, 184.5)	(22.0, 241.0)	(23.0, 316.0)	(24.0, 420.0)	(25.0, 520.0)	(26.0, 599.5)	(27.0, 686.5)	(28.0, 806.0)	(29.0, 957.0)	(30.0, 1041.0)	(31.0, 1092.0)	(32.0, 1176.5)	(33.0, 1296.0)	(34.0, 1413.0)	(35.0, 1539.0)	(36.0, 1676.0)	(37.0, 1779.5)	(38.0, 1943.0)	(39.0, 2105.5)	(40.0, 2181.0)	(41.0, 2358.0)	(42.0, 2587.5)	(43.0, 2756.0)	(44.0, 2873.5)	(45.0, 3070.0)	(46.0, 3328.0)	(47.0, 3418.5)	(48.0, 3510.0)	(49.0, 3610.5)	(50.0, 3556.5)	(51.0, 3429.0)	(52.0, 3295.5)	(53.0, 3114.0)	(54.0, 2942.5)	(55.0, 2742.0)	(56.0, 2490.5)	(57.0, 2307.5)	(58.0, 2155.5)	(59.0, 1950.5)	(60.0, 1791.0)	(61.0, 1643.5)	(62.0, 1491.5)	(63.0, 1389.0)	(64.0, 1261.0)	(65.0, 1097.0)	(66.0, 941.0)	(67.0, 799.0)	(68.0, 643.5)	(69.0, 498.0)	(70.0, 384.5)	(71.0, 288.0)	(72.0, 192.5)	(73.0, 131.0)	(74.0, 99.0)	(75.0, 71.0)	(76.0, 45.5)	(77.0, 27.5)	(78.0, 17.5)	(79.0, 13.0)	(80.0, 7.0)	(81.0, 3.5)	(82.0, 2.0)	(83.0, 2.0)	(84.0, 1.0)	(85.0, 0.5)	(86.0, 0.0)	(87.0, 0.0)	(88.0, 0.0)	(89.0, 0.5)	(90.0, 0.5)	(91.0, 0.0)	(92.0, 0.0)	(93.0, 0.0)	(94.0, 0.0)	(95.0, 0.0)	(96.0, 0.0)	(97.0, 0.0)	(98.0, 0.0)	(99.0, 0.0)	(100.0, 0.0)
SRR5898950_R2	(0.0, 0.0)	(1.0, 0.0)	(2.0, 0.0)	(3.0, 0.0)	(4.0, 0.0)	(5.0, 0.0)	(6.0, 0.0)	(7.0, 0.0)	(8.0, 0.0)	(9.0, 0.0)	(10.0, 0.5)	(11.0, 1.0)	(12.0, 1.0)	(13.0, 4.5)	(14.0, 10.5)	(15.0, 16.0)	(16.0, 28.5)	(17.0, 45.5)	(18.0, 64.5)	(19.0, 92.0)	(20.0, 136.0)	(21.0, 188.0)	(22.0, 247.0)	(23.0, 322.0)	(24.0, 420.0)	(25.0, 507.5)	(26.0, 613.5)	(27.0, 710.5)	(28.0, 790.0)	(29.0, 909.0)	(30.0, 1022.0)	(31.0, 1097.0)	(32.0, 1188.0)	(33.0, 1290.0)	(34.0, 1381.5)	(35.0, 1513.5)	(36.0, 1637.5)	(37.0, 1773.5)	(38.0, 1901.0)	(39.0, 2014.5)	(40.0, 2154.5)	(41.0, 2309.0)	(42.0, 2522.0)	(43.0, 2789.0)	(44.0, 2928.0)	(45.0, 3041.5)	(46.0, 3240.0)	(47.0, 3381.5)	(48.0, 3493.0)	(49.0, 3552.0)	(50.0, 3564.5)	(51.0, 3534.5)	(52.0, 3452.0)	(53.0, 3224.5)	(54.0, 2927.5)	(55.0, 2701.5)	(56.0, 2503.0)	(57.0, 2354.0)	(58.0, 2172.0)	(59.0, 1968.5)	(60.0, 1801.0)	(61.0, 1654.0)	(62.0, 1524.0)	(63.0, 1418.5)	(64.0, 1276.5)	(65.0, 1073.0)	(66.0, 928.0)	(67.0, 798.5)	(68.0, 617.5)	(69.0, 497.0)	(70.0, 405.0)	(71.0, 285.0)	(72.0, 214.0)	(73.0, 168.5)	(74.0, 117.5)	(75.0, 77.0)	(76.0, 47.5)	(77.0, 32.0)	(78.0, 26.0)	(79.0, 16.0)	(80.0, 10.0)	(81.0, 7.0)	(82.0, 2.0)	(83.0, 0.0)	(84.0, 0.5)	(85.0, 1.0)	(86.0, 1.0)	(87.0, 0.5)	(88.0, 0.0)	(89.0, 0.0)	(90.0, 0.0)	(91.0, 0.0)	(92.0, 0.0)	(93.0, 0.0)	(94.0, 0.0)	(95.0, 0.0)	(96.0, 0.0)	(97.0, 0.0)	(98.0, 0.5)	(99.0, 0.5)	(100.0, 1.5)
SRR5898954_R1	(0.0, 0.0)	(1.0, 0.0)	(2.0, 0.0)	(3.0, 0.0)	(4.0, 0.0)	(5.0, 0.0)	(6.0, 0.0)	(7.0, 0.0)	(8.0, 0.0)	(9.0, 0.0)	(10.0, 0.0)	(11.0, 0.0)	(12.0, 0.5)	(13.0, 1.0)	(14.0, 3.0)	(15.0, 6.0)	(16.0, 11.0)	(17.0, 19.5)	(18.0, 25.0)	(19.0, 38.0)	(20.0, 70.0)	(21.0, 94.5)	(22.0, 106.5)	(23.0, 138.0)	(24.0, 214.0)	(25.0, 357.5)	(26.0, 510.5)	(27.0, 670.5)	(28.0, 906.0)	(29.0, 1171.5)	(30.0, 1477.5)	(31.0, 1860.5)	(32.0, 2188.0)	(33.0, 2561.0)	(34.0, 2971.5)	(35.0, 3231.5)	(36.0, 3385.0)	(37.0, 3514.5)	(38.0, 3514.5)	(39.0, 3478.5)	(40.0, 3470.0)	(41.0, 3413.5)	(42.0, 3412.5)	(43.0, 3301.0)	(44.0, 3275.0)	(45.0, 3441.0)	(46.0, 3509.5)	(47.0, 3648.0)	(48.0, 3748.5)	(49.0, 3643.0)	(50.0, 3565.5)	(51.0, 3299.5)	(52.0, 2927.0)	(53.0, 2691.0)	(54.0, 2420.0)	(55.0, 2132.5)	(56.0, 1787.5)	(57.0, 1454.0)	(58.0, 1180.5)	(59.0, 908.5)	(60.0, 689.5)	(61.0, 558.0)	(62.0, 474.5)	(63.0, 369.5)	(64.0, 280.0)	(65.0, 221.5)	(66.0, 186.5)	(67.0, 141.0)	(68.0, 97.0)	(69.0, 76.5)	(70.0, 57.0)	(71.0, 44.0)	(72.0, 37.5)	(73.0, 27.0)	(74.0, 16.5)	(75.0, 10.0)	(76.0, 7.0)	(77.0, 3.5)	(78.0, 2.0)	(79.0, 1.0)	(80.0, 0.0)	(81.0, 0.0)	(82.0, 0.0)	(83.0, 0.0)	(84.0, 0.0)	(85.0, 0.0)	(86.0, 0.0)	(87.0, 0.0)	(88.0, 0.0)	(89.0, 0.0)	(90.0, 0.0)	(91.0, 0.0)	(92.0, 0.0)	(93.0, 0.0)	(94.0, 0.0)	(95.0, 0.0)	(96.0, 0.0)	(97.0, 0.0)	(98.0, 0.0)	(99.0, 0.0)	(100.0, 0.0)
SRR5898954_R2	(0.0, 0.0)	(1.0, 0.0)	(2.0, 0.0)	(3.0, 0.0)	(4.0, 0.0)	(5.0, 0.0)	(6.0, 0.0)	(7.0, 0.0)	(8.0, 0.0)	(9.0, 0.5)	(10.0, 0.5)	(11.0, 0.0)	(12.0, 0.0)	(13.0, 1.0)	(14.0, 3.0)	(15.0, 8.5)	(16.0, 14.0)	(17.0, 21.0)	(18.0, 29.5)	(19.0, 41.5)	(20.0, 67.0)	(21.0, 85.0)	(22.0, 107.0)	(23.0, 163.0)	(24.0, 237.0)	(25.0, 343.5)	(26.0, 502.0)	(27.0, 671.0)	(28.0, 840.0)	(29.0, 1142.5)	(30.0, 1487.0)	(31.0, 1826.5)	(32.0, 2209.5)	(33.0, 2577.5)	(34.0, 2973.0)	(35.0, 3290.5)	(36.0, 3451.5)	(37.0, 3550.0)	(38.0, 3540.0)	(39.0, 3506.5)	(40.0, 3538.0)	(41.0, 3486.0)	(42.0, 3397.0)	(43.0, 3334.5)	(44.0, 3359.0)	(45.0, 3432.5)	(46.0, 3406.5)	(47.0, 3535.0)	(48.0, 3705.0)	(49.0, 3582.5)	(50.0, 3452.5)	(51.0, 3260.5)	(52.0, 2926.0)	(53.0, 2633.5)	(54.0, 2393.5)	(55.0, 2152.5)	(56.0, 1827.5)	(57.0, 1509.0)	(58.0, 1177.5)	(59.0, 909.5)	(60.0, 734.5)	(61.0, 566.5)	(62.0, 455.5)	(63.0, 368.0)	(64.0, 299.5)	(65.0, 236.5)	(66.0, 186.5)	(67.0, 149.5)	(68.0, 108.5)	(69.0, 79.0)	(70.0, 59.0)	(71.0, 41.5)	(72.0, 36.5)	(73.0, 25.0)	(74.0, 11.5)	(75.0, 8.5)	(76.0, 7.5)	(77.0, 6.0)	(78.0, 2.5)	(79.0, 0.5)	(80.0, 0.0)	(81.0, 0.0)	(82.0, 0.0)	(83.0, 0.0)	(84.0, 0.0)	(85.0, 0.5)	(86.0, 0.5)	(87.0, 0.0)	(88.0, 0.0)	(89.0, 0.0)	(90.0, 0.0)	(91.0, 0.0)	(92.0, 0.0)	(93.0, 0.0)	(94.0, 0.0)	(95.0, 0.0)	(96.0, 0.0)	(97.0, 0.0)	(98.0, 0.0)	(99.0, 0.0)	(100.0, 0.5)
SRR5898966_R1	(0.0, 0.0)	(1.0, 0.0)	(2.0, 0.0)	(3.0, 0.0)	(4.0, 0.0)	(5.0, 0.0)	(6.0, 0.0)	(7.0, 0.0)	(8.0, 0.0)	(9.0, 0.0)	(10.0, 0.0)	(11.0, 0.0)	(12.0, 0.5)	(13.0, 0.5)	(14.0, 0.0)	(15.0, 1.0)	(16.0, 3.0)	(17.0, 5.0)	(18.0, 6.5)	(19.0, 12.0)	(20.0, 18.5)	(21.0, 29.5)	(22.0, 46.0)	(23.0, 80.0)	(24.0, 125.0)	(25.0, 170.0)	(26.0, 218.5)	(27.0, 274.5)	(28.0, 367.0)	(29.0, 444.5)	(30.0, 521.5)	(31.0, 637.5)	(32.0, 763.5)	(33.0, 854.5)	(34.0, 918.0)	(35.0, 1063.5)	(36.0, 1245.5)	(37.0, 1402.5)	(38.0, 1553.0)	(39.0, 1726.5)	(40.0, 1957.0)	(41.0, 2265.5)	(42.0, 2552.5)	(43.0, 2822.5)	(44.0, 3205.0)	(45.0, 3641.5)	(46.0, 4094.5)	(47.0, 4471.5)	(48.0, 4720.5)	(49.0, 4994.0)	(50.0, 5163.5)	(51.0, 5185.0)	(52.0, 5077.0)	(53.0, 4776.5)	(54.0, 4349.5)	(55.0, 3846.5)	(56.0, 3366.0)	(57.0, 2903.0)	(58.0, 2436.5)	(59.0, 2000.0)	(60.0, 1631.0)	(61.0, 1312.5)	(62.0, 1035.5)	(63.0, 831.0)	(64.0, 646.0)	(65.0, 469.5)	(66.0, 351.0)	(67.0, 255.0)	(68.0, 188.5)	(69.0, 138.0)	(70.0, 94.0)	(71.0, 70.0)	(72.0, 45.5)	(73.0, 28.5)	(74.0, 18.5)	(75.0, 9.0)	(76.0, 3.5)	(77.0, 4.0)	(78.0, 3.0)	(79.0, 0.0)	(80.0, 0.5)	(81.0, 1.0)	(82.0, 0.5)	(83.0, 0.0)	(84.0, 1.0)	(85.0, 1.0)	(86.0, 0.0)	(87.0, 0.0)	(88.0, 0.0)	(89.0, 0.0)	(90.0, 0.0)	(91.0, 0.0)	(92.0, 0.0)	(93.0, 0.0)	(94.0, 0.0)	(95.0, 0.0)	(96.0, 0.0)	(97.0, 0.0)	(98.0, 0.0)	(99.0, 0.0)	(100.0, 0.0)
SRR5898966_R2	(0.0, 0.0)	(1.0, 0.0)	(2.0, 0.0)	(3.0, 0.0)	(4.0, 0.0)	(5.0, 0.0)	(6.0, 0.0)	(7.0, 0.0)	(8.0, 0.0)	(9.0, 0.0)	(10.0, 0.0)	(11.0, 0.0)	(12.0, 0.0)	(13.0, 0.0)	(14.0, 0.5)	(15.0, 1.0)	(16.0, 1.5)	(17.0, 3.0)	(18.0, 6.0)	(19.0, 12.5)	(20.0, 19.5)	(21.0, 26.0)	(22.0, 42.0)	(23.0, 68.0)	(24.0, 106.5)	(25.0, 156.5)	(26.0, 216.0)	(27.0, 274.0)	(28.0, 343.0)	(29.0, 422.0)	(30.0, 512.0)	(31.0, 625.5)	(32.0, 731.0)	(33.0, 839.0)	(34.0, 952.0)	(35.0, 1050.5)	(36.0, 1197.0)	(37.0, 1390.5)	(38.0, 1530.0)	(39.0, 1718.0)	(40.0, 1962.5)	(41.0, 2243.0)	(42.0, 2552.5)	(43.0, 2801.5)	(44.0, 3255.5)	(45.0, 3697.5)	(46.0, 3983.5)	(47.0, 4396.5)	(48.0, 4783.0)	(49.0, 5003.5)	(50.0, 5147.5)	(51.0, 5152.0)	(52.0, 4997.5)	(53.0, 4698.5)	(54.0, 4261.0)	(55.0, 3865.5)	(56.0, 3456.0)	(57.0, 2943.0)	(58.0, 2462.0)	(59.0, 2071.5)	(60.0, 1710.0)	(61.0, 1391.5)	(62.0, 1090.0)	(63.0, 850.0)	(64.0, 667.0)	(65.0, 493.0)	(66.0, 363.0)	(67.0, 276.5)	(68.0, 198.0)	(69.0, 138.0)	(70.0, 104.0)	(71.0, 72.0)	(72.0, 48.0)	(73.0, 31.0)	(74.0, 21.5)	(75.0, 13.5)	(76.0, 7.0)	(77.0, 5.0)	(78.0, 4.5)	(79.0, 3.0)	(80.0, 3.0)	(81.0, 1.5)	(82.0, 0.0)	(83.0, 0.0)	(84.0, 0.5)	(85.0, 0.5)	(86.0, 0.0)	(87.0, 0.0)	(88.0, 0.0)	(89.0, 0.0)	(90.0, 0.0)	(91.0, 0.0)	(92.0, 0.0)	(93.0, 0.0)	(94.0, 0.0)	(95.0, 0.0)	(96.0, 0.0)	(97.0, 0.0)	(98.0, 0.0)	(99.0, 0.0)	(100.0, 0.5)
SRR5898978_R1	(0.0, 0.0)	(1.0, 0.0)	(2.0, 0.0)	(3.0, 0.0)	(4.0, 0.0)	(5.0, 0.0)	(6.0, 0.0)	(7.0, 0.0)	(8.0, 0.0)	(9.0, 0.0)	(10.0, 0.0)	(11.0, 0.0)	(12.0, 0.0)	(13.0, 0.0)	(14.0, 0.0)	(15.0, 1.0)	(16.0, 2.5)	(17.0, 5.5)	(18.0, 8.0)	(19.0, 10.5)	(20.0, 13.0)	(21.0, 22.0)	(22.0, 40.5)	(23.0, 45.5)	(24.0, 55.0)	(25.0, 109.5)	(26.0, 162.0)	(27.0, 188.0)	(28.0, 234.5)	(29.0, 323.0)	(30.0, 418.5)	(31.0, 509.5)	(32.0, 624.5)	(33.0, 741.0)	(34.0, 838.5)	(35.0, 951.5)	(36.0, 1072.0)	(37.0, 1161.0)	(38.0, 1260.5)	(39.0, 1414.5)	(40.0, 1597.0)	(41.0, 1791.5)	(42.0, 1987.5)	(43.0, 2179.5)	(44.0, 2439.5)	(45.0, 2743.5)	(46.0, 3035.5)	(47.0, 3366.0)	(48.0, 3724.5)	(49.0, 4069.5)	(50.0, 4357.0)	(51.0, 4545.5)	(52.0, 4647.5)	(53.0, 4750.0)	(54.0, 4816.0)	(55.0, 4716.0)	(56.0, 4541.0)	(57.0, 4347.5)	(58.0, 4070.0)	(59.0, 3700.0)	(60.0, 3381.5)	(61.0, 2986.5)	(62.0, 2502.0)	(63.0, 2114.0)	(64.0, 1718.5)	(65.0, 1367.0)	(66.0, 1078.5)	(67.0, 831.0)	(68.0, 644.0)	(69.0, 489.0)	(70.0, 358.5)	(71.0, 244.5)	(72.0, 166.0)	(73.0, 119.5)	(74.0, 74.5)	(75.0, 42.5)	(76.0, 30.0)	(77.0, 20.0)	(78.0, 12.0)	(79.0, 6.5)	(80.0, 4.0)	(81.0, 3.5)	(82.0, 1.5)	(83.0, 1.0)	(84.0, 1.0)	(85.0, 0.5)	(86.0, 0.0)	(87.0, 0.0)	(88.0, 0.0)	(89.0, 0.0)	(90.0, 0.0)	(91.0, 0.0)	(92.0, 0.0)	(93.0, 0.0)	(94.0, 0.0)	(95.0, 0.0)	(96.0, 0.0)	(97.0, 0.0)	(98.0, 0.0)	(99.0, 0.0)	(100.0, 0.0)
SRR5898978_R2	(0.0, 0.0)	(1.0, 0.0)	(2.0, 0.0)	(3.0, 0.0)	(4.0, 0.0)	(5.0, 0.0)	(6.0, 0.0)	(7.0, 0.0)	(8.0, 0.0)	(9.0, 0.0)	(10.0, 0.0)	(11.0, 0.0)	(12.0, 0.0)	(13.0, 0.0)	(14.0, 0.0)	(15.0, 1.0)	(16.0, 1.5)	(17.0, 3.5)	(18.0, 7.5)	(19.0, 11.5)	(20.0, 16.5)	(21.0, 30.5)	(22.0, 44.0)	(23.0, 43.5)	(24.0, 58.5)	(25.0, 107.0)	(26.0, 151.0)	(27.0, 186.0)	(28.0, 258.5)	(29.0, 338.5)	(30.0, 396.5)	(31.0, 488.5)	(32.0, 599.0)	(33.0, 707.5)	(34.0, 842.0)	(35.0, 961.5)	(36.0, 1068.5)	(37.0, 1206.5)	(38.0, 1302.0)	(39.0, 1432.5)	(40.0, 1636.5)	(41.0, 1792.5)	(42.0, 1952.5)	(43.0, 2162.0)	(44.0, 2481.0)	(45.0, 2802.0)	(46.0, 3012.0)	(47.0, 3352.5)	(48.0, 3716.0)	(49.0, 4058.0)	(50.0, 4375.5)	(51.0, 4547.0)	(52.0, 4654.0)	(53.0, 4688.0)	(54.0, 4710.5)	(55.0, 4730.0)	(56.0, 4591.5)	(57.0, 4330.0)	(58.0, 4071.5)	(59.0, 3722.0)	(60.0, 3337.5)	(61.0, 2934.5)	(62.0, 2504.0)	(63.0, 2134.0)	(64.0, 1750.5)	(65.0, 1398.5)	(66.0, 1085.5)	(67.0, 810.5)	(68.0, 644.5)	(69.0, 506.0)	(70.0, 358.5)	(71.0, 247.5)	(72.0, 171.0)	(73.0, 121.5)	(74.0, 86.0)	(75.0, 48.5)	(76.0, 28.0)	(77.0, 18.0)	(78.0, 13.5)	(79.0, 7.0)	(80.0, 4.5)	(81.0, 3.0)	(82.0, 1.5)	(83.0, 0.5)	(84.0, 0.5)	(85.0, 0.5)	(86.0, 0.0)	(87.0, 0.0)	(88.0, 0.0)	(89.0, 0.0)	(90.0, 0.0)	(91.0, 0.0)	(92.0, 0.0)	(93.0, 0.0)	(94.0, 0.0)	(95.0, 0.0)	(96.0, 0.0)	(97.0, 0.0)	(98.0, 0.0)	(99.0, 0.0)	(100.0, 2.5)
SRR5898979_R1	(0.0, 0.0)	(1.0, 0.0)	(2.0, 0.0)	(3.0, 0.0)	(4.0, 0.0)	(5.0, 0.0)	(6.0, 0.0)	(7.0, 0.0)	(8.0, 0.0)	(9.0, 0.0)	(10.0, 0.0)	(11.0, 0.0)	(12.0, 0.0)	(13.0, 0.0)	(14.0, 0.5)	(15.0, 2.5)	(16.0, 4.5)	(17.0, 4.5)	(18.0, 7.5)	(19.0, 12.5)	(20.0, 24.5)	(21.0, 40.5)	(22.0, 64.0)	(23.0, 102.0)	(24.0, 142.5)	(25.0, 183.0)	(26.0, 236.0)	(27.0, 305.5)	(28.0, 389.5)	(29.0, 461.5)	(30.0, 537.0)	(31.0, 632.5)	(32.0, 731.0)	(33.0, 832.0)	(34.0, 915.5)	(35.0, 1011.0)	(36.0, 1160.0)	(37.0, 1279.5)	(38.0, 1364.5)	(39.0, 1554.5)	(40.0, 1792.0)	(41.0, 2053.0)	(42.0, 2343.5)	(43.0, 2646.0)	(44.0, 3019.0)	(45.0, 3427.5)	(46.0, 3869.5)	(47.0, 4354.5)	(48.0, 4813.5)	(49.0, 5069.0)	(50.0, 5195.0)	(51.0, 5280.0)	(52.0, 5190.0)	(53.0, 4921.0)	(54.0, 4536.0)	(55.0, 4072.0)	(56.0, 3558.5)	(57.0, 3053.5)	(58.0, 2591.5)	(59.0, 2154.5)	(60.0, 1785.0)	(61.0, 1459.0)	(62.0, 1184.5)	(63.0, 984.0)	(64.0, 798.5)	(65.0, 641.5)	(66.0, 502.5)	(67.0, 390.0)	(68.0, 306.5)	(69.0, 244.0)	(70.0, 189.5)	(71.0, 132.0)	(72.0, 87.5)	(73.0, 64.5)	(74.0, 46.0)	(75.0, 30.5)	(76.0, 19.5)	(77.0, 12.5)	(78.0, 10.0)	(79.0, 6.5)	(80.0, 2.0)	(81.0, 0.0)	(82.0, 0.5)	(83.0, 0.5)	(84.0, 0.0)	(85.0, 0.0)	(86.0, 0.0)	(87.0, 0.0)	(88.0, 0.0)	(89.0, 0.0)	(90.0, 0.0)	(91.0, 0.0)	(92.0, 0.0)	(93.0, 0.0)	(94.0, 0.0)	(95.0, 0.0)	(96.0, 0.0)	(97.0, 0.0)	(98.0, 0.5)	(99.0, 1.0)	(100.0, 0.5)
SRR5898979_R2	(0.0, 0.0)	(1.0, 0.0)	(2.0, 0.0)	(3.0, 0.0)	(4.0, 0.0)	(5.0, 0.0)	(6.0, 0.0)	(7.0, 0.0)	(8.0, 0.0)	(9.0, 0.0)	(10.0, 0.0)	(11.0, 0.0)	(12.0, 0.0)	(13.0, 0.0)	(14.0, 1.5)	(15.0, 2.0)	(16.0, 1.0)	(17.0, 2.5)	(18.0, 9.5)	(19.0, 17.5)	(20.0, 25.0)	(21.0, 42.0)	(22.0, 66.0)	(23.0, 89.5)	(24.0, 125.0)	(25.0, 189.0)	(26.0, 253.5)	(27.0, 318.0)	(28.0, 381.5)	(29.0, 451.0)	(30.0, 545.0)	(31.0, 653.0)	(32.0, 746.0)	(33.0, 800.5)	(34.0, 896.0)	(35.0, 1013.0)	(36.0, 1107.0)	(37.0, 1246.5)	(38.0, 1428.5)	(39.0, 1602.0)	(40.0, 1782.0)	(41.0, 1991.0)	(42.0, 2290.5)	(43.0, 2639.5)	(44.0, 2981.5)	(45.0, 3380.5)	(46.0, 3789.5)	(47.0, 4262.5)	(48.0, 4810.5)	(49.0, 5164.5)	(50.0, 5310.0)	(51.0, 5302.5)	(52.0, 5201.0)	(53.0, 5011.0)	(54.0, 4591.0)	(55.0, 4090.0)	(56.0, 3584.5)	(57.0, 3093.5)	(58.0, 2605.5)	(59.0, 2119.0)	(60.0, 1745.5)	(61.0, 1436.0)	(62.0, 1142.0)	(63.0, 953.0)	(64.0, 817.0)	(65.0, 655.5)	(66.0, 512.0)	(67.0, 384.0)	(68.0, 302.0)	(69.0, 246.5)	(70.0, 191.5)	(71.0, 146.0)	(72.0, 106.5)	(73.0, 71.5)	(74.0, 41.0)	(75.0, 29.5)	(76.0, 20.5)	(77.0, 15.5)	(78.0, 15.0)	(79.0, 8.5)	(80.0, 3.0)	(81.0, 1.5)	(82.0, 2.0)	(83.0, 1.5)	(84.0, 0.0)	(85.0, 0.0)	(86.0, 0.0)	(87.0, 0.0)	(88.0, 0.0)	(89.0, 0.0)	(90.0, 0.0)	(91.0, 0.0)	(92.0, 0.0)	(93.0, 0.0)	(94.0, 0.0)	(95.0, 0.0)	(96.0, 0.0)	(97.0, 0.0)	(98.0, 0.0)	(99.0, 0.5)	(100.0, 1.5)
SRR5898980_R1	(0.0, 0.0)	(1.0, 0.0)	(2.0, 0.0)	(3.0, 0.0)	(4.0, 0.0)	(5.0, 0.0)	(6.0, 0.0)	(7.0, 0.0)	(8.0, 0.0)	(9.0, 0.0)	(10.0, 0.0)	(11.0, 0.0)	(12.0, 0.0)	(13.0, 0.0)	(14.0, 0.5)	(15.0, 1.0)	(16.0, 1.0)	(17.0, 3.0)	(18.0, 4.5)	(19.0, 5.0)	(20.0, 11.0)	(21.0, 19.0)	(22.0, 26.5)	(23.0, 39.5)	(24.0, 71.0)	(25.0, 99.5)	(26.0, 125.0)	(27.0, 166.0)	(28.0, 229.5)	(29.0, 294.5)	(30.0, 350.5)	(31.0, 426.5)	(32.0, 516.5)	(33.0, 627.5)	(34.0, 736.0)	(35.0, 853.5)	(36.0, 999.0)	(37.0, 1172.5)	(38.0, 1310.0)	(39.0, 1486.0)	(40.0, 1753.0)	(41.0, 1995.0)	(42.0, 2215.0)	(43.0, 2421.0)	(44.0, 2662.5)	(45.0, 2934.5)	(46.0, 3165.5)	(47.0, 3409.0)	(48.0, 3566.0)	(49.0, 3641.0)	(50.0, 3798.5)	(51.0, 3895.5)	(52.0, 3903.0)	(53.0, 3891.0)	(54.0, 3838.0)	(55.0, 3725.5)	(56.0, 3617.0)	(57.0, 3486.5)	(58.0, 3249.0)	(59.0, 3000.0)	(60.0, 2810.5)	(61.0, 2578.5)	(62.0, 2268.5)	(63.0, 2005.0)	(64.0, 1761.5)	(65.0, 1509.5)	(66.0, 1287.0)	(67.0, 1072.5)	(68.0, 857.5)	(69.0, 673.5)	(70.0, 502.0)	(71.0, 363.5)	(72.0, 271.5)	(73.0, 184.5)	(74.0, 133.5)	(75.0, 88.5)	(76.0, 52.0)	(77.0, 38.0)	(78.0, 21.0)	(79.0, 12.5)	(80.0, 8.0)	(81.0, 5.5)	(82.0, 3.0)	(83.0, 1.0)	(84.0, 1.0)	(85.0, 1.0)	(86.0, 0.5)	(87.0, 0.0)	(88.0, 0.0)	(89.0, 0.0)	(90.0, 0.0)	(91.0, 0.0)	(92.0, 0.0)	(93.0, 0.0)	(94.0, 0.0)	(95.0, 0.0)	(96.0, 0.0)	(97.0, 0.0)	(98.0, 0.0)	(99.0, 0.0)	(100.0, 0.0)
SRR5898980_R2	(0.0, 0.0)	(1.0, 0.0)	(2.0, 0.0)	(3.0, 0.0)	(4.0, 0.0)	(5.0, 0.0)	(6.0, 0.0)	(7.0, 0.0)	(8.0, 0.0)	(9.0, 0.0)	(10.0, 0.0)	(11.0, 0.0)	(12.0, 0.5)	(13.0, 0.5)	(14.0, 0.5)	(15.0, 0.5)	(16.0, 0.5)	(17.0, 3.0)	(18.0, 5.0)	(19.0, 5.0)	(20.0, 9.0)	(21.0, 18.5)	(22.0, 27.5)	(23.0, 43.0)	(24.0, 72.5)	(25.0, 106.0)	(26.0, 140.5)	(27.0, 180.0)	(28.0, 233.0)	(29.0, 295.0)	(30.0, 356.5)	(31.0, 424.5)	(32.0, 514.5)	(33.0, 638.5)	(34.0, 753.0)	(35.0, 835.5)	(36.0, 967.0)	(37.0, 1127.0)	(38.0, 1285.0)	(39.0, 1476.5)	(40.0, 1708.0)	(41.0, 1955.0)	(42.0, 2187.0)	(43.0, 2381.0)	(44.0, 2599.5)	(45.0, 2893.5)	(46.0, 3155.5)	(47.0, 3356.0)	(48.0, 3560.0)	(49.0, 3698.0)	(50.0, 3731.0)	(51.0, 3835.0)	(52.0, 3940.0)	(53.0, 3932.0)	(54.0, 3853.5)	(55.0, 3721.5)	(56.0, 3600.0)	(57.0, 3514.0)	(58.0, 3302.5)	(59.0, 3054.5)	(60.0, 2838.5)	(61.0, 2582.0)	(62.0, 2332.5)	(63.0, 2036.5)	(64.0, 1786.5)	(65.0, 1569.0)	(66.0, 1326.5)	(67.0, 1089.0)	(68.0, 862.5)	(69.0, 678.5)	(70.0, 509.5)	(71.0, 354.0)	(72.0, 253.5)	(73.0, 188.0)	(74.0, 129.5)	(75.0, 81.5)	(76.0, 52.0)	(77.0, 36.5)	(78.0, 24.0)	(79.0, 15.0)	(80.0, 11.0)	(81.0, 4.5)	(82.0, 1.5)	(83.0, 1.5)	(84.0, 0.5)	(85.0, 0.0)	(86.0, 0.0)	(87.0, 0.0)	(88.0, 0.0)	(89.0, 0.0)	(90.0, 0.0)	(91.0, 0.0)	(92.0, 0.0)	(93.0, 0.0)	(94.0, 0.0)	(95.0, 0.0)	(96.0, 0.0)	(97.0, 0.0)	(98.0, 0.0)	(99.0, 0.0)	(100.0, 1.5)
SRR5898981_R1	(0.0, 0.0)	(1.0, 0.0)	(2.0, 0.0)	(3.0, 0.0)	(4.0, 0.0)	(5.0, 0.0)	(6.0, 0.0)	(7.0, 0.0)	(8.0, 0.0)	(9.0, 0.0)	(10.0, 0.0)	(11.0, 0.0)	(12.0, 0.5)	(13.0, 1.5)	(14.0, 2.0)	(15.0, 3.0)	(16.0, 5.0)	(17.0, 5.5)	(18.0, 10.0)	(19.0, 18.5)	(20.0, 21.0)	(21.0, 25.0)	(22.0, 46.0)	(23.0, 77.0)	(24.0, 93.5)	(25.0, 123.5)	(26.0, 177.5)	(27.0, 228.0)	(28.0, 312.0)	(29.0, 398.5)	(30.0, 496.0)	(31.0, 655.5)	(32.0, 762.5)	(33.0, 873.5)	(34.0, 1020.5)	(35.0, 1150.0)	(36.0, 1349.0)	(37.0, 1595.0)	(38.0, 1795.5)	(39.0, 2021.5)	(40.0, 2274.0)	(41.0, 2480.0)	(42.0, 2794.5)	(43.0, 3089.5)	(44.0, 3333.5)	(45.0, 3617.0)	(46.0, 3838.5)	(47.0, 4108.0)	(48.0, 4349.5)	(49.0, 4461.0)	(50.0, 4566.5)	(51.0, 4641.0)	(52.0, 4517.0)	(53.0, 4358.5)	(54.0, 4077.5)	(55.0, 3720.0)	(56.0, 3419.0)	(57.0, 3075.0)	(58.0, 2724.0)	(59.0, 2317.5)	(60.0, 2012.0)	(61.0, 1717.5)	(62.0, 1414.5)	(63.0, 1158.0)	(64.0, 962.0)	(65.0, 807.5)	(66.0, 658.5)	(67.0, 523.5)	(68.0, 384.5)	(69.0, 291.0)	(70.0, 247.5)	(71.0, 204.5)	(72.0, 140.5)	(73.0, 105.5)	(74.0, 77.0)	(75.0, 51.5)	(76.0, 29.0)	(77.0, 17.5)	(78.0, 12.0)	(79.0, 6.5)	(80.0, 5.5)	(81.0, 2.0)	(82.0, 0.5)	(83.0, 0.5)	(84.0, 0.5)	(85.0, 0.5)	(86.0, 0.5)	(87.0, 0.0)	(88.0, 0.0)	(89.0, 1.0)	(90.0, 1.0)	(91.0, 0.0)	(92.0, 0.0)	(93.0, 0.0)	(94.0, 0.0)	(95.0, 0.0)	(96.0, 0.0)	(97.0, 0.0)	(98.0, 0.0)	(99.0, 0.0)	(100.0, 0.0)
SRR5898981_R2	(0.0, 0.0)	(1.0, 0.0)	(2.0, 0.0)	(3.0, 0.0)	(4.0, 0.0)	(5.0, 0.0)	(6.0, 0.0)	(7.0, 0.0)	(8.0, 0.0)	(9.0, 0.0)	(10.0, 0.0)	(11.0, 0.0)	(12.0, 0.0)	(13.0, 0.0)	(14.0, 0.5)	(15.0, 1.5)	(16.0, 4.0)	(17.0, 6.0)	(18.0, 10.5)	(19.0, 16.5)	(20.0, 21.0)	(21.0, 38.5)	(22.0, 49.0)	(23.0, 67.0)	(24.0, 95.5)	(25.0, 130.5)	(26.0, 187.0)	(27.0, 242.0)	(28.0, 309.5)	(29.0, 398.0)	(30.0, 501.5)	(31.0, 599.0)	(32.0, 712.5)	(33.0, 861.5)	(34.0, 1001.5)	(35.0, 1216.0)	(36.0, 1420.5)	(37.0, 1561.5)	(38.0, 1801.0)	(39.0, 2054.0)	(40.0, 2257.5)	(41.0, 2510.5)	(42.0, 2795.0)	(43.0, 3051.5)	(44.0, 3327.0)	(45.0, 3621.5)	(46.0, 3846.5)	(47.0, 4097.0)	(48.0, 4341.0)	(49.0, 4438.5)	(50.0, 4607.0)	(51.0, 4647.0)	(52.0, 4496.5)	(53.0, 4329.0)	(54.0, 4115.0)	(55.0, 3788.0)	(56.0, 3405.0)	(57.0, 3103.0)	(58.0, 2741.0)	(59.0, 2340.0)	(60.0, 1957.5)	(61.0, 1655.5)	(62.0, 1388.5)	(63.0, 1144.0)	(64.0, 959.0)	(65.0, 766.0)	(66.0, 636.5)	(67.0, 534.0)	(68.0, 403.5)	(69.0, 327.5)	(70.0, 269.0)	(71.0, 202.5)	(72.0, 142.5)	(73.0, 98.0)	(74.0, 73.0)	(75.0, 47.5)	(76.0, 29.5)	(77.0, 23.0)	(78.0, 16.5)	(79.0, 9.0)	(80.0, 5.0)	(81.0, 2.0)	(82.0, 1.5)	(83.0, 0.5)	(84.0, 0.5)	(85.0, 0.5)	(86.0, 0.0)	(87.0, 0.0)	(88.0, 0.0)	(89.0, 0.0)	(90.0, 0.0)	(91.0, 0.0)	(92.0, 0.0)	(93.0, 0.0)	(94.0, 0.0)	(95.0, 0.0)	(96.0, 0.0)	(97.0, 0.0)	(98.0, 0.0)	(99.0, 0.5)	(100.0, 3.5)
SRR5898982_R1	(0.0, 0.0)	(1.0, 0.0)	(2.0, 0.0)	(3.0, 0.0)	(4.0, 0.0)	(5.0, 0.0)	(6.0, 0.0)	(7.0, 0.0)	(8.0, 0.0)	(9.0, 0.0)	(10.0, 0.0)	(11.0, 0.0)	(12.0, 0.5)	(13.0, 1.0)	(14.0, 1.0)	(15.0, 1.5)	(16.0, 5.0)	(17.0, 6.5)	(18.0, 7.5)	(19.0, 11.0)	(20.0, 16.0)	(21.0, 28.5)	(22.0, 53.0)	(23.0, 88.5)	(24.0, 116.0)	(25.0, 156.5)	(26.0, 222.0)	(27.0, 286.0)	(28.0, 355.5)	(29.0, 438.5)	(30.0, 532.5)	(31.0, 623.0)	(32.0, 727.5)	(33.0, 821.0)	(34.0, 956.5)	(35.0, 1112.0)	(36.0, 1233.0)	(37.0, 1375.0)	(38.0, 1531.5)	(39.0, 1681.0)	(40.0, 1837.5)	(41.0, 2117.0)	(42.0, 2354.5)	(43.0, 2552.0)	(44.0, 2889.0)	(45.0, 3184.0)	(46.0, 3518.5)	(47.0, 3939.0)	(48.0, 4272.0)	(49.0, 4497.5)	(50.0, 4649.5)	(51.0, 4782.5)	(52.0, 4776.5)	(53.0, 4620.0)	(54.0, 4397.5)	(55.0, 4167.0)	(56.0, 3841.0)	(57.0, 3414.5)	(58.0, 3031.5)	(59.0, 2648.5)	(60.0, 2238.0)	(61.0, 1888.0)	(62.0, 1621.5)	(63.0, 1379.0)	(64.0, 1146.5)	(65.0, 959.0)	(66.0, 815.0)	(67.0, 661.0)	(68.0, 539.5)	(69.0, 438.5)	(70.0, 331.5)	(71.0, 247.0)	(72.0, 182.5)	(73.0, 143.0)	(74.0, 105.0)	(75.0, 73.0)	(76.0, 60.0)	(77.0, 37.0)	(78.0, 22.5)	(79.0, 13.0)	(80.0, 11.0)	(81.0, 10.5)	(82.0, 3.5)	(83.0, 2.0)	(84.0, 1.5)	(85.0, 0.0)	(86.0, 0.5)	(87.0, 0.5)	(88.0, 0.0)	(89.0, 0.0)	(90.0, 0.5)	(91.0, 0.5)	(92.0, 0.0)	(93.0, 0.0)	(94.0, 0.0)	(95.0, 0.0)	(96.0, 0.0)	(97.0, 0.0)	(98.0, 0.0)	(99.0, 0.0)	(100.0, 0.0)
SRR5898982_R2	(0.0, 0.0)	(1.0, 0.0)	(2.0, 0.0)	(3.0, 0.0)	(4.0, 0.0)	(5.0, 0.0)	(6.0, 0.0)	(7.0, 0.0)	(8.0, 0.0)	(9.0, 0.0)	(10.0, 0.0)	(11.0, 0.0)	(12.0, 0.5)	(13.0, 2.5)	(14.0, 2.5)	(15.0, 1.5)	(16.0, 4.0)	(17.0, 6.0)	(18.0, 8.0)	(19.0, 10.5)	(20.0, 16.0)	(21.0, 28.5)	(22.0, 45.0)	(23.0, 70.5)	(24.0, 115.5)	(25.0, 165.5)	(26.0, 226.0)	(27.0, 304.5)	(28.0, 368.0)	(29.0, 442.0)	(30.0, 509.0)	(31.0, 572.0)	(32.0, 701.5)	(33.0, 853.0)	(34.0, 975.0)	(35.0, 1073.5)	(36.0, 1221.5)	(37.0, 1390.0)	(38.0, 1522.0)	(39.0, 1675.0)	(40.0, 1881.5)	(41.0, 2106.0)	(42.0, 2280.5)	(43.0, 2542.0)	(44.0, 2914.0)	(45.0, 3209.0)	(46.0, 3519.0)	(47.0, 3864.5)	(48.0, 4179.0)	(49.0, 4487.0)	(50.0, 4760.0)	(51.0, 4848.5)	(52.0, 4785.0)	(53.0, 4665.0)	(54.0, 4435.5)	(55.0, 4082.0)	(56.0, 3744.5)	(57.0, 3437.5)	(58.0, 3027.0)	(59.0, 2625.5)	(60.0, 2269.5)	(61.0, 1959.0)	(62.0, 1666.5)	(63.0, 1378.5)	(64.0, 1151.0)	(65.0, 941.5)	(66.0, 768.0)	(67.0, 684.5)	(68.0, 581.0)	(69.0, 439.5)	(70.0, 336.0)	(71.0, 255.0)	(72.0, 191.0)	(73.0, 143.0)	(74.0, 108.5)	(75.0, 86.0)	(76.0, 61.0)	(77.0, 38.0)	(78.0, 21.5)	(79.0, 14.0)	(80.0, 10.0)	(81.0, 7.0)	(82.0, 5.5)	(83.0, 2.5)	(84.0, 1.5)	(85.0, 1.5)	(86.0, 1.0)	(87.0, 1.0)	(88.0, 0.5)	(89.0, 0.0)	(90.0, 0.0)	(91.0, 0.0)	(92.0, 0.0)	(93.0, 0.0)	(94.0, 0.0)	(95.0, 0.0)	(96.0, 0.0)	(97.0, 0.0)	(98.0, 0.0)	(99.0, 0.5)	(100.0, 5.0)
SRR5898983_R1	(0.0, 0.0)	(1.0, 0.0)	(2.0, 0.0)	(3.0, 0.0)	(4.0, 0.0)	(5.0, 0.0)	(6.0, 0.0)	(7.0, 0.0)	(8.0, 0.0)	(9.0, 0.0)	(10.0, 0.0)	(11.0, 0.0)	(12.0, 0.5)	(13.0, 0.5)	(14.0, 0.0)	(15.0, 0.0)	(16.0, 1.0)	(17.0, 1.0)	(18.0, 0.5)	(19.0, 2.5)	(20.0, 5.5)	(21.0, 11.0)	(22.0, 16.0)	(23.0, 23.5)	(24.0, 44.5)	(25.0, 61.0)	(26.0, 65.5)	(27.0, 84.5)	(28.0, 122.5)	(29.0, 173.5)	(30.0, 210.0)	(31.0, 257.0)	(32.0, 335.5)	(33.0, 386.0)	(34.0, 448.0)	(35.0, 532.0)	(36.0, 588.0)	(37.0, 671.5)	(38.0, 795.0)	(39.0, 903.5)	(40.0, 997.0)	(41.0, 1109.5)	(42.0, 1250.5)	(43.0, 1387.5)	(44.0, 1527.5)	(45.0, 1671.0)	(46.0, 1878.5)	(47.0, 2171.5)	(48.0, 2424.0)	(49.0, 2709.5)	(50.0, 3068.0)	(51.0, 3411.5)	(52.0, 3814.5)	(53.0, 4156.5)	(54.0, 4390.0)	(55.0, 4727.0)	(56.0, 4982.5)	(57.0, 5123.0)	(58.0, 5158.5)	(59.0, 5107.5)	(60.0, 4825.0)	(61.0, 4334.5)	(62.0, 3947.5)	(63.0, 3532.0)	(64.0, 3063.0)	(65.0, 2569.0)	(66.0, 2030.5)	(67.0, 1556.5)	(68.0, 1184.5)	(69.0, 852.5)	(70.0, 606.0)	(71.0, 435.5)	(72.0, 283.0)	(73.0, 163.5)	(74.0, 101.5)	(75.0, 61.0)	(76.0, 35.5)	(77.0, 20.5)	(78.0, 10.0)	(79.0, 4.0)	(80.0, 2.0)	(81.0, 1.0)	(82.0, 0.5)	(83.0, 0.5)	(84.0, 1.0)	(85.0, 1.0)	(86.0, 0.0)	(87.0, 0.0)	(88.0, 0.0)	(89.0, 0.0)	(90.0, 0.0)	(91.0, 0.0)	(92.0, 0.0)	(93.0, 0.0)	(94.0, 0.0)	(95.0, 0.0)	(96.0, 0.0)	(97.0, 0.0)	(98.0, 0.0)	(99.0, 0.0)	(100.0, 0.0)
SRR5898983_R2	(0.0, 0.0)	(1.0, 0.0)	(2.0, 0.0)	(3.0, 0.0)	(4.0, 0.0)	(5.0, 0.0)	(6.0, 0.0)	(7.0, 0.0)	(8.0, 0.0)	(9.0, 0.0)	(10.0, 0.0)	(11.0, 0.0)	(12.0, 1.0)	(13.0, 1.0)	(14.0, 0.0)	(15.0, 0.0)	(16.0, 0.5)	(17.0, 2.0)	(18.0, 2.5)	(19.0, 4.0)	(20.0, 6.0)	(21.0, 10.5)	(22.0, 17.5)	(23.0, 27.5)	(24.0, 41.0)	(25.0, 57.5)	(26.0, 69.0)	(27.0, 88.0)	(28.0, 123.5)	(29.0, 181.5)	(30.0, 231.0)	(31.0, 275.5)	(32.0, 335.0)	(33.0, 380.5)	(34.0, 437.5)	(35.0, 518.5)	(36.0, 606.0)	(37.0, 707.5)	(38.0, 788.5)	(39.0, 864.5)	(40.0, 1011.0)	(41.0, 1130.5)	(42.0, 1219.0)	(43.0, 1355.0)	(44.0, 1508.0)	(45.0, 1662.0)	(46.0, 1839.0)	(47.0, 2127.5)	(48.0, 2428.0)	(49.0, 2713.0)	(50.0, 3017.0)	(51.0, 3334.0)	(52.0, 3748.5)	(53.0, 4084.0)	(54.0, 4384.5)	(55.0, 4719.5)	(56.0, 5064.0)	(57.0, 5216.0)	(58.0, 5069.0)	(59.0, 5017.0)	(60.0, 4875.0)	(61.0, 4400.5)	(62.0, 3885.5)	(63.0, 3498.5)	(64.0, 3092.0)	(65.0, 2579.5)	(66.0, 2071.5)	(67.0, 1641.5)	(68.0, 1262.0)	(69.0, 904.5)	(70.0, 630.0)	(71.0, 436.0)	(72.0, 288.5)	(73.0, 171.5)	(74.0, 97.0)	(75.0, 70.0)	(76.0, 45.0)	(77.0, 23.5)	(78.0, 12.0)	(79.0, 4.0)	(80.0, 1.0)	(81.0, 0.5)	(82.0, 1.5)	(83.0, 1.5)	(84.0, 1.0)	(85.0, 0.5)	(86.0, 0.5)	(87.0, 0.5)	(88.0, 0.0)	(89.0, 0.0)	(90.0, 0.0)	(91.0, 0.0)	(92.0, 0.0)	(93.0, 0.0)	(94.0, 0.0)	(95.0, 0.0)	(96.0, 0.0)	(97.0, 0.0)	(98.0, 0.5)	(99.0, 0.5)	(100.0, 3.0)
SRR5898984_R1	(0.0, 0.0)	(1.0, 0.0)	(2.0, 0.0)	(3.0, 0.0)	(4.0, 0.0)	(5.0, 0.0)	(6.0, 0.0)	(7.0, 0.0)	(8.0, 0.0)	(9.0, 0.0)	(10.0, 0.0)	(11.0, 0.0)	(12.0, 0.0)	(13.0, 0.0)	(14.0, 0.0)	(15.0, 0.0)	(16.0, 1.0)	(17.0, 5.0)	(18.0, 8.5)	(19.0, 10.5)	(20.0, 22.5)	(21.0, 38.5)	(22.0, 59.5)	(23.0, 85.0)	(24.0, 119.5)	(25.0, 178.0)	(26.0, 233.5)	(27.0, 290.5)	(28.0, 364.5)	(29.0, 458.0)	(30.0, 571.5)	(31.0, 679.5)	(32.0, 767.5)	(33.0, 868.0)	(34.0, 1007.5)	(35.0, 1169.5)	(36.0, 1310.0)	(37.0, 1475.0)	(38.0, 1647.5)	(39.0, 1859.0)	(40.0, 2061.5)	(41.0, 2328.0)	(42.0, 2671.5)	(43.0, 2960.0)	(44.0, 3291.0)	(45.0, 3644.0)	(46.0, 4035.0)	(47.0, 4413.0)	(48.0, 4733.5)	(49.0, 4926.5)	(50.0, 4955.0)	(51.0, 4840.0)	(52.0, 4629.0)	(53.0, 4366.0)	(54.0, 3970.5)	(55.0, 3483.0)	(56.0, 3002.0)	(57.0, 2581.0)	(58.0, 2222.5)	(59.0, 1903.5)	(60.0, 1572.5)	(61.0, 1272.0)	(62.0, 1071.5)	(63.0, 900.0)	(64.0, 755.0)	(65.0, 621.0)	(66.0, 507.0)	(67.0, 441.5)	(68.0, 368.0)	(69.0, 289.5)	(70.0, 216.5)	(71.0, 157.0)	(72.0, 110.0)	(73.0, 77.0)	(74.0, 57.0)	(75.0, 42.0)	(76.0, 26.0)	(77.0, 15.0)	(78.0, 10.0)	(79.0, 3.0)	(80.0, 1.5)	(81.0, 1.0)	(82.0, 1.0)	(83.0, 0.0)	(84.0, 0.0)	(85.0, 0.0)	(86.0, 0.0)	(87.0, 0.0)	(88.0, 0.0)	(89.0, 0.0)	(90.0, 0.0)	(91.0, 0.0)	(92.0, 0.0)	(93.0, 0.0)	(94.0, 0.0)	(95.0, 0.0)	(96.0, 0.0)	(97.0, 0.0)	(98.0, 0.0)	(99.0, 0.5)	(100.0, 0.5)
SRR5898984_R2	(0.0, 0.0)	(1.0, 0.0)	(2.0, 0.0)	(3.0, 0.0)	(4.0, 0.0)	(5.0, 0.0)	(6.0, 0.0)	(7.0, 0.0)	(8.0, 0.0)	(9.0, 0.0)	(10.0, 0.0)	(11.0, 0.0)	(12.0, 1.0)	(13.0, 1.0)	(14.0, 0.0)	(15.0, 2.0)	(16.0, 2.0)	(17.0, 2.5)	(18.0, 7.0)	(19.0, 13.5)	(20.0, 18.5)	(21.0, 30.5)	(22.0, 56.5)	(23.0, 89.0)	(24.0, 117.5)	(25.0, 154.0)	(26.0, 223.5)	(27.0, 286.5)	(28.0, 341.0)	(29.0, 447.0)	(30.0, 556.0)	(31.0, 659.0)	(32.0, 744.5)	(33.0, 857.5)	(34.0, 990.5)	(35.0, 1103.0)	(36.0, 1245.5)	(37.0, 1410.5)	(38.0, 1614.5)	(39.0, 1843.5)	(40.0, 2003.0)	(41.0, 2237.5)	(42.0, 2588.0)	(43.0, 2904.5)	(44.0, 3312.0)	(45.0, 3673.5)	(46.0, 3998.0)	(47.0, 4352.0)	(48.0, 4707.0)	(49.0, 4907.0)	(50.0, 4900.0)	(51.0, 4828.0)	(52.0, 4712.5)	(53.0, 4420.0)	(54.0, 4025.0)	(55.0, 3596.5)	(56.0, 3088.5)	(57.0, 2657.5)	(58.0, 2288.0)	(59.0, 1956.5)	(60.0, 1654.5)	(61.0, 1365.0)	(62.0, 1080.5)	(63.0, 875.0)	(64.0, 765.0)	(65.0, 687.0)	(66.0, 560.5)	(67.0, 441.0)	(68.0, 352.5)	(69.0, 271.0)	(70.0, 206.5)	(71.0, 164.0)	(72.0, 127.0)	(73.0, 90.5)	(74.0, 67.5)	(75.0, 45.5)	(76.0, 28.5)	(77.0, 14.5)	(78.0, 8.0)	(79.0, 7.0)	(80.0, 2.5)	(81.0, 1.0)	(82.0, 2.0)	(83.0, 2.0)	(84.0, 1.0)	(85.0, 0.0)	(86.0, 0.0)	(87.0, 0.0)	(88.0, 0.0)	(89.0, 0.0)	(90.0, 0.0)	(91.0, 0.0)	(92.0, 0.0)	(93.0, 0.0)	(94.0, 0.0)	(95.0, 0.0)	(96.0, 0.0)	(97.0, 0.0)	(98.0, 0.5)	(99.0, 1.0)	(100.0, 1.0)
SRR5898985_R1	(0.0, 0.0)	(1.0, 0.0)	(2.0, 0.0)	(3.0, 0.0)	(4.0, 0.0)	(5.0, 0.0)	(6.0, 0.0)	(7.0, 0.0)	(8.0, 0.0)	(9.0, 1.5)	(10.0, 3.0)	(11.0, 4.5)	(12.0, 5.5)	(13.0, 11.5)	(14.0, 20.0)	(15.0, 32.0)	(16.0, 52.0)	(17.0, 83.5)	(18.0, 117.0)	(19.0, 183.5)	(20.0, 240.0)	(21.0, 296.5)	(22.0, 404.5)	(23.0, 558.0)	(24.0, 721.5)	(25.0, 858.5)	(26.0, 1033.0)	(27.0, 1237.0)	(28.0, 1501.5)	(29.0, 1714.5)	(30.0, 1907.5)	(31.0, 2105.5)	(32.0, 2258.0)	(33.0, 2337.0)	(34.0, 2485.0)	(35.0, 2695.5)	(36.0, 2789.0)	(37.0, 2843.0)	(38.0, 2916.5)	(39.0, 3083.5)	(40.0, 3220.0)	(41.0, 3288.0)	(42.0, 3313.0)	(43.0, 3422.0)	(44.0, 3541.5)	(45.0, 3552.0)	(46.0, 3578.0)	(47.0, 3534.0)	(48.0, 3492.5)	(49.0, 3441.5)	(50.0, 3270.0)	(51.0, 3122.5)	(52.0, 2923.5)	(53.0, 2660.5)	(54.0, 2348.5)	(55.0, 2041.5)	(56.0, 1844.0)	(57.0, 1627.0)	(58.0, 1436.5)	(59.0, 1325.5)	(60.0, 1234.0)	(61.0, 1106.5)	(62.0, 977.5)	(63.0, 893.0)	(64.0, 809.0)	(65.0, 726.0)	(66.0, 621.0)	(67.0, 520.0)	(68.0, 454.0)	(69.0, 374.5)	(70.0, 279.5)	(71.0, 212.0)	(72.0, 156.5)	(73.0, 97.0)	(74.0, 69.5)	(75.0, 55.0)	(76.0, 37.5)	(77.0, 24.0)	(78.0, 14.0)	(79.0, 10.5)	(80.0, 5.5)	(81.0, 2.5)	(82.0, 2.5)	(83.0, 1.5)	(84.0, 0.5)	(85.0, 0.0)	(86.0, 0.0)	(87.0, 0.0)	(88.0, 0.0)	(89.0, 0.0)	(90.0, 0.0)	(91.0, 0.0)	(92.0, 0.0)	(93.0, 0.0)	(94.0, 0.0)	(95.0, 0.0)	(96.0, 0.0)	(97.0, 0.0)	(98.0, 0.0)	(99.0, 0.0)	(100.0, 0.0)
SRR5898985_R2	(0.0, 0.0)	(1.0, 0.0)	(2.0, 0.0)	(3.0, 0.0)	(4.0, 0.0)	(5.0, 0.0)	(6.0, 0.0)	(7.0, 0.0)	(8.0, 0.0)	(9.0, 1.0)	(10.0, 4.0)	(11.0, 5.5)	(12.0, 6.5)	(13.0, 13.0)	(14.0, 21.5)	(15.0, 33.5)	(16.0, 55.5)	(17.0, 90.5)	(18.0, 115.5)	(19.0, 156.0)	(20.0, 232.0)	(21.0, 335.5)	(22.0, 445.0)	(23.0, 564.0)	(24.0, 703.0)	(25.0, 859.5)	(26.0, 1066.0)	(27.0, 1274.5)	(28.0, 1499.5)	(29.0, 1736.0)	(30.0, 1889.5)	(31.0, 2061.5)	(32.0, 2260.0)	(33.0, 2413.0)	(34.0, 2547.0)	(35.0, 2714.5)	(36.0, 2798.5)	(37.0, 2843.5)	(38.0, 2943.5)	(39.0, 3054.5)	(40.0, 3170.5)	(41.0, 3271.5)	(42.0, 3351.5)	(43.0, 3441.5)	(44.0, 3555.0)	(45.0, 3559.5)	(46.0, 3514.5)	(47.0, 3464.0)	(48.0, 3483.5)	(49.0, 3505.5)	(50.0, 3318.5)	(51.0, 3026.0)	(52.0, 2858.5)	(53.0, 2651.5)	(54.0, 2306.0)	(55.0, 2000.5)	(56.0, 1817.5)	(57.0, 1664.0)	(58.0, 1497.5)	(59.0, 1349.5)	(60.0, 1192.0)	(61.0, 1092.5)	(62.0, 1026.5)	(63.0, 934.0)	(64.0, 812.5)	(65.0, 704.5)	(66.0, 614.0)	(67.0, 524.0)	(68.0, 436.5)	(69.0, 346.0)	(70.0, 275.5)	(71.0, 221.5)	(72.0, 159.5)	(73.0, 104.5)	(74.0, 69.0)	(75.0, 53.0)	(76.0, 34.5)	(77.0, 21.0)	(78.0, 15.5)	(79.0, 8.5)	(80.0, 4.5)	(81.0, 1.5)	(82.0, 1.0)	(83.0, 1.5)	(84.0, 2.5)	(85.0, 1.5)	(86.0, 0.0)	(87.0, 0.0)	(88.0, 0.0)	(89.0, 0.0)	(90.0, 0.0)	(91.0, 0.0)	(92.0, 0.0)	(93.0, 0.0)	(94.0, 0.0)	(95.0, 0.0)	(96.0, 0.0)	(97.0, 0.0)	(98.0, 0.0)	(99.0, 0.0)	(100.0, 1.5)
SRR5898986_R1	(0.0, 0.0)	(1.0, 0.0)	(2.0, 0.0)	(3.0, 0.0)	(4.0, 0.0)	(5.0, 0.0)	(6.0, 0.0)	(7.0, 0.0)	(8.0, 0.0)	(9.0, 0.0)	(10.0, 0.0)	(11.0, 0.0)	(12.0, 0.0)	(13.0, 0.0)	(14.0, 0.0)	(15.0, 1.5)	(16.0, 3.5)	(17.0, 5.0)	(18.0, 9.5)	(19.0, 11.5)	(20.0, 14.0)	(21.0, 24.5)	(22.0, 56.0)	(23.0, 88.0)	(24.0, 125.5)	(25.0, 182.5)	(26.0, 225.0)	(27.0, 302.5)	(28.0, 379.5)	(29.0, 428.5)	(30.0, 476.0)	(31.0, 554.0)	(32.0, 690.0)	(33.0, 793.5)	(34.0, 871.0)	(35.0, 977.5)	(36.0, 1092.5)	(37.0, 1229.0)	(38.0, 1423.5)	(39.0, 1585.0)	(40.0, 1723.5)	(41.0, 1992.0)	(42.0, 2303.5)	(43.0, 2612.5)	(44.0, 3053.0)	(45.0, 3530.0)	(46.0, 3908.5)	(47.0, 4354.0)	(48.0, 4845.5)	(49.0, 5202.0)	(50.0, 5439.5)	(51.0, 5444.0)	(52.0, 5216.0)	(53.0, 4930.5)	(54.0, 4551.5)	(55.0, 4102.5)	(56.0, 3639.0)	(57.0, 3160.5)	(58.0, 2652.5)	(59.0, 2193.0)	(60.0, 1801.5)	(61.0, 1449.5)	(62.0, 1198.5)	(63.0, 978.0)	(64.0, 792.5)	(65.0, 637.5)	(66.0, 523.5)	(67.0, 429.0)	(68.0, 341.5)	(69.0, 277.5)	(70.0, 205.5)	(71.0, 145.5)	(72.0, 105.5)	(73.0, 78.0)	(74.0, 54.0)	(75.0, 36.5)	(76.0, 25.5)	(77.0, 18.0)	(78.0, 12.0)	(79.0, 8.0)	(80.0, 5.0)	(81.0, 3.0)	(82.0, 1.5)	(83.0, 0.5)	(84.0, 0.0)	(85.0, 0.0)	(86.0, 1.0)	(87.0, 1.0)	(88.0, 0.0)	(89.0, 0.0)	(90.0, 0.0)	(91.0, 0.0)	(92.0, 0.0)	(93.0, 0.0)	(94.0, 0.0)	(95.0, 0.0)	(96.0, 0.0)	(97.0, 0.0)	(98.0, 0.0)	(99.0, 0.0)	(100.0, 0.5)
SRR5898986_R2	(0.0, 0.0)	(1.0, 0.0)	(2.0, 0.0)	(3.0, 0.0)	(4.0, 0.0)	(5.0, 0.0)	(6.0, 0.0)	(7.0, 0.0)	(8.0, 0.0)	(9.0, 0.0)	(10.0, 0.5)	(11.0, 0.5)	(12.0, 0.0)	(13.0, 0.0)	(14.0, 0.0)	(15.0, 0.5)	(16.0, 4.0)	(17.0, 5.5)	(18.0, 7.0)	(19.0, 13.0)	(20.0, 21.0)	(21.0, 30.5)	(22.0, 44.5)	(23.0, 77.5)	(24.0, 118.5)	(25.0, 179.0)	(26.0, 236.5)	(27.0, 313.5)	(28.0, 361.0)	(29.0, 401.0)	(30.0, 488.5)	(31.0, 584.0)	(32.0, 699.0)	(33.0, 789.0)	(34.0, 856.0)	(35.0, 953.5)	(36.0, 1113.5)	(37.0, 1238.0)	(38.0, 1380.0)	(39.0, 1549.0)	(40.0, 1778.0)	(41.0, 2099.0)	(42.0, 2352.5)	(43.0, 2665.0)	(44.0, 3004.5)	(45.0, 3402.0)	(46.0, 3903.0)	(47.0, 4397.0)	(48.0, 4868.0)	(49.0, 5179.5)	(50.0, 5308.5)	(51.0, 5395.0)	(52.0, 5322.5)	(53.0, 5065.5)	(54.0, 4653.5)	(55.0, 4101.5)	(56.0, 3560.0)	(57.0, 3041.0)	(58.0, 2574.0)	(59.0, 2213.5)	(60.0, 1839.0)	(61.0, 1448.0)	(62.0, 1193.5)	(63.0, 1004.0)	(64.0, 829.0)	(65.0, 651.0)	(66.0, 522.5)	(67.0, 449.5)	(68.0, 359.5)	(69.0, 274.0)	(70.0, 201.0)	(71.0, 137.0)	(72.0, 100.5)	(73.0, 71.5)	(74.0, 51.5)	(75.0, 41.0)	(76.0, 26.0)	(77.0, 16.0)	(78.0, 13.0)	(79.0, 4.5)	(80.0, 2.0)	(81.0, 3.0)	(82.0, 2.0)	(83.0, 1.0)	(84.0, 0.0)	(85.0, 0.0)	(86.0, 0.5)	(87.0, 0.5)	(88.0, 0.0)	(89.0, 0.0)	(90.0, 0.0)	(91.0, 0.0)	(92.0, 0.0)	(93.0, 0.0)	(94.0, 0.0)	(95.0, 0.0)	(96.0, 0.0)	(97.0, 0.0)	(98.0, 0.0)	(99.0, 0.0)	(100.0, 0.5)
SRR5898987_R1	(0.0, 0.0)	(1.0, 0.0)	(2.0, 0.0)	(3.0, 0.0)	(4.0, 0.0)	(5.0, 0.0)	(6.0, 0.0)	(7.0, 0.0)	(8.0, 0.0)	(9.0, 0.0)	(10.0, 0.0)	(11.0, 0.0)	(12.0, 0.5)	(13.0, 0.5)	(14.0, 1.5)	(15.0, 3.0)	(16.0, 7.5)	(17.0, 12.0)	(18.0, 14.5)	(19.0, 21.5)	(20.0, 33.5)	(21.0, 54.5)	(22.0, 75.5)	(23.0, 106.0)	(24.0, 141.0)	(25.0, 166.0)	(26.0, 202.5)	(27.0, 264.0)	(28.0, 331.0)	(29.0, 403.5)	(30.0, 475.5)	(31.0, 533.0)	(32.0, 609.5)	(33.0, 726.5)	(34.0, 823.5)	(35.0, 925.5)	(36.0, 1060.0)	(37.0, 1172.0)	(38.0, 1303.5)	(39.0, 1444.5)	(40.0, 1563.5)	(41.0, 1691.5)	(42.0, 1841.5)	(43.0, 2040.5)	(44.0, 2213.0)	(45.0, 2427.5)	(46.0, 2615.5)	(47.0, 2714.0)	(48.0, 2915.5)	(49.0, 3107.5)	(50.0, 3212.0)	(51.0, 3357.5)	(52.0, 3543.5)	(53.0, 3670.0)	(54.0, 3777.0)	(55.0, 3786.5)	(56.0, 3775.0)	(57.0, 3794.5)	(58.0, 3744.5)	(59.0, 3660.0)	(60.0, 3466.0)	(61.0, 3208.5)	(62.0, 3036.5)	(63.0, 2810.0)	(64.0, 2481.0)	(65.0, 2208.0)	(66.0, 1913.0)	(67.0, 1630.5)	(68.0, 1386.0)	(69.0, 1123.0)	(70.0, 883.5)	(71.0, 688.5)	(72.0, 530.0)	(73.0, 382.5)	(74.0, 265.0)	(75.0, 178.0)	(76.0, 117.5)	(77.0, 79.0)	(78.0, 52.0)	(79.0, 37.0)	(80.0, 24.5)	(81.0, 15.0)	(82.0, 11.0)	(83.0, 6.5)	(84.0, 3.0)	(85.0, 2.0)	(86.0, 1.0)	(87.0, 0.0)	(88.0, 0.0)	(89.0, 0.0)	(90.0, 0.0)	(91.0, 0.0)	(92.0, 0.5)	(93.0, 0.5)	(94.0, 0.0)	(95.0, 0.0)	(96.0, 0.0)	(97.0, 0.0)	(98.0, 0.0)	(99.0, 0.0)	(100.0, 0.0)
SRR5898987_R2	(0.0, 0.0)	(1.0, 0.0)	(2.0, 0.0)	(3.0, 0.0)	(4.0, 0.0)	(5.0, 0.0)	(6.0, 0.0)	(7.0, 0.0)	(8.0, 0.0)	(9.0, 0.0)	(10.0, 0.5)	(11.0, 1.5)	(12.0, 1.0)	(13.0, 1.0)	(14.0, 1.0)	(15.0, 2.5)	(16.0, 8.0)	(17.0, 13.0)	(18.0, 17.0)	(19.0, 20.0)	(20.0, 33.0)	(21.0, 47.5)	(22.0, 62.0)	(23.0, 93.0)	(24.0, 126.0)	(25.0, 171.5)	(26.0, 218.0)	(27.0, 250.0)	(28.0, 321.0)	(29.0, 397.0)	(30.0, 482.5)	(31.0, 571.0)	(32.0, 628.0)	(33.0, 700.0)	(34.0, 794.5)	(35.0, 927.5)	(36.0, 1054.5)	(37.0, 1158.5)	(38.0, 1248.0)	(39.0, 1395.0)	(40.0, 1556.5)	(41.0, 1666.5)	(42.0, 1863.0)	(43.0, 2050.5)	(44.0, 2235.0)	(45.0, 2432.5)	(46.0, 2580.0)	(47.0, 2734.5)	(48.0, 2905.5)	(49.0, 3098.0)	(50.0, 3266.5)	(51.0, 3416.5)	(52.0, 3510.5)	(53.0, 3603.5)	(54.0, 3686.5)	(55.0, 3768.5)	(56.0, 3835.5)	(57.0, 3812.5)	(58.0, 3746.0)	(59.0, 3572.5)	(60.0, 3437.5)	(61.0, 3248.5)	(62.0, 3031.0)	(63.0, 2812.0)	(64.0, 2494.0)	(65.0, 2220.0)	(66.0, 1946.0)	(67.0, 1674.0)	(68.0, 1419.0)	(69.0, 1154.0)	(70.0, 887.5)	(71.0, 705.5)	(72.0, 580.5)	(73.0, 424.0)	(74.0, 271.0)	(75.0, 170.5)	(76.0, 117.0)	(77.0, 91.5)	(78.0, 66.5)	(79.0, 40.5)	(80.0, 22.5)	(81.0, 12.5)	(82.0, 7.5)	(83.0, 4.5)	(84.0, 2.5)	(85.0, 2.0)	(86.0, 1.5)	(87.0, 0.0)	(88.0, 0.0)	(89.0, 0.0)	(90.0, 0.5)	(91.0, 0.5)	(92.0, 0.0)	(93.0, 0.0)	(94.0, 0.0)	(95.0, 0.0)	(96.0, 0.0)	(97.0, 0.0)	(98.0, 0.0)	(99.0, 0.5)	(100.0, 4.0)
SRR5899005_R1	(0.0, 0.0)	(1.0, 0.0)	(2.0, 0.0)	(3.0, 0.0)	(4.0, 0.0)	(5.0, 0.0)	(6.0, 0.0)	(7.0, 0.5)	(8.0, 0.5)	(9.0, 0.0)	(10.0, 0.0)	(11.0, 0.0)	(12.0, 0.5)	(13.0, 1.5)	(14.0, 1.5)	(15.0, 1.5)	(16.0, 4.5)	(17.0, 11.5)	(18.0, 20.5)	(19.0, 32.5)	(20.0, 48.0)	(21.0, 68.5)	(22.0, 109.0)	(23.0, 162.5)	(24.0, 223.0)	(25.0, 312.0)	(26.0, 393.5)	(27.0, 482.0)	(28.0, 605.5)	(29.0, 750.0)	(30.0, 910.0)	(31.0, 1065.0)	(32.0, 1215.0)	(33.0, 1376.5)	(34.0, 1564.0)	(35.0, 1815.0)	(36.0, 2014.5)	(37.0, 2154.5)	(38.0, 2386.0)	(39.0, 2622.5)	(40.0, 2825.5)	(41.0, 3094.0)	(42.0, 3353.0)	(43.0, 3564.5)	(44.0, 3855.5)	(45.0, 4096.5)	(46.0, 4344.0)	(47.0, 4476.0)	(48.0, 4481.5)	(49.0, 4576.0)	(50.0, 4565.0)	(51.0, 4352.5)	(52.0, 4083.0)	(53.0, 3802.5)	(54.0, 3399.5)	(55.0, 3000.0)	(56.0, 2639.0)	(57.0, 2262.0)	(58.0, 1931.0)	(59.0, 1580.5)	(60.0, 1262.0)	(61.0, 1041.5)	(62.0, 846.0)	(63.0, 702.5)	(64.0, 583.0)	(65.0, 464.5)	(66.0, 344.5)	(67.0, 251.5)	(68.0, 187.5)	(69.0, 133.5)	(70.0, 109.5)	(71.0, 89.0)	(72.0, 69.5)	(73.0, 53.0)	(74.0, 38.0)	(75.0, 32.0)	(76.0, 25.0)	(77.0, 16.5)	(78.0, 10.0)	(79.0, 6.5)	(80.0, 4.0)	(81.0, 3.0)	(82.0, 3.5)	(83.0, 2.5)	(84.0, 1.5)	(85.0, 1.0)	(86.0, 1.0)	(87.0, 1.0)	(88.0, 0.5)	(89.0, 0.0)	(90.0, 0.0)	(91.0, 0.0)	(92.0, 0.0)	(93.0, 0.0)	(94.0, 0.0)	(95.0, 0.0)	(96.0, 0.0)	(97.0, 0.0)	(98.0, 0.0)	(99.0, 0.0)	(100.0, 0.0)
SRR5899005_R2	(0.0, 0.0)	(1.0, 0.0)	(2.0, 0.0)	(3.0, 0.0)	(4.0, 0.0)	(5.0, 0.0)	(6.0, 0.0)	(7.0, 0.0)	(8.0, 0.0)	(9.0, 0.0)	(10.0, 0.0)	(11.0, 0.0)	(12.0, 0.5)	(13.0, 1.5)	(14.0, 2.5)	(15.0, 3.5)	(16.0, 6.5)	(17.0, 10.5)	(18.0, 17.0)	(19.0, 31.0)	(20.0, 55.5)	(21.0, 87.5)	(22.0, 121.0)	(23.0, 170.0)	(24.0, 238.5)	(25.0, 306.5)	(26.0, 387.5)	(27.0, 503.0)	(28.0, 627.0)	(29.0, 747.0)	(30.0, 910.0)	(31.0, 1090.0)	(32.0, 1208.0)	(33.0, 1374.0)	(34.0, 1619.0)	(35.0, 1839.0)	(36.0, 1967.0)	(37.0, 2135.0)	(38.0, 2383.0)	(39.0, 2612.0)	(40.0, 2822.5)	(41.0, 3096.5)	(42.0, 3405.0)	(43.0, 3647.5)	(44.0, 3918.5)	(45.0, 4110.0)	(46.0, 4299.0)	(47.0, 4474.5)	(48.0, 4518.5)	(49.0, 4518.0)	(50.0, 4442.0)	(51.0, 4302.0)	(52.0, 4086.0)	(53.0, 3784.0)	(54.0, 3357.0)	(55.0, 2933.5)	(56.0, 2585.0)	(57.0, 2277.5)	(58.0, 1968.0)	(59.0, 1599.0)	(60.0, 1310.0)	(61.0, 1077.0)	(62.0, 860.0)	(63.0, 675.5)	(64.0, 538.5)	(65.0, 429.5)	(66.0, 323.5)	(67.0, 247.5)	(68.0, 201.0)	(69.0, 153.5)	(70.0, 104.0)	(71.0, 88.0)	(72.0, 79.0)	(73.0, 63.0)	(74.0, 44.0)	(75.0, 31.0)	(76.0, 25.0)	(77.0, 24.0)	(78.0, 19.5)	(79.0, 10.5)	(80.0, 5.0)	(81.0, 3.5)	(82.0, 2.5)	(83.0, 1.0)	(84.0, 1.5)	(85.0, 1.0)	(86.0, 0.0)	(87.0, 0.0)	(88.0, 0.0)	(89.0, 0.0)	(90.0, 0.0)	(91.0, 0.0)	(92.0, 0.0)	(93.0, 0.0)	(94.0, 0.0)	(95.0, 0.5)	(96.0, 0.5)	(97.0, 0.0)	(98.0, 0.0)	(99.0, 0.5)	(100.0, 3.5)
SRR5899006_R1	(0.0, 0.0)	(1.0, 0.0)	(2.0, 0.0)	(3.0, 0.0)	(4.0, 0.0)	(5.0, 0.0)	(6.0, 0.0)	(7.0, 0.0)	(8.0, 0.0)	(9.0, 0.5)	(10.0, 0.5)	(11.0, 0.0)	(12.0, 0.5)	(13.0, 1.5)	(14.0, 1.5)	(15.0, 2.0)	(16.0, 6.0)	(17.0, 8.5)	(18.0, 14.0)	(19.0, 26.0)	(20.0, 38.5)	(21.0, 55.5)	(22.0, 92.5)	(23.0, 150.0)	(24.0, 199.5)	(25.0, 236.5)	(26.0, 314.0)	(27.0, 425.5)	(28.0, 552.5)	(29.0, 712.5)	(30.0, 867.5)	(31.0, 1055.0)	(32.0, 1276.0)	(33.0, 1446.5)	(34.0, 1637.5)	(35.0, 1885.0)	(36.0, 2125.0)	(37.0, 2310.5)	(38.0, 2473.5)	(39.0, 2696.5)	(40.0, 2951.0)	(41.0, 3243.5)	(42.0, 3506.0)	(43.0, 3678.5)	(44.0, 3861.5)	(45.0, 3964.0)	(46.0, 4120.0)	(47.0, 4337.0)	(48.0, 4367.0)	(49.0, 4332.0)	(50.0, 4280.5)	(51.0, 4121.0)	(52.0, 3828.5)	(53.0, 3503.0)	(54.0, 3220.5)	(55.0, 2818.5)	(56.0, 2456.0)	(57.0, 2194.5)	(58.0, 1915.0)	(59.0, 1659.0)	(60.0, 1417.5)	(61.0, 1231.5)	(62.0, 1046.0)	(63.0, 916.0)	(64.0, 782.0)	(65.0, 608.5)	(66.0, 505.0)	(67.0, 422.5)	(68.0, 347.5)	(69.0, 287.5)	(70.0, 222.0)	(71.0, 159.0)	(72.0, 108.0)	(73.0, 82.0)	(74.0, 58.0)	(75.0, 33.5)	(76.0, 21.0)	(77.0, 15.5)	(78.0, 11.0)	(79.0, 7.0)	(80.0, 3.5)	(81.0, 0.5)	(82.0, 1.5)	(83.0, 1.5)	(84.0, 0.0)	(85.0, 0.5)	(86.0, 0.5)	(87.0, 0.0)	(88.0, 0.0)	(89.0, 0.0)	(90.0, 0.0)	(91.0, 0.0)	(92.0, 0.0)	(93.0, 0.0)	(94.0, 0.0)	(95.0, 0.0)	(96.0, 0.0)	(97.0, 0.0)	(98.0, 0.0)	(99.0, 0.0)	(100.0, 0.0)
SRR5899006_R2	(0.0, 0.0)	(1.0, 0.0)	(2.0, 0.0)	(3.0, 0.0)	(4.0, 0.0)	(5.0, 0.0)	(6.0, 0.0)	(7.0, 0.0)	(8.0, 0.0)	(9.0, 0.0)	(10.0, 0.0)	(11.0, 0.0)	(12.0, 0.5)	(13.0, 1.5)	(14.0, 2.0)	(15.0, 4.0)	(16.0, 7.5)	(17.0, 9.5)	(18.0, 12.5)	(19.0, 24.0)	(20.0, 37.0)	(21.0, 57.0)	(22.0, 98.5)	(23.0, 139.0)	(24.0, 185.5)	(25.0, 256.5)	(26.0, 334.0)	(27.0, 449.0)	(28.0, 572.0)	(29.0, 719.5)	(30.0, 885.0)	(31.0, 1044.5)	(32.0, 1247.0)	(33.0, 1436.0)	(34.0, 1650.0)	(35.0, 1943.5)	(36.0, 2158.5)	(37.0, 2341.5)	(38.0, 2561.0)	(39.0, 2773.5)	(40.0, 3008.0)	(41.0, 3269.5)	(42.0, 3523.5)	(43.0, 3697.5)	(44.0, 3829.5)	(45.0, 4019.0)	(46.0, 4196.0)	(47.0, 4287.0)	(48.0, 4329.0)	(49.0, 4288.0)	(50.0, 4189.5)	(51.0, 4036.5)	(52.0, 3847.5)	(53.0, 3579.0)	(54.0, 3186.0)	(55.0, 2807.5)	(56.0, 2448.5)	(57.0, 2117.0)	(58.0, 1868.5)	(59.0, 1608.5)	(60.0, 1354.0)	(61.0, 1177.0)	(62.0, 1050.0)	(63.0, 889.0)	(64.0, 747.0)	(65.0, 652.0)	(66.0, 532.0)	(67.0, 432.5)	(68.0, 355.0)	(69.0, 298.0)	(70.0, 235.5)	(71.0, 156.0)	(72.0, 107.0)	(73.0, 79.5)	(74.0, 57.0)	(75.0, 33.0)	(76.0, 22.5)	(77.0, 18.5)	(78.0, 13.5)	(79.0, 10.0)	(80.0, 5.0)	(81.0, 2.0)	(82.0, 1.5)	(83.0, 1.0)	(84.0, 0.5)	(85.0, 0.5)	(86.0, 0.5)	(87.0, 0.5)	(88.0, 0.0)	(89.0, 0.0)	(90.0, 0.0)	(91.0, 0.0)	(92.0, 0.0)	(93.0, 0.0)	(94.0, 0.0)	(95.0, 0.0)	(96.0, 0.0)	(97.0, 0.0)	(98.0, 0.0)	(99.0, 0.5)	(100.0, 5.0)
SRR5899007_R1	(0.0, 0.0)	(1.0, 0.0)	(2.0, 0.0)	(3.0, 0.0)	(4.0, 0.0)	(5.0, 0.0)	(6.0, 0.0)	(7.0, 0.0)	(8.0, 0.0)	(9.0, 0.0)	(10.0, 0.0)	(11.0, 0.5)	(12.0, 0.5)	(13.0, 0.5)	(14.0, 2.5)	(15.0, 5.5)	(16.0, 9.5)	(17.0, 18.5)	(18.0, 31.5)	(19.0, 47.5)	(20.0, 81.0)	(21.0, 120.0)	(22.0, 146.5)	(23.0, 211.0)	(24.0, 307.0)	(25.0, 398.5)	(26.0, 523.0)	(27.0, 681.0)	(28.0, 828.0)	(29.0, 979.5)	(30.0, 1123.0)	(31.0, 1277.5)	(32.0, 1415.5)	(33.0, 1559.5)	(34.0, 1733.0)	(35.0, 1903.5)	(36.0, 2101.5)	(37.0, 2282.5)	(38.0, 2506.5)	(39.0, 2761.0)	(40.0, 2986.5)	(41.0, 3250.0)	(42.0, 3552.0)	(43.0, 3853.0)	(44.0, 4063.5)	(45.0, 4233.5)	(46.0, 4487.5)	(47.0, 4657.5)	(48.0, 4763.0)	(49.0, 4819.5)	(50.0, 4639.5)	(51.0, 4215.0)	(52.0, 3858.5)	(53.0, 3551.0)	(54.0, 3082.0)	(55.0, 2561.0)	(56.0, 2108.5)	(57.0, 1736.0)	(58.0, 1354.0)	(59.0, 1066.0)	(60.0, 872.5)	(61.0, 696.5)	(62.0, 542.5)	(63.0, 413.5)	(64.0, 331.5)	(65.0, 245.0)	(66.0, 181.0)	(67.0, 151.5)	(68.0, 119.0)	(69.0, 94.5)	(70.0, 70.0)	(71.0, 46.5)	(72.0, 33.0)	(73.0, 28.0)	(74.0, 21.0)	(75.0, 14.0)	(76.0, 8.0)	(77.0, 6.0)	(78.0, 3.0)	(79.0, 1.5)	(80.0, 2.0)	(81.0, 2.0)	(82.0, 0.5)	(83.0, 0.0)	(84.0, 0.0)	(85.0, 0.0)	(86.0, 0.0)	(87.0, 0.0)	(88.0, 0.0)	(89.0, 0.0)	(90.0, 0.0)	(91.0, 0.0)	(92.0, 0.0)	(93.0, 0.0)	(94.0, 0.0)	(95.0, 0.0)	(96.0, 0.0)	(97.0, 0.0)	(98.0, 0.0)	(99.0, 0.0)	(100.0, 0.0)
SRR5899007_R2	(0.0, 0.0)	(1.0, 0.0)	(2.0, 0.0)	(3.0, 0.0)	(4.0, 0.0)	(5.0, 0.0)	(6.0, 0.0)	(7.0, 0.0)	(8.0, 0.0)	(9.0, 0.0)	(10.0, 0.0)	(11.0, 0.0)	(12.0, 1.0)	(13.0, 2.0)	(14.0, 4.0)	(15.0, 7.0)	(16.0, 9.0)	(17.0, 15.5)	(18.0, 24.5)	(19.0, 40.0)	(20.0, 65.0)	(21.0, 98.5)	(22.0, 145.5)	(23.0, 212.0)	(24.0, 297.0)	(25.0, 410.0)	(26.0, 534.5)	(27.0, 675.5)	(28.0, 815.5)	(29.0, 968.5)	(30.0, 1153.0)	(31.0, 1278.0)	(32.0, 1378.5)	(33.0, 1577.5)	(34.0, 1779.0)	(35.0, 1933.0)	(36.0, 2124.5)	(37.0, 2330.0)	(38.0, 2535.5)	(39.0, 2776.5)	(40.0, 3058.5)	(41.0, 3319.0)	(42.0, 3534.0)	(43.0, 3782.0)	(44.0, 4038.5)	(45.0, 4308.0)	(46.0, 4555.0)	(47.0, 4653.0)	(48.0, 4714.0)	(49.0, 4680.0)	(50.0, 4527.5)	(51.0, 4267.0)	(52.0, 3919.0)	(53.0, 3516.5)	(54.0, 3045.5)	(55.0, 2558.0)	(56.0, 2078.0)	(57.0, 1688.0)	(58.0, 1386.5)	(59.0, 1123.5)	(60.0, 866.0)	(61.0, 655.5)	(62.0, 521.5)	(63.0, 438.0)	(64.0, 355.5)	(65.0, 259.5)	(66.0, 183.5)	(67.0, 138.5)	(68.0, 116.5)	(69.0, 91.0)	(70.0, 62.5)	(71.0, 55.0)	(72.0, 41.5)	(73.0, 26.5)	(74.0, 21.0)	(75.0, 13.0)	(76.0, 7.5)	(77.0, 4.0)	(78.0, 2.0)	(79.0, 1.0)	(80.0, 0.5)	(81.0, 0.5)	(82.0, 0.5)	(83.0, 0.5)	(84.0, 0.5)	(85.0, 0.0)	(86.0, 0.0)	(87.0, 0.0)	(88.0, 0.0)	(89.0, 0.0)	(90.0, 0.0)	(91.0, 0.0)	(92.0, 0.0)	(93.0, 0.0)	(94.0, 0.0)	(95.0, 0.0)	(96.0, 0.0)	(97.0, 0.0)	(98.0, 0.0)	(99.0, 0.5)	(100.0, 5.5)
SRR5899017_R1	(0.0, 0.0)	(1.0, 0.0)	(2.0, 0.0)	(3.0, 0.0)	(4.0, 0.0)	(5.0, 0.0)	(6.0, 0.0)	(7.0, 0.0)	(8.0, 0.0)	(9.0, 0.0)	(10.0, 0.0)	(11.0, 1.0)	(12.0, 3.5)	(13.0, 3.5)	(14.0, 5.0)	(15.0, 15.5)	(16.0, 24.0)	(17.0, 36.5)	(18.0, 54.0)	(19.0, 69.5)	(20.0, 105.0)	(21.0, 161.0)	(22.0, 233.5)	(23.0, 313.0)	(24.0, 372.0)	(25.0, 436.0)	(26.0, 535.5)	(27.0, 635.5)	(28.0, 720.5)	(29.0, 841.0)	(30.0, 931.0)	(31.0, 1007.5)	(32.0, 1127.5)	(33.0, 1237.0)	(34.0, 1337.0)	(35.0, 1402.0)	(36.0, 1505.0)	(37.0, 1678.0)	(38.0, 1816.0)	(39.0, 1923.5)	(40.0, 2072.5)	(41.0, 2257.0)	(42.0, 2417.5)	(43.0, 2548.5)	(44.0, 2773.5)	(45.0, 2977.0)	(46.0, 3106.0)	(47.0, 3213.5)	(48.0, 3278.0)	(49.0, 3326.5)	(50.0, 3313.0)	(51.0, 3256.0)	(52.0, 3139.5)	(53.0, 3007.5)	(54.0, 2829.5)	(55.0, 2670.5)	(56.0, 2514.0)	(57.0, 2306.0)	(58.0, 2183.0)	(59.0, 2089.5)	(60.0, 1960.0)	(61.0, 1782.0)	(62.0, 1621.0)	(63.0, 1570.0)	(64.0, 1468.5)	(65.0, 1279.5)	(66.0, 1073.0)	(67.0, 880.0)	(68.0, 733.0)	(69.0, 580.5)	(70.0, 452.0)	(71.0, 344.5)	(72.0, 244.0)	(73.0, 181.0)	(74.0, 128.0)	(75.0, 77.0)	(76.0, 49.5)	(77.0, 30.5)	(78.0, 24.5)	(79.0, 16.0)	(80.0, 5.5)	(81.0, 3.0)	(82.0, 2.0)	(83.0, 0.5)	(84.0, 0.5)	(85.0, 0.5)	(86.0, 0.0)	(87.0, 0.5)	(88.0, 0.5)	(89.0, 0.0)	(90.0, 0.0)	(91.0, 0.0)	(92.0, 0.0)	(93.0, 0.0)	(94.0, 0.0)	(95.0, 0.0)	(96.0, 0.0)	(97.0, 0.0)	(98.0, 0.0)	(99.0, 0.0)	(100.0, 0.0)
SRR5899017_R2	(0.0, 0.0)	(1.0, 0.0)	(2.0, 0.0)	(3.0, 0.0)	(4.0, 0.0)	(5.0, 0.0)	(6.0, 0.5)	(7.0, 0.5)	(8.0, 0.0)	(9.0, 0.0)	(10.0, 0.0)	(11.0, 0.5)	(12.0, 2.5)	(13.0, 2.5)	(14.0, 4.5)	(15.0, 11.5)	(16.0, 23.5)	(17.0, 36.0)	(18.0, 48.5)	(19.0, 74.0)	(20.0, 117.0)	(21.0, 170.5)	(22.0, 219.0)	(23.0, 285.5)	(24.0, 347.0)	(25.0, 426.0)	(26.0, 511.5)	(27.0, 587.0)	(28.0, 690.5)	(29.0, 772.0)	(30.0, 865.5)	(31.0, 1002.0)	(32.0, 1098.5)	(33.0, 1191.5)	(34.0, 1289.0)	(35.0, 1358.5)	(36.0, 1478.0)	(37.0, 1624.5)	(38.0, 1737.5)	(39.0, 1869.0)	(40.0, 2056.5)	(41.0, 2225.0)	(42.0, 2410.5)	(43.0, 2591.0)	(44.0, 2781.0)	(45.0, 2882.5)	(46.0, 2995.5)	(47.0, 3139.5)	(48.0, 3269.5)	(49.0, 3350.5)	(50.0, 3367.5)	(51.0, 3327.5)	(52.0, 3175.5)	(53.0, 3071.0)	(54.0, 2916.0)	(55.0, 2702.0)	(56.0, 2523.0)	(57.0, 2349.5)	(58.0, 2202.0)	(59.0, 2114.0)	(60.0, 1979.0)	(61.0, 1843.5)	(62.0, 1712.5)	(63.0, 1537.5)	(64.0, 1406.5)	(65.0, 1280.5)	(66.0, 1119.0)	(67.0, 953.0)	(68.0, 793.5)	(69.0, 653.5)	(70.0, 515.0)	(71.0, 403.0)	(72.0, 292.5)	(73.0, 185.0)	(74.0, 126.0)	(75.0, 87.5)	(76.0, 64.0)	(77.0, 45.5)	(78.0, 24.0)	(79.0, 15.5)	(80.0, 10.5)	(81.0, 7.0)	(82.0, 3.0)	(83.0, 1.5)	(84.0, 2.0)	(85.0, 1.0)	(86.0, 1.0)	(87.0, 0.5)	(88.0, 0.0)	(89.0, 0.0)	(90.0, 0.0)	(91.0, 0.0)	(92.0, 0.0)	(93.0, 0.0)	(94.0, 0.0)	(95.0, 0.0)	(96.0, 0.0)	(97.0, 0.0)	(98.0, 0.5)	(99.0, 0.5)	(100.0, 1.5)
SRR8865572_R1	(0.0, 0.0)	(1.0, 0.0)	(2.0, 0.0)	(3.0, 0.0)	(4.0, 0.0)	(5.0, 0.0)	(6.0, 0.0)	(7.0, 0.0)	(8.0, 0.5)	(9.0, 1.5)	(10.0, 1.5)	(11.0, 2.5)	(12.0, 5.0)	(13.0, 7.5)	(14.0, 7.0)	(15.0, 12.0)	(16.0, 28.5)	(17.0, 38.5)	(18.0, 47.0)	(19.0, 59.0)	(20.0, 92.0)	(21.0, 140.5)	(22.0, 181.0)	(23.0, 255.5)	(24.0, 347.0)	(25.0, 443.5)	(26.0, 547.0)	(27.0, 683.0)	(28.0, 831.0)	(29.0, 963.0)	(30.0, 1116.0)	(31.0, 1252.5)	(32.0, 1377.0)	(33.0, 1473.5)	(34.0, 1618.5)	(35.0, 1747.0)	(36.0, 1846.0)	(37.0, 1989.0)	(38.0, 2161.0)	(39.0, 2345.0)	(40.0, 2551.5)	(41.0, 2745.0)	(42.0, 2960.0)	(43.0, 3150.5)	(44.0, 3334.0)	(45.0, 3581.5)	(46.0, 3794.0)	(47.0, 3906.0)	(48.0, 3960.5)	(49.0, 4067.0)	(50.0, 4205.5)	(51.0, 4184.5)	(52.0, 4021.0)	(53.0, 3865.5)	(54.0, 3681.5)	(55.0, 3512.5)	(56.0, 3296.5)	(57.0, 2993.0)	(58.0, 2670.0)	(59.0, 2359.5)	(60.0, 2049.5)	(61.0, 1749.5)	(62.0, 1447.0)	(63.0, 1176.5)	(64.0, 957.0)	(65.0, 794.0)	(66.0, 646.5)	(67.0, 498.0)	(68.0, 381.0)	(69.0, 292.5)	(70.0, 219.0)	(71.0, 160.5)	(72.0, 118.0)	(73.0, 79.0)	(74.0, 50.0)	(75.0, 32.5)	(76.0, 21.0)	(77.0, 14.5)	(78.0, 11.5)	(79.0, 9.5)	(80.0, 5.0)	(81.0, 1.0)	(82.0, 0.5)	(83.0, 0.5)	(84.0, 0.0)	(85.0, 0.0)	(86.0, 0.0)	(87.0, 0.0)	(88.0, 0.0)	(89.0, 0.0)	(90.0, 0.0)	(91.0, 0.0)	(92.0, 0.0)	(93.0, 0.0)	(94.0, 0.0)	(95.0, 0.0)	(96.0, 0.0)	(97.0, 0.0)	(98.0, 0.0)	(99.0, 0.0)	(100.0, 0.0)
SRR8865572_R2	(0.0, 0.0)	(1.0, 0.0)	(2.0, 0.0)	(3.0, 0.0)	(4.0, 0.0)	(5.0, 0.0)	(6.0, 0.5)	(7.0, 0.5)	(8.0, 0.5)	(9.0, 0.5)	(10.0, 0.5)	(11.0, 1.0)	(12.0, 2.5)	(13.0, 5.5)	(14.0, 9.0)	(15.0, 12.0)	(16.0, 20.0)	(17.0, 33.5)	(18.0, 47.5)	(19.0, 65.0)	(20.0, 90.0)	(21.0, 128.0)	(22.0, 190.5)	(23.0, 272.0)	(24.0, 349.5)	(25.0, 451.5)	(26.0, 559.0)	(27.0, 677.5)	(28.0, 810.0)	(29.0, 935.5)	(30.0, 1103.5)	(31.0, 1241.0)	(32.0, 1350.0)	(33.0, 1494.0)	(34.0, 1602.5)	(35.0, 1692.5)	(36.0, 1848.5)	(37.0, 2012.0)	(38.0, 2166.5)	(39.0, 2373.5)	(40.0, 2595.0)	(41.0, 2768.0)	(42.0, 2982.5)	(43.0, 3205.0)	(44.0, 3354.5)	(45.0, 3565.0)	(46.0, 3809.5)	(47.0, 3943.5)	(48.0, 4039.0)	(49.0, 4089.5)	(50.0, 4081.5)	(51.0, 4089.0)	(52.0, 3957.0)	(53.0, 3835.0)	(54.0, 3711.0)	(55.0, 3486.0)	(56.0, 3305.5)	(57.0, 2985.0)	(58.0, 2644.5)	(59.0, 2385.5)	(60.0, 2064.0)	(61.0, 1761.5)	(62.0, 1480.5)	(63.0, 1217.0)	(64.0, 979.0)	(65.0, 788.0)	(66.0, 641.0)	(67.0, 490.5)	(68.0, 370.0)	(69.0, 291.0)	(70.0, 219.5)	(71.0, 158.5)	(72.0, 117.0)	(73.0, 80.0)	(74.0, 52.5)	(75.0, 36.5)	(76.0, 24.0)	(77.0, 13.5)	(78.0, 9.0)	(79.0, 6.5)	(80.0, 3.5)	(81.0, 0.5)	(82.0, 0.0)	(83.0, 0.5)	(84.0, 0.5)	(85.0, 0.0)	(86.0, 0.0)	(87.0, 0.0)	(88.0, 0.0)	(89.0, 0.0)	(90.0, 0.0)	(91.0, 0.0)	(92.0, 0.0)	(93.0, 0.0)	(94.0, 0.0)	(95.0, 0.0)	(96.0, 0.0)	(97.0, 0.0)	(98.0, 0.0)	(99.0, 0.0)	(100.0, 0.0)
SRR8865573_R1	(0.0, 0.0)	(1.0, 0.0)	(2.0, 0.0)	(3.0, 0.0)	(4.0, 0.0)	(5.0, 0.0)	(6.0, 0.0)	(7.0, 0.5)	(8.0, 0.5)	(9.0, 0.0)	(10.0, 0.0)	(11.0, 1.0)	(12.0, 3.0)	(13.0, 5.0)	(14.0, 7.5)	(15.0, 11.0)	(16.0, 18.5)	(17.0, 29.0)	(18.0, 42.0)	(19.0, 68.5)	(20.0, 113.5)	(21.0, 161.0)	(22.0, 201.5)	(23.0, 255.0)	(24.0, 316.0)	(25.0, 405.5)	(26.0, 505.5)	(27.0, 598.0)	(28.0, 731.0)	(29.0, 840.0)	(30.0, 929.0)	(31.0, 1049.0)	(32.0, 1156.5)	(33.0, 1328.0)	(34.0, 1469.5)	(35.0, 1547.0)	(36.0, 1684.0)	(37.0, 1830.5)	(38.0, 1996.0)	(39.0, 2153.5)	(40.0, 2304.5)	(41.0, 2510.5)	(42.0, 2718.0)	(43.0, 2933.5)	(44.0, 3161.5)	(45.0, 3319.0)	(46.0, 3487.5)	(47.0, 3710.0)	(48.0, 3845.0)	(49.0, 3988.5)	(50.0, 4074.0)	(51.0, 4110.5)	(52.0, 4108.5)	(53.0, 4006.0)	(54.0, 3856.0)	(55.0, 3587.5)	(56.0, 3394.5)	(57.0, 3226.5)	(58.0, 2938.5)	(59.0, 2619.0)	(60.0, 2363.5)	(61.0, 2098.0)	(62.0, 1786.0)	(63.0, 1539.0)	(64.0, 1339.0)	(65.0, 1164.5)	(66.0, 959.5)	(67.0, 755.5)	(68.0, 583.5)	(69.0, 437.0)	(70.0, 342.0)	(71.0, 241.0)	(72.0, 153.0)	(73.0, 115.0)	(74.0, 93.0)	(75.0, 60.0)	(76.0, 40.0)	(77.0, 25.0)	(78.0, 13.5)	(79.0, 8.0)	(80.0, 2.0)	(81.0, 1.0)	(82.0, 1.5)	(83.0, 1.0)	(84.0, 0.0)	(85.0, 0.0)	(86.0, 0.0)	(87.0, 0.0)	(88.0, 0.0)	(89.0, 0.0)	(90.0, 0.0)	(91.0, 0.0)	(92.0, 0.0)	(93.0, 0.0)	(94.0, 0.0)	(95.0, 0.0)	(96.0, 0.0)	(97.0, 0.0)	(98.0, 0.0)	(99.0, 0.0)	(100.0, 0.0)
SRR8865573_R2	(0.0, 0.0)	(1.0, 0.0)	(2.0, 0.0)	(3.0, 0.0)	(4.0, 0.0)	(5.0, 0.0)	(6.0, 0.0)	(7.0, 0.0)	(8.0, 0.5)	(9.0, 1.5)	(10.0, 2.5)	(11.0, 2.0)	(12.0, 1.0)	(13.0, 2.0)	(14.0, 5.0)	(15.0, 11.5)	(16.0, 18.5)	(17.0, 35.0)	(18.0, 51.0)	(19.0, 63.0)	(20.0, 91.5)	(21.0, 147.5)	(22.0, 205.5)	(23.0, 262.5)	(24.0, 327.5)	(25.0, 431.0)	(26.0, 528.0)	(27.0, 596.5)	(28.0, 742.5)	(29.0, 871.5)	(30.0, 954.0)	(31.0, 1064.5)	(32.0, 1194.5)	(33.0, 1314.5)	(34.0, 1403.0)	(35.0, 1510.5)	(36.0, 1665.5)	(37.0, 1849.0)	(38.0, 2052.0)	(39.0, 2190.0)	(40.0, 2308.5)	(41.0, 2476.5)	(42.0, 2693.5)	(43.0, 2912.5)	(44.0, 3125.5)	(45.0, 3345.0)	(46.0, 3494.0)	(47.0, 3660.5)	(48.0, 3885.5)	(49.0, 4025.0)	(50.0, 4052.0)	(51.0, 4039.0)	(52.0, 4041.5)	(53.0, 3970.5)	(54.0, 3792.0)	(55.0, 3599.5)	(56.0, 3418.0)	(57.0, 3248.5)	(58.0, 2956.5)	(59.0, 2612.5)	(60.0, 2367.5)	(61.0, 2115.5)	(62.0, 1842.5)	(63.0, 1567.5)	(64.0, 1323.5)	(65.0, 1128.5)	(66.0, 930.0)	(67.0, 757.5)	(68.0, 575.0)	(69.0, 437.0)	(70.0, 348.5)	(71.0, 262.0)	(72.0, 192.0)	(73.0, 138.0)	(74.0, 97.0)	(75.0, 58.5)	(76.0, 34.5)	(77.0, 25.0)	(78.0, 17.0)	(79.0, 6.0)	(80.0, 0.5)	(81.0, 1.0)	(82.0, 1.5)	(83.0, 1.0)	(84.0, 0.5)	(85.0, 0.0)	(86.0, 0.0)	(87.0, 0.0)	(88.0, 0.0)	(89.0, 0.0)	(90.0, 0.0)	(91.0, 0.0)	(92.0, 0.0)	(93.0, 0.0)	(94.0, 0.0)	(95.0, 0.0)	(96.0, 0.0)	(97.0, 0.0)	(98.0, 0.0)	(99.0, 0.0)	(100.0, 0.0)
SRR8865574_R1	(0.0, 0.0)	(1.0, 0.0)	(2.0, 0.0)	(3.0, 0.0)	(4.0, 0.0)	(5.0, 0.0)	(6.0, 0.0)	(7.0, 0.0)	(8.0, 0.5)	(9.0, 0.5)	(10.0, 2.0)	(11.0, 4.5)	(12.0, 6.5)	(13.0, 14.0)	(14.0, 23.0)	(15.0, 31.5)	(16.0, 54.0)	(17.0, 72.0)	(18.0, 103.0)	(19.0, 166.0)	(20.0, 220.0)	(21.0, 286.0)	(22.0, 380.5)	(23.0, 527.0)	(24.0, 721.5)	(25.0, 950.5)	(26.0, 1174.5)	(27.0, 1383.0)	(28.0, 1588.0)	(29.0, 1859.5)	(30.0, 2085.5)	(31.0, 2172.0)	(32.0, 2299.5)	(33.0, 2458.0)	(34.0, 2617.5)	(35.0, 2743.5)	(36.0, 2852.0)	(37.0, 3092.0)	(38.0, 3436.0)	(39.0, 3633.5)	(40.0, 3761.0)	(41.0, 3913.5)	(42.0, 4051.5)	(43.0, 4134.5)	(44.0, 4147.0)	(45.0, 4155.5)	(46.0, 4020.5)	(47.0, 3822.0)	(48.0, 3647.0)	(49.0, 3487.5)	(50.0, 3298.5)	(51.0, 3001.0)	(52.0, 2725.5)	(53.0, 2504.0)	(54.0, 2264.5)	(55.0, 2035.0)	(56.0, 1835.0)	(57.0, 1568.5)	(58.0, 1293.0)	(59.0, 1103.0)	(60.0, 907.5)	(61.0, 715.0)	(62.0, 585.0)	(63.0, 481.0)	(64.0, 377.5)	(65.0, 283.0)	(66.0, 205.0)	(67.0, 147.0)	(68.0, 109.0)	(69.0, 80.5)	(70.0, 63.0)	(71.0, 47.0)	(72.0, 24.5)	(73.0, 16.0)	(74.0, 16.0)	(75.0, 10.5)	(76.0, 6.5)	(77.0, 6.0)	(78.0, 2.5)	(79.0, 0.0)	(80.0, 1.0)	(81.0, 1.5)	(82.0, 0.5)	(83.0, 0.0)	(84.0, 0.0)	(85.0, 0.0)	(86.0, 0.0)	(87.0, 0.0)	(88.0, 0.0)	(89.0, 0.0)	(90.0, 0.0)	(91.0, 0.0)	(92.0, 0.0)	(93.0, 0.0)	(94.0, 0.0)	(95.0, 0.0)	(96.0, 0.0)	(97.0, 0.0)	(98.0, 0.0)	(99.0, 0.0)	(100.0, 0.0)
SRR8865574_R2	(0.0, 0.0)	(1.0, 0.0)	(2.0, 0.0)	(3.0, 0.0)	(4.0, 0.0)	(5.0, 0.0)	(6.0, 0.0)	(7.0, 0.0)	(8.0, 0.0)	(9.0, 0.5)	(10.0, 1.5)	(11.0, 4.0)	(12.0, 10.0)	(13.0, 21.0)	(14.0, 27.5)	(15.0, 29.5)	(16.0, 45.0)	(17.0, 73.0)	(18.0, 108.5)	(19.0, 159.5)	(20.0, 229.5)	(21.0, 304.5)	(22.0, 382.0)	(23.0, 539.0)	(24.0, 737.5)	(25.0, 940.5)	(26.0, 1132.0)	(27.0, 1328.5)	(28.0, 1637.5)	(29.0, 1906.0)	(30.0, 2049.5)	(31.0, 2194.5)	(32.0, 2304.0)	(33.0, 2476.5)	(34.0, 2653.5)	(35.0, 2741.5)	(36.0, 2943.5)	(37.0, 3237.5)	(38.0, 3425.0)	(39.0, 3559.5)	(40.0, 3762.0)	(41.0, 3981.5)	(42.0, 4118.0)	(43.0, 4172.0)	(44.0, 4179.5)	(45.0, 4126.5)	(46.0, 3961.5)	(47.0, 3820.5)	(48.0, 3614.0)	(49.0, 3374.0)	(50.0, 3229.5)	(51.0, 3036.5)	(52.0, 2799.0)	(53.0, 2494.5)	(54.0, 2247.5)	(55.0, 1992.5)	(56.0, 1740.5)	(57.0, 1540.5)	(58.0, 1310.5)	(59.0, 1113.5)	(60.0, 897.5)	(61.0, 694.0)	(62.0, 561.0)	(63.0, 457.5)	(64.0, 369.0)	(65.0, 285.5)	(66.0, 205.5)	(67.0, 139.5)	(68.0, 119.0)	(69.0, 87.0)	(70.0, 53.0)	(71.0, 42.0)	(72.0, 28.0)	(73.0, 12.5)	(74.0, 10.0)	(75.0, 8.5)	(76.0, 4.0)	(77.0, 2.5)	(78.0, 1.5)	(79.0, 2.0)	(80.0, 2.0)	(81.0, 0.5)	(82.0, 0.0)	(83.0, 0.0)	(84.0, 0.0)	(85.0, 0.0)	(86.0, 0.0)	(87.0, 0.0)	(88.0, 0.0)	(89.0, 0.0)	(90.0, 0.0)	(91.0, 0.0)	(92.0, 0.0)	(93.0, 0.0)	(94.0, 0.0)	(95.0, 0.0)	(96.0, 0.0)	(97.0, 0.0)	(98.0, 0.0)	(99.0, 0.0)	(100.0, 0.0)
SRR8865575_R1	(0.0, 0.0)	(1.0, 0.0)	(2.0, 0.0)	(3.0, 0.0)	(4.0, 0.0)	(5.0, 0.0)	(6.0, 0.0)	(7.0, 0.0)	(8.0, 0.0)	(9.0, 0.0)	(10.0, 0.0)	(11.0, 1.0)	(12.0, 1.5)	(13.0, 1.5)	(14.0, 2.0)	(15.0, 2.0)	(16.0, 5.5)	(17.0, 7.0)	(18.0, 6.5)	(19.0, 15.5)	(20.0, 33.5)	(21.0, 54.0)	(22.0, 76.0)	(23.0, 112.5)	(24.0, 165.5)	(25.0, 250.0)	(26.0, 349.5)	(27.0, 463.0)	(28.0, 594.5)	(29.0, 758.0)	(30.0, 957.5)	(31.0, 1150.5)	(32.0, 1391.5)	(33.0, 1611.0)	(34.0, 1820.5)	(35.0, 2066.5)	(36.0, 2319.0)	(37.0, 2632.5)	(38.0, 2831.0)	(39.0, 3053.0)	(40.0, 3275.5)	(41.0, 3486.0)	(42.0, 3709.5)	(43.0, 3853.0)	(44.0, 3959.5)	(45.0, 3963.5)	(46.0, 3998.5)	(47.0, 3999.0)	(48.0, 3900.5)	(49.0, 3778.0)	(50.0, 3643.5)	(51.0, 3502.5)	(52.0, 3325.5)	(53.0, 3113.5)	(54.0, 2972.5)	(55.0, 2846.0)	(56.0, 2664.0)	(57.0, 2478.5)	(58.0, 2315.0)	(59.0, 2128.5)	(60.0, 1933.0)	(61.0, 1719.0)	(62.0, 1480.5)	(63.0, 1276.5)	(64.0, 1110.0)	(65.0, 920.0)	(66.0, 720.5)	(67.0, 590.0)	(68.0, 477.0)	(69.0, 375.0)	(70.0, 286.0)	(71.0, 205.0)	(72.0, 160.0)	(73.0, 118.5)	(74.0, 69.0)	(75.0, 43.5)	(76.0, 30.0)	(77.0, 17.0)	(78.0, 13.0)	(79.0, 8.5)	(80.0, 6.0)	(81.0, 5.0)	(82.0, 1.5)	(83.0, 0.5)	(84.0, 0.5)	(85.0, 0.0)	(86.0, 0.0)	(87.0, 0.0)	(88.0, 0.0)	(89.0, 0.0)	(90.0, 0.0)	(91.0, 0.0)	(92.0, 0.0)	(93.0, 0.0)	(94.0, 0.0)	(95.0, 0.0)	(96.0, 0.0)	(97.0, 0.0)	(98.0, 0.0)	(99.0, 0.0)	(100.0, 0.0)
SRR8865575_R2	(0.0, 0.0)	(1.0, 0.0)	(2.0, 0.0)	(3.0, 0.0)	(4.0, 0.0)	(5.0, 0.0)	(6.0, 0.0)	(7.0, 0.0)	(8.0, 0.0)	(9.0, 0.5)	(10.0, 0.5)	(11.0, 0.0)	(12.0, 1.0)	(13.0, 1.5)	(14.0, 1.0)	(15.0, 1.5)	(16.0, 2.0)	(17.0, 3.5)	(18.0, 8.0)	(19.0, 18.0)	(20.0, 31.5)	(21.0, 50.0)	(22.0, 81.5)	(23.0, 127.0)	(24.0, 176.5)	(25.0, 254.5)	(26.0, 369.5)	(27.0, 474.5)	(28.0, 606.0)	(29.0, 742.0)	(30.0, 896.5)	(31.0, 1130.5)	(32.0, 1364.0)	(33.0, 1577.0)	(34.0, 1840.0)	(35.0, 2121.0)	(36.0, 2390.0)	(37.0, 2649.5)	(38.0, 2900.0)	(39.0, 3140.0)	(40.0, 3289.0)	(41.0, 3475.5)	(42.0, 3694.5)	(43.0, 3803.0)	(44.0, 3917.5)	(45.0, 3963.5)	(46.0, 3982.0)	(47.0, 3936.0)	(48.0, 3846.5)	(49.0, 3788.0)	(50.0, 3577.0)	(51.0, 3398.0)	(52.0, 3308.5)	(53.0, 3167.5)	(54.0, 2936.5)	(55.0, 2757.5)	(56.0, 2682.5)	(57.0, 2575.5)	(58.0, 2382.5)	(59.0, 2173.0)	(60.0, 1972.5)	(61.0, 1738.0)	(62.0, 1500.0)	(63.0, 1283.0)	(64.0, 1108.0)	(65.0, 911.0)	(66.0, 717.0)	(67.0, 584.5)	(68.0, 469.5)	(69.0, 367.5)	(70.0, 295.5)	(71.0, 214.5)	(72.0, 145.0)	(73.0, 104.5)	(74.0, 66.5)	(75.0, 45.5)	(76.0, 32.0)	(77.0, 19.5)	(78.0, 9.0)	(79.0, 5.0)	(80.0, 3.5)	(81.0, 2.0)	(82.0, 0.5)	(83.0, 0.0)	(84.0, 0.5)	(85.0, 1.0)	(86.0, 0.5)	(87.0, 0.0)	(88.0, 0.0)	(89.0, 0.0)	(90.0, 0.0)	(91.0, 0.0)	(92.0, 0.0)	(93.0, 0.0)	(94.0, 0.0)	(95.0, 0.0)	(96.0, 0.0)	(97.0, 0.0)	(98.0, 0.0)	(99.0, 0.0)	(100.0, 0.0)
SRR8865576_R1	(0.0, 0.0)	(1.0, 0.0)	(2.0, 0.0)	(3.0, 0.0)	(4.0, 0.0)	(5.0, 0.0)	(6.0, 0.0)	(7.0, 0.0)	(8.0, 0.0)	(9.0, 0.0)	(10.0, 0.5)	(11.0, 2.5)	(12.0, 8.0)	(13.0, 17.0)	(14.0, 20.0)	(15.0, 27.0)	(16.0, 44.5)	(17.0, 64.0)	(18.0, 99.5)	(19.0, 166.5)	(20.0, 225.5)	(21.0, 274.0)	(22.0, 363.5)	(23.0, 526.5)	(24.0, 692.0)	(25.0, 856.0)	(26.0, 1067.0)	(27.0, 1283.5)	(28.0, 1516.5)	(29.0, 1806.5)	(30.0, 2094.0)	(31.0, 2208.5)	(32.0, 2296.5)	(33.0, 2457.5)	(34.0, 2523.5)	(35.0, 2654.0)	(36.0, 2865.0)	(37.0, 3053.0)	(38.0, 3310.0)	(39.0, 3559.5)	(40.0, 3760.0)	(41.0, 3966.5)	(42.0, 4100.0)	(43.0, 4167.0)	(44.0, 4196.0)	(45.0, 4092.5)	(46.0, 3994.5)	(47.0, 3876.0)	(48.0, 3696.0)	(49.0, 3583.0)	(50.0, 3385.5)	(51.0, 3090.0)	(52.0, 2809.5)	(53.0, 2567.5)	(54.0, 2313.0)	(55.0, 2043.5)	(56.0, 1785.0)	(57.0, 1588.5)	(58.0, 1357.5)	(59.0, 1087.5)	(60.0, 929.5)	(61.0, 780.0)	(62.0, 605.5)	(63.0, 466.0)	(64.0, 363.0)	(65.0, 272.5)	(66.0, 203.0)	(67.0, 156.5)	(68.0, 114.5)	(69.0, 76.0)	(70.0, 56.5)	(71.0, 39.0)	(72.0, 24.5)	(73.0, 18.5)	(74.0, 10.5)	(75.0, 7.5)	(76.0, 6.5)	(77.0, 5.5)	(78.0, 4.0)	(79.0, 2.0)	(80.0, 1.0)	(81.0, 0.0)	(82.0, 0.0)	(83.0, 0.0)	(84.0, 0.0)	(85.0, 0.0)	(86.0, 0.0)	(87.0, 0.0)	(88.0, 0.0)	(89.0, 0.0)	(90.0, 0.0)	(91.0, 0.0)	(92.0, 0.0)	(93.0, 0.0)	(94.0, 0.0)	(95.0, 0.0)	(96.0, 0.0)	(97.0, 0.0)	(98.0, 0.0)	(99.0, 0.0)	(100.0, 0.0)
SRR8865576_R2	(0.0, 0.0)	(1.0, 0.0)	(2.0, 0.0)	(3.0, 0.0)	(4.0, 0.0)	(5.0, 0.0)	(6.0, 0.0)	(7.0, 0.5)	(8.0, 1.5)	(9.0, 1.0)	(10.0, 0.5)	(11.0, 3.0)	(12.0, 10.5)	(13.0, 17.0)	(14.0, 23.0)	(15.0, 29.0)	(16.0, 41.5)	(17.0, 72.0)	(18.0, 111.5)	(19.0, 157.5)	(20.0, 212.0)	(21.0, 271.0)	(22.0, 363.0)	(23.0, 511.0)	(24.0, 671.0)	(25.0, 870.0)	(26.0, 1121.0)	(27.0, 1343.0)	(28.0, 1542.0)	(29.0, 1834.5)	(30.0, 2066.0)	(31.0, 2150.0)	(32.0, 2295.0)	(33.0, 2416.5)	(34.0, 2518.0)	(35.0, 2676.5)	(36.0, 2905.0)	(37.0, 3146.5)	(38.0, 3294.5)	(39.0, 3539.5)	(40.0, 3787.5)	(41.0, 3934.5)	(42.0, 4061.5)	(43.0, 4151.5)	(44.0, 4186.0)	(45.0, 4121.0)	(46.0, 4031.0)	(47.0, 3894.0)	(48.0, 3681.5)	(49.0, 3452.5)	(50.0, 3271.0)	(51.0, 3070.0)	(52.0, 2847.5)	(53.0, 2622.5)	(54.0, 2341.5)	(55.0, 2087.0)	(56.0, 1808.0)	(57.0, 1556.5)	(58.0, 1314.0)	(59.0, 1093.0)	(60.0, 931.5)	(61.0, 746.0)	(62.0, 621.0)	(63.0, 503.5)	(64.0, 361.5)	(65.0, 266.0)	(66.0, 192.0)	(67.0, 142.5)	(68.0, 117.5)	(69.0, 84.0)	(70.0, 64.0)	(71.0, 48.5)	(72.0, 28.5)	(73.0, 20.5)	(74.0, 13.5)	(75.0, 6.0)	(76.0, 6.0)	(77.0, 5.5)	(78.0, 3.5)	(79.0, 1.5)	(80.0, 0.5)	(81.0, 0.0)	(82.0, 0.0)	(83.0, 0.0)	(84.0, 0.0)	(85.0, 0.0)	(86.0, 0.0)	(87.0, 0.0)	(88.0, 0.0)	(89.0, 0.0)	(90.0, 0.0)	(91.0, 0.0)	(92.0, 0.0)	(93.0, 0.0)	(94.0, 0.0)	(95.0, 0.0)	(96.0, 0.0)	(97.0, 0.0)	(98.0, 0.0)	(99.0, 0.0)	(100.0, 0.0)
SRR8865577_R1	(0.0, 0.0)	(1.0, 0.0)	(2.0, 0.0)	(3.0, 0.0)	(4.0, 0.0)	(5.0, 0.0)	(6.0, 0.0)	(7.0, 0.0)	(8.0, 0.0)	(9.0, 0.0)	(10.0, 0.0)	(11.0, 0.0)	(12.0, 0.0)	(13.0, 0.0)	(14.0, 0.0)	(15.0, 1.0)	(16.0, 3.0)	(17.0, 5.0)	(18.0, 8.5)	(19.0, 14.0)	(20.0, 23.0)	(21.0, 29.5)	(22.0, 36.0)	(23.0, 67.5)	(24.0, 109.0)	(25.0, 150.0)	(26.0, 201.5)	(27.0, 271.5)	(28.0, 365.5)	(29.0, 456.5)	(30.0, 559.0)	(31.0, 698.0)	(32.0, 866.0)	(33.0, 1050.0)	(34.0, 1240.0)	(35.0, 1414.5)	(36.0, 1558.0)	(37.0, 1744.5)	(38.0, 1977.5)	(39.0, 2193.0)	(40.0, 2384.5)	(41.0, 2596.0)	(42.0, 2795.5)	(43.0, 2973.5)	(44.0, 3217.0)	(45.0, 3398.0)	(46.0, 3556.5)	(47.0, 3725.5)	(48.0, 3836.5)	(49.0, 4050.0)	(50.0, 4264.5)	(51.0, 4342.0)	(52.0, 4288.5)	(53.0, 4254.5)	(54.0, 4274.0)	(55.0, 4063.0)	(56.0, 3819.0)	(57.0, 3639.0)	(58.0, 3392.0)	(59.0, 3052.5)	(60.0, 2722.5)	(61.0, 2448.5)	(62.0, 2150.5)	(63.0, 1850.0)	(64.0, 1565.0)	(65.0, 1338.5)	(66.0, 1098.5)	(67.0, 933.5)	(68.0, 784.5)	(69.0, 569.0)	(70.0, 414.5)	(71.0, 333.0)	(72.0, 254.5)	(73.0, 164.5)	(74.0, 109.0)	(75.0, 82.5)	(76.0, 57.0)	(77.0, 41.5)	(78.0, 25.0)	(79.0, 9.0)	(80.0, 5.5)	(81.0, 2.5)	(82.0, 2.0)	(83.0, 2.5)	(84.0, 0.5)	(85.0, 0.0)	(86.0, 0.0)	(87.0, 0.5)	(88.0, 0.5)	(89.0, 0.0)	(90.0, 0.0)	(91.0, 0.0)	(92.0, 0.0)	(93.0, 0.0)	(94.0, 0.0)	(95.0, 0.0)	(96.0, 0.0)	(97.0, 0.0)	(98.0, 0.0)	(99.0, 0.0)	(100.0, 0.0)
SRR8865577_R2	(0.0, 0.0)	(1.0, 0.0)	(2.0, 0.0)	(3.0, 0.0)	(4.0, 0.0)	(5.0, 0.0)	(6.0, 0.0)	(7.0, 0.0)	(8.0, 0.0)	(9.0, 0.0)	(10.0, 0.0)	(11.0, 0.0)	(12.0, 0.0)	(13.0, 0.0)	(14.0, 0.0)	(15.0, 0.0)	(16.0, 1.0)	(17.0, 2.0)	(18.0, 6.0)	(19.0, 12.0)	(20.0, 19.5)	(21.0, 34.0)	(22.0, 52.5)	(23.0, 74.5)	(24.0, 103.0)	(25.0, 155.0)	(26.0, 206.0)	(27.0, 282.5)	(28.0, 374.0)	(29.0, 456.5)	(30.0, 579.0)	(31.0, 722.0)	(32.0, 907.0)	(33.0, 1079.5)	(34.0, 1225.0)	(35.0, 1413.0)	(36.0, 1603.5)	(37.0, 1780.0)	(38.0, 2008.0)	(39.0, 2231.0)	(40.0, 2413.5)	(41.0, 2651.5)	(42.0, 2855.5)	(43.0, 3049.0)	(44.0, 3219.0)	(45.0, 3390.5)	(46.0, 3636.0)	(47.0, 3830.0)	(48.0, 3974.0)	(49.0, 4131.5)	(50.0, 4240.5)	(51.0, 4262.5)	(52.0, 4254.5)	(53.0, 4276.5)	(54.0, 4208.0)	(55.0, 4045.0)	(56.0, 3898.0)	(57.0, 3548.0)	(58.0, 3224.5)	(59.0, 2967.5)	(60.0, 2634.0)	(61.0, 2353.5)	(62.0, 2079.0)	(63.0, 1804.5)	(64.0, 1545.0)	(65.0, 1298.0)	(66.0, 1076.0)	(67.0, 891.0)	(68.0, 719.0)	(69.0, 556.5)	(70.0, 430.0)	(71.0, 329.5)	(72.0, 250.5)	(73.0, 189.5)	(74.0, 120.5)	(75.0, 81.0)	(76.0, 56.5)	(77.0, 37.0)	(78.0, 24.0)	(79.0, 12.0)	(80.0, 6.0)	(81.0, 2.5)	(82.0, 1.5)	(83.0, 2.0)	(84.0, 1.0)	(85.0, 0.0)	(86.0, 0.0)	(87.0, 0.0)	(88.0, 0.0)	(89.0, 0.0)	(90.0, 0.0)	(91.0, 0.0)	(92.0, 0.0)	(93.0, 0.0)	(94.0, 0.0)	(95.0, 0.0)	(96.0, 0.0)	(97.0, 0.0)	(98.0, 0.0)	(99.0, 0.0)	(100.0, 0.0)
SRR8865578_R1	(0.0, 0.0)	(1.0, 0.0)	(2.0, 0.0)	(3.0, 0.0)	(4.0, 0.0)	(5.0, 0.0)	(6.0, 0.0)	(7.0, 0.0)	(8.0, 0.0)	(9.0, 0.5)	(10.0, 1.5)	(11.0, 1.0)	(12.0, 4.0)	(13.0, 9.5)	(14.0, 11.5)	(15.0, 12.0)	(16.0, 20.5)	(17.0, 31.5)	(18.0, 43.5)	(19.0, 69.0)	(20.0, 92.0)	(21.0, 117.5)	(22.0, 170.5)	(23.0, 224.0)	(24.0, 277.0)	(25.0, 361.0)	(26.0, 438.5)	(27.0, 523.5)	(28.0, 649.0)	(29.0, 771.0)	(30.0, 884.5)	(31.0, 1004.0)	(32.0, 1138.0)	(33.0, 1281.0)	(34.0, 1414.5)	(35.0, 1538.0)	(36.0, 1635.5)	(37.0, 1798.5)	(38.0, 1886.5)	(39.0, 1957.0)	(40.0, 2124.0)	(41.0, 2265.5)	(42.0, 2451.5)	(43.0, 2614.5)	(44.0, 2782.5)	(45.0, 3030.0)	(46.0, 3177.0)	(47.0, 3263.0)	(48.0, 3419.0)	(49.0, 3571.5)	(50.0, 3755.5)	(51.0, 3978.5)	(52.0, 4130.5)	(53.0, 4140.0)	(54.0, 4055.0)	(55.0, 3902.0)	(56.0, 3730.5)	(57.0, 3632.5)	(58.0, 3442.5)	(59.0, 3097.0)	(60.0, 2821.5)	(61.0, 2516.5)	(62.0, 2139.0)	(63.0, 1808.0)	(64.0, 1505.0)	(65.0, 1298.5)	(66.0, 1084.5)	(67.0, 865.0)	(68.0, 674.0)	(69.0, 510.0)	(70.0, 428.5)	(71.0, 342.5)	(72.0, 244.0)	(73.0, 176.0)	(74.0, 126.0)	(75.0, 78.5)	(76.0, 50.5)	(77.0, 33.5)	(78.0, 22.5)	(79.0, 11.5)	(80.0, 5.5)	(81.0, 3.5)	(82.0, 1.5)	(83.0, 0.5)	(84.0, 0.0)	(85.0, 0.0)	(86.0, 0.0)	(87.0, 0.0)	(88.0, 0.0)	(89.0, 0.0)	(90.0, 0.0)	(91.0, 0.0)	(92.0, 0.0)	(93.0, 0.0)	(94.0, 0.0)	(95.0, 0.0)	(96.0, 0.0)	(97.0, 0.0)	(98.0, 0.0)	(99.0, 0.0)	(100.0, 0.0)
SRR8865578_R2	(0.0, 0.0)	(1.0, 0.0)	(2.0, 0.0)	(3.0, 0.0)	(4.0, 0.0)	(5.0, 0.0)	(6.0, 0.0)	(7.0, 0.0)	(8.0, 0.0)	(9.0, 1.0)	(10.0, 1.5)	(11.0, 1.0)	(12.0, 3.0)	(13.0, 8.0)	(14.0, 9.5)	(15.0, 13.0)	(16.0, 24.5)	(17.0, 31.5)	(18.0, 45.5)	(19.0, 73.5)	(20.0, 96.5)	(21.0, 124.0)	(22.0, 166.0)	(23.0, 227.5)	(24.0, 297.0)	(25.0, 362.0)	(26.0, 436.0)	(27.0, 558.0)	(28.0, 658.0)	(29.0, 746.0)	(30.0, 875.0)	(31.0, 1021.0)	(32.0, 1159.0)	(33.0, 1234.5)	(34.0, 1362.0)	(35.0, 1538.0)	(36.0, 1704.0)	(37.0, 1819.5)	(38.0, 1882.5)	(39.0, 1995.0)	(40.0, 2120.0)	(41.0, 2272.5)	(42.0, 2403.5)	(43.0, 2534.5)	(44.0, 2744.0)	(45.0, 2967.0)	(46.0, 3161.0)	(47.0, 3300.5)	(48.0, 3393.5)	(49.0, 3511.0)	(50.0, 3699.0)	(51.0, 3909.0)	(52.0, 4087.0)	(53.0, 4087.0)	(54.0, 4033.5)	(55.0, 3982.0)	(56.0, 3863.0)	(57.0, 3632.0)	(58.0, 3377.5)	(59.0, 3117.0)	(60.0, 2770.0)	(61.0, 2478.5)	(62.0, 2191.5)	(63.0, 1868.0)	(64.0, 1585.5)	(65.0, 1353.0)	(66.0, 1090.5)	(67.0, 875.5)	(68.0, 713.5)	(69.0, 564.5)	(70.0, 438.0)	(71.0, 325.0)	(72.0, 234.0)	(73.0, 171.0)	(74.0, 128.0)	(75.0, 97.5)	(76.0, 63.5)	(77.0, 26.5)	(78.0, 17.0)	(79.0, 11.5)	(80.0, 6.0)	(81.0, 4.0)	(82.0, 2.5)	(83.0, 1.0)	(84.0, 0.0)	(85.0, 0.0)	(86.0, 0.0)	(87.0, 0.0)	(88.0, 0.0)	(89.0, 0.0)	(90.0, 0.0)	(91.0, 0.0)	(92.0, 0.0)	(93.0, 0.0)	(94.0, 0.0)	(95.0, 0.0)	(96.0, 0.0)	(97.0, 0.0)	(98.0, 0.0)	(99.0, 0.0)	(100.0, 0.0)
SRR8865579_R1	(0.0, 0.0)	(1.0, 0.0)	(2.0, 0.0)	(3.0, 0.0)	(4.0, 0.0)	(5.0, 0.0)	(6.0, 0.0)	(7.0, 0.0)	(8.0, 0.0)	(9.0, 0.0)	(10.0, 0.0)	(11.0, 0.0)	(12.0, 0.0)	(13.0, 0.0)	(14.0, 0.5)	(15.0, 1.5)	(16.0, 3.0)	(17.0, 7.0)	(18.0, 9.5)	(19.0, 11.0)	(20.0, 27.0)	(21.0, 43.5)	(22.0, 62.5)	(23.0, 103.5)	(24.0, 161.0)	(25.0, 229.5)	(26.0, 335.5)	(27.0, 458.0)	(28.0, 588.0)	(29.0, 733.0)	(30.0, 898.5)	(31.0, 1055.0)	(32.0, 1236.5)	(33.0, 1451.5)	(34.0, 1662.5)	(35.0, 1907.5)	(36.0, 2129.5)	(37.0, 2342.5)	(38.0, 2570.5)	(39.0, 2785.5)	(40.0, 3038.5)	(41.0, 3301.5)	(42.0, 3456.5)	(43.0, 3550.0)	(44.0, 3628.5)	(45.0, 3677.0)	(46.0, 3735.0)	(47.0, 3738.5)	(48.0, 3703.5)	(49.0, 3685.5)	(50.0, 3648.0)	(51.0, 3570.5)	(52.0, 3420.0)	(53.0, 3315.0)	(54.0, 3304.0)	(55.0, 3173.0)	(56.0, 3005.0)	(57.0, 2866.5)	(58.0, 2658.5)	(59.0, 2416.5)	(60.0, 2204.0)	(61.0, 2024.5)	(62.0, 1790.5)	(63.0, 1521.0)	(64.0, 1279.5)	(65.0, 1102.5)	(66.0, 915.5)	(67.0, 705.0)	(68.0, 549.0)	(69.0, 433.0)	(70.0, 320.0)	(71.0, 236.0)	(72.0, 179.0)	(73.0, 123.0)	(74.0, 91.0)	(75.0, 65.0)	(76.0, 34.5)	(77.0, 22.0)	(78.0, 14.0)	(79.0, 4.0)	(80.0, 4.0)	(81.0, 5.0)	(82.0, 2.0)	(83.0, 1.5)	(84.0, 0.5)	(85.0, 0.0)	(86.0, 0.0)	(87.0, 0.0)	(88.0, 0.0)	(89.0, 0.0)	(90.0, 0.0)	(91.0, 0.0)	(92.0, 0.0)	(93.0, 0.0)	(94.0, 0.0)	(95.0, 0.0)	(96.0, 0.0)	(97.0, 0.0)	(98.0, 0.0)	(99.0, 0.0)	(100.0, 0.0)
SRR8865579_R2	(0.0, 0.0)	(1.0, 0.0)	(2.0, 0.0)	(3.0, 0.0)	(4.0, 0.0)	(5.0, 0.0)	(6.0, 0.0)	(7.0, 0.0)	(8.0, 0.0)	(9.0, 0.5)	(10.0, 0.5)	(11.0, 0.0)	(12.0, 0.5)	(13.0, 0.5)	(14.0, 1.0)	(15.0, 3.0)	(16.0, 5.0)	(17.0, 6.0)	(18.0, 10.0)	(19.0, 18.0)	(20.0, 26.5)	(21.0, 43.5)	(22.0, 74.5)	(23.0, 124.0)	(24.0, 166.0)	(25.0, 223.0)	(26.0, 315.5)	(27.0, 445.0)	(28.0, 562.5)	(29.0, 705.5)	(30.0, 873.0)	(31.0, 1049.0)	(32.0, 1274.0)	(33.0, 1461.5)	(34.0, 1661.0)	(35.0, 1876.5)	(36.0, 2107.0)	(37.0, 2362.5)	(38.0, 2595.0)	(39.0, 2823.5)	(40.0, 3025.5)	(41.0, 3277.5)	(42.0, 3458.5)	(43.0, 3543.5)	(44.0, 3640.0)	(45.0, 3718.5)	(46.0, 3715.0)	(47.0, 3690.0)	(48.0, 3710.5)	(49.0, 3665.0)	(50.0, 3616.0)	(51.0, 3567.0)	(52.0, 3455.5)	(53.0, 3353.5)	(54.0, 3207.0)	(55.0, 3110.5)	(56.0, 3030.5)	(57.0, 2844.5)	(58.0, 2702.5)	(59.0, 2498.0)	(60.0, 2199.0)	(61.0, 1972.0)	(62.0, 1802.5)	(63.0, 1531.5)	(64.0, 1287.0)	(65.0, 1084.0)	(66.0, 875.0)	(67.0, 736.0)	(68.0, 586.0)	(69.0, 458.5)	(70.0, 346.5)	(71.0, 242.5)	(72.0, 189.5)	(73.0, 131.5)	(74.0, 85.5)	(75.0, 60.5)	(76.0, 39.5)	(77.0, 30.0)	(78.0, 17.5)	(79.0, 7.5)	(80.0, 5.0)	(81.0, 2.0)	(82.0, 1.0)	(83.0, 1.0)	(84.0, 0.5)	(85.0, 0.5)	(86.0, 0.0)	(87.0, 0.0)	(88.0, 0.0)	(89.0, 0.0)	(90.0, 0.0)	(91.0, 0.0)	(92.0, 0.0)	(93.0, 0.0)	(94.0, 0.0)	(95.0, 0.0)	(96.0, 0.0)	(97.0, 0.0)	(98.0, 0.0)	(99.0, 0.0)	(100.0, 0.0)
SRR8865580_R1	(0.0, 0.0)	(1.0, 0.0)	(2.0, 0.0)	(3.0, 0.0)	(4.0, 0.0)	(5.0, 0.0)	(6.0, 0.0)	(7.0, 0.0)	(8.0, 0.0)	(9.0, 0.0)	(10.0, 0.5)	(11.0, 0.5)	(12.0, 0.0)	(13.0, 0.5)	(14.0, 1.5)	(15.0, 2.0)	(16.0, 3.5)	(17.0, 7.0)	(18.0, 8.5)	(19.0, 11.5)	(20.0, 20.5)	(21.0, 41.0)	(22.0, 52.0)	(23.0, 65.5)	(24.0, 110.0)	(25.0, 164.0)	(26.0, 225.5)	(27.0, 310.5)	(28.0, 410.0)	(29.0, 494.0)	(30.0, 612.5)	(31.0, 714.5)	(32.0, 843.5)	(33.0, 1039.5)	(34.0, 1224.0)	(35.0, 1351.5)	(36.0, 1513.0)	(37.0, 1699.5)	(38.0, 1886.0)	(39.0, 2070.0)	(40.0, 2239.0)	(41.0, 2475.5)	(42.0, 2642.5)	(43.0, 2800.5)	(44.0, 3043.0)	(45.0, 3229.0)	(46.0, 3373.5)	(47.0, 3562.5)	(48.0, 3786.5)	(49.0, 3959.5)	(50.0, 4064.5)	(51.0, 4147.0)	(52.0, 4131.0)	(53.0, 4118.0)	(54.0, 4099.0)	(55.0, 3878.5)	(56.0, 3704.0)	(57.0, 3552.5)	(58.0, 3281.0)	(59.0, 2979.0)	(60.0, 2716.0)	(61.0, 2458.5)	(62.0, 2125.5)	(63.0, 1875.5)	(64.0, 1613.0)	(65.0, 1342.0)	(66.0, 1129.0)	(67.0, 936.0)	(68.0, 790.5)	(69.0, 629.5)	(70.0, 480.5)	(71.0, 387.0)	(72.0, 290.0)	(73.0, 204.0)	(74.0, 146.5)	(75.0, 98.0)	(76.0, 58.5)	(77.0, 37.5)	(78.0, 29.5)	(79.0, 19.5)	(80.0, 11.0)	(81.0, 6.5)	(82.0, 3.5)	(83.0, 1.0)	(84.0, 0.0)	(85.0, 0.0)	(86.0, 0.0)	(87.0, 0.0)	(88.0, 0.5)	(89.0, 0.5)	(90.0, 0.0)	(91.0, 0.0)	(92.0, 0.0)	(93.0, 0.0)	(94.0, 0.0)	(95.0, 0.0)	(96.0, 0.0)	(97.0, 0.0)	(98.0, 0.0)	(99.0, 0.0)	(100.0, 0.0)
SRR8865580_R2	(0.0, 0.0)	(1.0, 0.0)	(2.0, 0.0)	(3.0, 0.0)	(4.0, 0.0)	(5.0, 0.0)	(6.0, 0.5)	(7.0, 0.5)	(8.0, 0.0)	(9.0, 0.0)	(10.0, 0.0)	(11.0, 0.0)	(12.0, 0.5)	(13.0, 1.5)	(14.0, 2.5)	(15.0, 2.0)	(16.0, 4.0)	(17.0, 8.5)	(18.0, 8.0)	(19.0, 11.0)	(20.0, 22.0)	(21.0, 43.5)	(22.0, 58.5)	(23.0, 73.5)	(24.0, 110.0)	(25.0, 160.0)	(26.0, 244.0)	(27.0, 309.0)	(28.0, 375.5)	(29.0, 482.5)	(30.0, 605.5)	(31.0, 730.0)	(32.0, 879.5)	(33.0, 1032.0)	(34.0, 1149.5)	(35.0, 1321.5)	(36.0, 1544.0)	(37.0, 1733.0)	(38.0, 1891.5)	(39.0, 2110.0)	(40.0, 2307.0)	(41.0, 2510.0)	(42.0, 2679.0)	(43.0, 2866.0)	(44.0, 3054.0)	(45.0, 3212.5)	(46.0, 3405.0)	(47.0, 3547.5)	(48.0, 3747.5)	(49.0, 3866.0)	(50.0, 3942.5)	(51.0, 4087.0)	(52.0, 4128.5)	(53.0, 4099.5)	(54.0, 4036.0)	(55.0, 3916.0)	(56.0, 3781.5)	(57.0, 3551.5)	(58.0, 3330.0)	(59.0, 3045.5)	(60.0, 2693.5)	(61.0, 2398.0)	(62.0, 2074.5)	(63.0, 1813.0)	(64.0, 1614.0)	(65.0, 1387.0)	(66.0, 1133.5)	(67.0, 956.0)	(68.0, 817.5)	(69.0, 642.0)	(70.0, 509.0)	(71.0, 392.0)	(72.0, 267.0)	(73.0, 192.0)	(74.0, 139.0)	(75.0, 86.5)	(76.0, 61.5)	(77.0, 46.5)	(78.0, 30.0)	(79.0, 22.0)	(80.0, 14.0)	(81.0, 7.0)	(82.0, 2.5)	(83.0, 1.0)	(84.0, 0.5)	(85.0, 0.5)	(86.0, 0.5)	(87.0, 0.0)	(88.0, 0.0)	(89.0, 0.5)	(90.0, 0.5)	(91.0, 0.0)	(92.0, 0.0)	(93.0, 0.0)	(94.0, 0.0)	(95.0, 0.0)	(96.0, 0.0)	(97.0, 0.0)	(98.0, 0.0)	(99.0, 0.0)	(100.0, 0.0)
SRR8865581_R1	(0.0, 0.0)	(1.0, 0.0)	(2.0, 0.0)	(3.0, 0.0)	(4.0, 0.0)	(5.0, 0.0)	(6.0, 0.0)	(7.0, 0.0)	(8.0, 0.0)	(9.0, 0.5)	(10.0, 0.5)	(11.0, 1.0)	(12.0, 1.0)	(13.0, 0.5)	(14.0, 2.5)	(15.0, 3.0)	(16.0, 3.0)	(17.0, 5.0)	(18.0, 10.5)	(19.0, 17.5)	(20.0, 32.0)	(21.0, 53.5)	(22.0, 86.5)	(23.0, 130.5)	(24.0, 176.5)	(25.0, 239.5)	(26.0, 338.5)	(27.0, 453.0)	(28.0, 576.5)	(29.0, 733.5)	(30.0, 901.0)	(31.0, 1105.5)	(32.0, 1283.0)	(33.0, 1419.0)	(34.0, 1655.0)	(35.0, 1874.5)	(36.0, 2057.0)	(37.0, 2344.5)	(38.0, 2552.5)	(39.0, 2715.5)	(40.0, 3007.0)	(41.0, 3242.0)	(42.0, 3423.0)	(43.0, 3566.5)	(44.0, 3631.5)	(45.0, 3667.0)	(46.0, 3676.0)	(47.0, 3702.0)	(48.0, 3709.0)	(49.0, 3654.5)	(50.0, 3565.5)	(51.0, 3504.0)	(52.0, 3440.5)	(53.0, 3351.0)	(54.0, 3253.0)	(55.0, 3157.0)	(56.0, 3020.0)	(57.0, 2834.0)	(58.0, 2654.0)	(59.0, 2477.5)	(60.0, 2223.5)	(61.0, 2015.0)	(62.0, 1816.0)	(63.0, 1561.0)	(64.0, 1309.5)	(65.0, 1091.0)	(66.0, 923.5)	(67.0, 739.0)	(68.0, 574.5)	(69.0, 448.5)	(70.0, 347.5)	(71.0, 260.5)	(72.0, 196.5)	(73.0, 133.5)	(74.0, 102.0)	(75.0, 68.5)	(76.0, 43.0)	(77.0, 32.0)	(78.0, 16.0)	(79.0, 9.0)	(80.0, 6.0)	(81.0, 5.0)	(82.0, 1.5)	(83.0, 0.5)	(84.0, 1.0)	(85.0, 0.5)	(86.0, 0.0)	(87.0, 0.5)	(88.0, 0.5)	(89.0, 0.0)	(90.0, 0.0)	(91.0, 0.0)	(92.0, 0.0)	(93.0, 0.0)	(94.0, 0.0)	(95.0, 0.0)	(96.0, 0.0)	(97.0, 0.0)	(98.0, 0.0)	(99.0, 0.0)	(100.0, 0.0)
SRR8865581_R2	(0.0, 0.0)	(1.0, 0.0)	(2.0, 0.0)	(3.0, 0.0)	(4.0, 0.0)	(5.0, 0.0)	(6.0, 0.0)	(7.0, 0.5)	(8.0, 0.5)	(9.0, 0.0)	(10.0, 1.0)	(11.0, 1.5)	(12.0, 1.0)	(13.0, 0.5)	(14.0, 0.0)	(15.0, 0.5)	(16.0, 3.0)	(17.0, 8.0)	(18.0, 14.0)	(19.0, 22.5)	(20.0, 26.0)	(21.0, 42.0)	(22.0, 76.5)	(23.0, 121.5)	(24.0, 181.5)	(25.0, 253.5)	(26.0, 337.5)	(27.0, 431.0)	(28.0, 556.5)	(29.0, 707.5)	(30.0, 889.0)	(31.0, 1067.0)	(32.0, 1288.5)	(33.0, 1496.5)	(34.0, 1663.5)	(35.0, 1858.5)	(36.0, 2089.5)	(37.0, 2334.5)	(38.0, 2518.0)	(39.0, 2770.0)	(40.0, 3040.0)	(41.0, 3251.5)	(42.0, 3349.0)	(43.0, 3441.5)	(44.0, 3547.5)	(45.0, 3625.5)	(46.0, 3712.0)	(47.0, 3744.0)	(48.0, 3732.5)	(49.0, 3645.0)	(50.0, 3559.5)	(51.0, 3539.5)	(52.0, 3451.0)	(53.0, 3283.5)	(54.0, 3239.0)	(55.0, 3216.0)	(56.0, 3031.0)	(57.0, 2852.5)	(58.0, 2733.5)	(59.0, 2536.5)	(60.0, 2288.5)	(61.0, 2041.5)	(62.0, 1825.5)	(63.0, 1578.5)	(64.0, 1325.5)	(65.0, 1114.5)	(66.0, 897.0)	(67.0, 703.0)	(68.0, 547.0)	(69.0, 444.0)	(70.0, 345.5)	(71.0, 234.5)	(72.0, 177.5)	(73.0, 144.0)	(74.0, 100.0)	(75.0, 54.5)	(76.0, 38.0)	(77.0, 30.5)	(78.0, 17.5)	(79.0, 11.5)	(80.0, 6.5)	(81.0, 3.5)	(82.0, 2.5)	(83.0, 1.0)	(84.0, 0.5)	(85.0, 0.5)	(86.0, 0.0)	(87.0, 0.0)	(88.0, 0.0)	(89.0, 0.0)	(90.0, 0.0)	(91.0, 0.0)	(92.0, 0.0)	(93.0, 0.0)	(94.0, 0.0)	(95.0, 0.0)	(96.0, 0.0)	(97.0, 0.0)	(98.0, 0.0)	(99.0, 0.0)	(100.0, 0.0)
SRR8865582_R1	(0.0, 0.0)	(1.0, 0.0)	(2.0, 0.0)	(3.0, 0.0)	(4.0, 0.0)	(5.0, 0.0)	(6.0, 0.0)	(7.0, 0.0)	(8.0, 0.0)	(9.0, 0.0)	(10.0, 0.0)	(11.0, 0.0)	(12.0, 0.0)	(13.0, 1.5)	(14.0, 4.0)	(15.0, 7.5)	(16.0, 12.5)	(17.0, 17.5)	(18.0, 21.5)	(19.0, 34.5)	(20.0, 62.0)	(21.0, 96.0)	(22.0, 134.5)	(23.0, 181.5)	(24.0, 222.5)	(25.0, 298.5)	(26.0, 412.5)	(27.0, 545.5)	(28.0, 668.5)	(29.0, 807.0)	(30.0, 928.0)	(31.0, 1070.5)	(32.0, 1300.0)	(33.0, 1459.5)	(34.0, 1592.0)	(35.0, 1758.5)	(36.0, 1887.0)	(37.0, 2055.0)	(38.0, 2243.5)	(39.0, 2406.5)	(40.0, 2581.0)	(41.0, 2669.0)	(42.0, 2806.0)	(43.0, 3044.5)	(44.0, 3217.5)	(45.0, 3380.0)	(46.0, 3511.5)	(47.0, 3642.5)	(48.0, 3829.0)	(49.0, 3893.5)	(50.0, 3973.5)	(51.0, 4057.0)	(52.0, 4123.0)	(53.0, 4114.5)	(54.0, 3968.0)	(55.0, 3880.0)	(56.0, 3726.0)	(57.0, 3473.0)	(58.0, 3157.0)	(59.0, 2842.0)	(60.0, 2558.0)	(61.0, 2241.5)	(62.0, 1928.5)	(63.0, 1628.0)	(64.0, 1362.5)	(65.0, 1085.5)	(66.0, 835.0)	(67.0, 700.0)	(68.0, 575.0)	(69.0, 420.0)	(70.0, 305.0)	(71.0, 232.5)	(72.0, 177.0)	(73.0, 125.5)	(74.0, 78.0)	(75.0, 49.0)	(76.0, 30.5)	(77.0, 18.5)	(78.0, 9.5)	(79.0, 5.5)	(80.0, 3.0)	(81.0, 2.5)	(82.0, 1.0)	(83.0, 0.0)	(84.0, 0.0)	(85.0, 0.5)	(86.0, 0.5)	(87.0, 0.0)	(88.0, 0.0)	(89.0, 0.0)	(90.0, 0.0)	(91.0, 0.0)	(92.0, 0.0)	(93.0, 0.0)	(94.0, 0.0)	(95.0, 0.0)	(96.0, 0.0)	(97.0, 0.0)	(98.0, 0.0)	(99.0, 0.0)	(100.0, 0.0)
SRR8865582_R2	(0.0, 0.0)	(1.0, 0.0)	(2.0, 0.0)	(3.0, 0.0)	(4.0, 0.0)	(5.0, 0.0)	(6.0, 0.0)	(7.0, 0.0)	(8.0, 0.0)	(9.0, 0.0)	(10.0, 0.0)	(11.0, 0.0)	(12.0, 0.0)	(13.0, 2.0)	(14.0, 6.5)	(15.0, 8.0)	(16.0, 9.0)	(17.0, 15.0)	(18.0, 33.0)	(19.0, 44.5)	(20.0, 59.5)	(21.0, 94.0)	(22.0, 123.0)	(23.0, 170.0)	(24.0, 242.0)	(25.0, 313.0)	(26.0, 413.0)	(27.0, 546.0)	(28.0, 667.5)	(29.0, 813.0)	(30.0, 972.0)	(31.0, 1103.0)	(32.0, 1283.5)	(33.0, 1465.0)	(34.0, 1632.5)	(35.0, 1794.0)	(36.0, 1940.5)	(37.0, 2090.0)	(38.0, 2280.5)	(39.0, 2472.0)	(40.0, 2619.0)	(41.0, 2754.0)	(42.0, 2903.5)	(43.0, 3086.5)	(44.0, 3218.0)	(45.0, 3368.5)	(46.0, 3535.0)	(47.0, 3669.0)	(48.0, 3826.5)	(49.0, 3988.5)	(50.0, 4063.0)	(51.0, 4039.5)	(52.0, 4064.5)	(53.0, 4055.5)	(54.0, 3962.5)	(55.0, 3861.0)	(56.0, 3664.5)	(57.0, 3391.5)	(58.0, 3077.0)	(59.0, 2783.5)	(60.0, 2510.5)	(61.0, 2155.5)	(62.0, 1799.0)	(63.0, 1544.5)	(64.0, 1311.0)	(65.0, 1072.0)	(66.0, 868.5)	(67.0, 695.5)	(68.0, 545.5)	(69.0, 401.0)	(70.0, 307.0)	(71.0, 243.0)	(72.0, 168.5)	(73.0, 118.5)	(74.0, 81.0)	(75.0, 51.5)	(76.0, 34.5)	(77.0, 20.5)	(78.0, 13.5)	(79.0, 10.5)	(80.0, 7.0)	(81.0, 2.5)	(82.0, 0.5)	(83.0, 0.5)	(84.0, 0.0)	(85.0, 0.0)	(86.0, 0.0)	(87.0, 0.0)	(88.0, 0.0)	(89.0, 0.0)	(90.0, 0.0)	(91.0, 0.0)	(92.0, 0.0)	(93.0, 0.0)	(94.0, 0.0)	(95.0, 0.0)	(96.0, 0.0)	(97.0, 0.0)	(98.0, 0.0)	(99.0, 0.0)	(100.0, 0.0)
SRR8865583_R1	(0.0, 0.0)	(1.0, 0.0)	(2.0, 0.0)	(3.0, 0.0)	(4.0, 0.0)	(5.0, 0.0)	(6.0, 0.0)	(7.0, 0.0)	(8.0, 0.5)	(9.0, 0.5)	(10.0, 0.0)	(11.0, 0.0)	(12.0, 1.0)	(13.0, 3.5)	(14.0, 5.5)	(15.0, 8.0)	(16.0, 14.5)	(17.0, 32.0)	(18.0, 49.0)	(19.0, 58.0)	(20.0, 81.0)	(21.0, 115.5)	(22.0, 154.5)	(23.0, 217.0)	(24.0, 299.0)	(25.0, 388.0)	(26.0, 479.5)	(27.0, 550.0)	(28.0, 676.5)	(29.0, 833.5)	(30.0, 991.0)	(31.0, 1160.5)	(32.0, 1277.5)	(33.0, 1385.0)	(34.0, 1509.0)	(35.0, 1638.5)	(36.0, 1811.5)	(37.0, 2015.5)	(38.0, 2169.0)	(39.0, 2326.5)	(40.0, 2541.0)	(41.0, 2767.5)	(42.0, 2993.5)	(43.0, 3219.0)	(44.0, 3401.5)	(45.0, 3574.5)	(46.0, 3825.5)	(47.0, 4017.0)	(48.0, 4082.0)	(49.0, 4153.5)	(50.0, 4225.5)	(51.0, 4215.0)	(52.0, 4136.0)	(53.0, 4023.5)	(54.0, 3872.5)	(55.0, 3654.0)	(56.0, 3377.0)	(57.0, 3119.0)	(58.0, 2859.0)	(59.0, 2565.5)	(60.0, 2292.5)	(61.0, 2021.0)	(62.0, 1744.5)	(63.0, 1479.5)	(64.0, 1218.0)	(65.0, 1021.0)	(66.0, 822.5)	(67.0, 641.5)	(68.0, 533.0)	(69.0, 418.5)	(70.0, 311.0)	(71.0, 233.5)	(72.0, 177.5)	(73.0, 112.0)	(74.0, 71.0)	(75.0, 50.5)	(76.0, 29.5)	(77.0, 21.5)	(78.0, 12.0)	(79.0, 6.0)	(80.0, 3.5)	(81.0, 3.0)	(82.0, 2.0)	(83.0, 1.5)	(84.0, 0.5)	(85.0, 0.0)	(86.0, 0.5)	(87.0, 1.0)	(88.0, 0.5)	(89.0, 0.0)	(90.0, 0.0)	(91.0, 0.0)	(92.0, 0.0)	(93.0, 0.0)	(94.0, 0.0)	(95.0, 0.0)	(96.0, 0.0)	(97.0, 0.0)	(98.0, 0.0)	(99.0, 0.0)	(100.0, 0.0)
SRR8865583_R2	(0.0, 0.0)	(1.0, 0.0)	(2.0, 0.0)	(3.0, 0.0)	(4.0, 0.0)	(5.0, 0.0)	(6.0, 0.0)	(7.0, 0.0)	(8.0, 0.5)	(9.0, 0.5)	(10.0, 0.0)	(11.0, 0.0)	(12.0, 1.0)	(13.0, 3.0)	(14.0, 5.0)	(15.0, 12.5)	(16.0, 17.0)	(17.0, 24.0)	(18.0, 35.0)	(19.0, 51.5)	(20.0, 80.0)	(21.0, 115.0)	(22.0, 152.0)	(23.0, 213.5)	(24.0, 310.5)	(25.0, 403.5)	(26.0, 500.0)	(27.0, 609.5)	(28.0, 726.0)	(29.0, 846.5)	(30.0, 957.0)	(31.0, 1113.0)	(32.0, 1289.0)	(33.0, 1424.5)	(34.0, 1544.5)	(35.0, 1696.5)	(36.0, 1865.5)	(37.0, 2039.0)	(38.0, 2172.5)	(39.0, 2342.5)	(40.0, 2653.5)	(41.0, 2890.0)	(42.0, 3067.0)	(43.0, 3295.5)	(44.0, 3493.5)	(45.0, 3667.0)	(46.0, 3862.5)	(47.0, 3963.5)	(48.0, 4014.0)	(49.0, 4132.5)	(50.0, 4203.5)	(51.0, 4218.0)	(52.0, 4095.0)	(53.0, 4001.0)	(54.0, 3910.5)	(55.0, 3669.0)	(56.0, 3364.0)	(57.0, 3045.5)	(58.0, 2730.0)	(59.0, 2425.0)	(60.0, 2235.0)	(61.0, 1958.5)	(62.0, 1622.5)	(63.0, 1432.5)	(64.0, 1219.5)	(65.0, 996.5)	(66.0, 823.0)	(67.0, 655.5)	(68.0, 511.5)	(69.0, 386.0)	(70.0, 293.0)	(71.0, 218.5)	(72.0, 170.0)	(73.0, 121.0)	(74.0, 76.0)	(75.0, 47.0)	(76.0, 32.5)	(77.0, 24.0)	(78.0, 14.0)	(79.0, 8.0)	(80.0, 4.0)	(81.0, 0.5)	(82.0, 0.5)	(83.0, 1.0)	(84.0, 0.5)	(85.0, 0.0)	(86.0, 0.0)	(87.0, 0.0)	(88.0, 0.0)	(89.0, 0.0)	(90.0, 0.0)	(91.0, 0.0)	(92.0, 0.0)	(93.0, 0.0)	(94.0, 0.0)	(95.0, 0.0)	(96.0, 0.0)	(97.0, 0.0)	(98.0, 0.0)	(99.0, 0.0)	(100.0, 0.0)
SRR8865584_R1	(0.0, 0.0)	(1.0, 0.0)	(2.0, 0.0)	(3.0, 0.0)	(4.0, 0.0)	(5.0, 0.0)	(6.0, 0.0)	(7.0, 0.0)	(8.0, 0.0)	(9.0, 0.0)	(10.0, 0.0)	(11.0, 0.5)	(12.0, 0.5)	(13.0, 1.0)	(14.0, 1.0)	(15.0, 0.5)	(16.0, 3.0)	(17.0, 4.5)	(18.0, 8.0)	(19.0, 14.0)	(20.0, 20.5)	(21.0, 26.5)	(22.0, 35.0)	(23.0, 64.5)	(24.0, 99.5)	(25.0, 125.0)	(26.0, 168.5)	(27.0, 245.5)	(28.0, 337.0)	(29.0, 415.0)	(30.0, 506.0)	(31.0, 636.0)	(32.0, 735.5)	(33.0, 819.0)	(34.0, 949.5)	(35.0, 1123.0)	(36.0, 1247.5)	(37.0, 1321.5)	(38.0, 1499.5)	(39.0, 1672.5)	(40.0, 1805.5)	(41.0, 2032.0)	(42.0, 2242.5)	(43.0, 2454.0)	(44.0, 2646.0)	(45.0, 2857.0)	(46.0, 3105.0)	(47.0, 3344.0)	(48.0, 3505.5)	(49.0, 3655.5)	(50.0, 3914.0)	(51.0, 4068.5)	(52.0, 4195.5)	(53.0, 4348.0)	(54.0, 4331.5)	(55.0, 4255.0)	(56.0, 4198.0)	(57.0, 4011.5)	(58.0, 3813.5)	(59.0, 3560.5)	(60.0, 3217.0)	(61.0, 2945.5)	(62.0, 2638.5)	(63.0, 2365.5)	(64.0, 2130.5)	(65.0, 1814.0)	(66.0, 1533.5)	(67.0, 1281.5)	(68.0, 1018.5)	(69.0, 796.5)	(70.0, 608.0)	(71.0, 468.5)	(72.0, 355.0)	(73.0, 242.0)	(74.0, 179.0)	(75.0, 125.5)	(76.0, 80.5)	(77.0, 49.0)	(78.0, 24.5)	(79.0, 17.5)	(80.0, 10.0)	(81.0, 4.0)	(82.0, 3.0)	(83.0, 2.5)	(84.0, 1.0)	(85.0, 0.0)	(86.0, 0.5)	(87.0, 1.0)	(88.0, 0.5)	(89.0, 0.0)	(90.0, 0.0)	(91.0, 0.0)	(92.0, 0.0)	(93.0, 0.0)	(94.0, 0.0)	(95.0, 0.0)	(96.0, 0.0)	(97.0, 0.0)	(98.0, 0.0)	(99.0, 0.0)	(100.0, 0.0)
SRR8865584_R2	(0.0, 0.0)	(1.0, 0.0)	(2.0, 0.0)	(3.0, 0.0)	(4.0, 0.0)	(5.0, 0.0)	(6.0, 0.0)	(7.0, 0.0)	(8.0, 0.0)	(9.0, 0.0)	(10.0, 0.0)	(11.0, 0.0)	(12.0, 0.0)	(13.0, 1.0)	(14.0, 1.0)	(15.0, 0.0)	(16.0, 1.5)	(17.0, 5.5)	(18.0, 8.5)	(19.0, 14.5)	(20.0, 20.0)	(21.0, 26.5)	(22.0, 38.0)	(23.0, 56.5)	(24.0, 89.5)	(25.0, 128.5)	(26.0, 175.5)	(27.0, 236.5)	(28.0, 335.5)	(29.0, 428.5)	(30.0, 487.0)	(31.0, 606.5)	(32.0, 728.0)	(33.0, 843.5)	(34.0, 968.5)	(35.0, 1115.5)	(36.0, 1269.0)	(37.0, 1405.0)	(38.0, 1608.5)	(39.0, 1807.0)	(40.0, 1970.5)	(41.0, 2112.0)	(42.0, 2286.0)	(43.0, 2463.0)	(44.0, 2647.0)	(45.0, 2878.5)	(46.0, 3105.5)	(47.0, 3352.0)	(48.0, 3584.0)	(49.0, 3734.0)	(50.0, 3905.0)	(51.0, 4047.0)	(52.0, 4175.5)	(53.0, 4298.5)	(54.0, 4327.0)	(55.0, 4268.0)	(56.0, 4173.5)	(57.0, 3987.5)	(58.0, 3705.0)	(59.0, 3455.5)	(60.0, 3212.5)	(61.0, 2920.0)	(62.0, 2608.5)	(63.0, 2342.5)	(64.0, 2011.0)	(65.0, 1726.0)	(66.0, 1522.5)	(67.0, 1238.0)	(68.0, 976.5)	(69.0, 804.5)	(70.0, 609.5)	(71.0, 427.5)	(72.0, 345.0)	(73.0, 268.0)	(74.0, 168.5)	(75.0, 110.5)	(76.0, 71.0)	(77.0, 44.5)	(78.0, 27.5)	(79.0, 14.5)	(80.0, 7.0)	(81.0, 2.5)	(82.0, 2.0)	(83.0, 2.5)	(84.0, 1.0)	(85.0, 0.0)	(86.0, 0.0)	(87.0, 0.0)	(88.0, 0.0)	(89.0, 0.0)	(90.0, 0.0)	(91.0, 0.0)	(92.0, 0.0)	(93.0, 0.0)	(94.0, 0.0)	(95.0, 0.0)	(96.0, 0.0)	(97.0, 0.0)	(98.0, 0.0)	(99.0, 0.0)	(100.0, 0.0)
SRR8865585_R1	(0.0, 0.0)	(1.0, 0.0)	(2.0, 0.0)	(3.0, 0.0)	(4.0, 0.0)	(5.0, 0.0)	(6.0, 0.0)	(7.0, 0.0)	(8.0, 0.0)	(9.0, 0.0)	(10.0, 0.0)	(11.0, 0.0)	(12.0, 0.0)	(13.0, 0.0)	(14.0, 0.5)	(15.0, 0.5)	(16.0, 1.0)	(17.0, 2.5)	(18.0, 2.5)	(19.0, 6.0)	(20.0, 17.5)	(21.0, 28.5)	(22.0, 45.0)	(23.0, 70.0)	(24.0, 112.5)	(25.0, 168.0)	(26.0, 220.0)	(27.0, 281.5)	(28.0, 380.5)	(29.0, 481.5)	(30.0, 599.0)	(31.0, 720.0)	(32.0, 864.5)	(33.0, 1047.0)	(34.0, 1218.5)	(35.0, 1365.5)	(36.0, 1522.5)	(37.0, 1741.5)	(38.0, 1954.5)	(39.0, 2228.5)	(40.0, 2502.5)	(41.0, 2704.0)	(42.0, 2963.5)	(43.0, 3202.5)	(44.0, 3377.0)	(45.0, 3568.0)	(46.0, 3757.0)	(47.0, 3832.0)	(48.0, 3926.0)	(49.0, 3976.0)	(50.0, 3967.0)	(51.0, 3936.5)	(52.0, 3800.0)	(53.0, 3761.5)	(54.0, 3728.0)	(55.0, 3586.0)	(56.0, 3407.5)	(57.0, 3266.0)	(58.0, 3095.5)	(59.0, 2907.0)	(60.0, 2755.0)	(61.0, 2552.5)	(62.0, 2341.5)	(63.0, 2145.5)	(64.0, 1914.0)	(65.0, 1640.5)	(66.0, 1374.0)	(67.0, 1103.5)	(68.0, 856.5)	(69.0, 689.5)	(70.0, 534.5)	(71.0, 371.5)	(72.0, 257.5)	(73.0, 192.0)	(74.0, 127.5)	(75.0, 75.5)	(76.0, 50.5)	(77.0, 30.5)	(78.0, 14.5)	(79.0, 11.5)	(80.0, 6.0)	(81.0, 1.5)	(82.0, 0.5)	(83.0, 0.5)	(84.0, 0.5)	(85.0, 0.0)	(86.0, 0.0)	(87.0, 0.0)	(88.0, 0.0)	(89.0, 0.0)	(90.0, 0.5)	(91.0, 0.5)	(92.0, 0.0)	(93.0, 0.0)	(94.0, 0.0)	(95.0, 0.0)	(96.0, 0.0)	(97.0, 0.0)	(98.0, 0.0)	(99.0, 0.0)	(100.0, 0.0)
SRR8865585_R2	(0.0, 0.0)	(1.0, 0.0)	(2.0, 0.0)	(3.0, 0.0)	(4.0, 0.0)	(5.0, 0.0)	(6.0, 0.0)	(7.0, 0.0)	(8.0, 0.0)	(9.0, 0.0)	(10.0, 0.0)	(11.0, 0.0)	(12.0, 0.0)	(13.0, 0.0)	(14.0, 0.0)	(15.0, 0.5)	(16.0, 0.5)	(17.0, 2.5)	(18.0, 6.0)	(19.0, 9.5)	(20.0, 16.0)	(21.0, 26.0)	(22.0, 50.0)	(23.0, 77.0)	(24.0, 111.0)	(25.0, 159.5)	(26.0, 220.0)	(27.0, 297.5)	(28.0, 378.5)	(29.0, 513.5)	(30.0, 663.0)	(31.0, 760.0)	(32.0, 875.5)	(33.0, 1037.5)	(34.0, 1221.0)	(35.0, 1387.5)	(36.0, 1536.5)	(37.0, 1784.5)	(38.0, 2043.5)	(39.0, 2305.0)	(40.0, 2596.5)	(41.0, 2764.0)	(42.0, 2931.0)	(43.0, 3232.5)	(44.0, 3505.5)	(45.0, 3658.0)	(46.0, 3736.5)	(47.0, 3790.0)	(48.0, 3933.0)	(49.0, 3960.5)	(50.0, 3916.5)	(51.0, 3966.0)	(52.0, 3842.5)	(53.0, 3646.0)	(54.0, 3532.5)	(55.0, 3512.0)	(56.0, 3433.5)	(57.0, 3259.5)	(58.0, 3102.5)	(59.0, 2904.5)	(60.0, 2694.0)	(61.0, 2512.5)	(62.0, 2312.0)	(63.0, 2076.0)	(64.0, 1844.0)	(65.0, 1605.5)	(66.0, 1332.0)	(67.0, 1076.0)	(68.0, 855.0)	(69.0, 655.5)	(70.0, 514.5)	(71.0, 386.5)	(72.0, 284.0)	(73.0, 196.5)	(74.0, 123.0)	(75.0, 77.0)	(76.0, 45.0)	(77.0, 30.5)	(78.0, 22.0)	(79.0, 11.0)	(80.0, 4.0)	(81.0, 0.5)	(82.0, 0.0)	(83.0, 0.0)	(84.0, 0.0)	(85.0, 0.0)	(86.0, 0.0)	(87.0, 0.0)	(88.0, 0.5)	(89.0, 0.5)	(90.0, 0.0)	(91.0, 0.0)	(92.0, 0.0)	(93.0, 0.0)	(94.0, 0.0)	(95.0, 0.0)	(96.0, 0.0)	(97.0, 0.0)	(98.0, 0.0)	(99.0, 0.0)	(100.0, 0.0)
SRR8865586_R1	(0.0, 0.0)	(1.0, 0.0)	(2.0, 0.0)	(3.0, 0.0)	(4.0, 0.0)	(5.0, 0.0)	(6.0, 0.0)	(7.0, 0.0)	(8.0, 0.0)	(9.0, 0.0)	(10.0, 0.0)	(11.0, 0.0)	(12.0, 0.0)	(13.0, 0.5)	(14.0, 1.0)	(15.0, 0.5)	(16.0, 1.0)	(17.0, 3.0)	(18.0, 8.5)	(19.0, 13.0)	(20.0, 12.5)	(21.0, 15.0)	(22.0, 30.0)	(23.0, 47.0)	(24.0, 71.5)	(25.0, 89.0)	(26.0, 117.0)	(27.0, 168.5)	(28.0, 221.5)	(29.0, 282.0)	(30.0, 338.0)	(31.0, 429.0)	(32.0, 540.0)	(33.0, 634.5)	(34.0, 740.0)	(35.0, 842.5)	(36.0, 994.0)	(37.0, 1137.0)	(38.0, 1285.0)	(39.0, 1513.0)	(40.0, 1747.5)	(41.0, 2031.0)	(42.0, 2317.0)	(43.0, 2625.0)	(44.0, 2968.0)	(45.0, 3295.5)	(46.0, 3656.0)	(47.0, 4003.5)	(48.0, 4290.5)	(49.0, 4532.5)	(50.0, 4845.5)	(51.0, 5042.5)	(52.0, 5035.0)	(53.0, 5007.0)	(54.0, 4851.5)	(55.0, 4617.5)	(56.0, 4371.5)	(57.0, 4062.5)	(58.0, 3790.0)	(59.0, 3467.5)	(60.0, 3071.5)	(61.0, 2730.0)	(62.0, 2405.0)	(63.0, 2057.5)	(64.0, 1750.5)	(65.0, 1491.0)	(66.0, 1203.5)	(67.0, 949.0)	(68.0, 788.0)	(69.0, 638.5)	(70.0, 469.0)	(71.0, 349.0)	(72.0, 245.0)	(73.0, 160.0)	(74.0, 115.0)	(75.0, 69.0)	(76.0, 42.0)	(77.0, 30.0)	(78.0, 15.5)	(79.0, 7.5)	(80.0, 4.0)	(81.0, 2.5)	(82.0, 2.0)	(83.0, 1.0)	(84.0, 1.0)	(85.0, 0.5)	(86.0, 0.0)	(87.0, 0.0)	(88.0, 0.0)	(89.0, 0.0)	(90.0, 0.0)	(91.0, 0.0)	(92.0, 0.0)	(93.0, 0.0)	(94.0, 0.0)	(95.0, 0.0)	(96.0, 0.0)	(97.0, 0.0)	(98.0, 0.0)	(99.0, 0.0)	(100.0, 0.0)
SRR8865586_R2	(0.0, 0.0)	(1.0, 0.0)	(2.0, 0.0)	(3.0, 0.0)	(4.0, 0.0)	(5.0, 0.0)	(6.0, 0.0)	(7.0, 0.0)	(8.0, 0.0)	(9.0, 0.0)	(10.0, 0.0)	(11.0, 0.0)	(12.0, 0.0)	(13.0, 0.0)	(14.0, 0.0)	(15.0, 0.5)	(16.0, 1.0)	(17.0, 2.5)	(18.0, 5.5)	(19.0, 7.0)	(20.0, 11.0)	(21.0, 18.5)	(22.0, 25.0)	(23.0, 41.5)	(24.0, 64.0)	(25.0, 80.5)	(26.0, 114.5)	(27.0, 169.0)	(28.0, 222.0)	(29.0, 283.5)	(30.0, 354.5)	(31.0, 434.5)	(32.0, 528.5)	(33.0, 646.5)	(34.0, 760.0)	(35.0, 854.5)	(36.0, 956.5)	(37.0, 1117.0)	(38.0, 1321.0)	(39.0, 1541.5)	(40.0, 1775.0)	(41.0, 1975.5)	(42.0, 2259.0)	(43.0, 2616.5)	(44.0, 2945.0)	(45.0, 3320.5)	(46.0, 3661.0)	(47.0, 3914.5)	(48.0, 4289.0)	(49.0, 4636.5)	(50.0, 4892.5)	(51.0, 5025.0)	(52.0, 5045.5)	(53.0, 5038.5)	(54.0, 4864.0)	(55.0, 4612.5)	(56.0, 4315.5)	(57.0, 4072.0)	(58.0, 3764.0)	(59.0, 3377.5)	(60.0, 3055.5)	(61.0, 2735.0)	(62.0, 2357.0)	(63.0, 2028.5)	(64.0, 1804.0)	(65.0, 1483.0)	(66.0, 1217.5)	(67.0, 1026.0)	(68.0, 814.0)	(69.0, 639.0)	(70.0, 480.0)	(71.0, 356.5)	(72.0, 249.0)	(73.0, 167.0)	(74.0, 122.5)	(75.0, 84.5)	(76.0, 49.5)	(77.0, 28.0)	(78.0, 14.0)	(79.0, 6.5)	(80.0, 5.5)	(81.0, 5.0)	(82.0, 4.0)	(83.0, 2.0)	(84.0, 1.5)	(85.0, 1.0)	(86.0, 0.0)	(87.0, 0.0)	(88.0, 0.0)	(89.0, 0.0)	(90.0, 0.0)	(91.0, 0.0)	(92.0, 0.0)	(93.0, 0.0)	(94.0, 0.0)	(95.0, 0.0)	(96.0, 0.0)	(97.0, 0.0)	(98.0, 0.0)	(99.0, 0.0)	(100.0, 0.0)
SRR8865587_R1	(0.0, 0.0)	(1.0, 0.0)	(2.0, 0.0)	(3.0, 0.0)	(4.0, 0.0)	(5.0, 0.0)	(6.0, 0.0)	(7.0, 0.0)	(8.0, 0.0)	(9.0, 0.0)	(10.0, 0.0)	(11.0, 0.0)	(12.0, 0.0)	(13.0, 0.5)	(14.0, 1.5)	(15.0, 1.0)	(16.0, 0.5)	(17.0, 3.5)	(18.0, 6.0)	(19.0, 8.0)	(20.0, 11.5)	(21.0, 24.0)	(22.0, 38.0)	(23.0, 49.5)	(24.0, 67.5)	(25.0, 94.5)	(26.0, 143.0)	(27.0, 205.5)	(28.0, 284.5)	(29.0, 373.5)	(30.0, 437.0)	(31.0, 519.0)	(32.0, 651.0)	(33.0, 784.0)	(34.0, 942.0)	(35.0, 1112.5)	(36.0, 1267.0)	(37.0, 1402.5)	(38.0, 1549.5)	(39.0, 1762.5)	(40.0, 1974.0)	(41.0, 2110.5)	(42.0, 2278.0)	(43.0, 2526.0)	(44.0, 2760.5)	(45.0, 2933.5)	(46.0, 3149.0)	(47.0, 3524.5)	(48.0, 3885.5)	(49.0, 4185.5)	(50.0, 4437.5)	(51.0, 4670.0)	(52.0, 4860.0)	(53.0, 4889.5)	(54.0, 4890.0)	(55.0, 4801.0)	(56.0, 4489.0)	(57.0, 4135.0)	(58.0, 3803.0)	(59.0, 3414.5)	(60.0, 3076.5)	(61.0, 2720.0)	(62.0, 2327.0)	(63.0, 1987.5)	(64.0, 1666.5)	(65.0, 1378.5)	(66.0, 1066.5)	(67.0, 815.0)	(68.0, 665.0)	(69.0, 504.5)	(70.0, 346.5)	(71.0, 240.5)	(72.0, 174.5)	(73.0, 112.0)	(74.0, 67.0)	(75.0, 45.0)	(76.0, 27.5)	(77.0, 12.5)	(78.0, 6.5)	(79.0, 6.5)	(80.0, 3.5)	(81.0, 0.5)	(82.0, 1.0)	(83.0, 0.5)	(84.0, 0.0)	(85.0, 0.0)	(86.0, 0.0)	(87.0, 0.5)	(88.0, 0.5)	(89.0, 0.0)	(90.0, 0.0)	(91.0, 0.0)	(92.0, 0.0)	(93.0, 0.0)	(94.0, 0.0)	(95.0, 0.0)	(96.0, 0.0)	(97.0, 0.0)	(98.0, 0.0)	(99.0, 0.0)	(100.0, 0.0)
SRR8865587_R2	(0.0, 0.0)	(1.0, 0.0)	(2.0, 0.0)	(3.0, 0.0)	(4.0, 0.0)	(5.0, 0.0)	(6.0, 0.0)	(7.0, 0.0)	(8.0, 0.0)	(9.0, 0.0)	(10.0, 0.0)	(11.0, 0.0)	(12.0, 0.0)	(13.0, 0.5)	(14.0, 1.0)	(15.0, 0.5)	(16.0, 0.5)	(17.0, 2.0)	(18.0, 6.0)	(19.0, 10.0)	(20.0, 15.0)	(21.0, 28.0)	(22.0, 37.0)	(23.0, 49.5)	(24.0, 79.0)	(25.0, 114.5)	(26.0, 152.0)	(27.0, 196.5)	(28.0, 270.5)	(29.0, 359.5)	(30.0, 439.0)	(31.0, 538.5)	(32.0, 667.0)	(33.0, 791.5)	(34.0, 929.0)	(35.0, 1095.0)	(36.0, 1257.0)	(37.0, 1423.0)	(38.0, 1614.5)	(39.0, 1761.0)	(40.0, 1906.0)	(41.0, 2128.0)	(42.0, 2298.0)	(43.0, 2498.5)	(44.0, 2799.0)	(45.0, 2981.0)	(46.0, 3172.5)	(47.0, 3543.5)	(48.0, 3850.0)	(49.0, 4087.5)	(50.0, 4361.5)	(51.0, 4693.5)	(52.0, 4908.0)	(53.0, 4936.5)	(54.0, 4918.5)	(55.0, 4822.0)	(56.0, 4520.5)	(57.0, 4181.0)	(58.0, 3782.5)	(59.0, 3351.5)	(60.0, 3008.0)	(61.0, 2631.0)	(62.0, 2303.0)	(63.0, 1999.0)	(64.0, 1686.0)	(65.0, 1392.0)	(66.0, 1080.0)	(67.0, 818.0)	(68.0, 663.0)	(69.0, 497.5)	(70.0, 341.5)	(71.0, 244.5)	(72.0, 176.5)	(73.0, 113.5)	(74.0, 74.0)	(75.0, 44.5)	(76.0, 23.5)	(77.0, 13.5)	(78.0, 9.5)	(79.0, 7.0)	(80.0, 4.5)	(81.0, 0.0)	(82.0, 0.5)	(83.0, 0.5)	(84.0, 0.0)	(85.0, 0.0)	(86.0, 0.0)	(87.0, 0.0)	(88.0, 0.0)	(89.0, 0.0)	(90.0, 0.0)	(91.0, 0.0)	(92.0, 0.0)	(93.0, 0.0)	(94.0, 0.0)	(95.0, 0.0)	(96.0, 0.0)	(97.0, 0.0)	(98.0, 0.0)	(99.0, 0.0)	(100.0, 0.0)
SRR8865588_R1	(0.0, 0.0)	(1.0, 0.0)	(2.0, 0.0)	(3.0, 0.0)	(4.0, 0.0)	(5.0, 0.0)	(6.0, 0.0)	(7.0, 0.0)	(8.0, 0.0)	(9.0, 0.0)	(10.0, 0.0)	(11.0, 0.0)	(12.0, 0.0)	(13.0, 0.0)	(14.0, 0.0)	(15.0, 0.0)	(16.0, 0.5)	(17.0, 2.5)	(18.0, 4.0)	(19.0, 5.5)	(20.0, 15.5)	(21.0, 22.0)	(22.0, 31.0)	(23.0, 60.0)	(24.0, 84.5)	(25.0, 114.5)	(26.0, 179.5)	(27.0, 254.0)	(28.0, 331.0)	(29.0, 399.5)	(30.0, 489.0)	(31.0, 586.5)	(32.0, 732.5)	(33.0, 877.5)	(34.0, 995.0)	(35.0, 1180.5)	(36.0, 1385.0)	(37.0, 1615.5)	(38.0, 1848.5)	(39.0, 2096.5)	(40.0, 2315.0)	(41.0, 2602.5)	(42.0, 2973.0)	(43.0, 3289.0)	(44.0, 3583.5)	(45.0, 3854.5)	(46.0, 4077.5)	(47.0, 4210.5)	(48.0, 4310.5)	(49.0, 4361.0)	(50.0, 4335.0)	(51.0, 4264.0)	(52.0, 4107.5)	(53.0, 3958.0)	(54.0, 3866.5)	(55.0, 3725.5)	(56.0, 3557.0)	(57.0, 3355.0)	(58.0, 3133.0)	(59.0, 2868.0)	(60.0, 2587.5)	(61.0, 2324.5)	(62.0, 2026.0)	(63.0, 1763.5)	(64.0, 1498.0)	(65.0, 1213.5)	(66.0, 1010.5)	(67.0, 816.5)	(68.0, 603.0)	(69.0, 442.0)	(70.0, 329.0)	(71.0, 238.5)	(72.0, 150.0)	(73.0, 101.5)	(74.0, 68.5)	(75.0, 34.5)	(76.0, 18.0)	(77.0, 14.5)	(78.0, 12.5)	(79.0, 7.5)	(80.0, 3.0)	(81.0, 2.0)	(82.0, 1.0)	(83.0, 0.5)	(84.0, 0.0)	(85.0, 0.0)	(86.0, 0.0)	(87.0, 0.0)	(88.0, 0.0)	(89.0, 0.0)	(90.0, 0.0)	(91.0, 0.0)	(92.0, 0.0)	(93.0, 0.0)	(94.0, 0.0)	(95.0, 0.0)	(96.0, 0.0)	(97.0, 0.0)	(98.0, 0.0)	(99.0, 0.0)	(100.0, 0.0)
SRR8865588_R2	(0.0, 0.0)	(1.0, 0.0)	(2.0, 0.0)	(3.0, 0.0)	(4.0, 0.0)	(5.0, 0.0)	(6.0, 0.0)	(7.0, 0.0)	(8.0, 0.0)	(9.0, 0.0)	(10.0, 0.0)	(11.0, 0.0)	(12.0, 0.0)	(13.0, 0.0)	(14.0, 0.0)	(15.0, 0.0)	(16.0, 0.5)	(17.0, 1.5)	(18.0, 2.5)	(19.0, 3.0)	(20.0, 13.5)	(21.0, 25.0)	(22.0, 37.5)	(23.0, 63.5)	(24.0, 93.0)	(25.0, 125.5)	(26.0, 177.0)	(27.0, 244.5)	(28.0, 324.0)	(29.0, 393.0)	(30.0, 508.0)	(31.0, 645.0)	(32.0, 740.0)	(33.0, 884.5)	(34.0, 1050.5)	(35.0, 1204.5)	(36.0, 1368.5)	(37.0, 1539.0)	(38.0, 1804.5)	(39.0, 2104.5)	(40.0, 2391.5)	(41.0, 2680.5)	(42.0, 2947.5)	(43.0, 3230.5)	(44.0, 3539.0)	(45.0, 3851.0)	(46.0, 4020.0)	(47.0, 4106.5)	(48.0, 4196.0)	(49.0, 4246.5)	(50.0, 4234.5)	(51.0, 4190.0)	(52.0, 4178.0)	(53.0, 4081.0)	(54.0, 3932.0)	(55.0, 3775.0)	(56.0, 3540.0)	(57.0, 3319.5)	(58.0, 3042.5)	(59.0, 2819.5)	(60.0, 2623.0)	(61.0, 2324.0)	(62.0, 2045.5)	(63.0, 1814.0)	(64.0, 1580.5)	(65.0, 1310.0)	(66.0, 1087.0)	(67.0, 844.5)	(68.0, 606.0)	(69.0, 437.0)	(70.0, 309.5)	(71.0, 220.5)	(72.0, 165.5)	(73.0, 120.5)	(74.0, 73.5)	(75.0, 44.5)	(76.0, 23.0)	(77.0, 8.0)	(78.0, 4.5)	(79.0, 3.5)	(80.0, 1.5)	(81.0, 0.0)	(82.0, 0.0)	(83.0, 0.0)	(84.0, 0.5)	(85.0, 0.5)	(86.0, 0.0)	(87.0, 0.0)	(88.0, 0.0)	(89.0, 0.0)	(90.0, 0.0)	(91.0, 0.0)	(92.0, 0.0)	(93.0, 0.0)	(94.0, 0.0)	(95.0, 0.0)	(96.0, 0.0)	(97.0, 0.0)	(98.0, 0.0)	(99.0, 0.0)	(100.0, 0.0)
SRR8865589_R1	(0.0, 0.0)	(1.0, 0.0)	(2.0, 0.0)	(3.0, 0.0)	(4.0, 0.0)	(5.0, 0.0)	(6.0, 0.0)	(7.0, 0.0)	(8.0, 0.0)	(9.0, 0.0)	(10.0, 0.0)	(11.0, 0.5)	(12.0, 1.0)	(13.0, 1.5)	(14.0, 2.0)	(15.0, 3.5)	(16.0, 11.5)	(17.0, 17.0)	(18.0, 20.5)	(19.0, 31.5)	(20.0, 51.0)	(21.0, 75.0)	(22.0, 114.0)	(23.0, 171.5)	(24.0, 227.5)	(25.0, 318.5)	(26.0, 448.0)	(27.0, 570.0)	(28.0, 706.0)	(29.0, 873.5)	(30.0, 1040.0)	(31.0, 1210.0)	(32.0, 1359.0)	(33.0, 1484.0)	(34.0, 1663.5)	(35.0, 1871.0)	(36.0, 2023.5)	(37.0, 2180.5)	(38.0, 2353.0)	(39.0, 2519.0)	(40.0, 2793.0)	(41.0, 3023.5)	(42.0, 3207.5)	(43.0, 3451.0)	(44.0, 3721.0)	(45.0, 3939.0)	(46.0, 4056.0)	(47.0, 4179.5)	(48.0, 4264.0)	(49.0, 4281.5)	(50.0, 4311.5)	(51.0, 4298.0)	(52.0, 4130.5)	(53.0, 3969.5)	(54.0, 3812.5)	(55.0, 3569.5)	(56.0, 3273.0)	(57.0, 2956.0)	(58.0, 2627.5)	(59.0, 2305.0)	(60.0, 1971.5)	(61.0, 1635.0)	(62.0, 1322.0)	(63.0, 1039.5)	(64.0, 845.5)	(65.0, 672.5)	(66.0, 531.5)	(67.0, 424.0)	(68.0, 327.0)	(69.0, 242.0)	(70.0, 171.0)	(71.0, 124.5)	(72.0, 89.0)	(73.0, 68.0)	(74.0, 50.5)	(75.0, 28.0)	(76.0, 11.5)	(77.0, 6.5)	(78.0, 7.5)	(79.0, 5.0)	(80.0, 2.0)	(81.0, 1.5)	(82.0, 0.5)	(83.0, 0.5)	(84.0, 0.0)	(85.0, 0.0)	(86.0, 0.0)	(87.0, 0.0)	(88.0, 0.0)	(89.0, 0.0)	(90.0, 0.0)	(91.0, 0.0)	(92.0, 0.0)	(93.0, 0.0)	(94.0, 0.0)	(95.0, 0.0)	(96.0, 0.0)	(97.0, 0.0)	(98.0, 0.0)	(99.0, 0.0)	(100.0, 0.0)
SRR8865589_R2	(0.0, 0.0)	(1.0, 0.0)	(2.0, 0.0)	(3.0, 0.0)	(4.0, 0.0)	(5.0, 0.0)	(6.0, 0.0)	(7.0, 0.0)	(8.0, 0.0)	(9.0, 0.0)	(10.0, 0.0)	(11.0, 0.0)	(12.0, 0.0)	(13.0, 1.5)	(14.0, 4.0)	(15.0, 6.5)	(16.0, 9.5)	(17.0, 16.5)	(18.0, 20.0)	(19.0, 24.5)	(20.0, 37.5)	(21.0, 67.5)	(22.0, 107.5)	(23.0, 147.0)	(24.0, 229.0)	(25.0, 330.5)	(26.0, 436.5)	(27.0, 572.0)	(28.0, 697.5)	(29.0, 853.5)	(30.0, 1038.5)	(31.0, 1201.5)	(32.0, 1375.5)	(33.0, 1546.5)	(34.0, 1680.5)	(35.0, 1861.0)	(36.0, 2060.0)	(37.0, 2260.5)	(38.0, 2424.5)	(39.0, 2581.5)	(40.0, 2835.0)	(41.0, 3059.5)	(42.0, 3281.5)	(43.0, 3513.5)	(44.0, 3736.5)	(45.0, 3960.0)	(46.0, 4094.0)	(47.0, 4171.0)	(48.0, 4312.0)	(49.0, 4374.0)	(50.0, 4312.0)	(51.0, 4302.0)	(52.0, 4129.0)	(53.0, 3960.0)	(54.0, 3770.0)	(55.0, 3460.0)	(56.0, 3198.0)	(57.0, 2919.0)	(58.0, 2595.0)	(59.0, 2227.0)	(60.0, 1906.0)	(61.0, 1565.5)	(62.0, 1263.5)	(63.0, 1042.5)	(64.0, 834.5)	(65.0, 661.0)	(66.0, 521.0)	(67.0, 390.5)	(68.0, 298.5)	(69.0, 234.5)	(70.0, 172.5)	(71.0, 118.0)	(72.0, 92.5)	(73.0, 75.0)	(74.0, 49.5)	(75.0, 25.5)	(76.0, 14.5)	(77.0, 12.0)	(78.0, 6.5)	(79.0, 3.0)	(80.0, 2.5)	(81.0, 1.5)	(82.0, 1.0)	(83.0, 0.5)	(84.0, 0.0)	(85.0, 0.0)	(86.0, 0.0)	(87.0, 0.0)	(88.0, 0.0)	(89.0, 0.0)	(90.0, 0.0)	(91.0, 0.0)	(92.0, 0.0)	(93.0, 0.0)	(94.0, 0.0)	(95.0, 0.0)	(96.0, 0.0)	(97.0, 0.0)	(98.0, 0.0)	(99.0, 0.0)	(100.0, 0.0)
SRR8865590_R1	(0.0, 0.0)	(1.0, 0.0)	(2.0, 0.0)	(3.0, 0.0)	(4.0, 0.0)	(5.0, 0.0)	(6.0, 0.0)	(7.0, 0.0)	(8.0, 0.0)	(9.0, 0.5)	(10.0, 1.0)	(11.0, 0.5)	(12.0, 0.0)	(13.0, 1.5)	(14.0, 3.0)	(15.0, 4.0)	(16.0, 7.0)	(17.0, 9.5)	(18.0, 13.0)	(19.0, 22.5)	(20.0, 35.0)	(21.0, 54.0)	(22.0, 78.0)	(23.0, 114.0)	(24.0, 176.0)	(25.0, 260.0)	(26.0, 365.0)	(27.0, 486.0)	(28.0, 595.5)	(29.0, 766.0)	(30.0, 924.0)	(31.0, 1035.5)	(32.0, 1230.0)	(33.0, 1422.5)	(34.0, 1620.5)	(35.0, 1815.0)	(36.0, 2013.5)	(37.0, 2244.5)	(38.0, 2504.5)	(39.0, 2714.5)	(40.0, 2866.0)	(41.0, 3117.0)	(42.0, 3404.5)	(43.0, 3694.5)	(44.0, 3954.5)	(45.0, 4136.0)	(46.0, 4284.5)	(47.0, 4497.0)	(48.0, 4638.0)	(49.0, 4685.0)	(50.0, 4668.5)	(51.0, 4562.5)	(52.0, 4360.5)	(53.0, 4024.5)	(54.0, 3683.5)	(55.0, 3373.5)	(56.0, 3022.5)	(57.0, 2671.5)	(58.0, 2334.5)	(59.0, 1947.5)	(60.0, 1640.0)	(61.0, 1352.5)	(62.0, 1084.5)	(63.0, 915.0)	(64.0, 757.5)	(65.0, 596.5)	(66.0, 451.0)	(67.0, 352.5)	(68.0, 270.0)	(69.0, 190.5)	(70.0, 147.5)	(71.0, 108.5)	(72.0, 69.0)	(73.0, 49.5)	(74.0, 33.0)	(75.0, 21.0)	(76.0, 12.0)	(77.0, 4.0)	(78.0, 4.5)	(79.0, 3.0)	(80.0, 2.0)	(81.0, 2.0)	(82.0, 0.5)	(83.0, 0.0)	(84.0, 0.5)	(85.0, 0.5)	(86.0, 0.0)	(87.0, 0.0)	(88.0, 0.0)	(89.0, 0.0)	(90.0, 0.0)	(91.0, 0.0)	(92.0, 0.0)	(93.0, 0.0)	(94.0, 0.0)	(95.0, 0.0)	(96.0, 0.0)	(97.0, 0.0)	(98.0, 0.0)	(99.0, 0.0)	(100.0, 0.0)
SRR8865590_R2	(0.0, 0.0)	(1.0, 0.0)	(2.0, 0.0)	(3.0, 0.0)	(4.0, 0.0)	(5.0, 0.0)	(6.0, 0.0)	(7.0, 0.0)	(8.0, 0.0)	(9.0, 0.0)	(10.0, 0.0)	(11.0, 0.5)	(12.0, 1.0)	(13.0, 3.5)	(14.0, 4.5)	(15.0, 4.5)	(16.0, 7.0)	(17.0, 11.5)	(18.0, 20.5)	(19.0, 27.0)	(20.0, 37.5)	(21.0, 61.5)	(22.0, 83.5)	(23.0, 116.5)	(24.0, 180.0)	(25.0, 250.5)	(26.0, 341.0)	(27.0, 471.5)	(28.0, 602.0)	(29.0, 752.5)	(30.0, 901.5)	(31.0, 1033.0)	(32.0, 1219.0)	(33.0, 1417.0)	(34.0, 1589.5)	(35.0, 1798.0)	(36.0, 1981.0)	(37.0, 2234.0)	(38.0, 2480.5)	(39.0, 2650.5)	(40.0, 2913.0)	(41.0, 3192.0)	(42.0, 3504.5)	(43.0, 3812.5)	(44.0, 3972.0)	(45.0, 4148.0)	(46.0, 4343.5)	(47.0, 4515.0)	(48.0, 4648.0)	(49.0, 4654.0)	(50.0, 4588.5)	(51.0, 4422.5)	(52.0, 4263.0)	(53.0, 4076.5)	(54.0, 3761.5)	(55.0, 3395.0)	(56.0, 3011.0)	(57.0, 2653.5)	(58.0, 2329.5)	(59.0, 2017.0)	(60.0, 1666.0)	(61.0, 1350.0)	(62.0, 1094.5)	(63.0, 874.0)	(64.0, 733.0)	(65.0, 585.0)	(66.0, 444.5)	(67.0, 336.0)	(68.0, 258.5)	(69.0, 198.5)	(70.0, 149.5)	(71.0, 104.0)	(72.0, 65.0)	(73.0, 55.0)	(74.0, 40.5)	(75.0, 22.0)	(76.0, 15.5)	(77.0, 11.0)	(78.0, 4.5)	(79.0, 1.0)	(80.0, 1.0)	(81.0, 1.0)	(82.0, 0.0)	(83.0, 0.0)	(84.0, 0.0)	(85.0, 0.0)	(86.0, 0.0)	(87.0, 0.0)	(88.0, 0.0)	(89.0, 0.0)	(90.0, 0.0)	(91.0, 0.0)	(92.0, 0.0)	(93.0, 0.0)	(94.0, 0.0)	(95.0, 0.0)	(96.0, 0.0)	(97.0, 0.0)	(98.0, 0.0)	(99.0, 0.0)	(100.0, 0.0)
SRR8865591_R1	(0.0, 0.0)	(1.0, 0.0)	(2.0, 0.0)	(3.0, 0.0)	(4.0, 0.0)	(5.0, 0.0)	(6.0, 0.0)	(7.0, 0.0)	(8.0, 0.0)	(9.0, 0.0)	(10.0, 0.0)	(11.0, 0.0)	(12.0, 0.0)	(13.0, 0.0)	(14.0, 0.0)	(15.0, 0.5)	(16.0, 1.0)	(17.0, 2.5)	(18.0, 6.5)	(19.0, 14.0)	(20.0, 23.0)	(21.0, 33.0)	(22.0, 60.0)	(23.0, 101.5)	(24.0, 148.0)	(25.0, 216.5)	(26.0, 303.5)	(27.0, 441.5)	(28.0, 592.0)	(29.0, 737.5)	(30.0, 932.0)	(31.0, 1135.0)	(32.0, 1352.5)	(33.0, 1594.0)	(34.0, 1879.0)	(35.0, 2155.5)	(36.0, 2433.0)	(37.0, 2675.5)	(38.0, 2942.5)	(39.0, 3304.5)	(40.0, 3555.0)	(41.0, 3741.5)	(42.0, 3956.0)	(43.0, 4091.5)	(44.0, 4178.0)	(45.0, 4184.5)	(46.0, 4167.0)	(47.0, 4191.0)	(48.0, 4067.0)	(49.0, 3961.0)	(50.0, 3824.5)	(51.0, 3569.0)	(52.0, 3411.5)	(53.0, 3260.5)	(54.0, 3083.0)	(55.0, 2889.0)	(56.0, 2640.0)	(57.0, 2454.0)	(58.0, 2344.0)	(59.0, 2148.5)	(60.0, 1907.0)	(61.0, 1666.0)	(62.0, 1416.5)	(63.0, 1218.5)	(64.0, 1020.5)	(65.0, 840.5)	(66.0, 680.5)	(67.0, 534.5)	(68.0, 417.5)	(69.0, 328.0)	(70.0, 252.0)	(71.0, 176.5)	(72.0, 125.0)	(73.0, 92.5)	(74.0, 62.0)	(75.0, 40.0)	(76.0, 26.0)	(77.0, 15.0)	(78.0, 12.5)	(79.0, 7.5)	(80.0, 4.0)	(81.0, 1.5)	(82.0, 0.0)	(83.0, 0.5)	(84.0, 0.5)	(85.0, 0.0)	(86.0, 0.0)	(87.0, 0.0)	(88.0, 0.0)	(89.0, 0.0)	(90.0, 0.0)	(91.0, 0.0)	(92.0, 0.0)	(93.0, 0.0)	(94.0, 0.0)	(95.0, 0.0)	(96.0, 0.0)	(97.0, 0.0)	(98.0, 0.0)	(99.0, 0.0)	(100.0, 0.0)
SRR8865591_R2	(0.0, 0.0)	(1.0, 0.0)	(2.0, 0.0)	(3.0, 0.0)	(4.0, 0.0)	(5.0, 0.0)	(6.0, 0.0)	(7.0, 0.0)	(8.0, 0.0)	(9.0, 0.0)	(10.0, 0.0)	(11.0, 0.0)	(12.0, 0.0)	(13.0, 0.0)	(14.0, 0.0)	(15.0, 0.0)	(16.0, 2.5)	(17.0, 4.5)	(18.0, 6.0)	(19.0, 13.5)	(20.0, 21.5)	(21.0, 32.5)	(22.0, 54.5)	(23.0, 100.5)	(24.0, 171.0)	(25.0, 249.5)	(26.0, 336.5)	(27.0, 450.0)	(28.0, 589.5)	(29.0, 762.5)	(30.0, 1008.5)	(31.0, 1201.0)	(32.0, 1380.5)	(33.0, 1661.0)	(34.0, 1917.5)	(35.0, 2155.0)	(36.0, 2423.0)	(37.0, 2709.5)	(38.0, 3055.0)	(39.0, 3360.5)	(40.0, 3562.0)	(41.0, 3793.5)	(42.0, 4026.0)	(43.0, 4139.0)	(44.0, 4183.5)	(45.0, 4183.0)	(46.0, 4167.5)	(47.0, 4148.5)	(48.0, 4067.0)	(49.0, 3975.0)	(50.0, 3804.5)	(51.0, 3573.0)	(52.0, 3377.5)	(53.0, 3245.0)	(54.0, 3017.0)	(55.0, 2767.5)	(56.0, 2606.5)	(57.0, 2449.5)	(58.0, 2289.5)	(59.0, 2063.0)	(60.0, 1815.0)	(61.0, 1602.0)	(62.0, 1402.0)	(63.0, 1211.5)	(64.0, 1012.5)	(65.0, 805.0)	(66.0, 646.5)	(67.0, 523.5)	(68.0, 418.0)	(69.0, 323.0)	(70.0, 244.5)	(71.0, 178.0)	(72.0, 125.0)	(73.0, 80.0)	(74.0, 54.5)	(75.0, 38.0)	(76.0, 23.0)	(77.0, 16.5)	(78.0, 13.5)	(79.0, 10.0)	(80.0, 4.0)	(81.0, 1.0)	(82.0, 1.5)	(83.0, 1.5)	(84.0, 0.0)	(85.0, 0.0)	(86.0, 0.0)	(87.0, 0.0)	(88.0, 0.0)	(89.0, 0.0)	(90.0, 0.0)	(91.0, 0.0)	(92.0, 0.0)	(93.0, 0.0)	(94.0, 0.0)	(95.0, 0.0)	(96.0, 0.0)	(97.0, 0.0)	(98.0, 0.0)	(99.0, 0.0)	(100.0, 0.0)
SRR8865592_R1	(0.0, 0.0)	(1.0, 0.0)	(2.0, 0.0)	(3.0, 0.0)	(4.0, 0.0)	(5.0, 0.0)	(6.0, 0.0)	(7.0, 0.0)	(8.0, 0.0)	(9.0, 0.0)	(10.0, 0.5)	(11.0, 1.5)	(12.0, 2.0)	(13.0, 3.0)	(14.0, 4.0)	(15.0, 10.5)	(16.0, 17.0)	(17.0, 15.0)	(18.0, 26.0)	(19.0, 48.0)	(20.0, 65.0)	(21.0, 89.0)	(22.0, 132.5)	(23.0, 178.5)	(24.0, 245.5)	(25.0, 325.0)	(26.0, 440.0)	(27.0, 595.5)	(28.0, 754.0)	(29.0, 999.0)	(30.0, 1203.5)	(31.0, 1422.5)	(32.0, 1728.0)	(33.0, 2025.5)	(34.0, 2287.0)	(35.0, 2576.5)	(36.0, 2987.0)	(37.0, 3381.5)	(38.0, 3683.0)	(39.0, 3916.5)	(40.0, 4150.5)	(41.0, 4389.5)	(42.0, 4439.0)	(43.0, 4415.5)	(44.0, 4381.5)	(45.0, 4304.0)	(46.0, 4148.0)	(47.0, 3961.5)	(48.0, 3706.5)	(49.0, 3369.5)	(50.0, 3091.5)	(51.0, 2886.0)	(52.0, 2667.0)	(53.0, 2361.5)	(54.0, 2130.0)	(55.0, 1975.0)	(56.0, 1786.5)	(57.0, 1575.5)	(58.0, 1509.5)	(59.0, 1441.0)	(60.0, 1307.0)	(61.0, 1234.0)	(62.0, 1135.5)	(63.0, 998.5)	(64.0, 885.5)	(65.0, 780.5)	(66.0, 655.5)	(67.0, 544.0)	(68.0, 456.0)	(69.0, 383.0)	(70.0, 298.0)	(71.0, 208.0)	(72.0, 148.5)	(73.0, 102.0)	(74.0, 69.5)	(75.0, 54.5)	(76.0, 45.0)	(77.0, 21.5)	(78.0, 11.5)	(79.0, 5.5)	(80.0, 4.0)	(81.0, 4.5)	(82.0, 2.0)	(83.0, 1.5)	(84.0, 2.5)	(85.0, 1.5)	(86.0, 0.0)	(87.0, 0.0)	(88.0, 0.0)	(89.0, 0.0)	(90.0, 0.0)	(91.0, 0.0)	(92.0, 0.0)	(93.0, 0.0)	(94.0, 0.0)	(95.0, 0.0)	(96.0, 0.0)	(97.0, 0.0)	(98.0, 0.0)	(99.0, 0.0)	(100.0, 0.0)
SRR8865592_R2	(0.0, 0.0)	(1.0, 0.0)	(2.0, 0.0)	(3.0, 0.0)	(4.0, 0.0)	(5.0, 0.0)	(6.0, 0.0)	(7.0, 0.0)	(8.0, 0.0)	(9.0, 0.5)	(10.0, 1.0)	(11.0, 1.5)	(12.0, 1.5)	(13.0, 2.5)	(14.0, 6.0)	(15.0, 7.0)	(16.0, 11.0)	(17.0, 16.0)	(18.0, 26.5)	(19.0, 43.0)	(20.0, 61.5)	(21.0, 81.0)	(22.0, 104.0)	(23.0, 154.5)	(24.0, 237.5)	(25.0, 318.5)	(26.0, 432.5)	(27.0, 590.0)	(28.0, 768.0)	(29.0, 979.5)	(30.0, 1207.5)	(31.0, 1429.0)	(32.0, 1745.0)	(33.0, 2069.5)	(34.0, 2353.0)	(35.0, 2674.5)	(36.0, 3077.5)	(37.0, 3407.0)	(38.0, 3668.5)	(39.0, 3969.5)	(40.0, 4210.5)	(41.0, 4395.5)	(42.0, 4457.5)	(43.0, 4516.5)	(44.0, 4466.5)	(45.0, 4314.0)	(46.0, 4185.5)	(47.0, 3985.5)	(48.0, 3711.0)	(49.0, 3438.0)	(50.0, 3130.5)	(51.0, 2842.5)	(52.0, 2595.5)	(53.0, 2315.5)	(54.0, 2075.5)	(55.0, 1886.5)	(56.0, 1761.5)	(57.0, 1632.5)	(58.0, 1503.0)	(59.0, 1396.5)	(60.0, 1277.0)	(61.0, 1155.5)	(62.0, 1058.0)	(63.0, 969.5)	(64.0, 831.5)	(65.0, 715.5)	(66.0, 621.0)	(67.0, 530.0)	(68.0, 461.5)	(69.0, 353.0)	(70.0, 263.5)	(71.0, 206.5)	(72.0, 154.5)	(73.0, 121.5)	(74.0, 89.0)	(75.0, 57.0)	(76.0, 35.0)	(77.0, 23.0)	(78.0, 13.5)	(79.0, 9.0)	(80.0, 7.0)	(81.0, 3.0)	(82.0, 1.5)	(83.0, 1.0)	(84.0, 0.0)	(85.0, 0.5)	(86.0, 0.5)	(87.0, 0.0)	(88.0, 0.0)	(89.0, 0.0)	(90.0, 0.0)	(91.0, 0.0)	(92.0, 0.0)	(93.0, 0.0)	(94.0, 0.0)	(95.0, 0.0)	(96.0, 0.0)	(97.0, 0.0)	(98.0, 0.0)	(99.0, 0.0)	(100.0, 0.0)
SRR8865593_R1	(0.0, 0.0)	(1.0, 0.0)	(2.0, 0.0)	(3.0, 0.5)	(4.0, 0.5)	(5.0, 0.0)	(6.0, 0.0)	(7.0, 0.0)	(8.0, 0.5)	(9.0, 1.5)	(10.0, 3.0)	(11.0, 3.5)	(12.0, 3.5)	(13.0, 8.5)	(14.0, 18.5)	(15.0, 27.5)	(16.0, 43.0)	(17.0, 65.0)	(18.0, 96.5)	(19.0, 138.0)	(20.0, 196.0)	(21.0, 290.0)	(22.0, 358.0)	(23.0, 449.5)	(24.0, 592.5)	(25.0, 726.5)	(26.0, 842.0)	(27.0, 962.5)	(28.0, 1105.0)	(29.0, 1298.5)	(30.0, 1459.0)	(31.0, 1535.5)	(32.0, 1635.0)	(33.0, 1751.5)	(34.0, 1872.5)	(35.0, 1973.5)	(36.0, 2078.5)	(37.0, 2224.5)	(38.0, 2365.0)	(39.0, 2487.5)	(40.0, 2549.5)	(41.0, 2678.0)	(42.0, 2841.5)	(43.0, 2973.5)	(44.0, 3114.5)	(45.0, 3213.5)	(46.0, 3315.5)	(47.0, 3399.0)	(48.0, 3418.0)	(49.0, 3448.0)	(50.0, 3467.0)	(51.0, 3391.0)	(52.0, 3257.5)	(53.0, 3095.0)	(54.0, 2997.5)	(55.0, 2902.5)	(56.0, 2761.0)	(57.0, 2702.5)	(58.0, 2601.5)	(59.0, 2396.0)	(60.0, 2192.0)	(61.0, 2057.0)	(62.0, 1895.5)	(63.0, 1633.5)	(64.0, 1436.5)	(65.0, 1263.5)	(66.0, 1048.5)	(67.0, 864.5)	(68.0, 673.0)	(69.0, 484.0)	(70.0, 384.0)	(71.0, 294.0)	(72.0, 188.5)	(73.0, 134.0)	(74.0, 104.0)	(75.0, 63.0)	(76.0, 36.0)	(77.0, 23.5)	(78.0, 14.0)	(79.0, 5.5)	(80.0, 3.5)	(81.0, 2.5)	(82.0, 1.5)	(83.0, 1.5)	(84.0, 0.0)	(85.0, 0.0)	(86.0, 0.0)	(87.0, 0.0)	(88.0, 0.0)	(89.0, 0.0)	(90.0, 0.0)	(91.0, 0.0)	(92.0, 0.0)	(93.0, 0.0)	(94.0, 0.0)	(95.0, 0.0)	(96.0, 0.0)	(97.0, 0.0)	(98.0, 0.0)	(99.0, 0.0)	(100.0, 0.0)
SRR8865593_R2	(0.0, 0.0)	(1.0, 0.0)	(2.0, 0.0)	(3.0, 0.5)	(4.0, 1.0)	(5.0, 1.0)	(6.0, 0.5)	(7.0, 0.5)	(8.0, 0.5)	(9.0, 1.0)	(10.0, 1.0)	(11.0, 2.5)	(12.0, 4.0)	(13.0, 8.0)	(14.0, 16.0)	(15.0, 31.5)	(16.0, 49.5)	(17.0, 61.5)	(18.0, 91.0)	(19.0, 145.5)	(20.0, 213.0)	(21.0, 266.5)	(22.0, 334.5)	(23.0, 448.0)	(24.0, 579.5)	(25.0, 734.0)	(26.0, 871.5)	(27.0, 988.5)	(28.0, 1112.5)	(29.0, 1251.0)	(30.0, 1399.0)	(31.0, 1531.0)	(32.0, 1649.5)	(33.0, 1743.0)	(34.0, 1878.0)	(35.0, 1973.0)	(36.0, 2039.0)	(37.0, 2206.0)	(38.0, 2358.0)	(39.0, 2451.5)	(40.0, 2579.0)	(41.0, 2714.5)	(42.0, 2857.0)	(43.0, 2993.0)	(44.0, 3169.5)	(45.0, 3295.0)	(46.0, 3301.5)	(47.0, 3355.0)	(48.0, 3367.0)	(49.0, 3390.0)	(50.0, 3436.0)	(51.0, 3397.5)	(52.0, 3253.5)	(53.0, 3125.0)	(54.0, 3048.5)	(55.0, 2961.0)	(56.0, 2827.5)	(57.0, 2636.0)	(58.0, 2505.5)	(59.0, 2351.5)	(60.0, 2199.0)	(61.0, 2051.0)	(62.0, 1874.0)	(63.0, 1692.5)	(64.0, 1472.0)	(65.0, 1258.0)	(66.0, 1040.5)	(67.0, 845.5)	(68.0, 693.5)	(69.0, 521.0)	(70.0, 373.5)	(71.0, 289.5)	(72.0, 215.0)	(73.0, 157.0)	(74.0, 100.0)	(75.0, 60.0)	(76.0, 42.5)	(77.0, 24.0)	(78.0, 12.0)	(79.0, 6.5)	(80.0, 3.5)	(81.0, 2.0)	(82.0, 1.5)	(83.0, 0.0)	(84.0, 0.0)	(85.0, 0.0)	(86.0, 0.0)	(87.0, 0.0)	(88.0, 0.0)	(89.0, 0.0)	(90.0, 0.0)	(91.0, 0.0)	(92.0, 0.0)	(93.0, 0.0)	(94.0, 0.0)	(95.0, 0.0)	(96.0, 0.0)	(97.0, 0.0)	(98.0, 0.0)	(99.0, 0.0)	(100.0, 0.0)
SRR8865594_R1	(0.0, 0.0)	(1.0, 0.0)	(2.0, 0.0)	(3.0, 0.0)	(4.0, 0.0)	(5.0, 0.0)	(6.0, 0.0)	(7.0, 0.0)	(8.0, 0.0)	(9.0, 0.0)	(10.0, 0.0)	(11.0, 0.0)	(12.0, 0.0)	(13.0, 0.0)	(14.0, 2.0)	(15.0, 5.5)	(16.0, 8.5)	(17.0, 12.0)	(18.0, 18.0)	(19.0, 29.0)	(20.0, 34.5)	(21.0, 63.0)	(22.0, 105.5)	(23.0, 139.5)	(24.0, 184.0)	(25.0, 250.5)	(26.0, 339.0)	(27.0, 454.0)	(28.0, 588.5)	(29.0, 750.5)	(30.0, 970.0)	(31.0, 1244.5)	(32.0, 1466.0)	(33.0, 1717.0)	(34.0, 2048.0)	(35.0, 2347.5)	(36.0, 2686.0)	(37.0, 2944.5)	(38.0, 3140.0)	(39.0, 3320.5)	(40.0, 3461.0)	(41.0, 3538.0)	(42.0, 3468.5)	(43.0, 3433.5)	(44.0, 3386.5)	(45.0, 3271.5)	(46.0, 3173.0)	(47.0, 3093.5)	(48.0, 3077.5)	(49.0, 2991.5)	(50.0, 2944.5)	(51.0, 2966.5)	(52.0, 2895.0)	(53.0, 2905.5)	(54.0, 2924.5)	(55.0, 2875.0)	(56.0, 2771.0)	(57.0, 2735.0)	(58.0, 2666.5)	(59.0, 2406.0)	(60.0, 2183.0)	(61.0, 2064.5)	(62.0, 1898.0)	(63.0, 1671.0)	(64.0, 1477.5)	(65.0, 1317.0)	(66.0, 1119.5)	(67.0, 907.0)	(68.0, 737.5)	(69.0, 562.0)	(70.0, 435.5)	(71.0, 331.0)	(72.0, 235.5)	(73.0, 156.5)	(74.0, 107.0)	(75.0, 73.5)	(76.0, 40.5)	(77.0, 25.0)	(78.0, 13.5)	(79.0, 8.5)	(80.0, 4.5)	(81.0, 0.5)	(82.0, 0.5)	(83.0, 0.0)	(84.0, 0.0)	(85.0, 0.0)	(86.0, 0.0)	(87.0, 0.0)	(88.0, 0.0)	(89.0, 0.0)	(90.0, 0.0)	(91.0, 0.0)	(92.0, 0.0)	(93.0, 0.0)	(94.0, 0.0)	(95.0, 0.0)	(96.0, 0.0)	(97.0, 0.0)	(98.0, 0.0)	(99.0, 0.0)	(100.0, 0.0)
SRR8865594_R2	(0.0, 0.0)	(1.0, 0.0)	(2.0, 0.0)	(3.0, 0.0)	(4.0, 0.0)	(5.0, 0.0)	(6.0, 0.0)	(7.0, 0.0)	(8.0, 0.0)	(9.0, 0.0)	(10.0, 0.0)	(11.0, 0.5)	(12.0, 0.5)	(13.0, 0.5)	(14.0, 2.0)	(15.0, 3.0)	(16.0, 4.0)	(17.0, 10.0)	(18.0, 14.5)	(19.0, 24.5)	(20.0, 47.5)	(21.0, 68.0)	(22.0, 95.5)	(23.0, 145.5)	(24.0, 193.5)	(25.0, 278.0)	(26.0, 381.0)	(27.0, 460.0)	(28.0, 583.5)	(29.0, 760.5)	(30.0, 955.5)	(31.0, 1197.0)	(32.0, 1439.5)	(33.0, 1665.0)	(34.0, 2023.5)	(35.0, 2409.0)	(36.0, 2649.5)	(37.0, 2902.5)	(38.0, 3163.0)	(39.0, 3316.0)	(40.0, 3458.0)	(41.0, 3547.0)	(42.0, 3502.0)	(43.0, 3485.0)	(44.0, 3430.0)	(45.0, 3271.5)	(46.0, 3191.5)	(47.0, 3193.0)	(48.0, 3098.0)	(49.0, 2949.5)	(50.0, 2882.0)	(51.0, 2896.0)	(52.0, 2931.0)	(53.0, 2944.0)	(54.0, 2945.5)	(55.0, 2844.0)	(56.0, 2734.5)	(57.0, 2681.0)	(58.0, 2587.5)	(59.0, 2443.0)	(60.0, 2270.0)	(61.0, 2058.0)	(62.0, 1857.5)	(63.0, 1727.0)	(64.0, 1534.5)	(65.0, 1275.5)	(66.0, 1055.0)	(67.0, 891.5)	(68.0, 748.0)	(69.0, 574.5)	(70.0, 426.5)	(71.0, 320.5)	(72.0, 244.0)	(73.0, 168.5)	(74.0, 100.5)	(75.0, 70.0)	(76.0, 44.0)	(77.0, 19.0)	(78.0, 7.0)	(79.0, 4.0)	(80.0, 3.5)	(81.0, 2.5)	(82.0, 1.5)	(83.0, 0.0)	(84.0, 0.0)	(85.0, 0.0)	(86.0, 0.0)	(87.0, 0.0)	(88.0, 0.0)	(89.0, 0.0)	(90.0, 0.0)	(91.0, 0.0)	(92.0, 0.0)	(93.0, 0.0)	(94.0, 0.0)	(95.0, 0.0)	(96.0, 0.0)	(97.0, 0.0)	(98.0, 0.0)	(99.0, 0.0)	(100.0, 0.0)
SRR8865595_R1	(0.0, 0.0)	(1.0, 0.0)	(2.0, 0.0)	(3.0, 0.0)	(4.0, 0.0)	(5.0, 0.0)	(6.0, 0.0)	(7.0, 0.0)	(8.0, 0.5)	(9.0, 0.5)	(10.0, 0.0)	(11.0, 1.5)	(12.0, 2.5)	(13.0, 5.0)	(14.0, 9.5)	(15.0, 15.0)	(16.0, 19.5)	(17.0, 20.5)	(18.0, 40.0)	(19.0, 67.5)	(20.0, 81.0)	(21.0, 99.5)	(22.0, 147.5)	(23.0, 221.5)	(24.0, 321.0)	(25.0, 445.0)	(26.0, 541.0)	(27.0, 649.0)	(28.0, 820.0)	(29.0, 1014.5)	(30.0, 1186.0)	(31.0, 1307.5)	(32.0, 1446.5)	(33.0, 1673.5)	(34.0, 1877.0)	(35.0, 2033.5)	(36.0, 2280.0)	(37.0, 2541.5)	(38.0, 2783.5)	(39.0, 3054.0)	(40.0, 3353.0)	(41.0, 3587.0)	(42.0, 3785.5)	(43.0, 3979.5)	(44.0, 4150.5)	(45.0, 4239.0)	(46.0, 4188.5)	(47.0, 4226.5)	(48.0, 4255.0)	(49.0, 4131.5)	(50.0, 4039.0)	(51.0, 3911.0)	(52.0, 3767.5)	(53.0, 3572.5)	(54.0, 3288.0)	(55.0, 3029.5)	(56.0, 2731.0)	(57.0, 2348.0)	(58.0, 1958.5)	(59.0, 1674.5)	(60.0, 1427.0)	(61.0, 1160.0)	(62.0, 890.0)	(63.0, 670.0)	(64.0, 529.5)	(65.0, 415.0)	(66.0, 295.0)	(67.0, 214.0)	(68.0, 161.5)	(69.0, 115.0)	(70.0, 82.5)	(71.0, 58.0)	(72.0, 39.5)	(73.0, 27.5)	(74.0, 16.0)	(75.0, 11.0)	(76.0, 9.0)	(77.0, 5.0)	(78.0, 2.5)	(79.0, 1.0)	(80.0, 0.5)	(81.0, 0.0)	(82.0, 0.0)	(83.0, 0.0)	(84.0, 0.0)	(85.0, 0.0)	(86.0, 0.0)	(87.0, 0.0)	(88.0, 0.0)	(89.0, 0.0)	(90.0, 0.0)	(91.0, 0.0)	(92.0, 0.0)	(93.0, 0.0)	(94.0, 0.0)	(95.0, 0.0)	(96.0, 0.0)	(97.0, 0.0)	(98.0, 0.0)	(99.0, 0.0)	(100.0, 0.0)
SRR8865595_R2	(0.0, 0.0)	(1.0, 0.0)	(2.0, 0.0)	(3.0, 0.0)	(4.0, 0.0)	(5.0, 0.0)	(6.0, 0.0)	(7.0, 0.0)	(8.0, 0.0)	(9.0, 0.0)	(10.0, 0.0)	(11.0, 0.0)	(12.0, 4.0)	(13.0, 7.0)	(14.0, 8.0)	(15.0, 12.5)	(16.0, 16.5)	(17.0, 26.5)	(18.0, 43.5)	(19.0, 63.0)	(20.0, 86.0)	(21.0, 117.0)	(22.0, 165.0)	(23.0, 230.0)	(24.0, 327.5)	(25.0, 448.5)	(26.0, 569.0)	(27.0, 686.5)	(28.0, 829.5)	(29.0, 1003.5)	(30.0, 1156.5)	(31.0, 1329.0)	(32.0, 1540.5)	(33.0, 1703.5)	(34.0, 1819.0)	(35.0, 1992.0)	(36.0, 2231.5)	(37.0, 2561.5)	(38.0, 2894.5)	(39.0, 3119.5)	(40.0, 3349.5)	(41.0, 3545.5)	(42.0, 3685.0)	(43.0, 3827.0)	(44.0, 4037.5)	(45.0, 4202.5)	(46.0, 4229.5)	(47.0, 4233.0)	(48.0, 4180.0)	(49.0, 4169.5)	(50.0, 4120.5)	(51.0, 3945.0)	(52.0, 3737.0)	(53.0, 3562.0)	(54.0, 3295.5)	(55.0, 2927.5)	(56.0, 2676.5)	(57.0, 2368.0)	(58.0, 2026.0)	(59.0, 1714.0)	(60.0, 1385.5)	(61.0, 1116.0)	(62.0, 920.0)	(63.0, 740.5)	(64.0, 576.0)	(65.0, 417.5)	(66.0, 293.0)	(67.0, 240.0)	(68.0, 180.0)	(69.0, 126.5)	(70.0, 78.5)	(71.0, 44.5)	(72.0, 37.5)	(73.0, 30.0)	(74.0, 17.5)	(75.0, 13.0)	(76.0, 8.0)	(77.0, 4.0)	(78.0, 2.5)	(79.0, 1.5)	(80.0, 1.0)	(81.0, 0.0)	(82.0, 0.0)	(83.0, 0.0)	(84.0, 0.0)	(85.0, 0.0)	(86.0, 0.0)	(87.0, 0.0)	(88.0, 0.0)	(89.0, 0.0)	(90.0, 0.0)	(91.0, 0.0)	(92.0, 0.0)	(93.0, 0.0)	(94.0, 0.0)	(95.0, 0.0)	(96.0, 0.0)	(97.0, 0.0)	(98.0, 0.0)	(99.0, 0.0)	(100.0, 0.0)
SRR8865596_R1	(0.0, 0.0)	(1.0, 0.0)	(2.0, 0.0)	(3.0, 0.0)	(4.0, 0.0)	(5.0, 0.0)	(6.0, 0.0)	(7.0, 0.0)	(8.0, 0.0)	(9.0, 0.0)	(10.0, 0.0)	(11.0, 0.0)	(12.0, 0.0)	(13.0, 0.0)	(14.0, 0.0)	(15.0, 0.5)	(16.0, 4.0)	(17.0, 6.5)	(18.0, 8.0)	(19.0, 12.5)	(20.0, 21.0)	(21.0, 35.5)	(22.0, 51.0)	(23.0, 82.5)	(24.0, 125.5)	(25.0, 158.5)	(26.0, 199.0)	(27.0, 273.0)	(28.0, 357.5)	(29.0, 432.5)	(30.0, 534.0)	(31.0, 668.5)	(32.0, 814.5)	(33.0, 968.5)	(34.0, 1104.5)	(35.0, 1299.5)	(36.0, 1450.5)	(37.0, 1558.0)	(38.0, 1733.0)	(39.0, 1893.5)	(40.0, 2077.0)	(41.0, 2293.5)	(42.0, 2463.5)	(43.0, 2605.5)	(44.0, 2865.0)	(45.0, 3047.0)	(46.0, 3133.5)	(47.0, 3349.5)	(48.0, 3614.5)	(49.0, 3915.5)	(50.0, 4221.0)	(51.0, 4437.5)	(52.0, 4566.5)	(53.0, 4616.0)	(54.0, 4589.0)	(55.0, 4523.0)	(56.0, 4322.5)	(57.0, 3971.5)	(58.0, 3587.5)	(59.0, 3214.0)	(60.0, 2850.5)	(61.0, 2504.5)	(62.0, 2197.5)	(63.0, 1865.5)	(64.0, 1542.5)	(65.0, 1268.0)	(66.0, 1039.5)	(67.0, 850.5)	(68.0, 640.5)	(69.0, 468.0)	(70.0, 354.0)	(71.0, 264.0)	(72.0, 185.0)	(73.0, 114.0)	(74.0, 78.5)	(75.0, 47.0)	(76.0, 22.5)	(77.0, 13.5)	(78.0, 8.5)	(79.0, 7.5)	(80.0, 4.0)	(81.0, 0.5)	(82.0, 0.0)	(83.0, 0.0)	(84.0, 0.0)	(85.0, 0.0)	(86.0, 0.0)	(87.0, 0.0)	(88.0, 0.0)	(89.0, 0.0)	(90.0, 0.0)	(91.0, 0.0)	(92.0, 0.0)	(93.0, 0.0)	(94.0, 0.0)	(95.0, 0.0)	(96.0, 0.0)	(97.0, 0.0)	(98.0, 0.0)	(99.0, 0.0)	(100.0, 0.0)
SRR8865596_R2	(0.0, 0.0)	(1.0, 0.0)	(2.0, 0.0)	(3.0, 0.0)	(4.0, 0.0)	(5.0, 0.0)	(6.0, 0.0)	(7.0, 0.0)	(8.0, 0.0)	(9.0, 0.0)	(10.0, 0.0)	(11.0, 0.0)	(12.0, 0.0)	(13.0, 0.0)	(14.0, 0.5)	(15.0, 1.0)	(16.0, 4.5)	(17.0, 7.0)	(18.0, 5.0)	(19.0, 12.5)	(20.0, 25.0)	(21.0, 37.0)	(22.0, 54.5)	(23.0, 85.5)	(24.0, 124.5)	(25.0, 161.0)	(26.0, 199.5)	(27.0, 260.5)	(28.0, 343.0)	(29.0, 449.0)	(30.0, 565.0)	(31.0, 673.0)	(32.0, 782.0)	(33.0, 917.5)	(34.0, 1070.0)	(35.0, 1276.5)	(36.0, 1485.5)	(37.0, 1617.0)	(38.0, 1732.0)	(39.0, 1879.5)	(40.0, 2086.5)	(41.0, 2261.0)	(42.0, 2436.0)	(43.0, 2627.0)	(44.0, 2799.0)	(45.0, 2972.5)	(46.0, 3164.5)	(47.0, 3445.0)	(48.0, 3672.5)	(49.0, 3861.0)	(50.0, 4141.0)	(51.0, 4434.0)	(52.0, 4527.0)	(53.0, 4584.0)	(54.0, 4657.5)	(55.0, 4529.5)	(56.0, 4296.5)	(57.0, 3998.5)	(58.0, 3628.5)	(59.0, 3259.5)	(60.0, 2907.0)	(61.0, 2576.0)	(62.0, 2160.5)	(63.0, 1829.5)	(64.0, 1569.0)	(65.0, 1272.0)	(66.0, 1063.0)	(67.0, 836.5)	(68.0, 618.5)	(69.0, 446.5)	(70.0, 344.0)	(71.0, 260.0)	(72.0, 180.5)	(73.0, 119.5)	(74.0, 74.5)	(75.0, 41.0)	(76.0, 27.5)	(77.0, 21.5)	(78.0, 11.0)	(79.0, 7.0)	(80.0, 4.5)	(81.0, 2.5)	(82.0, 1.0)	(83.0, 0.0)	(84.0, 0.0)	(85.0, 0.0)	(86.0, 0.0)	(87.0, 0.0)	(88.0, 0.0)	(89.0, 0.0)	(90.0, 0.0)	(91.0, 0.0)	(92.0, 0.0)	(93.0, 0.0)	(94.0, 0.0)	(95.0, 0.0)	(96.0, 0.0)	(97.0, 0.0)	(98.0, 0.0)	(99.0, 0.0)	(100.0, 0.0)
SRR8865597_R1	(0.0, 0.0)	(1.0, 0.0)	(2.0, 0.0)	(3.0, 0.0)	(4.0, 0.0)	(5.0, 0.0)	(6.0, 0.0)	(7.0, 0.0)	(8.0, 0.0)	(9.0, 1.5)	(10.0, 1.5)	(11.0, 3.0)	(12.0, 6.0)	(13.0, 10.5)	(14.0, 18.0)	(15.0, 29.0)	(16.0, 39.5)	(17.0, 67.0)	(18.0, 119.0)	(19.0, 168.0)	(20.0, 234.0)	(21.0, 335.0)	(22.0, 447.5)	(23.0, 606.5)	(24.0, 790.5)	(25.0, 928.5)	(26.0, 1076.0)	(27.0, 1299.5)	(28.0, 1521.0)	(29.0, 1649.0)	(30.0, 1709.0)	(31.0, 1832.0)	(32.0, 1908.5)	(33.0, 1922.0)	(34.0, 1967.0)	(35.0, 1998.0)	(36.0, 2030.5)	(37.0, 2096.0)	(38.0, 2156.0)	(39.0, 2175.0)	(40.0, 2227.5)	(41.0, 2265.5)	(42.0, 2298.0)	(43.0, 2404.0)	(44.0, 2534.5)	(45.0, 2660.5)	(46.0, 2803.5)	(47.0, 2930.5)	(48.0, 3114.5)	(49.0, 3337.5)	(50.0, 3554.0)	(51.0, 3733.0)	(52.0, 3781.0)	(53.0, 3876.0)	(54.0, 3908.5)	(55.0, 3808.5)	(56.0, 3614.0)	(57.0, 3360.5)	(58.0, 3092.5)	(59.0, 2738.0)	(60.0, 2347.0)	(61.0, 1954.5)	(62.0, 1597.0)	(63.0, 1247.0)	(64.0, 980.0)	(65.0, 785.5)	(66.0, 587.0)	(67.0, 444.0)	(68.0, 341.0)	(69.0, 226.0)	(70.0, 163.5)	(71.0, 120.5)	(72.0, 79.5)	(73.0, 55.5)	(74.0, 35.5)	(75.0, 23.5)	(76.0, 16.0)	(77.0, 10.0)	(78.0, 4.5)	(79.0, 2.5)	(80.0, 1.0)	(81.0, 1.0)	(82.0, 0.5)	(83.0, 0.0)	(84.0, 0.0)	(85.0, 0.0)	(86.0, 0.0)	(87.0, 0.0)	(88.0, 0.0)	(89.0, 0.0)	(90.0, 0.0)	(91.0, 0.0)	(92.0, 0.0)	(93.0, 0.0)	(94.0, 0.0)	(95.0, 0.0)	(96.0, 0.0)	(97.0, 0.0)	(98.0, 0.0)	(99.0, 0.0)	(100.0, 0.0)
SRR8865597_R2	(0.0, 0.0)	(1.0, 0.0)	(2.0, 0.0)	(3.0, 0.0)	(4.0, 0.0)	(5.0, 0.0)	(6.0, 0.0)	(7.0, 0.0)	(8.0, 0.0)	(9.0, 0.0)	(10.0, 0.5)	(11.0, 1.5)	(12.0, 3.5)	(13.0, 10.0)	(14.0, 14.5)	(15.0, 22.5)	(16.0, 48.0)	(17.0, 94.0)	(18.0, 127.5)	(19.0, 165.5)	(20.0, 228.0)	(21.0, 340.0)	(22.0, 470.5)	(23.0, 599.5)	(24.0, 749.5)	(25.0, 916.5)	(26.0, 1100.0)	(27.0, 1294.5)	(28.0, 1477.0)	(29.0, 1606.0)	(30.0, 1733.5)	(31.0, 1882.0)	(32.0, 1941.5)	(33.0, 1982.0)	(34.0, 2027.0)	(35.0, 2053.0)	(36.0, 2079.5)	(37.0, 2109.5)	(38.0, 2220.0)	(39.0, 2266.5)	(40.0, 2278.0)	(41.0, 2311.5)	(42.0, 2380.5)	(43.0, 2494.0)	(44.0, 2596.0)	(45.0, 2637.0)	(46.0, 2754.0)	(47.0, 2926.5)	(48.0, 3147.5)	(49.0, 3396.0)	(50.0, 3579.5)	(51.0, 3755.0)	(52.0, 3880.5)	(53.0, 3987.0)	(54.0, 3913.0)	(55.0, 3722.5)	(56.0, 3527.5)	(57.0, 3314.0)	(58.0, 2988.0)	(59.0, 2610.5)	(60.0, 2257.5)	(61.0, 1909.5)	(62.0, 1506.5)	(63.0, 1142.5)	(64.0, 928.0)	(65.0, 707.0)	(66.0, 513.5)	(67.0, 394.0)	(68.0, 315.0)	(69.0, 244.0)	(70.0, 182.5)	(71.0, 113.0)	(72.0, 73.0)	(73.0, 63.0)	(74.0, 40.0)	(75.0, 21.5)	(76.0, 16.5)	(77.0, 9.5)	(78.0, 5.5)	(79.0, 3.5)	(80.0, 1.5)	(81.0, 0.0)	(82.0, 0.0)	(83.0, 0.0)	(84.0, 0.0)	(85.0, 0.0)	(86.0, 0.0)	(87.0, 0.0)	(88.0, 0.0)	(89.0, 0.0)	(90.0, 0.0)	(91.0, 0.0)	(92.0, 0.0)	(93.0, 0.0)	(94.0, 0.0)	(95.0, 0.0)	(96.0, 0.0)	(97.0, 0.0)	(98.0, 0.0)	(99.0, 0.0)	(100.0, 0.0)
SRR8865598_R1	(0.0, 0.0)	(1.0, 0.0)	(2.0, 0.0)	(3.0, 0.0)	(4.0, 0.0)	(5.0, 0.0)	(6.0, 0.0)	(7.0, 0.0)	(8.0, 0.5)	(9.0, 0.5)	(10.0, 0.5)	(11.0, 1.0)	(12.0, 1.0)	(13.0, 1.0)	(14.0, 1.0)	(15.0, 2.5)	(16.0, 4.5)	(17.0, 7.5)	(18.0, 16.5)	(19.0, 25.5)	(20.0, 45.0)	(21.0, 75.5)	(22.0, 108.5)	(23.0, 143.0)	(24.0, 212.0)	(25.0, 298.5)	(26.0, 404.0)	(27.0, 517.0)	(28.0, 645.5)	(29.0, 792.0)	(30.0, 956.0)	(31.0, 1159.5)	(32.0, 1402.5)	(33.0, 1686.5)	(34.0, 1951.5)	(35.0, 2251.0)	(36.0, 2590.5)	(37.0, 2941.0)	(38.0, 3276.0)	(39.0, 3635.5)	(40.0, 3931.5)	(41.0, 4133.0)	(42.0, 4223.0)	(43.0, 4349.0)	(44.0, 4491.5)	(45.0, 4399.5)	(46.0, 4272.5)	(47.0, 4130.0)	(48.0, 4008.0)	(49.0, 3841.5)	(50.0, 3656.0)	(51.0, 3462.0)	(52.0, 3266.0)	(53.0, 3109.0)	(54.0, 2880.0)	(55.0, 2649.0)	(56.0, 2396.0)	(57.0, 2145.0)	(58.0, 1918.5)	(59.0, 1689.5)	(60.0, 1453.0)	(61.0, 1274.0)	(62.0, 1107.0)	(63.0, 950.0)	(64.0, 830.0)	(65.0, 695.5)	(66.0, 599.5)	(67.0, 507.5)	(68.0, 395.0)	(69.0, 318.5)	(70.0, 257.0)	(71.0, 192.0)	(72.0, 137.0)	(73.0, 98.0)	(74.0, 71.0)	(75.0, 44.0)	(76.0, 28.0)	(77.0, 17.0)	(78.0, 8.0)	(79.0, 5.5)	(80.0, 4.0)	(81.0, 1.5)	(82.0, 1.0)	(83.0, 0.5)	(84.0, 0.0)	(85.0, 0.0)	(86.0, 0.0)	(87.0, 0.0)	(88.0, 0.0)	(89.0, 0.0)	(90.0, 0.0)	(91.0, 0.0)	(92.0, 0.0)	(93.0, 0.0)	(94.0, 0.0)	(95.0, 0.0)	(96.0, 0.0)	(97.0, 0.0)	(98.0, 0.0)	(99.0, 0.0)	(100.0, 0.0)
SRR8865598_R2	(0.0, 0.0)	(1.0, 0.0)	(2.0, 0.0)	(3.0, 0.0)	(4.0, 0.0)	(5.0, 0.0)	(6.0, 0.0)	(7.0, 0.0)	(8.0, 0.5)	(9.0, 1.0)	(10.0, 0.5)	(11.0, 1.0)	(12.0, 2.0)	(13.0, 1.5)	(14.0, 1.0)	(15.0, 2.5)	(16.0, 5.0)	(17.0, 7.5)	(18.0, 13.5)	(19.0, 23.0)	(20.0, 45.5)	(21.0, 74.0)	(22.0, 105.5)	(23.0, 139.5)	(24.0, 209.5)	(25.0, 300.5)	(26.0, 387.0)	(27.0, 509.5)	(28.0, 640.0)	(29.0, 752.0)	(30.0, 927.5)	(31.0, 1176.0)	(32.0, 1437.5)	(33.0, 1691.0)	(34.0, 1943.0)	(35.0, 2239.0)	(36.0, 2606.5)	(37.0, 2971.0)	(38.0, 3333.0)	(39.0, 3666.5)	(40.0, 3860.0)	(41.0, 4109.0)	(42.0, 4416.5)	(43.0, 4517.0)	(44.0, 4452.5)	(45.0, 4388.0)	(46.0, 4299.5)	(47.0, 4179.0)	(48.0, 4030.0)	(49.0, 3863.0)	(50.0, 3655.5)	(51.0, 3439.5)	(52.0, 3301.0)	(53.0, 3122.0)	(54.0, 2831.5)	(55.0, 2565.0)	(56.0, 2389.0)	(57.0, 2149.5)	(58.0, 1890.5)	(59.0, 1660.5)	(60.0, 1427.0)	(61.0, 1244.5)	(62.0, 1085.5)	(63.0, 912.0)	(64.0, 797.5)	(65.0, 705.0)	(66.0, 584.5)	(67.0, 479.5)	(68.0, 380.5)	(69.0, 301.0)	(70.0, 245.5)	(71.0, 192.0)	(72.0, 134.5)	(73.0, 98.0)	(74.0, 67.0)	(75.0, 48.0)	(76.0, 36.0)	(77.0, 19.0)	(78.0, 11.0)	(79.0, 8.5)	(80.0, 5.0)	(81.0, 2.5)	(82.0, 1.0)	(83.0, 1.0)	(84.0, 0.5)	(85.0, 0.0)	(86.0, 0.0)	(87.0, 0.0)	(88.0, 0.0)	(89.0, 0.0)	(90.0, 0.0)	(91.0, 0.0)	(92.0, 0.0)	(93.0, 0.0)	(94.0, 0.0)	(95.0, 0.0)	(96.0, 0.0)	(97.0, 0.0)	(98.0, 0.0)	(99.0, 0.0)	(100.0, 0.0)
SRR8865599_R1	(0.0, 0.0)	(1.0, 0.0)	(2.0, 0.0)	(3.0, 0.0)	(4.0, 0.5)	(5.0, 0.5)	(6.0, 0.0)	(7.0, 0.0)	(8.0, 0.0)	(9.0, 0.5)	(10.0, 0.5)	(11.0, 0.5)	(12.0, 1.0)	(13.0, 0.5)	(14.0, 2.5)	(15.0, 6.0)	(16.0, 8.0)	(17.0, 9.5)	(18.0, 10.5)	(19.0, 19.5)	(20.0, 30.0)	(21.0, 40.5)	(22.0, 60.0)	(23.0, 68.5)	(24.0, 90.5)	(25.0, 131.5)	(26.0, 185.5)	(27.0, 259.5)	(28.0, 324.0)	(29.0, 427.5)	(30.0, 539.0)	(31.0, 661.5)	(32.0, 800.0)	(33.0, 945.5)	(34.0, 1119.0)	(35.0, 1289.0)	(36.0, 1488.0)	(37.0, 1654.5)	(38.0, 1834.5)	(39.0, 2076.0)	(40.0, 2285.5)	(41.0, 2507.5)	(42.0, 2776.5)	(43.0, 2976.0)	(44.0, 3152.0)	(45.0, 3353.5)	(46.0, 3563.5)	(47.0, 3856.0)	(48.0, 4041.5)	(49.0, 4122.5)	(50.0, 4273.0)	(51.0, 4298.0)	(52.0, 4255.5)	(53.0, 4225.0)	(54.0, 4156.5)	(55.0, 4113.0)	(56.0, 3862.0)	(57.0, 3486.5)	(58.0, 3211.5)	(59.0, 2918.5)	(60.0, 2603.0)	(61.0, 2337.5)	(62.0, 2043.5)	(63.0, 1762.5)	(64.0, 1524.0)	(65.0, 1241.5)	(66.0, 1035.0)	(67.0, 852.0)	(68.0, 671.0)	(69.0, 515.5)	(70.0, 377.5)	(71.0, 300.5)	(72.0, 230.5)	(73.0, 167.5)	(74.0, 115.5)	(75.0, 85.0)	(76.0, 65.0)	(77.0, 42.0)	(78.0, 28.0)	(79.0, 19.5)	(80.0, 12.0)	(81.0, 9.5)	(82.0, 5.0)	(83.0, 0.5)	(84.0, 0.5)	(85.0, 0.5)	(86.0, 0.5)	(87.0, 0.5)	(88.0, 0.0)	(89.0, 0.0)	(90.0, 0.0)	(91.0, 0.0)	(92.0, 0.0)	(93.0, 0.0)	(94.0, 0.0)	(95.0, 0.0)	(96.0, 0.0)	(97.0, 0.0)	(98.0, 0.0)	(99.0, 0.0)	(100.0, 0.0)
SRR8865599_R2	(0.0, 0.0)	(1.0, 0.0)	(2.0, 0.0)	(3.0, 0.5)	(4.0, 1.5)	(5.0, 1.0)	(6.0, 0.5)	(7.0, 0.5)	(8.0, 0.5)	(9.0, 0.5)	(10.0, 0.0)	(11.0, 0.5)	(12.0, 2.0)	(13.0, 1.5)	(14.0, 3.0)	(15.0, 4.5)	(16.0, 5.5)	(17.0, 12.0)	(18.0, 16.0)	(19.0, 25.0)	(20.0, 35.0)	(21.0, 49.0)	(22.0, 54.0)	(23.0, 61.5)	(24.0, 86.0)	(25.0, 113.0)	(26.0, 182.0)	(27.0, 256.5)	(28.0, 343.5)	(29.0, 442.0)	(30.0, 550.0)	(31.0, 656.5)	(32.0, 793.0)	(33.0, 961.5)	(34.0, 1106.5)	(35.0, 1292.0)	(36.0, 1512.5)	(37.0, 1666.0)	(38.0, 1823.5)	(39.0, 2053.0)	(40.0, 2283.5)	(41.0, 2522.5)	(42.0, 2737.5)	(43.0, 2896.0)	(44.0, 3134.5)	(45.0, 3356.0)	(46.0, 3542.5)	(47.0, 3821.0)	(48.0, 4029.5)	(49.0, 4176.5)	(50.0, 4265.0)	(51.0, 4308.5)	(52.0, 4288.0)	(53.0, 4214.5)	(54.0, 4147.5)	(55.0, 4041.0)	(56.0, 3794.5)	(57.0, 3507.5)	(58.0, 3301.0)	(59.0, 2942.0)	(60.0, 2611.5)	(61.0, 2371.5)	(62.0, 2022.0)	(63.0, 1742.0)	(64.0, 1503.0)	(65.0, 1233.5)	(66.0, 1013.5)	(67.0, 843.5)	(68.0, 704.0)	(69.0, 560.5)	(70.0, 427.5)	(71.0, 323.0)	(72.0, 243.5)	(73.0, 189.0)	(74.0, 128.5)	(75.0, 78.0)	(76.0, 55.0)	(77.0, 35.0)	(78.0, 24.0)	(79.0, 17.5)	(80.0, 8.5)	(81.0, 5.0)	(82.0, 2.0)	(83.0, 1.0)	(84.0, 1.5)	(85.0, 1.5)	(86.0, 0.5)	(87.0, 0.0)	(88.0, 0.0)	(89.0, 0.0)	(90.0, 0.0)	(91.0, 0.0)	(92.0, 0.0)	(93.0, 0.0)	(94.0, 0.0)	(95.0, 0.0)	(96.0, 0.0)	(97.0, 0.0)	(98.0, 0.0)	(99.0, 0.0)	(100.0, 0.0)
SRR8865600_R1	(0.0, 0.0)	(1.0, 0.0)	(2.0, 0.0)	(3.0, 0.0)	(4.0, 0.0)	(5.0, 0.0)	(6.0, 0.0)	(7.0, 0.0)	(8.0, 0.0)	(9.0, 0.5)	(10.0, 1.5)	(11.0, 2.5)	(12.0, 1.5)	(13.0, 2.5)	(14.0, 4.5)	(15.0, 6.0)	(16.0, 12.0)	(17.0, 19.5)	(18.0, 24.0)	(19.0, 38.5)	(20.0, 59.0)	(21.0, 74.5)	(22.0, 110.5)	(23.0, 157.0)	(24.0, 219.0)	(25.0, 262.0)	(26.0, 313.5)	(27.0, 402.5)	(28.0, 474.0)	(29.0, 554.5)	(30.0, 668.0)	(31.0, 774.5)	(32.0, 900.0)	(33.0, 1016.5)	(34.0, 1125.0)	(35.0, 1276.5)	(36.0, 1438.5)	(37.0, 1600.5)	(38.0, 1764.0)	(39.0, 1926.0)	(40.0, 2101.0)	(41.0, 2287.5)	(42.0, 2493.0)	(43.0, 2698.0)	(44.0, 2905.0)	(45.0, 3055.5)	(46.0, 3223.5)	(47.0, 3426.0)	(48.0, 3604.5)	(49.0, 3827.0)	(50.0, 4069.0)	(51.0, 4211.0)	(52.0, 4274.5)	(53.0, 4312.5)	(54.0, 4289.5)	(55.0, 4248.5)	(56.0, 4139.0)	(57.0, 3902.5)	(58.0, 3629.5)	(59.0, 3275.5)	(60.0, 2868.5)	(61.0, 2522.0)	(62.0, 2126.5)	(63.0, 1744.5)	(64.0, 1475.0)	(65.0, 1214.0)	(66.0, 959.0)	(67.0, 769.0)	(68.0, 609.5)	(69.0, 482.0)	(70.0, 349.0)	(71.0, 238.5)	(72.0, 166.0)	(73.0, 123.5)	(74.0, 83.5)	(75.0, 46.0)	(76.0, 29.0)	(77.0, 22.0)	(78.0, 11.0)	(79.0, 3.5)	(80.0, 4.5)	(81.0, 2.5)	(82.0, 0.5)	(83.0, 0.0)	(84.0, 0.0)	(85.0, 0.0)	(86.0, 0.0)	(87.0, 0.0)	(88.0, 0.0)	(89.0, 0.0)	(90.0, 0.0)	(91.0, 0.0)	(92.0, 0.0)	(93.0, 0.0)	(94.0, 0.0)	(95.0, 0.0)	(96.0, 0.0)	(97.0, 0.0)	(98.0, 0.0)	(99.0, 0.0)	(100.0, 0.0)
SRR8865600_R2	(0.0, 0.0)	(1.0, 0.0)	(2.0, 0.0)	(3.0, 0.0)	(4.0, 0.0)	(5.0, 0.0)	(6.0, 0.0)	(7.0, 0.0)	(8.0, 0.0)	(9.0, 0.0)	(10.0, 0.0)	(11.0, 1.0)	(12.0, 1.0)	(13.0, 2.0)	(14.0, 6.5)	(15.0, 7.0)	(16.0, 12.0)	(17.0, 20.0)	(18.0, 21.5)	(19.0, 40.0)	(20.0, 67.0)	(21.0, 88.0)	(22.0, 110.5)	(23.0, 154.0)	(24.0, 209.0)	(25.0, 266.0)	(26.0, 338.0)	(27.0, 415.5)	(28.0, 481.0)	(29.0, 583.0)	(30.0, 695.5)	(31.0, 771.0)	(32.0, 888.0)	(33.0, 1058.0)	(34.0, 1158.5)	(35.0, 1280.5)	(36.0, 1430.0)	(37.0, 1566.0)	(38.0, 1771.0)	(39.0, 1968.0)	(40.0, 2157.5)	(41.0, 2355.5)	(42.0, 2540.5)	(43.0, 2683.5)	(44.0, 2831.5)	(45.0, 3012.0)	(46.0, 3195.5)	(47.0, 3451.5)	(48.0, 3655.5)	(49.0, 3749.0)	(50.0, 3890.5)	(51.0, 4071.5)	(52.0, 4195.5)	(53.0, 4287.5)	(54.0, 4293.5)	(55.0, 4213.5)	(56.0, 4133.0)	(57.0, 3918.0)	(58.0, 3636.0)	(59.0, 3329.5)	(60.0, 2970.0)	(61.0, 2613.0)	(62.0, 2195.5)	(63.0, 1778.0)	(64.0, 1446.0)	(65.0, 1211.5)	(66.0, 989.5)	(67.0, 753.0)	(68.0, 591.5)	(69.0, 455.0)	(70.0, 345.0)	(71.0, 254.5)	(72.0, 159.0)	(73.0, 96.5)	(74.0, 65.0)	(75.0, 48.5)	(76.0, 29.5)	(77.0, 13.0)	(78.0, 8.5)	(79.0, 5.5)	(80.0, 2.5)	(81.0, 1.5)	(82.0, 2.0)	(83.0, 1.0)	(84.0, 0.0)	(85.0, 0.0)	(86.0, 0.0)	(87.0, 0.0)	(88.0, 0.0)	(89.0, 0.0)	(90.0, 0.0)	(91.0, 0.0)	(92.0, 0.0)	(93.0, 0.0)	(94.0, 0.0)	(95.0, 0.0)	(96.0, 0.0)	(97.0, 0.0)	(98.0, 0.0)	(99.0, 0.0)	(100.0, 0.0)
SRR8865601_R1	(0.0, 0.0)	(1.0, 0.0)	(2.0, 0.0)	(3.0, 0.0)	(4.0, 0.0)	(5.0, 0.0)	(6.0, 0.0)	(7.0, 0.0)	(8.0, 0.5)	(9.0, 0.5)	(10.0, 0.0)	(11.0, 0.0)	(12.0, 1.5)	(13.0, 3.0)	(14.0, 3.0)	(15.0, 8.5)	(16.0, 13.0)	(17.0, 19.0)	(18.0, 25.5)	(19.0, 31.5)	(20.0, 38.5)	(21.0, 47.0)	(22.0, 73.0)	(23.0, 102.5)	(24.0, 132.5)	(25.0, 186.0)	(26.0, 263.0)	(27.0, 339.5)	(28.0, 431.5)	(29.0, 554.0)	(30.0, 657.0)	(31.0, 760.0)	(32.0, 899.5)	(33.0, 1073.5)	(34.0, 1284.5)	(35.0, 1489.0)	(36.0, 1678.0)	(37.0, 1907.5)	(38.0, 2135.5)	(39.0, 2357.0)	(40.0, 2618.5)	(41.0, 2790.0)	(42.0, 2934.0)	(43.0, 3146.5)	(44.0, 3309.5)	(45.0, 3334.5)	(46.0, 3359.0)	(47.0, 3396.0)	(48.0, 3402.0)	(49.0, 3405.5)	(50.0, 3345.5)	(51.0, 3322.5)	(52.0, 3344.0)	(53.0, 3321.0)	(54.0, 3254.5)	(55.0, 3265.0)	(56.0, 3276.0)	(57.0, 3226.5)	(58.0, 3163.5)	(59.0, 3044.0)	(60.0, 2966.0)	(61.0, 2866.0)	(62.0, 2562.0)	(63.0, 2245.0)	(64.0, 2012.5)	(65.0, 1761.5)	(66.0, 1464.0)	(67.0, 1182.0)	(68.0, 983.5)	(69.0, 782.0)	(70.0, 556.5)	(71.0, 392.5)	(72.0, 299.0)	(73.0, 214.0)	(74.0, 137.0)	(75.0, 83.0)	(76.0, 54.0)	(77.0, 37.5)	(78.0, 26.5)	(79.0, 15.0)	(80.0, 7.5)	(81.0, 4.5)	(82.0, 2.5)	(83.0, 1.5)	(84.0, 1.0)	(85.0, 0.5)	(86.0, 0.0)	(87.0, 0.0)	(88.0, 0.0)	(89.0, 0.0)	(90.0, 0.0)	(91.0, 0.0)	(92.0, 0.0)	(93.0, 0.0)	(94.0, 0.0)	(95.0, 0.0)	(96.0, 0.0)	(97.0, 0.0)	(98.0, 0.0)	(99.0, 0.0)	(100.0, 0.0)
SRR8865601_R2	(0.0, 0.0)	(1.0, 0.0)	(2.0, 0.0)	(3.0, 0.0)	(4.0, 0.0)	(5.0, 0.0)	(6.0, 0.0)	(7.0, 0.0)	(8.0, 0.0)	(9.0, 0.5)	(10.0, 1.0)	(11.0, 1.0)	(12.0, 1.5)	(13.0, 1.0)	(14.0, 2.5)	(15.0, 6.0)	(16.0, 8.5)	(17.0, 16.5)	(18.0, 27.0)	(19.0, 33.0)	(20.0, 41.5)	(21.0, 59.0)	(22.0, 80.5)	(23.0, 101.5)	(24.0, 134.0)	(25.0, 187.0)	(26.0, 268.0)	(27.0, 353.0)	(28.0, 415.0)	(29.0, 519.5)	(30.0, 645.5)	(31.0, 766.5)	(32.0, 933.0)	(33.0, 1110.5)	(34.0, 1240.5)	(35.0, 1441.0)	(36.0, 1700.0)	(37.0, 1865.0)	(38.0, 2082.5)	(39.0, 2341.5)	(40.0, 2594.0)	(41.0, 2800.0)	(42.0, 2937.5)	(43.0, 3163.5)	(44.0, 3329.5)	(45.0, 3415.0)	(46.0, 3404.0)	(47.0, 3356.0)	(48.0, 3455.5)	(49.0, 3454.0)	(50.0, 3359.0)	(51.0, 3299.5)	(52.0, 3279.5)	(53.0, 3269.5)	(54.0, 3251.0)	(55.0, 3246.0)	(56.0, 3301.5)	(57.0, 3239.0)	(58.0, 3098.5)	(59.0, 3041.0)	(60.0, 2905.5)	(61.0, 2760.5)	(62.0, 2590.0)	(63.0, 2340.5)	(64.0, 2018.0)	(65.0, 1722.5)	(66.0, 1500.0)	(67.0, 1244.5)	(68.0, 986.0)	(69.0, 779.0)	(70.0, 592.0)	(71.0, 433.0)	(72.0, 312.0)	(73.0, 205.5)	(74.0, 133.0)	(75.0, 96.0)	(76.0, 56.0)	(77.0, 28.5)	(78.0, 19.5)	(79.0, 9.0)	(80.0, 5.0)	(81.0, 3.5)	(82.0, 0.5)	(83.0, 0.0)	(84.0, 0.5)	(85.0, 0.5)	(86.0, 0.0)	(87.0, 0.0)	(88.0, 0.5)	(89.0, 0.5)	(90.0, 0.0)	(91.0, 0.0)	(92.0, 0.0)	(93.0, 0.0)	(94.0, 0.0)	(95.0, 0.0)	(96.0, 0.0)	(97.0, 0.0)	(98.0, 0.0)	(99.0, 0.0)	(100.0, 0.0)
