Sample	0	1	2	3	4	5	6	7	8	9	10	11	12	13	14	15	16	17	18	19	20	21	22	23	24	25	26	27	28	29	30	31	32	33	34	35	36	37	38	39	40	41	42	43	44	45	46	47	48	49	50	51	52	53	54	55	56	57	58	59	60	61	62	63	64	65	66	67	68	69	70	71	72	73	74	75	76	77	78	79	80	81	82	83	84	85	86	87	88	89	90	91	92	93	94	95	96	97	98	99	100
SRR5898908_1	(0.0, 0.0)	(1.0, 0.0)	(2.0, 0.0)	(3.0, 0.0)	(4.0, 0.0)	(5.0, 0.0)	(6.0, 0.0)	(7.0, 0.0)	(8.0, 0.00044604226696521763)	(9.0, 0.001338126800895653)	(10.0, 0.001338126800895653)	(11.0, 0.0022302113348260885)	(12.0, 0.005798549470547829)	(13.0, 0.008920845339304354)	(14.0, 0.012489183475026094)	(15.0, 0.016057521610747832)	(16.0, 0.021410028814330448)	(17.0, 0.035683381357217415)	(18.0, 0.053971114302791334)	(19.0, 0.08474803072339135)	(20.0, 0.12533787701722615)	(21.0, 0.17351044184946965)	(22.0, 0.23372614788977403)	(23.0, 0.29037351579435666)	(24.0, 0.3639704898436176)	(25.0, 0.4665602112456177)	(26.0, 0.5963585109324959)	(27.0, 0.7136676271443482)	(28.0, 0.842573842297296)	(29.0, 1.0129619882780092)	(30.0, 1.155695513706879)	(31.0, 1.3153786452804268)	(32.0, 1.4741696923200442)	(33.0, 1.612888837346227)	(34.0, 1.7779244761233577)	(35.0, 1.9630320169139226)	(36.0, 2.1575064453107577)	(37.0, 2.347074408770975)	(38.0, 2.508987751679349)	(39.0, 2.6579658688457317)	(40.0, 2.877864706459584)	(41.0, 3.0647564163180103)	(42.0, 3.236928731366584)	(43.0, 3.4670865411206364)	(44.0, 3.744970873439967)	(45.0, 4.023301248026263)	(46.0, 4.132581603432741)	(47.0, 4.20082607027842)	(48.0, 4.26148781858569)	(49.0, 4.336868961702811)	(50.0, 4.3689840049243065)	(51.0, 4.2155454650882715)	(52.0, 3.9354309214341154)	(53.0, 3.6116042356173668)	(54.0, 3.3123098744837063)	(55.0, 2.9420947929025756)	(56.0, 2.5665272041178624)	(57.0, 2.262772420314549)	(58.0, 1.9242263396879487)	(59.0, 1.6423276269659313)	(60.0, 1.4304575501574528)	(61.0, 1.2025299517382266)	(62.0, 0.9884296635949222)	(63.0, 0.822055898016896)	(64.0, 0.6770921612532004)	(65.0, 0.5285600863537828)	(66.0, 0.4353372525580524)	(67.0, 0.36530861664451325)	(68.0, 0.31535188274440884)	(69.0, 0.26673327564520016)	(70.0, 0.20071902013434795)	(71.0, 0.15254645530210442)	(72.0, 0.12176953888150442)	(73.0, 0.09233074926180004)	(74.0, 0.07002863591353917)	(75.0, 0.05129486070100003)	(76.0, 0.02943878961970436)	(77.0, 0.02230211334826088)	(78.0, 0.017841690678608708)	(79.0, 0.010705014407165224)	(80.0, 0.008028760805373916)	(81.0, 0.006244591737513047)	(82.0, 0.005352507203582612)	(83.0, 0.0031222958687565235)	(84.0, 0.001338126800895653)	(85.0, 0.0022302113348260885)	(86.0, 0.0022302113348260885)	(87.0, 0.001338126800895653)	(88.0, 0.00044604226696521763)	(89.0, 0.001338126800895653)	(90.0, 0.001338126800895653)	(91.0, 0.00044604226696521763)	(92.0, 0.0008920845339304353)	(93.0, 0.00044604226696521763)	(94.0, 0.0)	(95.0, 0.0)	(96.0, 0.0008920845339304353)	(97.0, 0.0008920845339304353)	(98.0, 0.0)	(99.0, 0.0)	(100.0, 0.0)
SRR5898908_2	(0.0, 0.0)	(1.0, 0.0)	(2.0, 0.0)	(3.0, 0.0004473372251671923)	(4.0, 0.0004473372251671923)	(5.0, 0.0)	(6.0, 0.0004473372251671923)	(7.0, 0.0008946744503343846)	(8.0, 0.0017893489006687692)	(9.0, 0.0031313605761703464)	(10.0, 0.0031313605761703464)	(11.0, 0.0022366861258359613)	(12.0, 0.004473372251671923)	(13.0, 0.007604732827842269)	(14.0, 0.011630767854347)	(15.0, 0.01789348900668769)	(16.0, 0.0290769196358675)	(17.0, 0.04383904806638485)	(18.0, 0.05681182759623342)	(19.0, 0.08141537498042899)	(20.0, 0.12391241137131226)	(21.0, 0.17043548278870027)	(22.0, 0.23216801986177282)	(23.0, 0.3082153481401955)	(24.0, 0.3811313158424478)	(25.0, 0.4674674002997159)	(26.0, 0.5860117649690219)	(27.0, 0.7291596770225234)	(28.0, 0.8638081817978482)	(29.0, 1.0221655595070342)	(30.0, 1.181864948891722)	(31.0, 1.3111454069650408)	(32.0, 1.4712921335748954)	(33.0, 1.6462009886152675)	(34.0, 1.8063477152251224)	(35.0, 1.9772305352389898)	(36.0, 2.1557180880806994)	(37.0, 2.337784338723747)	(38.0, 2.5068778098369453)	(39.0, 2.6961014560826677)	(40.0, 2.9072446263615825)	(41.0, 3.127334541143841)	(42.0, 3.2959806750318723)	(43.0, 3.438681249860207)	(44.0, 3.686953409827999)	(45.0, 3.9486456865508064)	(46.0, 4.117739157664005)	(47.0, 4.170524950233734)	(48.0, 4.211679974949115)	(49.0, 4.257308371916169)	(50.0, 4.24433559238632)	(51.0, 4.12176519269051)	(52.0, 3.8998859290075822)	(53.0, 3.6475877340132854)	(54.0, 3.32505759466774)	(55.0, 2.9806079312890024)	(56.0, 2.5999239526717215)	(57.0, 2.2174506251537722)	(58.0, 1.9146033237155828)	(59.0, 1.6538057214431099)	(60.0, 1.4015075264488135)	(61.0, 1.1433939475273434)	(62.0, 0.9756424880896463)	(63.0, 0.8378626227381512)	(64.0, 0.683978617280637)	(65.0, 0.5649869153861639)	(66.0, 0.4477845623923594)	(67.0, 0.372184571339104)	(68.0, 0.3252141626965488)	(69.0, 0.27734907960365923)	(70.0, 0.22501062425909774)	(71.0, 0.1690934711131987)	(72.0, 0.12257039969581068)	(73.0, 0.08812543335793688)	(74.0, 0.06620590932474446)	(75.0, 0.05278579256972869)	(76.0, 0.04070768749021449)	(77.0, 0.03086626853653627)	(78.0, 0.021919524033192424)	(79.0, 0.011630767854347)	(80.0, 0.010736093404012614)	(81.0, 0.012972779529848575)	(82.0, 0.012525442304681386)	(83.0, 0.009394081728511038)	(84.0, 0.008052070053009461)	(85.0, 0.007157395602675077)	(86.0, 0.004920709476839115)	(87.0, 0.005368046702006307)	(88.0, 0.0058153839271735)	(89.0, 0.005368046702006307)	(90.0, 0.0035786978013375385)	(91.0, 0.0031313605761703464)	(92.0, 0.005368046702006307)	(93.0, 0.006262721152340693)	(94.0, 0.0040260350265047306)	(95.0, 0.0035786978013375385)	(96.0, 0.004920709476839115)	(97.0, 0.0035786978013375385)	(98.0, 0.0022366861258359613)	(99.0, 0.0031313605761703464)	(100.0, 0.011630767854347)
SRR5898909_1	(0.0, 0.0)	(1.0, 0.0)	(2.0, 0.0)	(3.0, 0.0)	(4.0, 0.0)	(5.0, 0.0)	(6.0, 0.0)	(7.0, 0.0)	(8.0, 0.0)	(9.0, 0.0)	(10.0, 0.0008811970180292911)	(11.0, 0.003084189563102519)	(12.0, 0.004405985090146455)	(13.0, 0.00396538658113181)	(14.0, 0.00396538658113181)	(15.0, 0.008371371671278265)	(16.0, 0.01762394036058582)	(17.0, 0.029520100103981248)	(18.0, 0.05463421511781604)	(19.0, 0.08195132267672406)	(20.0, 0.10838723321760278)	(21.0, 0.16698683491655064)	(22.0, 0.23439840679579138)	(23.0, 0.30797835780123717)	(24.0, 0.3947762640771224)	(25.0, 0.4969951181685201)	(26.0, 0.6304964663999577)	(27.0, 0.7485768668158828)	(28.0, 0.8701820553039249)	(29.0, 1.0310005110942706)	(30.0, 1.2208984684795827)	(31.0, 1.4398759274598616)	(32.0, 1.6372640594984227)	(33.0, 1.8090974780141342)	(34.0, 1.9866586771470365)	(35.0, 2.1730318464602316)	(36.0, 2.3884845173683935)	(37.0, 2.6083431733667015)	(38.0, 2.8185086621666873)	(39.0, 3.0229463703494828)	(40.0, 3.2445674203838495)	(41.0, 3.486015403323875)	(42.0, 3.633175305334767)	(43.0, 3.7049928623041537)	(44.0, 3.717770219065579)	(45.0, 3.730988174336018)	(46.0, 3.7331911668810913)	(47.0, 3.717770219065579)	(48.0, 3.6882501189615975)	(49.0, 3.612907773920093)	(50.0, 3.515976101936871)	(51.0, 3.2833400891771385)	(52.0, 3.077580585467299)	(53.0, 2.885039037027899)	(54.0, 2.648437637687034)	(55.0, 2.5017183341851568)	(56.0, 2.3580832202463826)	(57.0, 2.2100421212174615)	(58.0, 2.0571544385893796)	(59.0, 1.90162316490721)	(60.0, 1.7408047091168646)	(61.0, 1.5332828113709662)	(62.0, 1.3989002661214995)	(63.0, 1.2728890925433107)	(64.0, 1.075060361995735)	(65.0, 0.8789940254842178)	(66.0, 0.714650781621755)	(67.0, 0.597892176732874)	(68.0, 0.48245536737103684)	(69.0, 0.3590877848469361)	(70.0, 0.2674432949718898)	(71.0, 0.2035565111647662)	(72.0, 0.15156588710103805)	(73.0, 0.10486244514548564)	(74.0, 0.07181755696938721)	(75.0, 0.0493470330096403)	(76.0, 0.028198304576937314)	(77.0, 0.018064538869600466)	(78.0, 0.014099152288468657)	(79.0, 0.009693167198322201)	(80.0, 0.005287182108175746)	(81.0, 0.003084189563102519)	(82.0, 0.0008811970180292911)	(83.0, 0.00044059850901464554)	(84.0, 0.0013217955270439364)	(85.0, 0.0017623940360585821)	(86.0, 0.0008811970180292911)	(87.0, 0.0)	(88.0, 0.0)	(89.0, 0.00044059850901464554)	(90.0, 0.0008811970180292911)	(91.0, 0.00044059850901464554)	(92.0, 0.0)	(93.0, 0.0)	(94.0, 0.0)	(95.0, 0.0)	(96.0, 0.0)	(97.0, 0.0)	(98.0, 0.0)	(99.0, 0.0)	(100.0, 0.0)
SRR5898909_2	(0.0, 0.0)	(1.0, 0.0)	(2.0, 0.0)	(3.0, 0.00044153424318823045)	(4.0, 0.00044153424318823045)	(5.0, 0.0)	(6.0, 0.0)	(7.0, 0.0)	(8.0, 0.0)	(9.0, 0.0)	(10.0, 0.0008830684863764609)	(11.0, 0.003090739702317613)	(12.0, 0.006181479404635226)	(13.0, 0.005298410918258765)	(14.0, 0.0048568766750705355)	(15.0, 0.00883068486376461)	(16.0, 0.015895232754776296)	(17.0, 0.02825819156404675)	(18.0, 0.054750246155340576)	(19.0, 0.08035923226025794)	(20.0, 0.11259123201299875)	(21.0, 0.1735229575729746)	(22.0, 0.24460997072627966)	(23.0, 0.32982607966160815)	(24.0, 0.4198990652720072)	(25.0, 0.5165950645302296)	(26.0, 0.6472892005139458)	(27.0, 0.7607635010133211)	(28.0, 0.8808608151605198)	(29.0, 1.0583575809221883)	(30.0, 1.2265821275769042)	(31.0, 1.4389600985504432)	(32.0, 1.6319105628236998)	(33.0, 1.772318452157557)	(34.0, 1.9529059576215435)	(35.0, 2.1922175174295644)	(36.0, 2.419166118428315)	(37.0, 2.6368425003201126)	(38.0, 2.8571680876710395)	(39.0, 3.036872524648649)	(40.0, 3.2360044683265414)	(41.0, 3.4466163023273273)	(42.0, 3.5817257807429255)	(43.0, 3.6126331777661016)	(44.0, 3.70535536883563)	(45.0, 3.7971944914187823)	(46.0, 3.778650053204876)	(47.0, 3.7243413412927238)	(48.0, 3.6360344926550776)	(49.0, 3.5645059452585843)	(50.0, 3.4029044122516923)	(51.0, 3.191851044007718)	(52.0, 3.0342233191895196)	(53.0, 2.8995553750171097)	(54.0, 2.720292472282688)	(55.0, 2.5163036519297255)	(56.0, 2.404595488403103)	(57.0, 2.2253325856686814)	(58.0, 2.030615984422672)	(59.0, 1.8919742320615676)	(60.0, 1.7228666169204752)	(61.0, 1.5321238238631596)	(62.0, 1.3687561538835145)	(63.0, 1.2301144015224101)	(64.0, 1.0883819094589882)	(65.0, 0.9161835546155782)	(66.0, 0.7258822958014509)	(67.0, 0.5810590640357113)	(68.0, 0.4790646538592301)	(69.0, 0.37574564095318413)	(70.0, 0.28214038139727926)	(71.0, 0.2114949024871624)	(72.0, 0.1479139714680572)	(73.0, 0.10243594441966947)	(74.0, 0.06755473920779927)	(75.0, 0.049010300993893585)	(76.0, 0.03664734218462313)	(77.0, 0.02781665732085852)	(78.0, 0.019427506700282142)	(79.0, 0.011479890322893992)	(80.0, 0.00883068486376461)	(81.0, 0.007947616377388148)	(82.0, 0.005298410918258765)	(83.0, 0.0075060821341999175)	(84.0, 0.00927221910695284)	(85.0, 0.004415342431882305)	(86.0, 0.003973808188694074)	(87.0, 0.004415342431882305)	(88.0, 0.0048568766750705355)	(89.0, 0.0048568766750705355)	(90.0, 0.003973808188694074)	(91.0, 0.0035322739455058436)	(92.0, 0.003090739702317613)	(93.0, 0.0026492054591293825)	(94.0, 0.0022076712159411526)	(95.0, 0.0035322739455058436)	(96.0, 0.003973808188694074)	(97.0, 0.0035322739455058436)	(98.0, 0.004415342431882305)	(99.0, 0.003973808188694074)	(100.0, 0.008389150620576378)
SRR5898910_1	(0.0, 0.0)	(1.0, 0.0)	(2.0, 0.0)	(3.0, 0.0)	(4.0, 0.00044256403901644573)	(5.0, 0.0008851280780328915)	(6.0, 0.0008851280780328915)	(7.0, 0.00044256403901644573)	(8.0, 0.0)	(9.0, 0.0)	(10.0, 0.0)	(11.0, 0.0008851280780328915)	(12.0, 0.0013276921170493371)	(13.0, 0.0013276921170493371)	(14.0, 0.003540512312131566)	(15.0, 0.006638460585246685)	(16.0, 0.010178972897378251)	(17.0, 0.014604613287542707)	(18.0, 0.02345589406787162)	(19.0, 0.034077431004266315)	(20.0, 0.044698967940661014)	(21.0, 0.07036768220361486)	(22.0, 0.11595177822230876)	(23.0, 0.16861689886526582)	(24.0, 0.20800509833772945)	(25.0, 0.2580148347465878)	(26.0, 0.3606896917984032)	(27.0, 0.46823275327939956)	(28.0, 0.5855122236187577)	(29.0, 0.7244773318699216)	(30.0, 0.9006178193984671)	(31.0, 1.0829542034732427)	(32.0, 1.1754500876276797)	(33.0, 1.2900741737329393)	(34.0, 1.4980792720706686)	(35.0, 1.68218591230151)	(36.0, 1.8870930623661246)	(37.0, 2.080493547416311)	(38.0, 2.2137053231602613)	(39.0, 2.4814565667652113)	(40.0, 2.739913965550815)	(41.0, 2.9249057338596893)	(42.0, 3.209916974986281)	(43.0, 3.503336932854184)	(44.0, 3.8197702207509425)	(45.0, 4.158331710598524)	(46.0, 4.435819363061835)	(47.0, 4.683655224911044)	(48.0, 4.83368443413762)	(49.0, 4.926180318292057)	(50.0, 4.971764414310751)	(51.0, 4.831471613942537)	(52.0, 4.57345677919595)	(53.0, 4.267202464196569)	(54.0, 3.84499637097488)	(55.0, 3.3590610561348226)	(56.0, 2.8895006107383736)	(57.0, 2.4482642638389773)	(58.0, 2.067216626245818)	(59.0, 1.7463576979588946)	(60.0, 1.4308095381401689)	(61.0, 1.1152613783214431)	(62.0, 0.8731788489794473)	(63.0, 0.7213793835968064)	(64.0, 0.5775460709164616)	(65.0, 0.43371275823611677)	(66.0, 0.32307174848200537)	(67.0, 0.2385420170298642)	(68.0, 0.18366407619182495)	(69.0, 0.13276921170493372)	(70.0, 0.09603639646656871)	(71.0, 0.07390819451574643)	(72.0, 0.05355024872098992)	(73.0, 0.039388199472463664)	(74.0, 0.024783586184920957)	(75.0, 0.01858768963869072)	(76.0, 0.014604613287542707)	(77.0, 0.0075235886632795766)	(78.0, 0.004868204429180902)	(79.0, 0.0030979482731151196)	(80.0, 0.0013276921170493371)	(81.0, 0.0008851280780328915)	(82.0, 0.0008851280780328915)	(83.0, 0.00044256403901644573)	(84.0, 0.0)	(85.0, 0.0)	(86.0, 0.0)	(87.0, 0.0)	(88.0, 0.0)	(89.0, 0.0)	(90.0, 0.0)	(91.0, 0.0)	(92.0, 0.0)	(93.0, 0.0)	(94.0, 0.0)	(95.0, 0.0)	(96.0, 0.0)	(97.0, 0.0)	(98.0, 0.0)	(99.0, 0.0)	(100.0, 0.0)
SRR5898910_2	(0.0, 0.0)	(1.0, 0.0)	(2.0, 0.0)	(3.0, 0.0)	(4.0, 0.0)	(5.0, 0.0)	(6.0, 0.0)	(7.0, 0.00044326044654057384)	(8.0, 0.0008865208930811477)	(9.0, 0.00044326044654057384)	(10.0, 0.0)	(11.0, 0.00044326044654057384)	(12.0, 0.0008865208930811477)	(13.0, 0.002659562679243443)	(14.0, 0.004432604465405738)	(15.0, 0.0070921671446491814)	(16.0, 0.010638250716973772)	(17.0, 0.01507085518237951)	(18.0, 0.023936064113190988)	(19.0, 0.036790617062867625)	(20.0, 0.051861472245247134)	(21.0, 0.07402449457227583)	(22.0, 0.1170207578867115)	(23.0, 0.15514115628920086)	(24.0, 0.2096621912136914)	(25.0, 0.2734916955155341)	(26.0, 0.3612572639305677)	(27.0, 0.4747319382449546)	(28.0, 0.590866175238585)	(29.0, 0.7588618844774625)	(30.0, 0.9148895616597443)	(31.0, 1.015066422577914)	(32.0, 1.1467147752004645)	(33.0, 1.3324409023009651)	(34.0, 1.5323513636907637)	(35.0, 1.7145314072189395)	(36.0, 1.893165367174791)	(37.0, 2.0664802017721553)	(38.0, 2.2504332870864934)	(39.0, 2.4906804491114842)	(40.0, 2.7384630387276654)	(41.0, 3.020819943174011)	(42.0, 3.311598796104627)	(43.0, 3.5350020611610766)	(44.0, 3.8678906565130475)	(45.0, 4.167534718374475)	(46.0, 4.375423867802004)	(47.0, 4.604589518663481)	(48.0, 4.783666739065873)	(49.0, 4.921520737939991)	(50.0, 4.909552705883396)	(51.0, 4.726042881015599)	(52.0, 4.4880120212233106)	(53.0, 4.259289630808374)	(54.0, 3.8736530423180744)	(55.0, 3.3226803072681417)	(56.0, 2.8545972757212956)	(57.0, 2.468960687230996)	(58.0, 2.069139764451399)	(59.0, 1.7052229378415877)	(60.0, 1.3918378021374018)	(61.0, 1.1272113155526793)	(62.0, 0.8953861020119592)	(63.0, 0.7163088816095673)	(64.0, 0.5921959565782067)	(65.0, 0.4534554368110071)	(66.0, 0.3271262095469435)	(67.0, 0.24467976649039674)	(68.0, 0.17508787638352669)	(69.0, 0.13652421753449676)	(70.0, 0.10416620493703485)	(71.0, 0.06560254608800492)	(72.0, 0.051418211798706565)	(73.0, 0.04255300286789509)	(74.0, 0.0288119290251373)	(75.0, 0.02437932455973156)	(76.0, 0.0203899805408664)	(77.0, 0.010638250716973772)	(78.0, 0.006648906698108608)	(79.0, 0.004875864911946312)	(80.0, 0.004875864911946312)	(81.0, 0.003989344018865165)	(82.0, 0.002216302232702869)	(83.0, 0.002216302232702869)	(84.0, 0.002216302232702869)	(85.0, 0.0017730417861622954)	(86.0, 0.002216302232702869)	(87.0, 0.0035460835723245907)	(88.0, 0.0035460835723245907)	(89.0, 0.0013297813396217215)	(90.0, 0.00044326044654057384)	(91.0, 0.0008865208930811477)	(92.0, 0.0017730417861622954)	(93.0, 0.002216302232702869)	(94.0, 0.0017730417861622954)	(95.0, 0.0017730417861622954)	(96.0, 0.0017730417861622954)	(97.0, 0.003102823125784017)	(98.0, 0.0035460835723245907)	(99.0, 0.002216302232702869)	(100.0, 0.002216302232702869)
SRR5898911_1	(0.0, 0.0)	(1.0, 0.0)	(2.0, 0.0)	(3.0, 0.0)	(4.0, 0.0)	(5.0, 0.0)	(6.0, 0.0)	(7.0, 0.0004550667127800936)	(8.0, 0.0009101334255601872)	(9.0, 0.0018202668511203743)	(10.0, 0.0027304002766805613)	(11.0, 0.0036405337022407487)	(12.0, 0.005460800553361123)	(13.0, 0.004550667127800935)	(14.0, 0.0031854669894606545)	(15.0, 0.007736134117261591)	(16.0, 0.012741867957842618)	(17.0, 0.019567868649544025)	(18.0, 0.030944536469046362)	(19.0, 0.03913573729908805)	(20.0, 0.06006880608697235)	(21.0, 0.08646267542821778)	(22.0, 0.11786227861004424)	(23.0, 0.16609935016473415)	(24.0, 0.24300562462456995)	(25.0, 0.3317436336166882)	(26.0, 0.41957150918324626)	(27.0, 0.5228716529843275)	(28.0, 0.6389136647432514)	(29.0, 0.7804394124178605)	(30.0, 0.9374374283269928)	(31.0, 1.0926151773850046)	(32.0, 1.2869286637421045)	(33.0, 1.4807870833864245)	(34.0, 1.6254982980504942)	(35.0, 1.8475708538871798)	(36.0, 2.086480878096729)	(37.0, 2.3158345013378963)	(38.0, 2.5451881245790635)	(39.0, 2.812767351693758)	(40.0, 3.093543513479076)	(41.0, 3.342465005369787)	(42.0, 3.642809035804649)	(43.0, 3.924495331015527)	(44.0, 4.196625225258023)	(45.0, 4.454192984691556)	(46.0, 4.71767661139123)	(47.0, 4.852376358374138)	(48.0, 4.927007299270073)	(49.0, 4.949305568196297)	(50.0, 4.825982489032892)	(51.0, 4.639860203505834)	(52.0, 4.286728434388482)	(53.0, 3.8662467917796746)	(54.0, 3.3916122103500377)	(55.0, 2.838251087609444)	(56.0, 2.368167173307607)	(57.0, 1.9968327356790505)	(58.0, 1.644611099987258)	(59.0, 1.3501829368185376)	(60.0, 1.1208293135773704)	(61.0, 0.8955712907512242)	(62.0, 0.6839652693084807)	(63.0, 0.5337932540910498)	(64.0, 0.43504377741776945)	(65.0, 0.33811456759560954)	(66.0, 0.2521069588801718)	(67.0, 0.1920381527931995)	(68.0, 0.15790814933469247)	(69.0, 0.13424468027012762)	(70.0, 0.10876094435444236)	(71.0, 0.08418734186431731)	(72.0, 0.06507453992755337)	(73.0, 0.04550667127800936)	(74.0, 0.02684893605402552)	(75.0, 0.01820266851120374)	(76.0, 0.01683746837286346)	(77.0, 0.015472268234523181)	(78.0, 0.009556400968381965)	(79.0, 0.004095600415020842)	(80.0, 0.004095600415020842)	(81.0, 0.006370933978921309)	(82.0, 0.005005733840581029)	(83.0, 0.0022753335639004676)	(84.0, 0.0004550667127800936)	(85.0, 0.0004550667127800936)	(86.0, 0.0004550667127800936)	(87.0, 0.0009101334255601872)	(88.0, 0.0009101334255601872)	(89.0, 0.0)	(90.0, 0.0)	(91.0, 0.0004550667127800936)	(92.0, 0.0004550667127800936)	(93.0, 0.0)	(94.0, 0.0)	(95.0, 0.0)	(96.0, 0.0)	(97.0, 0.0)	(98.0, 0.0)	(99.0, 0.0)	(100.0, 0.0)
SRR5898911_2	(0.0, 0.0)	(1.0, 0.0)	(2.0, 0.0013685631911244116)	(3.0, 0.0013685631911244116)	(4.0, 0.0)	(5.0, 0.0022809386518740193)	(6.0, 0.0036495018429984305)	(7.0, 0.002737126382248823)	(8.0, 0.0036495018429984305)	(9.0, 0.004105689573373234)	(10.0, 0.005474252764497646)	(11.0, 0.010948505528995293)	(12.0, 0.010492317798620488)	(13.0, 0.0068428159556220575)	(14.0, 0.0118608809897449)	(15.0, 0.018247509214992155)	(16.0, 0.024177949709864605)	(17.0, 0.032845516586985875)	(18.0, 0.03968833254260793)	(19.0, 0.05018065034122842)	(20.0, 0.06888434728659538)	(21.0, 0.09397467245720958)	(22.0, 0.1318382540783183)	(23.0, 0.18475603080179556)	(24.0, 0.2499908762453925)	(25.0, 0.3261742272179847)	(26.0, 0.43292215612568885)	(27.0, 0.553355716944637)	(28.0, 0.6491551403233459)	(29.0, 0.8024342177292799)	(30.0, 0.95343235648334)	(31.0, 1.11583518849677)	(32.0, 1.3252253567388053)	(33.0, 1.5090690120798511)	(34.0, 1.716634429400387)	(35.0, 1.931955038137294)	(36.0, 2.1217291339732127)	(37.0, 2.3475420605087405)	(38.0, 2.623079449655122)	(39.0, 2.8703331995182655)	(40.0, 3.097514689244918)	(41.0, 3.3771577679646727)	(42.0, 3.642202839312434)	(43.0, 3.9181964161891902)	(44.0, 4.228860260574431)	(45.0, 4.487062515966571)	(46.0, 4.647640597058501)	(47.0, 4.766705594686325)	(48.0, 4.879383964088902)	(49.0, 4.85931170395241)	(50.0, 4.7201744461880955)	(51.0, 4.477482573628699)	(52.0, 4.167731104704208)	(53.0, 3.7945695412576184)	(54.0, 3.332907558118317)	(55.0, 2.8580161307981458)	(56.0, 2.353928688733988)	(57.0, 1.9474654209700377)	(58.0, 1.6427320170796684)	(59.0, 1.327962483121054)	(60.0, 1.0734097295719134)	(61.0, 0.842122550271888)	(62.0, 0.660559833582716)	(63.0, 0.5305463304258968)	(64.0, 0.42881646655231564)	(65.0, 0.33575416955585563)	(66.0, 0.26185175723513743)	(67.0, 0.21532060873690742)	(68.0, 0.17243896208167583)	(69.0, 0.13548775592131673)	(70.0, 0.10492317798620489)	(71.0, 0.09123754607496078)	(72.0, 0.07435860005109303)	(73.0, 0.05291777672347725)	(74.0, 0.03695120616035911)	(75.0, 0.03330170431736068)	(76.0, 0.026915076092113428)	(77.0, 0.019616072406116566)	(78.0, 0.013685631911244115)	(79.0, 0.010036130068245684)	(80.0, 0.010036130068245684)	(81.0, 0.010492317798620488)	(82.0, 0.010948505528995293)	(83.0, 0.007755191416371665)	(84.0, 0.005018065034122842)	(85.0, 0.004561877303748039)	(86.0, 0.004105689573373234)	(87.0, 0.004561877303748039)	(88.0, 0.00593044049487245)	(89.0, 0.0068428159556220575)	(90.0, 0.006386628225247253)	(91.0, 0.005474252764497646)	(92.0, 0.005018065034122842)	(93.0, 0.004561877303748039)	(94.0, 0.0031933141126236266)	(95.0, 0.0036495018429984305)	(96.0, 0.0036495018429984305)	(97.0, 0.002737126382248823)	(98.0, 0.0022809386518740193)	(99.0, 0.0018247509214992152)	(100.0, 0.005474252764497646)
SRR5898912_1	(0.0, 0.0)	(1.0, 0.0)	(2.0, 0.0)	(3.0, 0.0)	(4.0, 0.0)	(5.0, 0.0)	(6.0, 0.0)	(7.0, 0.0)	(8.0, 0.0)	(9.0, 0.0004518895762631443)	(10.0, 0.001355668728789433)	(11.0, 0.002711337457578866)	(12.0, 0.0045188957626314434)	(13.0, 0.004970785338894588)	(14.0, 0.007230233220210309)	(15.0, 0.012201018559104897)	(16.0, 0.018527472626788916)	(17.0, 0.027565264152051808)	(18.0, 0.03389171821973583)	(19.0, 0.05015974296520902)	(20.0, 0.07682122796473455)	(21.0, 0.10754971915062836)	(22.0, 0.15228678720067965)	(23.0, 0.22278156109773015)	(24.0, 0.3262642740619902)	(25.0, 0.42161297465351366)	(26.0, 0.5201249022788792)	(27.0, 0.6489134315138753)	(28.0, 0.7740868441387663)	(29.0, 0.9132688336278147)	(30.0, 1.0565178293032316)	(31.0, 1.168134554640228)	(32.0, 1.3448233789591175)	(33.0, 1.5870361918361628)	(34.0, 1.7587542308161577)	(35.0, 1.922790146999679)	(36.0, 2.0791439403867273)	(37.0, 2.2413722982651962)	(38.0, 2.505275810802872)	(39.0, 2.7845435689334956)	(40.0, 3.0100364674888045)	(41.0, 3.258575734433534)	(42.0, 3.550496400699525)	(43.0, 3.8591369812872527)	(44.0, 4.1849493657729795)	(45.0, 4.451564215768235)	(46.0, 4.728572526017542)	(47.0, 4.937345510251115)	(48.0, 4.9825344678774295)	(49.0, 4.918366148048063)	(50.0, 4.800422968643383)	(51.0, 4.588938646952231)	(52.0, 4.181334249162875)	(53.0, 3.7430013601876246)	(54.0, 3.3245516125679533)	(55.0, 2.831991974441126)	(56.0, 2.357507919364824)	(57.0, 1.9191750303895738)	(58.0, 1.5540482527689534)	(59.0, 1.26755026141812)	(60.0, 1.0095213133718643)	(61.0, 0.8242465871039754)	(62.0, 0.6547879960052961)	(63.0, 0.49843420261824817)	(64.0, 0.39404771050146187)	(65.0, 0.3303312802483585)	(66.0, 0.26480729169020256)	(67.0, 0.20515786762346752)	(68.0, 0.15951702042088994)	(69.0, 0.11975073770973325)	(70.0, 0.08450335076120799)	(71.0, 0.05693808660915618)	(72.0, 0.05287108042278789)	(73.0, 0.04428517847378815)	(74.0, 0.024402037118209794)	(75.0, 0.012652908135368042)	(76.0, 0.009037791525262887)	(77.0, 0.007230233220210309)	(78.0, 0.004970785338894588)	(79.0, 0.0036151166101051546)	(80.0, 0.0036151166101051546)	(81.0, 0.0022594478813157217)	(82.0, 0.002711337457578866)	(83.0, 0.0022594478813157217)	(84.0, 0.0004518895762631443)	(85.0, 0.0004518895762631443)	(86.0, 0.0)	(87.0, 0.0)	(88.0, 0.0)	(89.0, 0.0)	(90.0, 0.0)	(91.0, 0.0004518895762631443)	(92.0, 0.0004518895762631443)	(93.0, 0.0)	(94.0, 0.0)	(95.0, 0.0)	(96.0, 0.0)	(97.0, 0.0)	(98.0, 0.0)	(99.0, 0.0)	(100.0, 0.0004518895762631443)
SRR5898912_2	(0.0, 0.0)	(1.0, 0.0)	(2.0, 0.0)	(3.0, 0.0)	(4.0, 0.0)	(5.0, 0.0)	(6.0, 0.0)	(7.0, 0.0)	(8.0, 0.0)	(9.0, 0.0004528718870718662)	(10.0, 0.0018114875482874648)	(11.0, 0.0027172313224311973)	(12.0, 0.0027172313224311973)	(13.0, 0.004075846983646796)	(14.0, 0.008604565854365458)	(15.0, 0.015397644160443452)	(16.0, 0.02037923491823398)	(17.0, 0.03034241643381504)	(18.0, 0.039852726062324234)	(19.0, 0.05208026701326462)	(20.0, 0.08378129910829525)	(21.0, 0.1086892528972479)	(22.0, 0.15080633839493146)	(23.0, 0.240474972035161)	(24.0, 0.3256148868046718)	(25.0, 0.4075846983646796)	(26.0, 0.5294072359870117)	(27.0, 0.663457314560284)	(28.0, 0.7793925176506818)	(29.0, 0.924311521513679)	(30.0, 1.0660604221671732)	(31.0, 1.201921988288733)	(32.0, 1.3962040278425636)	(33.0, 1.580975757767885)	(34.0, 1.7738991816605)	(35.0, 1.977238658955768)	(36.0, 2.1352909475438495)	(37.0, 2.3001363144380083)	(38.0, 2.556008930633613)	(39.0, 2.8453940664725357)	(40.0, 3.0840575509594093)	(41.0, 3.3050590318504796)	(42.0, 3.5677247263521625)	(43.0, 3.8652615561583783)	(44.0, 4.144230638594648)	(45.0, 4.399197511016109)	(46.0, 4.672279258920444)	(47.0, 4.8661084265872026)	(48.0, 4.92860474700312)	(49.0, 4.834860266379244)	(50.0, 4.7085090098861935)	(51.0, 4.533700461476453)	(52.0, 4.184989108431116)	(53.0, 3.7348344526816812)	(54.0, 3.236222505015556)	(55.0, 2.765688614347887)	(56.0, 2.3024006738733678)	(57.0, 1.8785125875741011)	(58.0, 1.5316127220770517)	(59.0, 1.2440390737864166)	(60.0, 0.9985825109934651)	(61.0, 0.8142636529552155)	(62.0, 0.6476067985127687)	(63.0, 0.5126509761653525)	(64.0, 0.41664213610611694)	(65.0, 0.3247091430305281)	(66.0, 0.27715759488798214)	(67.0, 0.23005891863250805)	(68.0, 0.15895803236222505)	(69.0, 0.1222754095094039)	(70.0, 0.09963181515581056)	(71.0, 0.07291237381857046)	(72.0, 0.05072165135204902)	(73.0, 0.036682622852821166)	(74.0, 0.029436672659671304)	(75.0, 0.023549338127737043)	(76.0, 0.01675625982165905)	(77.0, 0.011321797176796657)	(78.0, 0.014944772273371588)	(79.0, 0.014491900386299718)	(80.0, 0.005887334531934261)	(81.0, 0.006793078306077994)	(82.0, 0.006793078306077994)	(83.0, 0.004981590757790529)	(84.0, 0.006793078306077994)	(85.0, 0.005887334531934261)	(86.0, 0.008604565854365458)	(87.0, 0.008604565854365458)	(88.0, 0.005887334531934261)	(89.0, 0.0054344626448623945)	(90.0, 0.004528718870718662)	(91.0, 0.004528718870718662)	(92.0, 0.0036229750965749295)	(93.0, 0.0027172313224311973)	(94.0, 0.0036229750965749295)	(95.0, 0.004528718870718662)	(96.0, 0.003170103209503064)	(97.0, 0.003170103209503064)	(98.0, 0.004528718870718662)	(99.0, 0.004528718870718662)	(100.0, 0.009057437741437325)
SRR5898920_1	(0.0, 0.0)	(1.0, 0.0)	(2.0, 0.0)	(3.0, 0.0)	(4.0, 0.0)	(5.0, 0.0)	(6.0, 0.0)	(7.0, 0.0)	(8.0, 0.0)	(9.0, 0.0009302844809942881)	(10.0, 0.0009302844809942881)	(11.0, 0.00046514224049714405)	(12.0, 0.0009302844809942881)	(13.0, 0.001395426721491432)	(14.0, 0.0032559956834800085)	(15.0, 0.006046849126462872)	(16.0, 0.012093698252925745)	(17.0, 0.023257112024857203)	(18.0, 0.03581595251828009)	(19.0, 0.04372337060673154)	(20.0, 0.06139877574562301)	(21.0, 0.1014010084283774)	(22.0, 0.16140435745250897)	(23.0, 0.2204774219956463)	(24.0, 0.28094591326027496)	(25.0, 0.38095149496716096)	(26.0, 0.49770219733194415)	(27.0, 0.6125923307347387)	(28.0, 0.7609727054533276)	(29.0, 0.9395873258042309)	(30.0, 1.1070385323832028)	(31.0, 1.288909148417586)	(32.0, 1.5005488678437866)	(33.0, 1.6619532252962956)	(34.0, 1.8094033155338904)	(35.0, 2.0084841944666683)	(36.0, 2.238264461272257)	(37.0, 2.412227659218189)	(38.0, 2.5703760209872177)	(39.0, 2.7750386068059614)	(40.0, 2.9731892012577443)	(41.0, 3.1476175414441734)	(42.0, 3.2815785067073513)	(43.0, 3.480194243399631)	(44.0, 3.7392784713565406)	(45.0, 3.878821143505684)	(46.0, 3.9932461346679813)	(47.0, 4.136044802500605)	(48.0, 4.26535434535881)	(49.0, 4.314659422851507)	(50.0, 4.289541741864662)	(51.0, 4.149533927475022)	(52.0, 3.9611513200736783)	(53.0, 3.7550933075334436)	(54.0, 3.42670288574246)	(55.0, 3.048077101977785)	(56.0, 2.6778238785420583)	(57.0, 2.338270042979143)	(58.0, 2.010344763428656)	(59.0, 1.7391668372188216)	(60.0, 1.5000837256032895)	(61.0, 1.269373174316706)	(62.0, 1.0763391445103914)	(63.0, 0.8953988129570023)	(64.0, 0.7251567529350476)	(65.0, 0.5791020894189443)	(66.0, 0.45351368448471546)	(67.0, 0.35769438294230377)	(68.0, 0.2683870727668521)	(69.0, 0.20838372374272054)	(70.0, 0.16466035313598898)	(71.0, 0.12093698252925744)	(72.0, 0.07674846968202877)	(73.0, 0.052561073176177274)	(74.0, 0.03767652148026866)	(75.0, 0.025117680986845775)	(76.0, 0.021396543062868627)	(77.0, 0.01488455169590861)	(78.0, 0.009767987050440024)	(79.0, 0.006511991366960017)	(80.0, 0.0032559956834800085)	(81.0, 0.002790853442982864)	(82.0, 0.002790853442982864)	(83.0, 0.001395426721491432)	(84.0, 0.00046514224049714405)	(85.0, 0.00046514224049714405)	(86.0, 0.0)	(87.0, 0.0)	(88.0, 0.00046514224049714405)	(89.0, 0.00046514224049714405)	(90.0, 0.0)	(91.0, 0.0)	(92.0, 0.0)	(93.0, 0.0)	(94.0, 0.0)	(95.0, 0.0)	(96.0, 0.0)	(97.0, 0.0)	(98.0, 0.0)	(99.0, 0.0)	(100.0, 0.0)
SRR5898920_2	(0.0, 0.0)	(1.0, 0.0)	(2.0, 0.0)	(3.0, 0.0)	(4.0, 0.0)	(5.0, 0.0)	(6.0, 0.0)	(7.0, 0.0)	(8.0, 0.0)	(9.0, 0.00046547783627282584)	(10.0, 0.0013964335088184777)	(11.0, 0.0009309556725456517)	(12.0, 0.0013964335088184777)	(13.0, 0.0027928670176369554)	(14.0, 0.0032583448539097812)	(15.0, 0.005585734035273911)	(16.0, 0.013964335088184775)	(17.0, 0.022808413977368467)	(18.0, 0.029790581521460854)	(19.0, 0.044685872282191286)	(20.0, 0.06749428625955975)	(21.0, 0.0972848677810206)	(22.0, 0.15686603082394232)	(23.0, 0.23273891813641295)	(24.0, 0.3146630173204303)	(25.0, 0.41846457480927046)	(26.0, 0.5073708415373802)	(27.0, 0.6251367341144052)	(28.0, 0.7815372871020746)	(29.0, 0.9300247168731062)	(30.0, 1.0813050136617743)	(31.0, 1.2693580595159961)	(32.0, 1.4797540415113135)	(33.0, 1.6743237770733548)	(34.0, 1.866100645617759)	(35.0, 2.0420512677288873)	(36.0, 2.2380174367997467)	(37.0, 2.443293162596063)	(38.0, 2.659740356462927)	(39.0, 2.819399254304506)	(40.0, 2.9204079447757096)	(41.0, 3.089376399342745)	(42.0, 3.303961681864518)	(43.0, 3.514357663859835)	(44.0, 3.755009705212886)	(45.0, 3.9067554798378277)	(46.0, 4.0263832837599445)	(47.0, 4.215367285286711)	(48.0, 4.275413926165906)	(49.0, 4.245157866808172)	(50.0, 4.21350537394162)	(51.0, 4.091084703001867)	(52.0, 3.9453901402484717)	(53.0, 3.742907281469793)	(54.0, 3.33235582987716)	(55.0, 3.0093142115038196)	(56.0, 2.737475155120489)	(57.0, 2.3650928861022282)	(58.0, 2.0197083315877915)	(59.0, 1.6989941023958146)	(60.0, 1.4369300805742133)	(61.0, 1.1888303938407971)	(62.0, 1.0170690722561244)	(63.0, 0.9030270023692822)	(64.0, 0.7308002029483366)	(65.0, 0.5660210489077563)	(66.0, 0.4445313336405487)	(67.0, 0.3598143674388944)	(68.0, 0.30162963790479114)	(69.0, 0.2285496176099575)	(70.0, 0.16524463187685318)	(71.0, 0.12521353795739015)	(72.0, 0.08145862134774454)	(73.0, 0.04608230579100976)	(74.0, 0.030721537194006505)	(75.0, 0.0269977145038239)	(76.0, 0.024204847486186943)	(77.0, 0.021877458304822815)	(78.0, 0.012102423743093471)	(79.0, 0.006051211871546736)	(80.0, 0.005120256199001085)	(81.0, 0.004654778362728258)	(82.0, 0.0037238226901826067)	(83.0, 0.0018619113450913034)	(84.0, 0.0009309556725456517)	(85.0, 0.00046547783627282584)	(86.0, 0.00046547783627282584)	(87.0, 0.00046547783627282584)	(88.0, 0.0009309556725456517)	(89.0, 0.0013964335088184777)	(90.0, 0.0009309556725456517)	(91.0, 0.00046547783627282584)	(92.0, 0.0009309556725456517)	(93.0, 0.0013964335088184777)	(94.0, 0.002327389181364129)	(95.0, 0.0027928670176369554)	(96.0, 0.0013964335088184777)	(97.0, 0.0013964335088184777)	(98.0, 0.0018619113450913034)	(99.0, 0.002327389181364129)	(100.0, 0.0069821675440923875)
SRR5898921_1	(0.0, 0.0)	(1.0, 0.0)	(2.0, 0.0)	(3.0, 0.0)	(4.0, 0.0)	(5.0, 0.0)	(6.0, 0.0)	(7.0, 0.0)	(8.0, 0.0)	(9.0, 0.00046761748889408465)	(10.0, 0.0014028524666822538)	(11.0, 0.002338087444470423)	(12.0, 0.002338087444470423)	(13.0, 0.002338087444470423)	(14.0, 0.005143792377834931)	(15.0, 0.008884732288987608)	(16.0, 0.01402852466682254)	(17.0, 0.022913256955810146)	(18.0, 0.031330371755903676)	(19.0, 0.052840776245031564)	(20.0, 0.0790273556231003)	(21.0, 0.09866729015665185)	(22.0, 0.14449380406827214)	(23.0, 0.2141688099134908)	(24.0, 0.2899228431143325)	(25.0, 0.36754734627075053)	(26.0, 0.4891278933832125)	(27.0, 0.6121112929623568)	(28.0, 0.7140519055412673)	(29.0, 0.8449848024316109)	(30.0, 0.9380406827215337)	(31.0, 1.0371755903670798)	(32.0, 1.148936170212766)	(33.0, 1.2611643675473463)	(34.0, 1.387421089548749)	(35.0, 1.497311199438859)	(36.0, 1.6315174187514614)	(37.0, 1.7601122281973345)	(38.0, 1.8414776712649052)	(39.0, 1.9953238251110592)	(40.0, 2.1795651157353286)	(41.0, 2.320785597381342)	(42.0, 2.4058919803600656)	(43.0, 2.5545943418283845)	(44.0, 2.8197334580313305)	(45.0, 3.01660042085574)	(46.0, 3.2083235913023147)	(47.0, 3.4136076689268178)	(48.0, 3.534252981061492)	(49.0, 3.685293429974281)	(50.0, 3.8774842179097497)	(51.0, 3.9242459667991585)	(52.0, 3.9462239887771804)	(53.0, 3.9373392564881926)	(54.0, 3.81108253448679)	(55.0, 3.7376665887304186)	(56.0, 3.600187046995558)	(57.0, 3.4051905541267247)	(58.0, 3.221884498480243)	(59.0, 2.925882628010288)	(60.0, 2.623801730184709)	(61.0, 2.359597848959551)	(62.0, 2.0860416179565116)	(63.0, 1.799392097264438)	(64.0, 1.525368248772504)	(65.0, 1.2681786298807574)	(66.0, 1.0184708908113163)	(67.0, 0.8272153378536358)	(68.0, 0.6771101239186346)	(69.0, 0.5148468552723872)	(70.0, 0.364741641337386)	(71.0, 0.2735562310030395)	(72.0, 0.21136310498012625)	(73.0, 0.13981762917933133)	(74.0, 0.09352349777881692)	(75.0, 0.07107785831190086)	(76.0, 0.04769698386719663)	(77.0, 0.02712181435585691)	(78.0, 0.015431377133504794)	(79.0, 0.010755202244563947)	(80.0, 0.006546644844517185)	(81.0, 0.0032733224222585926)	(82.0, 0.003740939911152677)	(83.0, 0.003740939911152677)	(84.0, 0.0014028524666822538)	(85.0, 0.0009352349777881693)	(86.0, 0.0009352349777881693)	(87.0, 0.00046761748889408465)	(88.0, 0.00046761748889408465)	(89.0, 0.0)	(90.0, 0.00046761748889408465)	(91.0, 0.00046761748889408465)	(92.0, 0.0)	(93.0, 0.0)	(94.0, 0.0)	(95.0, 0.0)	(96.0, 0.0)	(97.0, 0.0)	(98.0, 0.0)	(99.0, 0.0)	(100.0, 0.0)
SRR5898921_2	(0.0, 0.0)	(1.0, 0.0)	(2.0, 0.0)	(3.0, 0.0)	(4.0, 0.0)	(5.0, 0.0)	(6.0, 0.0)	(7.0, 0.0)	(8.0, 0.0009365444320092156)	(9.0, 0.0014048166480138233)	(10.0, 0.0014048166480138233)	(11.0, 0.0018730888640184312)	(12.0, 0.0018730888640184312)	(13.0, 0.0023413610800230387)	(14.0, 0.006087538808059901)	(15.0, 0.01077026096810598)	(16.0, 0.013579894264133627)	(17.0, 0.02341361080023039)	(18.0, 0.0416762272244101)	(19.0, 0.06321674916062206)	(20.0, 0.08756690439286165)	(21.0, 0.1198776872971796)	(22.0, 0.16576836446563117)	(23.0, 0.22242930260218868)	(24.0, 0.29267013500287986)	(25.0, 0.3704033228596448)	(26.0, 0.47201839373264465)	(27.0, 0.610158697454004)	(28.0, 0.7333142902632158)	(29.0, 0.8372707222162388)	(30.0, 0.9669821260495152)	(31.0, 1.0868598133466947)	(32.0, 1.164124728987455)	(33.0, 1.2568426277563673)	(34.0, 1.376720315053547)	(35.0, 1.518606796502943)	(36.0, 1.6450402948241873)	(37.0, 1.7368216491610904)	(38.0, 1.845929075490164)	(39.0, 2.0159118898998365)	(40.0, 2.1652907268053063)	(41.0, 2.3268446413268964)	(42.0, 2.493081278008532)	(43.0, 2.648079381506057)	(44.0, 2.800736123923559)	(45.0, 2.9866401936773883)	(46.0, 3.2048550463355356)	(47.0, 3.3640675997771026)	(48.0, 3.5424793140748583)	(49.0, 3.690921606548319)	(50.0, 3.83842735458977)	(51.0, 3.9311452533586824)	(52.0, 3.903048920398406)	(53.0, 3.871206409710093)	(54.0, 3.7836395053172307)	(55.0, 3.7143352173485487)	(56.0, 3.5902430801073284)	(57.0, 3.3664089608571257)	(58.0, 3.166456724623158)	(59.0, 2.8620797842201626)	(60.0, 2.5525518494411172)	(61.0, 2.3179474692228084)	(62.0, 2.0603977504202744)	(63.0, 1.776624787521482)	(64.0, 1.544830040599201)	(65.0, 1.2980505827647728)	(66.0, 1.0330085085061649)	(67.0, 0.8269687334641374)	(68.0, 0.6649465467265431)	(69.0, 0.5357034151092713)	(70.0, 0.4148891833800825)	(71.0, 0.3034403959709859)	(72.0, 0.2116590416340827)	(73.0, 0.15406155906551597)	(74.0, 0.11144878740909667)	(75.0, 0.07445528234473264)	(76.0, 0.044485860520437744)	(77.0, 0.029032877392285685)	(78.0, 0.023881883016235)	(79.0, 0.014516438696142843)	(80.0, 0.008897172104087548)	(81.0, 0.006555811024064509)	(82.0, 0.005619266592055293)	(83.0, 0.005150994376050685)	(84.0, 0.0028096332960276466)	(85.0, 0.0028096332960276466)	(86.0, 0.0032779055120322545)	(87.0, 0.0028096332960276466)	(88.0, 0.0028096332960276466)	(89.0, 0.0018730888640184312)	(90.0, 0.0009365444320092156)	(91.0, 0.0004682722160046078)	(92.0, 0.0009365444320092156)	(93.0, 0.0037461777280368624)	(94.0, 0.00421444994404147)	(95.0, 0.0018730888640184312)	(96.0, 0.0004682722160046078)	(97.0, 0.0014048166480138233)	(98.0, 0.0018730888640184312)	(99.0, 0.0009365444320092156)	(100.0, 0.0037461777280368624)
SRR5898922_1	(0.0, 0.0)	(1.0, 0.0)	(2.0, 0.0)	(3.0, 0.0)	(4.0, 0.0)	(5.0, 0.0)	(6.0, 0.0)	(7.0, 0.0)	(8.0, 0.0)	(9.0, 0.0)	(10.0, 0.0009222114630884861)	(11.0, 0.0013833171946327292)	(12.0, 0.0013833171946327292)	(13.0, 0.0018444229261769722)	(14.0, 0.004149951583898187)	(15.0, 0.006916585973163646)	(16.0, 0.007838797436252133)	(17.0, 0.009222114630884862)	(18.0, 0.017522017798681237)	(19.0, 0.029049661087287314)	(20.0, 0.04103841010743764)	(21.0, 0.07331581131553466)	(22.0, 0.11297090422833955)	(23.0, 0.15585373726195417)	(24.0, 0.21395305943652881)	(25.0, 0.29602987965140404)	(26.0, 0.3988564577857703)	(27.0, 0.5275049568866141)	(28.0, 0.67920874256467)	(29.0, 0.8585788721353806)	(30.0, 1.0586987596255821)	(31.0, 1.271268501867478)	(32.0, 1.4787660810623877)	(33.0, 1.705168995250611)	(34.0, 1.9569327246737676)	(35.0, 2.225296260432517)	(36.0, 2.5273205145939963)	(37.0, 2.8699220731313693)	(38.0, 3.2328122838566884)	(39.0, 3.5532807672799374)	(40.0, 3.80458339097155)	(41.0, 4.050813851616176)	(42.0, 4.251394844837921)	(43.0, 4.306266426891686)	(44.0, 4.361599114676996)	(45.0, 4.375893392354866)	(46.0, 4.332088347858163)	(47.0, 4.213123069119749)	(48.0, 4.007931018582561)	(49.0, 3.7492507031862403)	(50.0, 3.488264859132199)	(51.0, 3.3015170378567804)	(52.0, 3.04929220270208)	(53.0, 2.767556600728547)	(54.0, 2.4816710471711163)	(55.0, 2.2308295292110483)	(56.0, 2.046387236593351)	(57.0, 1.9034444598146356)	(58.0, 1.7425185595056947)	(59.0, 1.5244155484852675)	(60.0, 1.4155945958408265)	(61.0, 1.314612440632637)	(62.0, 1.140314474108913)	(63.0, 0.9895328998939458)	(64.0, 0.8636510351823673)	(65.0, 0.7147138838935768)	(66.0, 0.551943560658459)	(67.0, 0.43805044496703094)	(68.0, 0.3522847788998017)	(69.0, 0.2748190160003689)	(70.0, 0.20196431041637847)	(71.0, 0.1457094111679808)	(72.0, 0.10743763544980864)	(73.0, 0.0728547055839904)	(74.0, 0.04196062157052612)	(75.0, 0.025360815234933373)	(76.0, 0.014755383409415778)	(77.0, 0.006916585973163646)	(78.0, 0.005072163046986674)	(79.0, 0.005072163046986674)	(80.0, 0.0036888458523539444)	(81.0, 0.0027666343892654584)	(82.0, 0.0023055286577212154)	(83.0, 0.0009222114630884861)	(84.0, 0.0)	(85.0, 0.0)	(86.0, 0.00046110573154424305)	(87.0, 0.00046110573154424305)	(88.0, 0.0)	(89.0, 0.0)	(90.0, 0.0)	(91.0, 0.0)	(92.0, 0.0)	(93.0, 0.0)	(94.0, 0.0)	(95.0, 0.00046110573154424305)	(96.0, 0.00046110573154424305)	(97.0, 0.0)	(98.0, 0.0)	(99.0, 0.0)	(100.0, 0.0)
SRR5898922_2	(0.0, 0.0)	(1.0, 0.0)	(2.0, 0.0)	(3.0, 0.0)	(4.0, 0.0)	(5.0, 0.0)	(6.0, 0.0)	(7.0, 0.0)	(8.0, 0.00046142062181042995)	(9.0, 0.00046142062181042995)	(10.0, 0.00138426186543129)	(11.0, 0.0023071031090521497)	(12.0, 0.0018456824872417198)	(13.0, 0.00138426186543129)	(14.0, 0.00276852373086258)	(15.0, 0.006459888705346019)	(16.0, 0.008766991814398169)	(17.0, 0.01061267430163989)	(18.0, 0.018456824872417198)	(19.0, 0.03460654663578225)	(20.0, 0.05490905399544116)	(21.0, 0.07844150570777308)	(22.0, 0.11766225856165964)	(23.0, 0.17487841566615295)	(24.0, 0.2325559933924567)	(25.0, 0.31422744345290277)	(26.0, 0.4189699246038704)	(27.0, 0.5375550244091509)	(28.0, 0.6745969490868485)	(29.0, 0.8803905464143005)	(30.0, 1.074187207574681)	(31.0, 1.2592168769206633)	(32.0, 1.4802373547678593)	(33.0, 1.6897223170697946)	(34.0, 1.9638061664251898)	(35.0, 2.277110768634472)	(36.0, 2.58626258524746)	(37.0, 2.9060270761620877)	(38.0, 3.210103265935161)	(39.0, 3.50910382886832)	(40.0, 3.760578067755004)	(41.0, 3.9774457600059065)	(42.0, 4.2376869907069885)	(43.0, 4.355349249268648)	(44.0, 4.360886296730373)	(45.0, 4.338276686261663)	(46.0, 4.2935188859460505)	(47.0, 4.22845857827078)	(48.0, 3.9968254261219442)	(49.0, 3.7135131643303407)	(50.0, 3.4883399008868508)	(51.0, 3.236404241378356)	(52.0, 3.011230977934866)	(53.0, 2.770830833971632)	(54.0, 2.4787515803656297)	(55.0, 2.2651138324674007)	(56.0, 2.0750085362815036)	(57.0, 1.8507581140816347)	(58.0, 1.659268556030306)	(59.0, 1.5494504480394238)	(60.0, 1.4317881894777642)	(61.0, 1.2859792729856683)	(62.0, 1.1443231420898663)	(63.0, 1.0049741143031163)	(64.0, 0.842554055425845)	(65.0, 0.6981294007991805)	(66.0, 0.5813899834811417)	(67.0, 0.4512693681306005)	(68.0, 0.3631380293648084)	(69.0, 0.2920792536060022)	(70.0, 0.21179206541098736)	(71.0, 0.1462703371139063)	(72.0, 0.11350947296536577)	(73.0, 0.08305571192587738)	(74.0, 0.052140530264578586)	(75.0, 0.031376602283109234)	(76.0, 0.02122534860327978)	(77.0, 0.012919777410692038)	(78.0, 0.006459888705346019)	(79.0, 0.00599846808353559)	(80.0, 0.004614206218104299)	(81.0, 0.0036913649744834396)	(82.0, 0.0023071031090521497)	(83.0, 0.0023071031090521497)	(84.0, 0.0018456824872417198)	(85.0, 0.0023071031090521497)	(86.0, 0.0032299443526730095)	(87.0, 0.0018456824872417198)	(88.0, 0.00138426186543129)	(89.0, 0.00138426186543129)	(90.0, 0.0009228412436208599)	(91.0, 0.00138426186543129)	(92.0, 0.0023071031090521497)	(93.0, 0.0009228412436208599)	(94.0, 0.00046142062181042995)	(95.0, 0.0009228412436208599)	(96.0, 0.00046142062181042995)	(97.0, 0.0023071031090521497)	(98.0, 0.00276852373086258)	(99.0, 0.0018456824872417198)	(100.0, 0.0032299443526730095)
SRR5898923_1	(0.0, 0.0)	(1.0, 0.0)	(2.0, 0.0)	(3.0, 0.0)	(4.0, 0.0)	(5.0, 0.0)	(6.0, 0.0)	(7.0, 0.0)	(8.0, 0.0)	(9.0, 0.0)	(10.0, 0.0)	(11.0, 0.0)	(12.0, 0.00045034496424260984)	(13.0, 0.0013510348927278295)	(14.0, 0.0031524147496982693)	(15.0, 0.002702069785455659)	(16.0, 0.004953794606668708)	(17.0, 0.016212418712733954)	(18.0, 0.019364833462432226)	(19.0, 0.025669662961828762)	(20.0, 0.04773656620971664)	(21.0, 0.07565795399275846)	(22.0, 0.1278979698449012)	(23.0, 0.1841910903752274)	(24.0, 0.24904076522616322)	(25.0, 0.31884423468376777)	(26.0, 0.3931511537837984)	(27.0, 0.5219498135571848)	(28.0, 0.694882279826347)	(29.0, 0.8470988777403491)	(30.0, 0.9813016770846469)	(31.0, 1.160088627888963)	(32.0, 1.3703997261902616)	(33.0, 1.5892673788121703)	(34.0, 1.8153405508619602)	(35.0, 2.016644749878407)	(36.0, 2.2413668870354693)	(37.0, 2.455280745050709)	(38.0, 2.6529821843532146)	(39.0, 2.9123808837569576)	(40.0, 3.128996811557653)	(41.0, 3.2969754832201463)	(42.0, 3.5158431358420548)	(43.0, 3.7036369859312233)	(44.0, 3.915749464089493)	(45.0, 4.1548826401023184)	(46.0, 4.365193738403617)	(47.0, 4.523715165817016)	(48.0, 4.550735863671573)	(49.0, 4.522364130924288)	(50.0, 4.500747572640643)	(51.0, 4.369697188046043)	(52.0, 4.096337794750779)	(53.0, 3.8247797813124853)	(54.0, 3.509087961378416)	(55.0, 3.1064795633455224)	(56.0, 2.6462270098895755)	(57.0, 2.2305586078936464)	(58.0, 1.8950516095329024)	(59.0, 1.5672004755642823)	(60.0, 1.2803307333417397)	(61.0, 1.0434492821501269)	(62.0, 0.8169257651360942)	(63.0, 0.6349863995820799)	(64.0, 0.4962801505953561)	(65.0, 0.39044908399834277)	(66.0, 0.311638715255886)	(67.0, 0.22697386197827538)	(68.0, 0.15942211734188388)	(69.0, 0.11483796588186551)	(70.0, 0.08646623313458109)	(71.0, 0.07430691910003062)	(72.0, 0.05764415542305406)	(73.0, 0.04188208167456271)	(74.0, 0.034676562246680954)	(75.0, 0.025219317997586154)	(76.0, 0.016212418712733954)	(77.0, 0.009907589213337417)	(78.0, 0.009006899284852196)	(79.0, 0.0063048294993965385)	(80.0, 0.0031524147496982693)	(81.0, 0.002251724821213049)	(82.0, 0.0013510348927278295)	(83.0, 0.0013510348927278295)	(84.0, 0.00045034496424260984)	(85.0, 0.0)	(86.0, 0.0)	(87.0, 0.0)	(88.0, 0.00045034496424260984)	(89.0, 0.00045034496424260984)	(90.0, 0.0)	(91.0, 0.0)	(92.0, 0.0)	(93.0, 0.0)	(94.0, 0.0)	(95.0, 0.0)	(96.0, 0.0)	(97.0, 0.0)	(98.0, 0.0)	(99.0, 0.0)	(100.0, 0.0)
SRR5898923_2	(0.0, 0.0)	(1.0, 0.0)	(2.0, 0.0)	(3.0, 0.0)	(4.0, 0.0)	(5.0, 0.000451104755546333)	(6.0, 0.000451104755546333)	(7.0, 0.0)	(8.0, 0.0)	(9.0, 0.0)	(10.0, 0.0)	(11.0, 0.000451104755546333)	(12.0, 0.000902209511092666)	(13.0, 0.0013533142666389989)	(14.0, 0.003157733288824331)	(15.0, 0.004059942799916997)	(16.0, 0.009924304622019325)	(17.0, 0.02029971399958498)	(18.0, 0.025261866310594648)	(19.0, 0.03202843764378964)	(20.0, 0.053681465910013625)	(21.0, 0.07623670368733027)	(22.0, 0.11548281741986124)	(23.0, 0.17728416892970886)	(24.0, 0.25306976786149277)	(25.0, 0.32705094777109145)	(26.0, 0.4005810229251437)	(27.0, 0.514710526078366)	(28.0, 0.7082344662077428)	(29.0, 0.8760454352709786)	(30.0, 0.9807017385577278)	(31.0, 1.1904654498867728)	(32.0, 1.4146645133933)	(33.0, 1.6239771199667987)	(34.0, 1.8621604308952624)	(35.0, 2.0344824475139616)	(36.0, 2.2117666164436707)	(37.0, 2.463031965282978)	(38.0, 2.689486552567237)	(39.0, 2.8942881115852725)	(40.0, 3.147357879446765)	(41.0, 3.336370772020679)	(42.0, 3.497866274506266)	(43.0, 3.769431337345158)	(44.0, 3.9755862106298325)	(45.0, 4.193469807558711)	(46.0, 4.423082128131794)	(47.0, 4.476312489286262)	(48.0, 4.4645837656420575)	(49.0, 4.47901911781954)	(50.0, 4.466388184664242)	(51.0, 4.349100948222196)	(52.0, 4.1456527034708)	(53.0, 3.8158951271664305)	(54.0, 3.4306516659298625)	(55.0, 2.9840579579389925)	(56.0, 2.5284421548371965)	(57.0, 2.193722426221817)	(58.0, 1.9117819540053589)	(59.0, 1.5874376347675456)	(60.0, 1.2626422107741861)	(61.0, 1.0370898330010194)	(62.0, 0.8196573408276869)	(63.0, 0.6207201436317542)	(64.0, 0.4971174406120589)	(65.0, 0.38885229928093906)	(66.0, 0.28194047221645807)	(67.0, 0.21968801595106416)	(68.0, 0.18450184501845018)	(69.0, 0.13533142666389988)	(70.0, 0.09743862719800793)	(71.0, 0.06947013235413528)	(72.0, 0.04917041835455029)	(73.0, 0.0383439042214383)	(74.0, 0.033381751910428636)	(75.0, 0.02887070435496531)	(76.0, 0.01939750448849232)	(77.0, 0.013082037910843657)	(78.0, 0.011277618888658325)	(79.0, 0.007217676088741328)	(80.0, 0.0049621523110096625)	(81.0, 0.003608838044370664)	(82.0, 0.001804419022185332)	(83.0, 0.003157733288824331)	(84.0, 0.004059942799916997)	(85.0, 0.002255523777731665)	(86.0, 0.000902209511092666)	(87.0, 0.000902209511092666)	(88.0, 0.000902209511092666)	(89.0, 0.0013533142666389989)	(90.0, 0.000902209511092666)	(91.0, 0.0)	(92.0, 0.000902209511092666)	(93.0, 0.002255523777731665)	(94.0, 0.001804419022185332)	(95.0, 0.0013533142666389989)	(96.0, 0.002255523777731665)	(97.0, 0.002255523777731665)	(98.0, 0.001804419022185332)	(99.0, 0.001804419022185332)	(100.0, 0.003608838044370664)
SRR5898924_1	(0.0, 0.0)	(1.0, 0.0)	(2.0, 0.0)	(3.0, 0.0)	(4.0, 0.0)	(5.0, 0.0)	(6.0, 0.0)	(7.0, 0.0)	(8.0, 0.0)	(9.0, 0.0)	(10.0, 0.00046514656768347704)	(11.0, 0.00046514656768347704)	(12.0, 0.0009302931353669541)	(13.0, 0.002325732838417385)	(14.0, 0.0032560259737843397)	(15.0, 0.005116612244518248)	(16.0, 0.00790749165061911)	(17.0, 0.01441954359818779)	(18.0, 0.020001302410389516)	(19.0, 0.026513354357958194)	(20.0, 0.04046775138846251)	(21.0, 0.07535374396472329)	(22.0, 0.12233354730075446)	(23.0, 0.1683830575014187)	(24.0, 0.21815374024355075)	(25.0, 0.2930423376405905)	(26.0, 0.3772338663912999)	(27.0, 0.46421627454811015)	(28.0, 0.6046905379885201)	(29.0, 0.7586540518917511)	(30.0, 0.9042449275766794)	(31.0, 1.0484403635585573)	(32.0, 1.1810071353483482)	(33.0, 1.278222767994195)	(34.0, 1.4452103857925633)	(35.0, 1.6777836696343018)	(36.0, 1.845701580568037)	(37.0, 2.0043165601481028)	(38.0, 2.2294474989069055)	(39.0, 2.4243439107662823)	(40.0, 2.6452885304159337)	(41.0, 2.9280976435674884)	(42.0, 3.1904403077409693)	(43.0, 3.529997302149907)	(44.0, 3.8821132538863)	(45.0, 4.18724940228666)	(46.0, 4.522620077586447)	(47.0, 4.73565720558548)	(48.0, 4.864502804833803)	(49.0, 4.9686956359949015)	(50.0, 4.927762738038756)	(51.0, 4.798451992222749)	(52.0, 4.560296949568809)	(53.0, 4.183063083177509)	(54.0, 3.741173843878206)	(55.0, 3.3006800442819535)	(56.0, 2.849022727061297)	(57.0, 2.43736801466142)	(58.0, 2.0559478291609685)	(59.0, 1.6722019108221)	(60.0, 1.3810201594522433)	(61.0, 1.146586289339771)	(62.0, 0.9358748941791558)	(63.0, 0.7786553543021406)	(64.0, 0.618179788451341)	(65.0, 0.4832872838231327)	(66.0, 0.3818853320681347)	(67.0, 0.2976938033174253)	(68.0, 0.23210813727405508)	(69.0, 0.17442996288130388)	(70.0, 0.11675178848855274)	(71.0, 0.07674918366777371)	(72.0, 0.05395700185128334)	(73.0, 0.030699673467109487)	(74.0, 0.0223270352488069)	(75.0, 0.018140716139655604)	(76.0, 0.009768077921353018)	(77.0, 0.0037211725414678164)	(78.0, 0.002325732838417385)	(79.0, 0.0027908794061008626)	(80.0, 0.0027908794061008626)	(81.0, 0.0027908794061008626)	(82.0, 0.0018605862707339082)	(83.0, 0.00046514656768347704)	(84.0, 0.00046514656768347704)	(85.0, 0.0009302931353669541)	(86.0, 0.00046514656768347704)	(87.0, 0.0)	(88.0, 0.0)	(89.0, 0.0)	(90.0, 0.0)	(91.0, 0.0)	(92.0, 0.0)	(93.0, 0.0)	(94.0, 0.0)	(95.0, 0.0)	(96.0, 0.0)	(97.0, 0.0)	(98.0, 0.0)	(99.0, 0.0)	(100.0, 0.0)
SRR5898924_2	(0.0, 0.0)	(1.0, 0.0)	(2.0, 0.0)	(3.0, 0.0)	(4.0, 0.0)	(5.0, 0.0)	(6.0, 0.0)	(7.0, 0.0)	(8.0, 0.0)	(9.0, 0.0)	(10.0, 0.0)	(11.0, 0.0)	(12.0, 0.00046576401600365155)	(13.0, 0.002328820080018258)	(14.0, 0.0037261121280292124)	(15.0, 0.0032603481120255613)	(16.0, 0.0055891681920438195)	(17.0, 0.0144386844961132)	(18.0, 0.022356672768175278)	(19.0, 0.03027466104023735)	(20.0, 0.05123404176040167)	(21.0, 0.08104293878463538)	(22.0, 0.10992030777686176)	(23.0, 0.164414697649289)	(24.0, 0.2421972883218988)	(25.0, 0.31718529489848674)	(26.0, 0.3856526052510235)	(27.0, 0.47368200427571366)	(28.0, 0.6022328726927215)	(29.0, 0.7545377059259155)	(30.0, 0.8975272588390365)	(31.0, 1.0097763866959166)	(32.0, 1.1574235797690742)	(33.0, 1.2924951444101331)	(34.0, 1.4326901132272323)	(35.0, 1.6613802450850252)	(36.0, 1.8723713443346792)	(37.0, 2.025141941583877)	(38.0, 2.1998034475852464)	(39.0, 2.392163986194755)	(40.0, 2.6436765548367265)	(41.0, 2.9105593360068185)	(42.0, 3.203059138057112)	(43.0, 3.5458614538357995)	(44.0, 3.893787173790527)	(45.0, 4.222150805073102)	(46.0, 4.508129910899344)	(47.0, 4.750792963237246)	(48.0, 4.850000698646024)	(49.0, 4.845808822501991)	(50.0, 4.8746861914942174)	(51.0, 4.782930680341498)	(52.0, 4.512321787043376)	(53.0, 4.087079240432042)	(54.0, 3.6883852427329167)	(55.0, 3.3013353454338827)	(56.0, 2.822064172966125)	(57.0, 2.4177810070749555)	(58.0, 2.00511408889572)	(59.0, 1.7042305345573612)	(60.0, 1.4345531692912468)	(61.0, 1.1769856684412277)	(62.0, 0.9729810294316281)	(63.0, 0.7978537594142552)	(64.0, 0.6646452508372108)	(65.0, 0.5430808426602578)	(66.0, 0.43455782693140693)	(67.0, 0.31206189072244656)	(68.0, 0.2249640197297637)	(69.0, 0.1676750457613146)	(70.0, 0.12855086841700783)	(71.0, 0.10433113958481796)	(72.0, 0.07731682665660616)	(73.0, 0.047042165616368814)	(74.0, 0.03539806521627752)	(75.0, 0.025617020880200837)	(76.0, 0.013041392448102245)	(77.0, 0.009781044336076683)	(78.0, 0.006054932208047471)	(79.0, 0.004657640160036516)	(80.0, 0.0055891681920438195)	(81.0, 0.0037261121280292124)	(82.0, 0.0018630560640146062)	(83.0, 0.0009315280320073031)	(84.0, 0.0018630560640146062)	(85.0, 0.0027945840960219097)	(86.0, 0.0018630560640146062)	(87.0, 0.0037261121280292124)	(88.0, 0.0037261121280292124)	(89.0, 0.0013972920480109549)	(90.0, 0.0018630560640146062)	(91.0, 0.0013972920480109549)	(92.0, 0.0009315280320073031)	(93.0, 0.0013972920480109549)	(94.0, 0.0013972920480109549)	(95.0, 0.0018630560640146062)	(96.0, 0.0013972920480109549)	(97.0, 0.0009315280320073031)	(98.0, 0.0013972920480109549)	(99.0, 0.00046576401600365155)	(100.0, 0.0032603481120255613)
SRR5898925_1	(0.0, 0.0)	(1.0, 0.0)	(2.0, 0.0)	(3.0, 0.0)	(4.0, 0.0)	(5.0, 0.0)	(6.0, 0.0)	(7.0, 0.0)	(8.0, 0.0)	(9.0, 0.0)	(10.0, 0.0)	(11.0, 0.0)	(12.0, 0.00046883204560798145)	(13.0, 0.002344160228039907)	(14.0, 0.00328182431925587)	(15.0, 0.005157152501687795)	(16.0, 0.007032480684119721)	(17.0, 0.007501312729727703)	(18.0, 0.018284449778711274)	(19.0, 0.025316930462830997)	(20.0, 0.03047408296451879)	(21.0, 0.04594554046958218)	(22.0, 0.06516765433950941)	(23.0, 0.11627034731077938)	(24.0, 0.19222113869927238)	(25.0, 0.252700472582702)	(26.0, 0.3136486385117395)	(27.0, 0.4177293526367114)	(28.0, 0.5241542269897232)	(29.0, 0.6385492461180707)	(30.0, 0.7571637536568899)	(31.0, 0.8701522766484134)	(32.0, 1.0262733478358714)	(33.0, 1.1913022278898808)	(34.0, 1.3488297952141624)	(35.0, 1.5251106443627636)	(36.0, 1.7234265996549398)	(37.0, 1.8898619758457729)	(38.0, 2.121933838421724)	(39.0, 2.3891681044182733)	(40.0, 2.651714049958743)	(41.0, 3.015996549396144)	(42.0, 3.3141737304028203)	(43.0, 3.657358787787863)	(44.0, 4.103218063161053)	(45.0, 4.541107193758908)	(46.0, 4.854755832270647)	(47.0, 5.239198109669192)	(48.0, 5.567849373640387)	(49.0, 5.6813067286775185)	(50.0, 5.707092491185958)	(51.0, 5.475020628610007)	(52.0, 5.154808341459756)	(53.0, 4.683163303578127)	(54.0, 4.100873902933013)	(55.0, 3.5387442802490434)	(56.0, 2.8580001500262546)	(57.0, 2.268209436651414)	(58.0, 1.790000750131273)	(59.0, 1.3263258570249794)	(60.0, 0.9503225564473783)	(61.0, 0.6577713599879979)	(62.0, 0.45007876378366213)	(63.0, 0.30239666941714805)	(64.0, 0.21050558847798365)	(65.0, 0.13033530867901882)	(66.0, 0.0778261195709249)	(67.0, 0.05954166979221364)	(68.0, 0.04407021228715025)	(69.0, 0.02391043432600705)	(70.0, 0.017815617733103292)	(71.0, 0.012189633185807515)	(72.0, 0.007970144775335685)	(73.0, 0.006094816592903758)	(74.0, 0.00328182431925587)	(75.0, 0.0014064961368239442)	(76.0, 0.002344160228039907)	(77.0, 0.002344160228039907)	(78.0, 0.00046883204560798145)	(79.0, 0.0)	(80.0, 0.0)	(81.0, 0.0)	(82.0, 0.0)	(83.0, 0.0)	(84.0, 0.0)	(85.0, 0.0)	(86.0, 0.0)	(87.0, 0.0)	(88.0, 0.0)	(89.0, 0.0)	(90.0, 0.0)	(91.0, 0.00046883204560798145)	(92.0, 0.00046883204560798145)	(93.0, 0.0)	(94.0, 0.0)	(95.0, 0.0)	(96.0, 0.0)	(97.0, 0.0)	(98.0, 0.0)	(99.0, 0.0)	(100.0, 0.0)
SRR5898925_2	(0.0, 0.0)	(1.0, 0.0)	(2.0, 0.0)	(3.0, 0.0)	(4.0, 0.00046928527852081286)	(5.0, 0.00046928527852081286)	(6.0, 0.0)	(7.0, 0.0)	(8.0, 0.0)	(9.0, 0.0)	(10.0, 0.0009385705570416257)	(11.0, 0.0009385705570416257)	(12.0, 0.00046928527852081286)	(13.0, 0.0023464263926040643)	(14.0, 0.003754282228166503)	(15.0, 0.005631423342249754)	(16.0, 0.008916420291895443)	(17.0, 0.012201417241541132)	(18.0, 0.017363555305270076)	(19.0, 0.024872119761603077)	(20.0, 0.03613496644610259)	(21.0, 0.05443709230841429)	(22.0, 0.08024778262705899)	(23.0, 0.125299169365057)	(24.0, 0.183021258623117)	(25.0, 0.23745835093153125)	(26.0, 0.3073818574311324)	(27.0, 0.4125017598197944)	(28.0, 0.5143366652588108)	(29.0, 0.626495846825285)	(30.0, 0.7578957248111127)	(31.0, 0.8930498850251067)	(32.0, 1.0699704350274533)	(33.0, 1.2046553099629265)	(34.0, 1.329015908770942)	(35.0, 1.5331550049274956)	(36.0, 1.7621662208456519)	(37.0, 1.948472476418415)	(38.0, 2.1671594162091132)	(39.0, 2.452015580271247)	(40.0, 2.6969824956591113)	(41.0, 3.004833638368764)	(42.0, 3.338495471397062)	(43.0, 3.710169411985546)	(44.0, 4.132995447932799)	(45.0, 4.524848655497677)	(46.0, 4.915763292505514)	(47.0, 5.292599371157727)	(48.0, 5.530057722089258)	(49.0, 5.5915340935754845)	(50.0, 5.55446055657234)	(51.0, 5.4404242338917825)	(52.0, 5.117086676990943)	(53.0, 4.576000750856446)	(54.0, 4.101553334271904)	(55.0, 3.524801726969825)	(56.0, 2.806795250832981)	(57.0, 2.2272279318597774)	(58.0, 1.7203998310572997)	(59.0, 1.2788023839692149)	(60.0, 0.9564033976254166)	(61.0, 0.6621615279928669)	(62.0, 0.44863672626589707)	(63.0, 0.3181754188371111)	(64.0, 0.2163405133980947)	(65.0, 0.14735557745553524)	(66.0, 0.09808062321084987)	(67.0, 0.0694542212210803)	(68.0, 0.05021352480172697)	(69.0, 0.03895067811722746)	(70.0, 0.024402834483082263)	(71.0, 0.013139987798582758)	(72.0, 0.01173213196302032)	(73.0, 0.01173213196302032)	(74.0, 0.008447135013374631)	(75.0, 0.003754282228166503)	(76.0, 0.005631423342249754)	(77.0, 0.006569993899291379)	(78.0, 0.005162138063728941)	(79.0, 0.0032849969496456894)	(80.0, 0.0023464263926040643)	(81.0, 0.002815711671124877)	(82.0, 0.0014078558355624384)	(83.0, 0.00046928527852081286)	(84.0, 0.0018771411140832514)	(85.0, 0.0018771411140832514)	(86.0, 0.0014078558355624384)	(87.0, 0.0018771411140832514)	(88.0, 0.0018771411140832514)	(89.0, 0.0023464263926040643)	(90.0, 0.0014078558355624384)	(91.0, 0.00046928527852081286)	(92.0, 0.0014078558355624384)	(93.0, 0.0009385705570416257)	(94.0, 0.00046928527852081286)	(95.0, 0.0009385705570416257)	(96.0, 0.00046928527852081286)	(97.0, 0.0018771411140832514)	(98.0, 0.003754282228166503)	(99.0, 0.0046928527852081285)	(100.0, 0.006569993899291379)
SRR5898926_1	(0.0, 0.0)	(1.0, 0.0)	(2.0, 0.0)	(3.0, 0.0)	(4.0, 0.0)	(5.0, 0.0)	(6.0, 0.0)	(7.0, 0.0)	(8.0, 0.0)	(9.0, 0.00047171146353198676)	(10.0, 0.00047171146353198676)	(11.0, 0.00047171146353198676)	(12.0, 0.0014151343905959603)	(13.0, 0.002358557317659934)	(14.0, 0.006603960489447815)	(15.0, 0.009905940734171722)	(16.0, 0.008962517807107748)	(17.0, 0.01320792097889563)	(18.0, 0.02169872732247139)	(19.0, 0.02594413049425927)	(20.0, 0.047171146353198676)	(21.0, 0.07594554562864986)	(22.0, 0.11698444295593272)	(23.0, 0.1740615300433031)	(24.0, 0.250007075671953)	(25.0, 0.34576450276894627)	(26.0, 0.42737058595998)	(27.0, 0.5377510684264649)	(28.0, 0.6537920884553337)	(29.0, 0.7745502231195223)	(30.0, 0.9519137334075494)	(31.0, 1.1151258997896167)	(32.0, 1.208053058105418)	(33.0, 1.3608875722897817)	(34.0, 1.5901393435663274)	(35.0, 1.775521948734398)	(36.0, 1.9368472692623377)	(37.0, 2.0892100719831697)	(38.0, 2.308084191062011)	(39.0, 2.5477136145362604)	(40.0, 2.7189448757983716)	(41.0, 2.929328188533638)	(42.0, 3.2213175844599373)	(43.0, 3.590195948941951)	(44.0, 3.9779427719652443)	(45.0, 4.2364406539807735)	(46.0, 4.405313357925224)	(47.0, 4.6364519750558975)	(48.0, 4.8147589082709885)	(49.0, 4.90061039463381)	(50.0, 4.9039123748785345)	(51.0, 4.7477758804494465)	(52.0, 4.472296385746766)	(53.0, 4.143513495664972)	(54.0, 3.7826542260630016)	(55.0, 3.2656584620319444)	(56.0, 2.786871326546978)	(57.0, 2.3972376576695567)	(58.0, 1.9811881468343444)	(59.0, 1.6222157230865026)	(60.0, 1.3250375010613509)	(61.0, 1.0872949234412295)	(62.0, 0.8670056699717916)	(63.0, 0.6717171240695491)	(64.0, 0.5212411672028454)	(65.0, 0.40614357010104063)	(66.0, 0.29717822202515165)	(67.0, 0.23396888591186543)	(68.0, 0.19434512297517853)	(69.0, 0.14717397662197987)	(70.0, 0.10613507929469702)	(71.0, 0.07217185392039398)	(72.0, 0.04858628074379463)	(73.0, 0.030189533666047152)	(74.0, 0.023585573176599338)	(75.0, 0.016509901223619537)	(76.0, 0.008962517807107748)	(77.0, 0.008019094880043775)	(78.0, 0.007547383416511788)	(79.0, 0.004245403171787881)	(80.0, 0.002358557317659934)	(81.0, 0.0014151343905959603)	(82.0, 0.00047171146353198676)	(83.0, 0.00047171146353198676)	(84.0, 0.00047171146353198676)	(85.0, 0.0009434229270639735)	(86.0, 0.0009434229270639735)	(87.0, 0.00047171146353198676)	(88.0, 0.0009434229270639735)	(89.0, 0.00047171146353198676)	(90.0, 0.0)	(91.0, 0.0)	(92.0, 0.0)	(93.0, 0.00047171146353198676)	(94.0, 0.00047171146353198676)	(95.0, 0.0)	(96.0, 0.0)	(97.0, 0.0)	(98.0, 0.0)	(99.0, 0.0)	(100.0, 0.0)
SRR5898926_2	(0.0, 0.0)	(1.0, 0.0)	(2.0, 0.0)	(3.0, 0.0)	(4.0, 0.0)	(5.0, 0.0)	(6.0, 0.0)	(7.0, 0.0004719140361391769)	(8.0, 0.0004719140361391769)	(9.0, 0.0)	(10.0, 0.0009438280722783538)	(11.0, 0.0023595701806958845)	(12.0, 0.0033033982529742383)	(13.0, 0.004247226325252592)	(14.0, 0.0061348824698093)	(15.0, 0.008022538614366007)	(16.0, 0.00896636668664436)	(17.0, 0.014157421084175307)	(18.0, 0.023595701806958844)	(19.0, 0.04011269307183003)	(20.0, 0.05521394222828369)	(21.0, 0.07078710542087653)	(22.0, 0.12269764939618599)	(23.0, 0.1897094425279491)	(24.0, 0.2576650637319906)	(25.0, 0.3426095902370424)	(26.0, 0.42896985885051175)	(27.0, 0.5318471187288523)	(28.0, 0.6724775014983271)	(29.0, 0.8013100333643223)	(30.0, 0.9183447143268383)	(31.0, 1.0764359164334625)	(32.0, 1.2383024308292)	(33.0, 1.4034723434779122)	(34.0, 1.5870469035360517)	(35.0, 1.7715652916664701)	(36.0, 1.9678815307003674)	(37.0, 2.1382424977466106)	(38.0, 2.285951591058173)	(39.0, 2.4780206037668178)	(40.0, 2.7441801201493137)	(41.0, 3.0433736190615517)	(42.0, 3.2854655196009497)	(43.0, 3.5865466746577446)	(44.0, 3.9135831017021943)	(45.0, 4.211832772542154)	(46.0, 4.511498185490531)	(47.0, 4.627589038380768)	(48.0, 4.721028017536326)	(49.0, 4.868265196811749)	(50.0, 4.821073793197831)	(51.0, 4.697432315729367)	(52.0, 4.452037016936995)	(53.0, 4.051853914290972)	(54.0, 3.6686597169459616)	(55.0, 3.266588958155382)	(56.0, 2.8159110536424685)	(57.0, 2.3727837737077815)	(58.0, 1.9787355535315687)	(59.0, 1.6191370579935158)	(60.0, 1.3326852380570355)	(61.0, 1.069829119927514)	(62.0, 0.84850143697824)	(63.0, 0.6979608594498427)	(64.0, 0.5464764538491669)	(65.0, 0.4181158360193107)	(66.0, 0.3402500200563465)	(67.0, 0.261440376021104)	(68.0, 0.1897094425279491)	(69.0, 0.1406303827694747)	(70.0, 0.11042788445656739)	(71.0, 0.0816411282520776)	(72.0, 0.051438629939170276)	(73.0, 0.03964077903569086)	(74.0, 0.03161824042132485)	(75.0, 0.02312378777081967)	(76.0, 0.016988905301010368)	(77.0, 0.015101249156453661)	(78.0, 0.015101249156453661)	(79.0, 0.01038210879506189)	(80.0, 0.0066067965059484765)	(81.0, 0.004719140361391769)	(82.0, 0.0023595701806958845)	(83.0, 0.0028314842168350616)	(84.0, 0.0033033982529742383)	(85.0, 0.0018876561445567077)	(86.0, 0.0009438280722783538)	(87.0, 0.0018876561445567077)	(88.0, 0.0023595701806958845)	(89.0, 0.0009438280722783538)	(90.0, 0.0014157421084175308)	(91.0, 0.0023595701806958845)	(92.0, 0.0018876561445567077)	(93.0, 0.0009438280722783538)	(94.0, 0.0018876561445567077)	(95.0, 0.0028314842168350616)	(96.0, 0.0014157421084175308)	(97.0, 0.0009438280722783538)	(98.0, 0.0018876561445567077)	(99.0, 0.0018876561445567077)	(100.0, 0.004719140361391769)
SRR5898948_1	(0.0, 0.0)	(1.0, 0.0)	(2.0, 0.0)	(3.0, 0.0)	(4.0, 0.0)	(5.0, 0.0)	(6.0, 0.0)	(7.0, 0.0)	(8.0, 0.0)	(9.0, 0.0)	(10.0, 0.0)	(11.0, 0.0)	(12.0, 0.0)	(13.0, 0.000486073980459826)	(14.0, 0.000972147960919652)	(15.0, 0.0014582219413794778)	(16.0, 0.00243036990229913)	(17.0, 0.005346813785058086)	(18.0, 0.009235405628736695)	(19.0, 0.019929033198852864)	(20.0, 0.03596947455402712)	(21.0, 0.05444028581150051)	(22.0, 0.0821465026977106)	(23.0, 0.12686530890001457)	(24.0, 0.19345744422301075)	(25.0, 0.28386720458853837)	(26.0, 0.3878870364069411)	(27.0, 0.5030865697759199)	(28.0, 0.6518252077966267)	(29.0, 0.8141739172702086)	(30.0, 0.9274291547173481)	(31.0, 1.119914450979439)	(32.0, 1.3595489233461333)	(33.0, 1.600155543673747)	(34.0, 1.8820784523404461)	(35.0, 2.1503912895542703)	(36.0, 2.4532153793807416)	(37.0, 2.760414135031352)	(38.0, 3.0851115539785154)	(39.0, 3.4127254168084384)	(40.0, 3.7315899479900843)	(41.0, 4.017887522480922)	(42.0, 4.292519321440723)	(43.0, 4.473824916152239)	(44.0, 4.5404170514752344)	(45.0, 4.578330821951101)	(46.0, 4.545763865260293)	(47.0, 4.439313663539591)	(48.0, 4.235162591746463)	(49.0, 3.926991688134934)	(50.0, 3.6163904146211054)	(51.0, 3.360715500899237)	(52.0, 3.047197783502649)	(53.0, 2.7166674767899672)	(54.0, 2.4629368589899383)	(55.0, 2.254411121372673)	(56.0, 2.0716473047197783)	(57.0, 1.8694405288484908)	(58.0, 1.6390414621105334)	(59.0, 1.50780148738638)	(60.0, 1.377533660623147)	(61.0, 1.2249064307587616)	(62.0, 1.078112088659894)	(63.0, 0.9235405628736694)	(64.0, 0.8336168764886015)	(65.0, 0.7329995625334176)	(66.0, 0.6037038837311038)	(67.0, 0.4734360569678705)	(68.0, 0.37719340883682495)	(69.0, 0.3076848296310698)	(70.0, 0.23866232440577453)	(71.0, 0.1793612987896758)	(72.0, 0.12637923491955477)	(73.0, 0.08554902056092938)	(74.0, 0.06610606134253634)	(75.0, 0.04812132406552277)	(76.0, 0.029650512808049388)	(77.0, 0.016040441355174257)	(78.0, 0.008749331648276867)	(79.0, 0.005832887765517911)	(80.0, 0.003402517863218782)	(81.0, 0.0014582219413794778)	(82.0, 0.0014582219413794778)	(83.0, 0.000972147960919652)	(84.0, 0.0)	(85.0, 0.0)	(86.0, 0.0)	(87.0, 0.0)	(88.0, 0.0)	(89.0, 0.0)	(90.0, 0.0)	(91.0, 0.000486073980459826)	(92.0, 0.000486073980459826)	(93.0, 0.0)	(94.0, 0.0)	(95.0, 0.0)	(96.0, 0.0)	(97.0, 0.000486073980459826)	(98.0, 0.000486073980459826)	(99.0, 0.000486073980459826)	(100.0, 0.000486073980459826)
SRR5898948_2	(0.0, 0.0)	(1.0, 0.0)	(2.0, 0.0)	(3.0, 0.00048615905179538537)	(4.0, 0.00048615905179538537)	(5.0, 0.0)	(6.0, 0.0)	(7.0, 0.00048615905179538537)	(8.0, 0.0009723181035907707)	(9.0, 0.00048615905179538537)	(10.0, 0.00048615905179538537)	(11.0, 0.001458477155386156)	(12.0, 0.0019446362071815415)	(13.0, 0.002916954310772312)	(14.0, 0.003889272414363083)	(15.0, 0.00534774956974924)	(16.0, 0.00632006767334001)	(17.0, 0.011181658191293863)	(18.0, 0.02090483922720157)	(19.0, 0.026738747848746195)	(20.0, 0.03451729267747236)	(21.0, 0.05639445000826471)	(22.0, 0.09528717415189554)	(23.0, 0.13320758019193557)	(24.0, 0.19349130261456338)	(25.0, 0.28197225004132354)	(26.0, 0.3714255155716744)	(27.0, 0.5051192548154054)	(28.0, 0.6461053798360672)	(29.0, 0.7754236876136397)	(30.0, 0.9455793557420246)	(31.0, 1.1696986786196972)	(32.0, 1.3777747527881221)	(33.0, 1.5474442618647115)	(34.0, 1.8162902175075597)	(35.0, 2.1099302847919725)	(36.0, 2.391902534833296)	(37.0, 2.70644744134491)	(38.0, 3.0725252073468354)	(39.0, 3.371026865149202)	(40.0, 3.695294952696724)	(41.0, 4.040954038523243)	(42.0, 4.2743103833850284)	(43.0, 4.467315526947796)	(44.0, 4.5003743424698825)	(45.0, 4.494054274796542)	(46.0, 4.523223817904266)	(47.0, 4.392447032971307)	(48.0, 4.156659892850545)	(49.0, 3.9393467966980076)	(50.0, 3.6855717716608165)	(51.0, 3.3909593862728125)	(52.0, 3.0837068655381294)	(53.0, 2.8250702499829843)	(54.0, 2.5941447003801765)	(55.0, 2.299046155940377)	(56.0, 2.0408956994370278)	(57.0, 1.8634476455317122)	(58.0, 1.6796795239530566)	(59.0, 1.5041761062549224)	(60.0, 1.3379097105409006)	(61.0, 1.2076190846597372)	(62.0, 1.0972609799021849)	(63.0, 0.9416900833276615)	(64.0, 0.8152887298608613)	(65.0, 0.7170846013981934)	(66.0, 0.6018649061226871)	(67.0, 0.5206763444728577)	(68.0, 0.423930693165576)	(69.0, 0.31405874745981893)	(70.0, 0.23821793537973884)	(71.0, 0.1861989168376326)	(72.0, 0.13174910303654944)	(73.0, 0.08848094742676015)	(74.0, 0.06660379009596779)	(75.0, 0.04521279181697084)	(76.0, 0.028197225004132354)	(77.0, 0.017501725864633874)	(78.0, 0.012153976294884634)	(79.0, 0.010209340087703092)	(80.0, 0.006806226725135396)	(81.0, 0.0043754314661584685)	(82.0, 0.003889272414363083)	(83.0, 0.003889272414363083)	(84.0, 0.0043754314661584685)	(85.0, 0.0043754314661584685)	(86.0, 0.003889272414363083)	(87.0, 0.003403113362567698)	(88.0, 0.001458477155386156)	(89.0, 0.0009723181035907707)	(90.0, 0.001458477155386156)	(91.0, 0.0019446362071815415)	(92.0, 0.0019446362071815415)	(93.0, 0.0019446362071815415)	(94.0, 0.002916954310772312)	(95.0, 0.0019446362071815415)	(96.0, 0.0009723181035907707)	(97.0, 0.0019446362071815415)	(98.0, 0.0043754314661584685)	(99.0, 0.003403113362567698)	(100.0, 0.001458477155386156)
SRR5898950_1	(0.0, 0.0)	(1.0, 0.0)	(2.0, 0.0)	(3.0, 0.0)	(4.0, 0.0)	(5.0, 0.0)	(6.0, 0.0)	(7.0, 0.0)	(8.0, 0.0)	(9.0, 0.0)	(10.0, 0.00048699243213760457)	(11.0, 0.0014609772964128138)	(12.0, 0.0034089470249632323)	(13.0, 0.006330901617788859)	(14.0, 0.010226841074889696)	(15.0, 0.02434962160688023)	(16.0, 0.04042037186742118)	(17.0, 0.053082175102998896)	(18.0, 0.07304886482064069)	(19.0, 0.09983344858820893)	(20.0, 0.14414975991273096)	(21.0, 0.2030758442013811)	(22.0, 0.26881982253995773)	(23.0, 0.34625161924983683)	(24.0, 0.4563119089129355)	(25.0, 0.5683201683045845)	(26.0, 0.6559788060893533)	(27.0, 0.7577602244061127)	(28.0, 0.894118105404642)	(29.0, 1.0411898199101985)	(30.0, 1.124465525805729)	(31.0, 1.1955664208978192)	(32.0, 1.309035657585881)	(33.0, 1.4215309094096678)	(34.0, 1.5350001460977296)	(35.0, 1.688889754653213)	(36.0, 1.8481362799622096)	(37.0, 1.963066493946684)	(38.0, 2.134487830059121)	(39.0, 2.3234408937285114)	(40.0, 2.4042816374633538)	(41.0, 2.5873907919470933)	(42.0, 2.8440358036836106)	(43.0, 3.0305539051923134)	(44.0, 3.158145922412366)	(45.0, 3.376318532010013)	(46.0, 3.6485473015749337)	(47.0, 3.7420498485453537)	(48.0, 3.8555190852334156)	(49.0, 3.9801891478606426)	(50.0, 3.9222370484362674)	(51.0, 3.77126939447361)	(52.0, 3.617866778350264)	(53.0, 3.4196608584702597)	(54.0, 3.2380126812829326)	(55.0, 3.0388327765386522)	(56.0, 2.7778048329128966)	(57.0, 2.563041170340213)	(58.0, 2.3867499099064)	(59.0, 2.158837451666001)	(60.0, 1.9805982215036377)	(61.0, 1.8135598172804395)	(62.0, 1.6460344206251036)	(63.0, 1.5335391688013167)	(64.0, 1.3889024164564483)	(65.0, 1.2130981484547732)	(66.0, 1.0460597442315747)	(67.0, 0.8907091583796788)	(68.0, 0.7202618071315172)	(69.0, 0.5585803196618324)	(70.0, 0.4305013100096424)	(71.0, 0.3243369598036447)	(72.0, 0.2245035112154357)	(73.0, 0.15340261612334544)	(74.0, 0.11298224425592426)	(75.0, 0.08571066805621841)	(76.0, 0.05649112212796213)	(77.0, 0.033602477817494716)	(78.0, 0.02337563674260502)	(79.0, 0.01704473512481616)	(80.0, 0.008278871346339279)	(81.0, 0.0053569167535136505)	(82.0, 0.0053569167535136505)	(83.0, 0.004869924321376046)	(84.0, 0.0034089470249632323)	(85.0, 0.0019479697285504183)	(86.0, 0.0)	(87.0, 0.00048699243213760457)	(88.0, 0.00048699243213760457)	(89.0, 0.00048699243213760457)	(90.0, 0.0009739848642752091)	(91.0, 0.00048699243213760457)	(92.0, 0.0)	(93.0, 0.00048699243213760457)	(94.0, 0.00048699243213760457)	(95.0, 0.0)	(96.0, 0.0)	(97.0, 0.0)	(98.0, 0.0)	(99.0, 0.0)	(100.0, 0.0)
SRR5898950_2	(0.0, 0.0)	(1.0, 0.0)	(2.0, 0.0)	(3.0, 0.00048689758596176877)	(4.0, 0.0009737951719235375)	(5.0, 0.00048689758596176877)	(6.0, 0.0009737951719235375)	(7.0, 0.002434487929808844)	(8.0, 0.0029213855157706127)	(9.0, 0.003408283101732382)	(10.0, 0.003408283101732382)	(11.0, 0.002434487929808844)	(12.0, 0.003408283101732382)	(13.0, 0.008764156547311839)	(14.0, 0.013633132406929527)	(15.0, 0.02044969861039429)	(16.0, 0.03456972860328558)	(17.0, 0.05550632479964164)	(18.0, 0.07546912582407417)	(19.0, 0.10127469788004792)	(20.0, 0.14801686613237772)	(21.0, 0.21228734747933117)	(22.0, 0.27509713606839936)	(23.0, 0.34959246672055)	(24.0, 0.4669347849373363)	(25.0, 0.5531156576525693)	(26.0, 0.6577986386343496)	(27.0, 0.7751409568511359)	(28.0, 0.8622956247382926)	(29.0, 0.989862792260276)	(30.0, 1.1149954718524506)	(31.0, 1.1982549590519131)	(32.0, 1.2956344762442669)	(33.0, 1.4163850775627853)	(34.0, 1.5132776971691775)	(35.0, 1.6539910995121285)	(36.0, 1.8049293511602769)	(37.0, 1.9573282955663105)	(38.0, 2.100476185839071)	(39.0, 2.223661275087398)	(40.0, 2.3789816050092023)	(41.0, 2.531380549415236)	(42.0, 2.7324692524174465)	(43.0, 3.024120906408546)	(44.0, 3.191613675979395)	(45.0, 3.323562921775034)	(46.0, 3.5319550885666713)	(47.0, 3.683380237800781)	(48.0, 3.802183248775452)	(49.0, 3.8567157784031707)	(50.0, 3.8513599049575915)	(51.0, 3.802183248775452)	(52.0, 3.72720102053734)	(53.0, 3.5061495165106975)	(54.0, 3.2140109649336357)	(55.0, 2.9866297922894898)	(56.0, 2.770934161708426)	(57.0, 2.601006904207769)	(58.0, 2.4004050987915204)	(59.0, 2.1890915464841125)	(60.0, 2.0201380841553784)	(61.0, 1.859461880787995)	(62.0, 1.7094974243117702)	(63.0, 1.5858254374774812)	(64.0, 1.4241754389381738)	(65.0, 1.1953335735361423)	(66.0, 1.0346573701687587)	(67.0, 0.9007605340292723)	(68.0, 0.7162263489497619)	(69.0, 0.5935281572873962)	(70.0, 0.4878713811336924)	(71.0, 0.35786972568190006)	(72.0, 0.27363644331051407)	(73.0, 0.21180044989336944)	(74.0, 0.15678102267968955)	(75.0, 0.10906505925543622)	(76.0, 0.07595602341003593)	(77.0, 0.05648011997156518)	(78.0, 0.042846987564635654)	(79.0, 0.033595933431362045)	(80.0, 0.025805572055973745)	(81.0, 0.018989005852508983)	(82.0, 0.012172439649044221)	(83.0, 0.009737951719235376)	(84.0, 0.009737951719235376)	(85.0, 0.00827725896135007)	(86.0, 0.007303463789426532)	(87.0, 0.007303463789426532)	(88.0, 0.006329668617502995)	(89.0, 0.004382078273655919)	(90.0, 0.0058427710315412254)	(91.0, 0.005355873445579457)	(92.0, 0.003408283101732382)	(93.0, 0.003408283101732382)	(94.0, 0.0029213855157706127)	(95.0, 0.0029213855157706127)	(96.0, 0.003408283101732382)	(97.0, 0.0029213855157706127)	(98.0, 0.002434487929808844)	(99.0, 0.002434487929808844)	(100.0, 0.004382078273655919)
SRR5898954_1	(0.0, 0.0)	(1.0, 0.0)	(2.0, 0.0)	(3.0, 0.0)	(4.0, 0.0)	(5.0, 0.0)	(6.0, 0.0)	(7.0, 0.0)	(8.0, 0.0)	(9.0, 0.0)	(10.0, 0.0)	(11.0, 0.0)	(12.0, 0.0004872534497544243)	(13.0, 0.0009745068995088486)	(14.0, 0.00341077414828097)	(15.0, 0.00682154829656194)	(16.0, 0.012181336243860608)	(17.0, 0.02046464488968582)	(18.0, 0.026798939736493332)	(19.0, 0.042391050128634915)	(20.0, 0.07796055196070788)	(21.0, 0.10427223824744679)	(22.0, 0.11742808139081624)	(23.0, 0.15543385047166136)	(24.0, 0.24119045762844002)	(25.0, 0.3917517736025571)	(26.0, 0.5510836516722539)	(27.0, 0.7225968659858112)	(28.0, 0.9803539409059016)	(29.0, 1.2673462228112575)	(30.0, 1.5796756841038435)	(31.0, 1.9914048491463319)	(32.0, 2.344176346768535)	(33.0, 2.723259530677477)	(34.0, 3.1525298199111247)	(35.0, 3.4229554845248304)	(36.0, 3.6003157402354407)	(37.0, 3.747466282061277)	(38.0, 3.7664691666017)	(39.0, 3.7352849458174164)	(40.0, 3.7216418492242926)	(41.0, 3.650990099009901)	(42.0, 3.6227293989241445)	(43.0, 3.5150463865284163)	(44.0, 3.5126101192796444)	(45.0, 3.7109222733296954)	(46.0, 3.7922935994386844)	(47.0, 3.9150814687767985)	(48.0, 4.005223356981367)	(49.0, 3.9087471739299913)	(50.0, 3.8229905667732127)	(51.0, 3.5403835659156466)	(52.0, 3.1598386216574412)	(53.0, 2.907928588134404)	(54.0, 2.617525532080767)	(55.0, 2.312017619084743)	(56.0, 1.9368324627738365)	(57.0, 1.5806501910033521)	(58.0, 1.2980431901457863)	(59.0, 1.006178373742886)	(60.0, 0.7713222109612535)	(61.0, 0.6266079363841895)	(62.0, 0.5203866843377252)	(63.0, 0.4014968425976456)	(64.0, 0.30794418024479614)	(65.0, 0.24752475247524752)	(66.0, 0.21000623684415687)	(67.0, 0.1588446246199423)	(68.0, 0.10524674514695564)	(69.0, 0.08137132610898885)	(70.0, 0.06334294846807514)	(71.0, 0.049212598425196846)	(72.0, 0.042391050128634915)	(73.0, 0.03264598113354643)	(74.0, 0.02046464488968582)	(75.0, 0.011694082794106182)	(76.0, 0.007308801746316363)	(77.0, 0.005359787947298667)	(78.0, 0.004872534497544242)	(79.0, 0.0029235206985265454)	(80.0, 0.0019490137990176971)	(81.0, 0.0014617603492632727)	(82.0, 0.0009745068995088486)	(83.0, 0.0004872534497544243)	(84.0, 0.0)	(85.0, 0.0)	(86.0, 0.0)	(87.0, 0.0)	(88.0, 0.0)	(89.0, 0.0)	(90.0, 0.0)	(91.0, 0.0)	(92.0, 0.0)	(93.0, 0.0)	(94.0, 0.0)	(95.0, 0.0)	(96.0, 0.0)	(97.0, 0.0)	(98.0, 0.0)	(99.0, 0.0)	(100.0, 0.0)
SRR5898954_2	(0.0, 0.0)	(1.0, 0.0)	(2.0, 0.0)	(3.0, 0.0)	(4.0, 0.0)	(5.0, 0.00048710866907298347)	(6.0, 0.00048710866907298347)	(7.0, 0.0)	(8.0, 0.0009742173381459669)	(9.0, 0.0014613260072189505)	(10.0, 0.00048710866907298347)	(11.0, 0.00048710866907298347)	(12.0, 0.0009742173381459669)	(13.0, 0.0024355433453649173)	(14.0, 0.006819521367021769)	(15.0, 0.013639042734043538)	(16.0, 0.01948434676291934)	(17.0, 0.028252302806233042)	(18.0, 0.037020258849546746)	(19.0, 0.050659301583590284)	(20.0, 0.07988582172796929)	(21.0, 0.09888305982181564)	(22.0, 0.12275138460639183)	(23.0, 0.18412707690958777)	(24.0, 0.2688839853282869)	(25.0, 0.3784834358697082)	(26.0, 0.5475101440380334)	(27.0, 0.736021198969278)	(28.0, 0.915764297857209)	(29.0, 1.2231298680422615)	(30.0, 1.5865129351707072)	(31.0, 1.9508702196372991)	(32.0, 2.335198959535883)	(33.0, 2.711246852060226)	(34.0, 3.120418134081532)	(35.0, 3.451164920382088)	(36.0, 3.6289595845937273)	(37.0, 3.7332008397753453)	(38.0, 3.7234586663938853)	(39.0, 3.7341750571134917)	(40.0, 3.8038315967909284)	(41.0, 3.716639145026864)	(42.0, 3.625549823910216)	(43.0, 3.5807358263555016)	(44.0, 3.5836584783699394)	(45.0, 3.6523408007092297)	(46.0, 3.6406501926514787)	(47.0, 3.760966033912506)	(48.0, 3.9139181560014222)	(49.0, 3.801396053445563)	(50.0, 3.6684153867886384)	(51.0, 3.465778180454278)	(52.0, 3.1437993501970354)	(53.0, 2.854943909436756)	(54.0, 2.5889825761229073)	(55.0, 2.3244825688162774)	(56.0, 1.9981197605373782)	(57.0, 1.6673729742368224)	(58.0, 1.3200644931877852)	(59.0, 1.035593030449163)	(60.0, 0.8446464321725534)	(61.0, 0.6629548986083306)	(62.0, 0.5387421879947197)	(63.0, 0.4457044322017799)	(64.0, 0.36143463245215374)	(65.0, 0.2883683320912062)	(66.0, 0.22796685712615627)	(67.0, 0.18071731622607687)	(68.0, 0.13298066665692448)	(69.0, 0.09498619046923178)	(70.0, 0.08086003906611526)	(71.0, 0.06088858363412293)	(72.0, 0.05114641025266327)	(73.0, 0.039942910863984646)	(74.0, 0.020458564101065307)	(75.0, 0.017048803417554423)	(76.0, 0.017048803417554423)	(77.0, 0.015100368741262487)	(78.0, 0.010229282050532654)	(79.0, 0.0077937387051677355)	(80.0, 0.007306630036094752)	(81.0, 0.0038968693525838678)	(82.0, 0.004871086690729835)	(83.0, 0.0063324126979487855)	(84.0, 0.004871086690729835)	(85.0, 0.0038968693525838678)	(86.0, 0.0019484346762919339)	(87.0, 0.0014613260072189505)	(88.0, 0.0019484346762919339)	(89.0, 0.0019484346762919339)	(90.0, 0.0014613260072189505)	(91.0, 0.0019484346762919339)	(92.0, 0.002922652014437901)	(93.0, 0.0024355433453649173)	(94.0, 0.0019484346762919339)	(95.0, 0.002922652014437901)	(96.0, 0.0024355433453649173)	(97.0, 0.0019484346762919339)	(98.0, 0.0019484346762919339)	(99.0, 0.00048710866907298347)	(100.0, 0.00048710866907298347)
SRR5898966_1	(0.0, 0.0)	(1.0, 0.0)	(2.0, 0.0)	(3.0, 0.0)	(4.0, 0.0)	(5.0, 0.0)	(6.0, 0.0)	(7.0, 0.0)	(8.0, 0.0)	(9.0, 0.0)	(10.0, 0.00048081546302529085)	(11.0, 0.0009616309260505817)	(12.0, 0.0014424463890758727)	(13.0, 0.0009616309260505817)	(14.0, 0.00048081546302529085)	(15.0, 0.0014424463890758727)	(16.0, 0.0024040773151264546)	(17.0, 0.0052889700932782)	(18.0, 0.009135493797480528)	(19.0, 0.013943648427733435)	(20.0, 0.02067506491008751)	(21.0, 0.03413789787479565)	(22.0, 0.05529377824790845)	(23.0, 0.09231656890085585)	(24.0, 0.13847485335128376)	(25.0, 0.19184536974709107)	(26.0, 0.24569670160592363)	(27.0, 0.30291374170593327)	(28.0, 0.39763438792191563)	(29.0, 0.4764881238580633)	(30.0, 0.5582267525723628)	(31.0, 0.6755457255505337)	(32.0, 0.8044042696413116)	(33.0, 0.9077795941917491)	(34.0, 0.985190883738821)	(35.0, 1.1313587844985094)	(36.0, 1.3299355707279545)	(37.0, 1.5083181075103376)	(38.0, 1.6674680257717087)	(39.0, 1.8650831810751036)	(40.0, 2.1102990672180018)	(41.0, 2.436772766612174)	(42.0, 2.744975478411386)	(43.0, 3.0142321377055485)	(44.0, 3.4157130493316665)	(45.0, 3.885950572170401)	(46.0, 4.351860755841908)	(47.0, 4.739878834503317)	(48.0, 5.013943648427734)	(49.0, 5.300990479853832)	(50.0, 5.46350610635638)	(51.0, 5.47985383209924)	(52.0, 5.382729108568132)	(53.0, 5.068756611212617)	(54.0, 4.608616213097413)	(55.0, 4.105202423309934)	(56.0, 3.6176555438022886)	(57.0, 3.1296278488316185)	(58.0, 2.6358303683046445)	(59.0, 2.178574862967593)	(60.0, 1.788633522454082)	(61.0, 1.4342725262044427)	(62.0, 1.127512260794307)	(63.0, 0.907298778728724)	(64.0, 0.7140109625925569)	(65.0, 0.5264929320126935)	(66.0, 0.39955764977401675)	(67.0, 0.290893355130301)	(68.0, 0.20915472641600155)	(69.0, 0.15434176363111837)	(70.0, 0.10962592556976632)	(71.0, 0.08318107510337532)	(72.0, 0.05481296278488316)	(73.0, 0.03413789787479565)	(74.0, 0.0211558803731128)	(75.0, 0.0105779401865564)	(76.0, 0.003846523704202327)	(77.0, 0.005769785556303491)	(78.0, 0.0052889700932782)	(79.0, 0.0014424463890758727)	(80.0, 0.0019232618521011634)	(81.0, 0.0014424463890758727)	(82.0, 0.00048081546302529085)	(83.0, 0.0)	(84.0, 0.0009616309260505817)	(85.0, 0.0009616309260505817)	(86.0, 0.0)	(87.0, 0.0)	(88.0, 0.0)	(89.0, 0.0)	(90.0, 0.0)	(91.0, 0.0)	(92.0, 0.0)	(93.0, 0.0)	(94.0, 0.00048081546302529085)	(95.0, 0.00048081546302529085)	(96.0, 0.00048081546302529085)	(97.0, 0.00048081546302529085)	(98.0, 0.0)	(99.0, 0.0)	(100.0, 0.0)
SRR5898966_2	(0.0, 0.0)	(1.0, 0.0)	(2.0, 0.0)	(3.0, 0.0)	(4.0, 0.0)	(5.0, 0.0)	(6.0, 0.0)	(7.0, 0.0)	(8.0, 0.0014428071255434573)	(9.0, 0.0019237428340579431)	(10.0, 0.0009618714170289716)	(11.0, 0.0004809357085144858)	(12.0, 0.0)	(13.0, 0.0019237428340579431)	(14.0, 0.0028856142510869146)	(15.0, 0.0019237428340579431)	(16.0, 0.0033665499596014004)	(17.0, 0.006252164210688315)	(18.0, 0.011542457004347658)	(19.0, 0.01923742834057943)	(20.0, 0.026932399676811204)	(21.0, 0.03655111384710092)	(22.0, 0.0543457350621369)	(23.0, 0.07983532761340464)	(24.0, 0.1216767342541649)	(25.0, 0.17890808356738871)	(26.0, 0.2409487899657574)	(27.0, 0.3020276249470971)	(28.0, 0.38090108114347276)	(29.0, 0.4655457658420222)	(30.0, 0.5549998076257165)	(31.0, 0.6713862490862221)	(32.0, 0.7844061405871263)	(33.0, 0.897906967796545)	(34.0, 1.0200646377592242)	(35.0, 1.1407795005963604)	(36.0, 1.3100688699934593)	(37.0, 1.5019622176907392)	(38.0, 1.6409526374514254)	(39.0, 1.8371744065253357)	(40.0, 2.0963987534146433)	(41.0, 2.4104497710746027)	(42.0, 2.7495094455773152)	(43.0, 2.998153206879304)	(44.0, 3.446385287214805)	(45.0, 3.901831403178023)	(46.0, 4.196164056788889)	(47.0, 4.617463737447578)	(48.0, 5.030106575353007)	(49.0, 5.254703551229271)	(50.0, 5.3701281212727485)	(51.0, 5.378304028317495)	(52.0, 5.222961794467316)	(53.0, 4.944500019237428)	(54.0, 4.523681274287253)	(55.0, 4.1148859220499405)	(56.0, 3.692143434265707)	(57.0, 3.1578238621061137)	(58.0, 2.6499557539148166)	(59.0, 2.222403909045439)	(60.0, 1.852564349197799)	(61.0, 1.5365895887037821)	(62.0, 1.2311954137970835)	(63.0, 0.9589858027778847)	(64.0, 0.7483359624485398)	(65.0, 0.5737563002577816)	(66.0, 0.4443845946673849)	(67.0, 0.3467546458389442)	(68.0, 0.2491246970105036)	(69.0, 0.18419837636104805)	(70.0, 0.14235696972028777)	(71.0, 0.10292024162209996)	(72.0, 0.08320187757300604)	(73.0, 0.058674156438767264)	(74.0, 0.04087953522373129)	(75.0, 0.031741756761956064)	(76.0, 0.01971836404909392)	(77.0, 0.012023392712862145)	(78.0, 0.011542457004347658)	(79.0, 0.015389942672463545)	(80.0, 0.01490900696394906)	(81.0, 0.008656842753260743)	(82.0, 0.0038474856681158863)	(83.0, 0.0033665499596014004)	(84.0, 0.005290292793659344)	(85.0, 0.004328421376630372)	(86.0, 0.005290292793659344)	(87.0, 0.005771228502173829)	(88.0, 0.0033665499596014004)	(89.0, 0.0019237428340579431)	(90.0, 0.0014428071255434573)	(91.0, 0.0024046785425724288)	(92.0, 0.0033665499596014004)	(93.0, 0.0028856142510869146)	(94.0, 0.0019237428340579431)	(95.0, 0.0014428071255434573)	(96.0, 0.0014428071255434573)	(97.0, 0.0019237428340579431)	(98.0, 0.0014428071255434573)	(99.0, 0.0009618714170289716)	(100.0, 0.0024046785425724288)
SRR5898978_1	(0.0, 0.0)	(1.0, 0.0)	(2.0, 0.0)	(3.0, 0.0)	(4.0, 0.0)	(5.0, 0.0)	(6.0, 0.0)	(7.0, 0.0)	(8.0, 0.0)	(9.0, 0.0)	(10.0, 0.0)	(11.0, 0.0)	(12.0, 0.0)	(13.0, 0.0004678099942927181)	(14.0, 0.0009356199885854362)	(15.0, 0.0018712399771708724)	(16.0, 0.0032746699600490264)	(17.0, 0.005613719931512617)	(18.0, 0.007952769902976206)	(19.0, 0.01169524985731795)	(20.0, 0.016373349800245133)	(21.0, 0.028068599657563087)	(22.0, 0.04818442941214996)	(23.0, 0.0542659593379553)	(24.0, 0.06315434922951695)	(25.0, 0.1164846885788868)	(26.0, 0.1730896978883057)	(27.0, 0.20396515751162506)	(28.0, 0.24747148698084787)	(29.0, 0.3316772859535371)	(30.0, 0.42804614477783703)	(31.0, 0.515994423704868)	(32.0, 0.630607872306584)	(33.0, 0.7522384708226907)	(34.0, 0.8565600995499668)	(35.0, 0.9725769781345608)	(36.0, 1.093271956662082)	(37.0, 1.187769575509211)	(38.0, 1.2841384343335112)	(39.0, 1.4244814326213264)	(40.0, 1.6087985703726577)	(41.0, 1.811828107895697)	(42.0, 2.0171966953902003)	(43.0, 2.223500902873289)	(44.0, 2.466762099905502)	(45.0, 2.7469802864868402)	(46.0, 3.0505889727828146)	(47.0, 3.3911546486279134)	(48.0, 3.7424799543417446)	(49.0, 4.0839812501754285)	(50.0, 4.3571822868423755)	(51.0, 4.525593884787755)	(52.0, 4.6257052235663965)	(53.0, 4.72441313236216)	(54.0, 4.771661941785724)	(55.0, 4.671550603007082)	(56.0, 4.511559584958973)	(57.0, 4.313208147378861)	(58.0, 4.03766806074045)	(59.0, 3.676050935152179)	(60.0, 3.356536709050252)	(61.0, 2.958430403907149)	(62.0, 2.465358669922624)	(63.0, 2.083625714579766)	(64.0, 1.7107811491284701)	(65.0, 1.3716189032662494)	(66.0, 1.078769846839008)	(67.0, 0.8397189397554289)	(68.0, 0.661951141924196)	(69.0, 0.502895743864672)	(70.0, 0.36676303552549094)	(71.0, 0.25027834694660417)	(72.0, 0.17262188789401298)	(73.0, 0.12817993843620476)	(74.0, 0.08186674900122566)	(75.0, 0.047716619417857244)	(76.0, 0.03602136956053929)	(77.0, 0.02432611970322134)	(78.0, 0.01496991981736698)	(79.0, 0.008888389891561644)	(80.0, 0.007017149914390772)	(81.0, 0.006081529925805335)	(82.0, 0.0023390499714635903)	(83.0, 0.0014034299828781542)	(84.0, 0.0018712399771708724)	(85.0, 0.0014034299828781542)	(86.0, 0.0004678099942927181)	(87.0, 0.0)	(88.0, 0.0)	(89.0, 0.0)	(90.0, 0.0)	(91.0, 0.0)	(92.0, 0.0)	(93.0, 0.0)	(94.0, 0.0)	(95.0, 0.0)	(96.0, 0.0)	(97.0, 0.0)	(98.0, 0.0)	(99.0, 0.0)	(100.0, 0.0)
SRR5898978_2	(0.0, 0.0)	(1.0, 0.0)	(2.0, 0.0)	(3.0, 0.0)	(4.0, 0.0)	(5.0, 0.00046827660162304674)	(6.0, 0.00046827660162304674)	(7.0, 0.0)	(8.0, 0.0)	(9.0, 0.00046827660162304674)	(10.0, 0.00046827660162304674)	(11.0, 0.00046827660162304674)	(12.0, 0.00046827660162304674)	(13.0, 0.00046827660162304674)	(14.0, 0.0009365532032460935)	(15.0, 0.0023413830081152336)	(16.0, 0.003746212812984374)	(17.0, 0.005151042617853514)	(18.0, 0.007960702227591794)	(19.0, 0.011706915040576167)	(20.0, 0.017794510861675775)	(21.0, 0.03465246852010546)	(22.0, 0.05432008578827341)	(23.0, 0.055724915593142556)	(24.0, 0.06930493704021091)	(25.0, 0.11706915040576168)	(26.0, 0.1634285339664433)	(27.0, 0.20323204510440226)	(28.0, 0.2739418119494823)	(29.0, 0.36057298324974596)	(30.0, 0.4265999840785955)	(31.0, 0.5141677085821053)	(32.0, 0.6185933907440446)	(33.0, 0.7295749453287067)	(34.0, 0.8635020533928981)	(35.0, 0.9801029271970367)	(36.0, 1.091552758383322)	(37.0, 1.2395281644962046)	(38.0, 1.33412003802406)	(39.0, 1.4549354012428062)	(40.0, 1.6628502123634388)	(41.0, 1.8304932357444896)	(42.0, 1.9948583229141787)	(43.0, 2.1980903680185815)	(44.0, 2.5118356911060227)	(45.0, 2.828858950404825)	(46.0, 3.048012399964411)	(47.0, 3.3870446595394967)	(48.0, 3.7349741745454206)	(49.0, 4.063236072283176)	(50.0, 4.365274480330041)	(51.0, 4.510908503434809)	(52.0, 4.6036272705561725)	(53.0, 4.632660419856801)	(54.0, 4.637343185873031)	(55.0, 4.660288739352561)	(56.0, 4.527766461093238)	(57.0, 4.275365372818416)	(58.0, 4.025305667551709)	(59.0, 3.6609864714889793)	(60.0, 3.2760631049548348)	(61.0, 2.8925445682255595)	(62.0, 2.478119775789163)	(63.0, 2.1119274733199407)	(64.0, 1.7307503195987808)	(65.0, 1.3926546132269408)	(66.0, 1.0920210349849448)	(67.0, 0.8218254358484469)	(68.0, 0.6560555188738884)	(69.0, 0.5179139213950896)	(70.0, 0.3690019620789608)	(71.0, 0.2570838542910526)	(72.0, 0.1793499384216269)	(73.0, 0.130180895251207)	(74.0, 0.09459187352785543)	(75.0, 0.055724915593142556)	(76.0, 0.03465246852010546)	(77.0, 0.021072447073037102)	(78.0, 0.018262787463298822)	(79.0, 0.0140482980486914)	(80.0, 0.010770361837330074)	(81.0, 0.010302085235707028)	(82.0, 0.0065558724227226545)	(83.0, 0.0032779362113613273)	(84.0, 0.00280965960973828)	(85.0, 0.0009365532032460935)	(86.0, 0.0009365532032460935)	(87.0, 0.00140482980486914)	(88.0, 0.00140482980486914)	(89.0, 0.001873106406492187)	(90.0, 0.001873106406492187)	(91.0, 0.00140482980486914)	(92.0, 0.0009365532032460935)	(93.0, 0.00140482980486914)	(94.0, 0.00140482980486914)	(95.0, 0.00140482980486914)	(96.0, 0.00140482980486914)	(97.0, 0.0009365532032460935)	(98.0, 0.0009365532032460935)	(99.0, 0.001873106406492187)	(100.0, 0.004682766016230467)
SRR5898979_1	(0.0, 0.0)	(1.0, 0.0)	(2.0, 0.0)	(3.0, 0.0)	(4.0, 0.0)	(5.0, 0.0)	(6.0, 0.0)	(7.0, 0.0)	(8.0, 0.0)	(9.0, 0.0)	(10.0, 0.0)	(11.0, 0.0)	(12.0, 0.0)	(13.0, 0.0)	(14.0, 0.0019227995962120847)	(15.0, 0.005287698889583233)	(16.0, 0.006249098687689275)	(17.0, 0.005287698889583233)	(18.0, 0.009133298082007402)	(19.0, 0.014901696870643657)	(20.0, 0.028361294044128252)	(21.0, 0.048069989905302125)	(22.0, 0.07546988415132433)	(23.0, 0.1177714752679902)	(24.0, 0.16007306638465607)	(25.0, 0.20093255780416286)	(26.0, 0.24996394750757103)	(27.0, 0.3220689323655242)	(28.0, 0.41772821227707546)	(29.0, 0.49512089602461185)	(30.0, 0.5739556794693074)	(31.0, 0.6729798586742297)	(32.0, 0.7787338364658943)	(33.0, 0.8864106138537711)	(34.0, 0.9748593952795269)	(35.0, 1.08830457145604)	(36.0, 1.2339566408691054)	(37.0, 1.3536509157333076)	(38.0, 1.469499591405086)	(39.0, 1.6867759457770515)	(40.0, 1.9203960967168194)	(41.0, 2.18141614190261)	(42.0, 2.500600874873816)	(43.0, 2.817382108349757)	(44.0, 3.2053069268855454)	(45.0, 3.6302456376484162)	(46.0, 4.067201845887612)	(47.0, 4.57289813969139)	(48.0, 5.05648223813873)	(49.0, 5.304523386050089)	(50.0, 5.4429649569773595)	(51.0, 5.525164639715426)	(52.0, 5.424217660914291)	(53.0, 5.140124020573956)	(54.0, 4.732490506176994)	(55.0, 4.263808104600298)	(56.0, 3.7355189155410278)	(57.0, 3.2067490265827043)	(58.0, 2.722203528337259)	(59.0, 2.26890352353026)	(60.0, 1.884824304186896)	(61.0, 1.5339133778781906)	(62.0, 1.2378022400615296)	(63.0, 1.0349468826611548)	(64.0, 0.8412248233427871)	(65.0, 0.6729798586742297)	(66.0, 0.5263663894630582)	(67.0, 0.41099841369033313)	(68.0, 0.3312022304475316)	(69.0, 0.26438494447916167)	(70.0, 0.20381675719848097)	(71.0, 0.14180647022064125)	(72.0, 0.09517858001249821)	(73.0, 0.06970148536268807)	(74.0, 0.05095418929962024)	(75.0, 0.033648992933711486)	(76.0, 0.021631495457385956)	(77.0, 0.016343796567802722)	(78.0, 0.012978897274431573)	(79.0, 0.008171898283901361)	(80.0, 0.0033648992933711483)	(81.0, 0.0009613997981060423)	(82.0, 0.0009613997981060423)	(83.0, 0.0009613997981060423)	(84.0, 0.00048069989905302117)	(85.0, 0.00048069989905302117)	(86.0, 0.0)	(87.0, 0.0)	(88.0, 0.0)	(89.0, 0.0)	(90.0, 0.0)	(91.0, 0.0)	(92.0, 0.0)	(93.0, 0.0)	(94.0, 0.00048069989905302117)	(95.0, 0.00048069989905302117)	(96.0, 0.0)	(97.0, 0.0)	(98.0, 0.00048069989905302117)	(99.0, 0.0014420996971590636)	(100.0, 0.0009613997981060423)
SRR5898979_2	(0.0, 0.0)	(1.0, 0.0)	(2.0, 0.0)	(3.0, 0.0004807230074031344)	(4.0, 0.0004807230074031344)	(5.0, 0.0)	(6.0, 0.0)	(7.0, 0.0004807230074031344)	(8.0, 0.0019228920296125375)	(9.0, 0.001442169022209403)	(10.0, 0.0)	(11.0, 0.0)	(12.0, 0.0004807230074031344)	(13.0, 0.001442169022209403)	(14.0, 0.004326507066628209)	(15.0, 0.00673012210364388)	(16.0, 0.0062493990962407455)	(17.0, 0.005768676088837612)	(18.0, 0.013940967214690894)	(19.0, 0.02595904239976925)	(20.0, 0.03509277954042881)	(21.0, 0.05384097682915104)	(22.0, 0.08316508028074224)	(23.0, 0.11393135275454282)	(24.0, 0.14950485530237478)	(25.0, 0.21199884626478221)	(26.0, 0.27497356023459285)	(27.0, 0.34660128833765985)	(28.0, 0.4244784155369676)	(29.0, 0.4884145755215845)	(30.0, 0.576386885876358)	(31.0, 0.6960869147197385)	(32.0, 0.8109797134890876)	(33.0, 0.8753965964811076)	(34.0, 0.9715411979617344)	(35.0, 1.0768195365830209)	(36.0, 1.1825785982117105)	(37.0, 1.3498702047880011)	(38.0, 1.5416786847418518)	(39.0, 1.7368522257475243)	(40.0, 1.928660705701375)	(41.0, 2.1286414767810786)	(42.0, 2.4286126334006344)	(43.0, 2.788193442938179)	(44.0, 3.1554658205941735)	(45.0, 3.5631189308720312)	(46.0, 3.9664455340832614)	(47.0, 4.432266128256898)	(48.0, 4.97692529564465)	(49.0, 5.3605422555523505)	(50.0, 5.521103740024998)	(51.0, 5.488895298528988)	(52.0, 5.3634265935967695)	(53.0, 5.157677146428228)	(54.0, 4.732718007883857)	(55.0, 4.249110662436304)	(56.0, 3.7515623497740602)	(57.0, 3.254014037111816)	(58.0, 2.7468512643015095)	(59.0, 2.2416113835208153)	(60.0, 1.849341409479858)	(61.0, 1.5238919334679357)	(62.0, 1.2311316219594268)	(63.0, 1.03067012787232)	(64.0, 0.8739544274588982)	(65.0, 0.7066628208826075)	(66.0, 0.5576386885876359)	(67.0, 0.4225555235073551)	(68.0, 0.3403518892414191)	(69.0, 0.28266512835304297)	(70.0, 0.21969041438323236)	(71.0, 0.16681088356888762)	(72.0, 0.12402653591000866)	(73.0, 0.09133737140659552)	(74.0, 0.061051821940198064)	(75.0, 0.04566868570329776)	(76.0, 0.030285549466397464)	(77.0, 0.02355542736275358)	(78.0, 0.024036150370156717)	(79.0, 0.015863859244303433)	(80.0, 0.00769156811845015)	(81.0, 0.005768676088837612)	(82.0, 0.0048072300740313436)	(83.0, 0.00336506105182194)	(84.0, 0.003845784059225075)	(85.0, 0.004326507066628209)	(86.0, 0.00336506105182194)	(87.0, 0.0019228920296125375)	(88.0, 0.0019228920296125375)	(89.0, 0.002884338044418806)	(90.0, 0.003845784059225075)	(91.0, 0.003845784059225075)	(92.0, 0.002884338044418806)	(93.0, 0.0019228920296125375)	(94.0, 0.0024036150370156718)	(95.0, 0.004326507066628209)	(96.0, 0.00336506105182194)	(97.0, 0.0019228920296125375)	(98.0, 0.0019228920296125375)	(99.0, 0.002884338044418806)	(100.0, 0.003845784059225075)
SRR5898980_1	(0.0, 0.0)	(1.0, 0.0)	(2.0, 0.0)	(3.0, 0.0)	(4.0, 0.0)	(5.0, 0.0)	(6.0, 0.0)	(7.0, 0.0)	(8.0, 0.0)	(9.0, 0.0)	(10.0, 0.0)	(11.0, 0.0)	(12.0, 0.0)	(13.0, 0.0004867127421395892)	(14.0, 0.0009734254842791784)	(15.0, 0.0014601382264187678)	(16.0, 0.0019468509685583568)	(17.0, 0.004380414679256303)	(18.0, 0.0068139783899542495)	(19.0, 0.008760829358512606)	(20.0, 0.015088095006327264)	(21.0, 0.023362211622700284)	(22.0, 0.0316363282390733)	(23.0, 0.04915798695609851)	(24.0, 0.08322787890586976)	(25.0, 0.11291735617638471)	(26.0, 0.144553684415458)	(27.0, 0.19614523508225445)	(28.0, 0.2667185826924949)	(29.0, 0.32707096271780395)	(30.0, 0.3840163535481359)	(31.0, 0.48038547649177454)	(32.0, 0.5825951523410883)	(33.0, 0.6950257957753334)	(34.0, 0.812810279373114)	(35.0, 0.9383821668451279)	(36.0, 1.0921833933612382)	(37.0, 1.2742139589214445)	(38.0, 1.4265550472111361)	(39.0, 1.6319478243940426)	(40.0, 1.9215419059670982)	(41.0, 2.1746325318796846)	(42.0, 2.4140952010123624)	(43.0, 2.6593984230507157)	(44.0, 2.922223303806094)	(45.0, 3.190888737467147)	(46.0, 3.433758395794802)	(47.0, 3.7092378078458097)	(48.0, 3.873746714688991)	(49.0, 3.94529348778351)	(50.0, 4.117103085758785)	(51.0, 4.2066582303124695)	(52.0, 4.196437262727539)	(53.0, 4.17064148739414)	(54.0, 4.122456925922321)	(55.0, 4.009052857003796)	(56.0, 3.87423342743113)	(57.0, 3.7233524773678575)	(58.0, 3.4936240630779714)	(59.0, 3.233719458775431)	(60.0, 3.02151270320257)	(61.0, 2.7708556410006815)	(62.0, 2.4394042636036213)	(63.0, 2.157597585904799)	(64.0, 1.8923391414387227)	(65.0, 1.6217268568091112)	(66.0, 1.3793439112235957)	(67.0, 1.1535091988708264)	(68.0, 0.9262143482916383)	(69.0, 0.7329893896622214)	(70.0, 0.5572860897498297)	(71.0, 0.40737856517083615)	(72.0, 0.2983549109315682)	(73.0, 0.207339628151465)	(74.0, 0.15477465200038937)	(75.0, 0.1036698140757325)	(76.0, 0.06619293293098413)	(77.0, 0.048184561471819334)	(78.0, 0.02920276452837535)	(79.0, 0.01849508420130439)	(80.0, 0.009247542100652194)	(81.0, 0.00632726564781466)	(82.0, 0.0038937019371167135)	(83.0, 0.002433563710697946)	(84.0, 0.0014601382264187678)	(85.0, 0.0014601382264187678)	(86.0, 0.0009734254842791784)	(87.0, 0.0)	(88.0, 0.0)	(89.0, 0.0004867127421395892)	(90.0, 0.0004867127421395892)	(91.0, 0.0)	(92.0, 0.0)	(93.0, 0.0004867127421395892)	(94.0, 0.0004867127421395892)	(95.0, 0.0)	(96.0, 0.0)	(97.0, 0.0004867127421395892)	(98.0, 0.0004867127421395892)	(99.0, 0.0)	(100.0, 0.0)
SRR5898980_2	(0.0, 0.0)	(1.0, 0.0)	(2.0, 0.0)	(3.0, 0.0009737003534532283)	(4.0, 0.0009737003534532283)	(5.0, 0.0)	(6.0, 0.0)	(7.0, 0.0)	(8.0, 0.0009737003534532283)	(9.0, 0.0009737003534532283)	(10.0, 0.0)	(11.0, 0.0004868501767266141)	(12.0, 0.0019474007069064565)	(13.0, 0.0024342508836330706)	(14.0, 0.0019474007069064565)	(15.0, 0.0009737003534532283)	(16.0, 0.0014605505301798424)	(17.0, 0.003894801413812913)	(18.0, 0.00584220212071937)	(19.0, 0.00925015335780567)	(20.0, 0.015579205655251652)	(21.0, 0.02677675971996378)	(22.0, 0.0345663625475896)	(23.0, 0.05257981908647432)	(24.0, 0.08373823039697763)	(25.0, 0.12073884382820031)	(26.0, 0.1621211088499625)	(27.0, 0.20496392440190456)	(28.0, 0.26192539507891843)	(29.0, 0.33300552088100405)	(30.0, 0.40408564668308977)	(31.0, 0.4732183717782689)	(32.0, 0.5710752573003184)	(33.0, 0.7181040106717559)	(34.0, 0.8368954537930496)	(35.0, 0.9191731336598474)	(36.0, 1.0584122842036592)	(37.0, 1.2331914976485137)	(38.0, 1.4206288156882603)	(39.0, 1.6158557365556325)	(40.0, 1.8685309782767452)	(41.0, 2.126074721765124)	(42.0, 2.3699866603051576)	(43.0, 2.599293093543393)	(44.0, 2.825191575544542)	(45.0, 3.1134068801666976)	(46.0, 3.3836087282499685)	(47.0, 3.6041518583071244)	(48.0, 3.8242081381875543)	(49.0, 3.9819475954469774)	(50.0, 4.024303560822193)	(51.0, 4.1348185509391335)	(52.0, 4.220504182043018)	(53.0, 4.194701122676507)	(54.0, 4.1124234428097095)	(55.0, 3.976592243502984)	(56.0, 3.8573139502049636)	(57.0, 3.755075413092375)	(58.0, 3.532584882328312)	(59.0, 3.2706594872493935)	(60.0, 3.047195256131878)	(61.0, 2.7833224603460534)	(62.0, 2.519936514736955)	(63.0, 2.213707753575915)	(64.0, 1.9308478008977517)	(65.0, 1.6927780644784376)	(66.0, 1.4391291224038716)	(67.0, 1.1854801803293056)	(68.0, 0.9556868969143435)	(69.0, 0.7609468262236979)	(70.0, 0.5759437590675845)	(71.0, 0.4157700509245285)	(72.0, 0.3057419109843137)	(73.0, 0.22784588270805545)	(74.0, 0.16406850955686897)	(75.0, 0.11051499011694142)	(76.0, 0.07205382615553889)	(77.0, 0.05550092014683401)	(78.0, 0.04332966572866866)	(79.0, 0.027750460073417006)	(80.0, 0.02142140777597102)	(81.0, 0.016066055831978267)	(82.0, 0.010223853711258897)	(83.0, 0.008276453004352442)	(84.0, 0.007789602827625826)	(85.0, 0.007302752650899211)	(86.0, 0.006329052297445984)	(87.0, 0.003407951237086299)	(88.0, 0.003894801413812913)	(89.0, 0.004381651590539527)	(90.0, 0.003407951237086299)	(91.0, 0.002921101060359685)	(92.0, 0.0019474007069064565)	(93.0, 0.0014605505301798424)	(94.0, 0.0014605505301798424)	(95.0, 0.002921101060359685)	(96.0, 0.002921101060359685)	(97.0, 0.003894801413812913)	(98.0, 0.004381651590539527)	(99.0, 0.0014605505301798424)	(100.0, 0.0024342508836330706)
SRR5898981_1	(0.0, 0.0)	(1.0, 0.0)	(2.0, 0.0)	(3.0, 0.0)	(4.0, 0.0)	(5.0, 0.0)	(6.0, 0.0)	(7.0, 0.0)	(8.0, 0.0)	(9.0, 0.0)	(10.0, 0.0)	(11.0, 0.0)	(12.0, 0.0004862819851975764)	(13.0, 0.0014588459555927291)	(14.0, 0.0019451279407903055)	(15.0, 0.0029176919111854583)	(16.0, 0.005835383822370917)	(17.0, 0.007780511763161222)	(18.0, 0.012643331615136985)	(19.0, 0.02042384337829821)	(20.0, 0.022368971319088514)	(21.0, 0.02771807315626185)	(22.0, 0.05105960844574552)	(23.0, 0.08364050145398313)	(24.0, 0.10600947277307166)	(25.0, 0.14102177570729715)	(26.0, 0.1911088201826475)	(27.0, 0.2407095826728003)	(28.0, 0.3296991859639568)	(29.0, 0.4186887892551132)	(30.0, 0.522266852102197)	(31.0, 0.6929518289065464)	(32.0, 0.8023652755760009)	(33.0, 0.9190729520234194)	(34.0, 1.076628315227434)	(35.0, 1.2069518872603846)	(36.0, 1.4136217309693544)	(37.0, 1.6591941334941307)	(38.0, 1.8755896169070518)	(39.0, 2.1240797113430134)	(40.0, 2.3779189076161487)	(41.0, 2.5909104171326867)	(42.0, 2.9162330652298656)	(43.0, 3.225022125830326)	(44.0, 3.4783750401182636)	(45.0, 3.775979615059181)	(46.0, 3.9977242003092752)	(47.0, 4.266151856138337)	(48.0, 4.510751694692718)	(49.0, 4.633294754962507)	(50.0, 4.748057303469136)	(51.0, 4.816136781396796)	(52.0, 4.700401668919773)	(53.0, 4.527285282189436)	(54.0, 4.2335709631300995)	(55.0, 3.8712908841579052)	(56.0, 3.5513173378979004)	(57.0, 3.190982386866496)	(58.0, 2.8277297439239066)	(59.0, 2.408554672683596)	(60.0, 2.0953890742163566)	(61.0, 1.8050787290534036)	(62.0, 1.4875365927193862)	(63.0, 1.2127872710827554)	(64.0, 1.0075762733293783)	(65.0, 0.8456443722585854)	(66.0, 0.6934381108917439)	(67.0, 0.5533888991548419)	(68.0, 0.40944943153635927)	(69.0, 0.3126793164820416)	(70.0, 0.26842765582906214)	(71.0, 0.21882689333890937)	(72.0, 0.14734344151486564)	(73.0, 0.11233113858064014)	(74.0, 0.08266793748358799)	(75.0, 0.05446358234212855)	(76.0, 0.030149483082249736)	(77.0, 0.017992433452310327)	(78.0, 0.012643331615136985)	(79.0, 0.006807947792766069)	(80.0, 0.006807947792766069)	(81.0, 0.004862819851975763)	(82.0, 0.0019451279407903055)	(83.0, 0.0004862819851975764)	(84.0, 0.0004862819851975764)	(85.0, 0.0009725639703951528)	(86.0, 0.0014588459555927291)	(87.0, 0.0004862819851975764)	(88.0, 0.0)	(89.0, 0.0009725639703951528)	(90.0, 0.0009725639703951528)	(91.0, 0.0)	(92.0, 0.0)	(93.0, 0.0)	(94.0, 0.0)	(95.0, 0.0)	(96.0, 0.0)	(97.0, 0.0)	(98.0, 0.0)	(99.0, 0.0)	(100.0, 0.0)
SRR5898981_2	(0.0, 0.0)	(1.0, 0.0)	(2.0, 0.0)	(3.0, 0.0004865020019557381)	(4.0, 0.0004865020019557381)	(5.0, 0.0)	(6.0, 0.0)	(7.0, 0.0)	(8.0, 0.0004865020019557381)	(9.0, 0.0004865020019557381)	(10.0, 0.0)	(11.0, 0.0)	(12.0, 0.0)	(13.0, 0.0)	(14.0, 0.0004865020019557381)	(15.0, 0.0019460080078229523)	(16.0, 0.00486502001955738)	(17.0, 0.008757036035203284)	(18.0, 0.014595060058672142)	(19.0, 0.020919586084096733)	(20.0, 0.026271108105609856)	(21.0, 0.046217690185795114)	(22.0, 0.05935324423860005)	(23.0, 0.07978632832074105)	(24.0, 0.11140895844786401)	(25.0, 0.1454640985847657)	(26.0, 0.20335783681749853)	(27.0, 0.2685491050795674)	(28.0, 0.33909189536314943)	(29.0, 0.4252027497093151)	(30.0, 0.5395307201689136)	(31.0, 0.6431556465854857)	(32.0, 0.7565106130411727)	(33.0, 0.9180292776904776)	(34.0, 1.0610608662654646)	(35.0, 1.2746352451240337)	(36.0, 1.48966912998847)	(37.0, 1.6448632686123503)	(38.0, 1.8944387956156439)	(39.0, 2.161528394689344)	(40.0, 2.374129769544002)	(41.0, 2.629543320570764)	(42.0, 2.922417525748118)	(43.0, 3.186588112810084)	(44.0, 3.4638942539248547)	(45.0, 3.7596874711139434)	(46.0, 3.9863974040253174)	(47.0, 4.252513999095106)	(48.0, 4.516198084155117)	(49.0, 4.605227950513016)	(50.0, 4.770638631177968)	(51.0, 4.799828751295312)	(52.0, 4.626634038599069)	(53.0, 4.44954730988718)	(54.0, 4.231107911009054)	(55.0, 3.899800047677196)	(56.0, 3.51351745812434)	(57.0, 3.2084807028980924)	(58.0, 2.833874161392174)	(59.0, 2.420347459729797)	(60.0, 2.024821332139782)	(61.0, 1.7192980749115783)	(62.0, 1.465344029890683)	(63.0, 1.2191740169010796)	(64.0, 1.0182486900933598)	(65.0, 0.8114853392621711)	(66.0, 0.6718592647008742)	(67.0, 0.5696938442901692)	(68.0, 0.4417438177758102)	(69.0, 0.356605967433556)	(70.0, 0.28995519316561985)	(71.0, 0.22281791689572802)	(72.0, 0.16200516665126077)	(73.0, 0.11481447246155418)	(74.0, 0.08611085434616564)	(75.0, 0.056920734228821344)	(76.0, 0.04037966616232626)	(77.0, 0.035028144140813136)	(78.0, 0.02237909208996395)	(79.0, 0.012162550048893451)	(80.0, 0.00973004003911476)	(81.0, 0.006811028027380333)	(82.0, 0.006811028027380333)	(83.0, 0.00486502001955738)	(84.0, 0.00243251000977869)	(85.0, 0.00243251000977869)	(86.0, 0.0019460080078229523)	(87.0, 0.0014595060058672142)	(88.0, 0.0014595060058672142)	(89.0, 0.0014595060058672142)	(90.0, 0.0038920160156459046)	(91.0, 0.0034055140136901663)	(92.0, 0.0029190120117344284)	(93.0, 0.0034055140136901663)	(94.0, 0.00243251000977869)	(95.0, 0.00243251000977869)	(96.0, 0.0014595060058672142)	(97.0, 0.0009730040039114761)	(98.0, 0.0004865020019557381)	(99.0, 0.0014595060058672142)	(100.0, 0.00486502001955738)
SRR5898982_1	(0.0, 0.0)	(1.0, 0.0)	(2.0, 0.0)	(3.0, 0.0)	(4.0, 0.0)	(5.0, 0.0)	(6.0, 0.0)	(7.0, 0.0)	(8.0, 0.0)	(9.0, 0.00047982572729584613)	(10.0, 0.0009596514545916923)	(11.0, 0.00047982572729584613)	(12.0, 0.00047982572729584613)	(13.0, 0.0009596514545916923)	(14.0, 0.0009596514545916923)	(15.0, 0.0019193029091833845)	(16.0, 0.005757908727550154)	(17.0, 0.0071973859094376915)	(18.0, 0.00863686309132523)	(19.0, 0.013435120364283692)	(20.0, 0.020152680546425536)	(21.0, 0.033107975183413386)	(22.0, 0.05901856445738908)	(23.0, 0.09788444836835261)	(24.0, 0.12715381773339923)	(25.0, 0.16793900455354616)	(26.0, 0.2331953034657812)	(27.0, 0.2950928222869454)	(28.0, 0.36850615856320984)	(29.0, 0.46015287247671643)	(30.0, 0.5565978436631815)	(31.0, 0.6506436862131674)	(32.0, 0.7600439520366203)	(33.0, 0.8579284004049729)	(34.0, 1.0004366414118393)	(35.0, 1.1592589571467642)	(36.0, 1.2792153889707258)	(37.0, 1.4222034557048882)	(38.0, 1.5848643772581799)	(39.0, 1.7374489585382589)	(40.0, 1.905867788819101)	(41.0, 2.183686884923396)	(42.0, 2.4279181801169814)	(43.0, 2.6467187117638873)	(44.0, 2.986915152416642)	(45.0, 3.2892053606130256)	(46.0, 3.6356395357206264)	(47.0, 4.064603735923113)	(48.0, 4.404320350848572)	(49.0, 4.638475305768944)	(50.0, 4.770907206502598)	(51.0, 4.88270660096253)	(52.0, 4.879827646598756)	(53.0, 4.726283413864085)	(54.0, 4.520438176854166)	(55.0, 4.293960433570527)	(56.0, 3.948965735644814)	(57.0, 3.511364672351002)	(58.0, 3.1203067046048876)	(59.0, 2.7335671684044356)	(60.0, 2.3185179142935284)	(61.0, 1.9543301872759815)	(62.0, 1.676990916898982)	(63.0, 1.4298806673416216)	(64.0, 1.1904476294209942)	(65.0, 0.9970778613207683)	(66.0, 0.8516906659501269)	(67.0, 0.6938280016697935)	(68.0, 0.5633154038453234)	(69.0, 0.46063269820401226)	(70.0, 0.35411138674433446)	(71.0, 0.2711015359221531)	(72.0, 0.20440575982803047)	(73.0, 0.15594336137115)	(74.0, 0.1165976517328906)	(75.0, 0.08061072218570214)	(76.0, 0.06333699600305169)	(77.0, 0.04030536109285107)	(78.0, 0.025430763546679842)	(79.0, 0.016314074728058767)	(80.0, 0.013914946091579538)	(81.0, 0.014394771818875383)	(82.0, 0.006717560182141846)	(83.0, 0.003358780091070923)	(84.0, 0.0019193029091833845)	(85.0, 0.00047982572729584613)	(86.0, 0.0014394771818875384)	(87.0, 0.0019193029091833845)	(88.0, 0.0009596514545916923)	(89.0, 0.0)	(90.0, 0.00047982572729584613)	(91.0, 0.0019193029091833845)	(92.0, 0.0014394771818875384)	(93.0, 0.0)	(94.0, 0.0)	(95.0, 0.0009596514545916923)	(96.0, 0.0009596514545916923)	(97.0, 0.0)	(98.0, 0.0)	(99.0, 0.0)	(100.0, 0.00047982572729584613)
SRR5898982_2	(0.0, 0.0)	(1.0, 0.0)	(2.0, 0.0)	(3.0, 0.0)	(4.0, 0.0)	(5.0, 0.0)	(6.0, 0.0)	(7.0, 0.0)	(8.0, 0.0)	(9.0, 0.0004800583750984119)	(10.0, 0.0009601167501968238)	(11.0, 0.0004800583750984119)	(12.0, 0.0004800583750984119)	(13.0, 0.0024002918754920596)	(14.0, 0.002880350250590472)	(15.0, 0.002880350250590472)	(16.0, 0.006240758876279355)	(17.0, 0.008160992376673002)	(18.0, 0.010081225877066651)	(19.0, 0.013921692877853945)	(20.0, 0.021122568504330128)	(21.0, 0.035524319757282485)	(22.0, 0.05088618776043167)	(23.0, 0.0763292816406475)	(24.0, 0.12673541102598077)	(25.0, 0.1809820074121013)	(26.0, 0.23858901242391076)	(27.0, 0.32163911131593603)	(28.0, 0.39412792595579627)	(29.0, 0.4666167405956564)	(30.0, 0.5376653801102215)	(31.0, 0.5981527353726213)	(32.0, 0.7301687885246846)	(33.0, 0.8986692781842273)	(34.0, 1.025404689210208)	(35.0, 1.1319776484820554)	(36.0, 1.2913570290147283)	(37.0, 1.456497110048582)	(38.0, 1.5870729880753498)	(39.0, 1.7526931274843023)	(40.0, 1.9667991627781938)	(41.0, 2.1905063655740538)	(42.0, 2.363327380609482)	(43.0, 2.631199953914396)	(44.0, 3.0114061869923385)	(45.0, 3.3100024963035506)	(46.0, 3.6268410238685025)	(47.0, 3.9734431706895554)	(48.0, 4.282120705877835)	(49.0, 4.581197073564145)	(50.0, 4.838508362616895)	(51.0, 4.92443881175951)	(52.0, 4.873552623999078)	(53.0, 4.7607389058509515)	(54.0, 4.51014843404958)	(55.0, 4.148184419225378)	(56.0, 3.821264665783359)	(57.0, 3.521228181346852)	(58.0, 3.1165389711388904)	(59.0, 2.7003283599285672)	(60.0, 2.3311634694778887)	(61.0, 2.020085642414118)	(62.0, 1.7219693914780039)	(63.0, 1.4276936075426772)	(64.0, 1.194385237244849)	(65.0, 0.9802792019509572)	(66.0, 0.8252203467941702)	(67.0, 0.7426503062772433)	(68.0, 0.6159148952512625)	(69.0, 0.4694970908462469)	(70.0, 0.36724465695028513)	(71.0, 0.2817942661827678)	(72.0, 0.22130691092036794)	(73.0, 0.16898054803464102)	(74.0, 0.12337500240029188)	(75.0, 0.09841196689517445)	(76.0, 0.07152869788966339)	(77.0, 0.04848589588493961)	(78.0, 0.030723736006298363)	(79.0, 0.023522860379822187)	(80.0, 0.019202335003936477)	(81.0, 0.01248151775255871)	(82.0, 0.011521401002361887)	(83.0, 0.007680934001574591)	(84.0, 0.005280642126082532)	(85.0, 0.006240758876279355)	(86.0, 0.00720087562647618)	(87.0, 0.005280642126082532)	(88.0, 0.0038404670007872953)	(89.0, 0.0038404670007872953)	(90.0, 0.0019202335003936477)	(91.0, 0.0019202335003936477)	(92.0, 0.0043205253758857075)	(93.0, 0.0043205253758857075)	(94.0, 0.0024002918754920596)	(95.0, 0.0009601167501968238)	(96.0, 0.0004800583750984119)	(97.0, 0.001440175125295236)	(98.0, 0.0024002918754920596)	(99.0, 0.002880350250590472)	(100.0, 0.00720087562647618)
SRR5898983_1	(0.0, 0.0)	(1.0, 0.0)	(2.0, 0.0)	(3.0, 0.0)	(4.0, 0.0)	(5.0, 0.0)	(6.0, 0.0)	(7.0, 0.0)	(8.0, 0.0)	(9.0, 0.0)	(10.0, 0.0)	(11.0, 0.0)	(12.0, 0.0004906819497737956)	(13.0, 0.0004906819497737956)	(14.0, 0.0)	(15.0, 0.0)	(16.0, 0.0009813638995475912)	(17.0, 0.0009813638995475912)	(18.0, 0.0004906819497737956)	(19.0, 0.0024534097488689783)	(20.0, 0.005397501447511752)	(21.0, 0.011776366794571095)	(22.0, 0.017664550191856643)	(23.0, 0.026496825287784964)	(24.0, 0.05004955887692715)	(25.0, 0.0682047910185576)	(26.0, 0.07163956466697416)	(27.0, 0.09028547875837839)	(28.0, 0.13003071669005584)	(29.0, 0.18155232141630437)	(30.0, 0.22080687739820803)	(31.0, 0.26987507237558755)	(32.0, 0.3483841843393949)	(33.0, 0.40334056271406005)	(34.0, 0.47056398983307)	(35.0, 0.5623215144407697)	(36.0, 0.6187499386647562)	(37.0, 0.7114888271720037)	(38.0, 0.842500907761607)	(39.0, 0.9440720713647828)	(40.0, 1.0412270974199942)	(41.0, 1.1712578141100503)	(42.0, 1.3218971726906055)	(43.0, 1.4578160727779468)	(44.0, 1.6015858840616688)	(45.0, 1.7502625148431288)	(46.0, 1.9695973463920158)	(47.0, 2.268422653804257)	(48.0, 2.5260306774355)	(49.0, 2.8155330278020396)	(50.0, 3.184525854031934)	(51.0, 3.5495932246636372)	(52.0, 3.9563685610261143)	(53.0, 4.290522968822069)	(54.0, 4.540770763206705)	(55.0, 4.880322672450172)	(56.0, 5.152160472624854)	(57.0, 5.29642096585835)	(58.0, 5.314576197999981)	(59.0, 5.253240954278255)	(60.0, 4.9642292858614905)	(61.0, 4.47551006388679)	(62.0, 4.058921088528837)	(63.0, 3.62613960882835)	(64.0, 3.147234025849125)	(65.0, 2.636434116134604)	(66.0, 2.093249197735012)	(67.0, 1.6167970245046566)	(68.0, 1.2306303300326793)	(69.0, 0.8866622832412487)	(70.0, 0.6344517610575178)	(71.0, 0.45829694108872515)	(72.0, 0.3047134908095271)	(73.0, 0.18547777701449475)	(74.0, 0.11481957624706818)	(75.0, 0.0686954729683314)	(76.0, 0.040726601831225034)	(77.0, 0.02355273358914219)	(78.0, 0.013739094593666278)	(79.0, 0.008341593146154526)	(80.0, 0.0049068194977379565)	(81.0, 0.0019627277990951824)	(82.0, 0.0009813638995475912)	(83.0, 0.0009813638995475912)	(84.0, 0.0014720458493213868)	(85.0, 0.0014720458493213868)	(86.0, 0.0009813638995475912)	(87.0, 0.0014720458493213868)	(88.0, 0.0024534097488689783)	(89.0, 0.0014720458493213868)	(90.0, 0.0)	(91.0, 0.0)	(92.0, 0.0)	(93.0, 0.0)	(94.0, 0.0)	(95.0, 0.0)	(96.0, 0.0)	(97.0, 0.0)	(98.0, 0.0)	(99.0, 0.0)	(100.0, 0.0)
SRR5898983_2	(0.0, 0.0)	(1.0, 0.0)	(2.0, 0.0)	(3.0, 0.0)	(4.0, 0.0)	(5.0, 0.0)	(6.0, 0.0)	(7.0, 0.0)	(8.0, 0.0)	(9.0, 0.0)	(10.0, 0.0)	(11.0, 0.0)	(12.0, 0.0009817974748168948)	(13.0, 0.0009817974748168948)	(14.0, 0.0)	(15.0, 0.0)	(16.0, 0.0009817974748168948)	(17.0, 0.002454493687042237)	(18.0, 0.002454493687042237)	(19.0, 0.003927189899267579)	(20.0, 0.005890784848901369)	(21.0, 0.012763367172619633)	(22.0, 0.023563139395605476)	(23.0, 0.035344709093408214)	(24.0, 0.04859897500343629)	(25.0, 0.0652895320753235)	(26.0, 0.07559840556090089)	(27.0, 0.09572525379464725)	(28.0, 0.13597895026213994)	(29.0, 0.19194140632670292)	(30.0, 0.238085887643097)	(31.0, 0.2955210399198853)	(32.0, 0.3657195593692933)	(33.0, 0.40597325583678595)	(34.0, 0.4648811043257997)	(35.0, 0.5581518644334047)	(36.0, 0.6489681308539674)	(37.0, 0.7476387770730654)	(38.0, 0.8335460561195437)	(39.0, 0.923871423802698)	(40.0, 1.0794863235611758)	(41.0, 1.2036837041255128)	(42.0, 1.3028452490820193)	(43.0, 1.4393150980815677)	(44.0, 1.5831484281422428)	(45.0, 1.7451450114870304)	(46.0, 1.9341410253892826)	(47.0, 2.2237712804602667)	(48.0, 2.5384373711390813)	(49.0, 2.842794588332319)	(50.0, 3.16187876764781)	(51.0, 3.4726176684273566)	(52.0, 3.883009012900819)	(53.0, 4.223201837924872)	(54.0, 4.522650067744026)	(55.0, 4.848115930645826)	(56.0, 5.18536336324543)	(57.0, 5.342941857953541)	(58.0, 5.195672236731006)	(59.0, 5.121055628644923)	(60.0, 4.967404323836079)	(61.0, 4.509886700571406)	(62.0, 3.9792251654328745)	(63.0, 3.5757064032831307)	(64.0, 3.163842362597443)	(65.0, 2.634653523671137)	(66.0, 2.124118836766352)	(67.0, 1.6901643528972843)	(68.0, 1.3043179452942448)	(69.0, 0.9474345631983034)	(70.0, 0.6686040803503053)	(71.0, 0.4673355980128419)	(72.0, 0.31859328057808234)	(73.0, 0.19930488738782964)	(74.0, 0.12125198813988651)	(75.0, 0.09277986137019655)	(76.0, 0.05939874722642213)	(77.0, 0.02994482298191529)	(78.0, 0.02061774697115479)	(79.0, 0.015217860859661867)	(80.0, 0.007854379798535158)	(81.0, 0.003927189899267579)	(82.0, 0.005399886111492921)	(83.0, 0.0068725823237182635)	(84.0, 0.0068725823237182635)	(85.0, 0.005890784848901369)	(86.0, 0.0034362911618591317)	(87.0, 0.003927189899267579)	(88.0, 0.003927189899267579)	(89.0, 0.0029453924244506845)	(90.0, 0.0019635949496337895)	(91.0, 0.0014726962122253422)	(92.0, 0.0019635949496337895)	(93.0, 0.0014726962122253422)	(94.0, 0.002454493687042237)	(95.0, 0.0029453924244506845)	(96.0, 0.0019635949496337895)	(97.0, 0.002454493687042237)	(98.0, 0.0019635949496337895)	(99.0, 0.0009817974748168948)	(100.0, 0.005399886111492921)
SRR5898984_1	(0.0, 0.0)	(1.0, 0.0)	(2.0, 0.0)	(3.0, 0.0)	(4.0, 0.0)	(5.0, 0.0)	(6.0, 0.0)	(7.0, 0.0)	(8.0, 0.0004797635725114663)	(9.0, 0.0004797635725114663)	(10.0, 0.0)	(11.0, 0.0)	(12.0, 0.0)	(13.0, 0.0)	(14.0, 0.0)	(15.0, 0.0)	(16.0, 0.001439290717534399)	(17.0, 0.006716690015160528)	(18.0, 0.011994089312786659)	(19.0, 0.015832197892878392)	(20.0, 0.02926557792319945)	(21.0, 0.047496593678635166)	(22.0, 0.07196453587671996)	(23.0, 0.09931105950987354)	(24.0, 0.13769214531079083)	(25.0, 0.20150070045481588)	(26.0, 0.2576330384386574)	(27.0, 0.3185630121476136)	(28.0, 0.4058799823447005)	(29.0, 0.5099886775796887)	(30.0, 0.6289700435625324)	(31.0, 0.7517895181254678)	(32.0, 0.8472624690552495)	(33.0, 0.9518509278627493)	(34.0, 1.1087336160739987)	(35.0, 1.2766508664530118)	(36.0, 1.434013318236773)	(37.0, 1.6249592200963363)	(38.0, 1.8091884319407396)	(39.0, 2.0241225124258766)	(40.0, 2.2433744650636167)	(41.0, 2.5393885893031913)	(42.0, 2.9035291408393946)	(43.0, 3.226410025139611)	(44.0, 3.5641635801876834)	(45.0, 3.9187088602736573)	(46.0, 4.338022222648679)	(47.0, 4.729509297818035)	(48.0, 5.055748527125832)	(49.0, 5.262526626878274)	(50.0, 5.3095434569843984)	(51.0, 5.1756894202537)	(52.0, 4.930530234700339)	(53.0, 4.636914928323322)	(54.0, 4.228156364543553)	(55.0, 3.73975704772688)	(56.0, 3.2216123894144966)	(57.0, 2.7643977048110693)	(58.0, 2.3834654282369647)	(59.0, 2.038995183173732)	(60.0, 1.6897273023853843)	(61.0, 1.3889155424206951)	(62.0, 1.1687040626379321)	(63.0, 0.9681628893281391)	(64.0, 0.8160778368420043)	(65.0, 0.6755071100961446)	(66.0, 0.5454911819455373)	(67.0, 0.4663301924811453)	(68.0, 0.3881287301617763)	(69.0, 0.3036903413997582)	(70.0, 0.22980675123299238)	(71.0, 0.16983630466905908)	(72.0, 0.12281947456293538)	(73.0, 0.08875626091462128)	(74.0, 0.06476808228904796)	(75.0, 0.05037517511370397)	(76.0, 0.03358345007580264)	(77.0, 0.017751252182924254)	(78.0, 0.011514325740275192)	(79.0, 0.004317872152603198)	(80.0, 0.0023988178625573317)	(81.0, 0.0019190542900458653)	(82.0, 0.0019190542900458653)	(83.0, 0.0009595271450229326)	(84.0, 0.0009595271450229326)	(85.0, 0.0004797635725114663)	(86.0, 0.0)	(87.0, 0.0)	(88.0, 0.0)	(89.0, 0.0)	(90.0, 0.0)	(91.0, 0.0)	(92.0, 0.0)	(93.0, 0.0)	(94.0, 0.0)	(95.0, 0.0)	(96.0, 0.0)	(97.0, 0.0)	(98.0, 0.0004797635725114663)	(99.0, 0.0009595271450229326)	(100.0, 0.001439290717534399)
SRR5898984_2	(0.0, 0.0)	(1.0, 0.0)	(2.0, 0.0)	(3.0, 0.0)	(4.0, 0.00047973365187647824)	(5.0, 0.00047973365187647824)	(6.0, 0.0)	(7.0, 0.0009594673037529565)	(8.0, 0.0014392009556294344)	(9.0, 0.00047973365187647824)	(10.0, 0.00047973365187647824)	(11.0, 0.0014392009556294344)	(12.0, 0.0028784019112588688)	(13.0, 0.001918934607505913)	(14.0, 0.0014392009556294344)	(15.0, 0.004317602866888304)	(16.0, 0.003837869215011826)	(17.0, 0.004797336518764782)	(18.0, 0.011513607645035475)	(19.0, 0.019669079726935604)	(20.0, 0.02590561720132982)	(21.0, 0.04125709406137713)	(22.0, 0.0705208468258423)	(23.0, 0.10458193610907224)	(24.0, 0.13336595522166092)	(25.0, 0.17750145119429692)	(26.0, 0.25569803645016287)	(27.0, 0.31758367754222855)	(28.0, 0.3780301176786648)	(29.0, 0.4960445960402784)	(30.0, 0.6145388080537686)	(31.0, 0.7215194124222232)	(32.0, 0.8160269418418895)	(33.0, 0.9345211538553795)	(34.0, 1.0702857773364227)	(35.0, 1.207969335424972)	(36.0, 1.3696395761073452)	(37.0, 1.5332287513972243)	(38.0, 1.7534264976085276)	(39.0, 2.0038474638880492)	(40.0, 2.1770313122154583)	(41.0, 2.420736007368709)	(42.0, 2.7824551808835736)	(43.0, 3.113471400678343)	(44.0, 3.5361167479815205)	(45.0, 3.9040724589707794)	(46.0, 4.223575071120514)	(47.0, 4.584814510983502)	(48.0, 4.959966226750908)	(49.0, 5.178245038354706)	(50.0, 5.161934094190905)	(51.0, 5.069825233030621)	(52.0, 4.96380409596592)	(53.0, 4.659652960676232)	(54.0, 4.246122552758709)	(55.0, 3.8431462851824665)	(56.0, 3.334148880541523)	(57.0, 2.878401911258869)	(58.0, 2.489337919587045)	(59.0, 2.1506459613622515)	(60.0, 1.8407380222500467)	(61.0, 1.5135596716702886)	(62.0, 1.207969335424972)	(63.0, 1.0026433324218396)	(64.0, 0.8851085877121023)	(65.0, 0.7848442544699182)	(66.0, 0.638045756995716)	(67.0, 0.516673143070967)	(68.0, 0.4135304079175242)	(69.0, 0.3166242102384756)	(70.0, 0.24418442880512742)	(71.0, 0.20100840013624438)	(72.0, 0.1626297079861261)	(73.0, 0.11945367931724307)	(74.0, 0.09786566498280154)	(75.0, 0.07435871604085412)	(76.0, 0.049892299795153736)	(77.0, 0.03118268737197108)	(78.0, 0.020148813378812084)	(79.0, 0.014392009556294345)	(80.0, 0.012473074948788434)	(81.0, 0.013432542252541388)	(82.0, 0.01055414034128252)	(83.0, 0.008635205733776607)	(84.0, 0.00815547208190013)	(85.0, 0.00527707017064126)	(86.0, 0.003358135563135347)	(87.0, 0.003837869215011826)	(88.0, 0.004317602866888304)	(89.0, 0.003358135563135347)	(90.0, 0.0028784019112588688)	(91.0, 0.002398668259382391)	(92.0, 0.0028784019112588688)	(93.0, 0.0028784019112588688)	(94.0, 0.003358135563135347)	(95.0, 0.004797336518764782)	(96.0, 0.003837869215011826)	(97.0, 0.0028784019112588688)	(98.0, 0.001918934607505913)	(99.0, 0.001918934607505913)	(100.0, 0.0028784019112588688)
SRR5898985_1	(0.0, 0.0)	(1.0, 0.0)	(2.0, 0.0)	(3.0, 0.0)	(4.0, 0.0)	(5.0, 0.0)	(6.0, 0.0)	(7.0, 0.0)	(8.0, 0.00046561437817199794)	(9.0, 0.0023280718908599896)	(10.0, 0.0037249150253759835)	(11.0, 0.006052986916235974)	(12.0, 0.007915444428923966)	(13.0, 0.012571588210643945)	(14.0, 0.021418261395911905)	(15.0, 0.03538669274107185)	(16.0, 0.05727056851515575)	(17.0, 0.08846673185267961)	(18.0, 0.12105973832471947)	(19.0, 0.18717698002514319)	(20.0, 0.24631000605298692)	(21.0, 0.31149601899706664)	(22.0, 0.4241746985146901)	(23.0, 0.5699119988825255)	(24.0, 0.7249615868138007)	(25.0, 0.8618522139963681)	(26.0, 1.0364576058108674)	(27.0, 1.2403967034502024)	(28.0, 1.4969502258229734)	(29.0, 1.7083391535130605)	(30.0, 1.8955161335382036)	(31.0, 2.085486799832379)	(32.0, 2.2423988452763424)	(33.0, 2.3196908320528937)	(34.0, 2.469153047446105)	(35.0, 2.693113563346836)	(36.0, 2.797411184057364)	(37.0, 2.8518880663034873)	(38.0, 2.9147460073567073)	(39.0, 3.074917353447874)	(40.0, 3.21832658192485)	(41.0, 3.2853750523816174)	(42.0, 3.3053964706430135)	(43.0, 3.4050379475718215)	(44.0, 3.5098011826605204)	(45.0, 3.534478744703636)	(46.0, 3.5749871956046)	(47.0, 3.529356986543745)	(48.0, 3.4846580062392327)	(49.0, 3.4171439214042927)	(50.0, 3.235554313917214)	(51.0, 3.10192298738185)	(52.0, 2.909624249196815)	(53.0, 2.6409647529915725)	(54.0, 2.3397122503142898)	(55.0, 2.049634492713135)	(56.0, 1.8522139963682078)	(57.0, 1.6282534804674769)	(58.0, 1.4396796573078177)	(59.0, 1.3293290496810541)	(60.0, 1.2366717884248266)	(61.0, 1.1067653769148391)	(62.0, 0.9745308935139916)	(63.0, 0.8893234623085161)	(64.0, 0.8097034036411044)	(65.0, 0.7217022861665968)	(66.0, 0.6188015085905852)	(67.0, 0.5210224891744657)	(68.0, 0.44885226055780597)	(69.0, 0.3729571169157704)	(70.0, 0.27843739814685475)	(71.0, 0.20812962704288307)	(72.0, 0.15598081668761932)	(73.0, 0.10150393444149555)	(74.0, 0.07496391488569167)	(75.0, 0.05820179727149974)	(76.0, 0.03911160776644783)	(77.0, 0.026540019555803884)	(78.0, 0.01629650323601993)	(79.0, 0.013037202588815942)	(80.0, 0.009777901941611957)	(81.0, 0.004656143781719979)	(82.0, 0.0027936862690319877)	(83.0, 0.0018624575126879918)	(84.0, 0.0013968431345159939)	(85.0, 0.0018624575126879918)	(86.0, 0.0018624575126879918)	(87.0, 0.0013968431345159939)	(88.0, 0.00046561437817199794)	(89.0, 0.0)	(90.0, 0.0)	(91.0, 0.00046561437817199794)	(92.0, 0.00046561437817199794)	(93.0, 0.0)	(94.0, 0.0)	(95.0, 0.0)	(96.0, 0.0)	(97.0, 0.0)	(98.0, 0.0)	(99.0, 0.0)	(100.0, 0.0)
SRR5898985_2	(0.0, 0.0009318578916715201)	(1.0, 0.00046592894583576003)	(2.0, 0.0)	(3.0, 0.0)	(4.0, 0.0)	(5.0, 0.00046592894583576003)	(6.0, 0.00046592894583576003)	(7.0, 0.0)	(8.0, 0.0013977868375072801)	(9.0, 0.0037274315666860802)	(10.0, 0.0069889341875364)	(11.0, 0.007920792079207921)	(12.0, 0.007920792079207921)	(13.0, 0.014443797320908561)	(14.0, 0.023762376237623763)	(15.0, 0.036808386721025044)	(16.0, 0.06150262085032033)	(17.0, 0.09691322073383808)	(18.0, 0.1202096680256261)	(19.0, 0.1607454863133372)	(20.0, 0.24461269656377402)	(21.0, 0.3564356435643565)	(22.0, 0.46499708794408856)	(23.0, 0.5814793244030285)	(24.0, 0.7138031450203844)	(25.0, 0.8587070471753058)	(26.0, 1.062317996505533)	(27.0, 1.2682585905649388)	(28.0, 1.5016889924286547)	(29.0, 1.7407105416423996)	(30.0, 1.885148514851485)	(31.0, 2.0570762958648805)	(32.0, 2.2499708794408853)	(33.0, 2.4051252184041934)	(34.0, 2.539312754804892)	(35.0, 2.701921956901572)	(36.0, 2.7895165987186954)	(37.0, 2.8458940011648224)	(38.0, 2.9465346534653465)	(39.0, 3.044845661036692)	(40.0, 3.158066394874782)	(41.0, 3.2549796156086197)	(42.0, 3.3514269073966223)	(43.0, 3.42970297029703)	(44.0, 3.526616191030868)	(45.0, 3.5447874199184626)	(46.0, 3.498660454280722)	(47.0, 3.4478741991846245)	(48.0, 3.467909143855562)	(49.0, 3.466045428072219)	(50.0, 3.264298194525335)	(51.0, 3.0005824111822945)	(52.0, 2.839370995923122)	(53.0, 2.6320326150262083)	(54.0, 2.2905066977285964)	(55.0, 2.000232964472918)	(56.0, 1.8259755387303436)	(57.0, 1.6629004076878278)	(58.0, 1.4919044845661038)	(59.0, 1.3442050087361677)	(60.0, 1.1932440302853813)	(61.0, 1.0860803727431567)	(62.0, 1.0152591729761213)	(63.0, 0.9318578916715201)	(64.0, 0.8093185789167153)	(65.0, 0.7007571345369832)	(66.0, 0.6145602795573675)	(67.0, 0.5190448456610367)	(68.0, 0.42865463016889926)	(69.0, 0.34199184624344786)	(70.0, 0.2739662201514269)	(71.0, 0.21991846243447877)	(72.0, 0.16027955736750146)	(73.0, 0.11042516016307515)	(74.0, 0.07594641817122888)	(75.0, 0.05917297612114152)	(76.0, 0.042865463016889926)	(77.0, 0.027489807804309846)	(78.0, 0.020034944670937683)	(79.0, 0.013046010483401281)	(80.0, 0.008386721025043682)	(81.0, 0.0037274315666860802)	(82.0, 0.0032615026208503203)	(83.0, 0.0037274315666860802)	(84.0, 0.004659289458357601)	(85.0, 0.004659289458357601)	(86.0, 0.0018637157833430401)	(87.0, 0.0023296447291788003)	(88.0, 0.00512521840419336)	(89.0, 0.00512521840419336)	(90.0, 0.0023296447291788003)	(91.0, 0.0009318578916715201)	(92.0, 0.0013977868375072801)	(93.0, 0.0013977868375072801)	(94.0, 0.0009318578916715201)	(95.0, 0.00046592894583576003)	(96.0, 0.00046592894583576003)	(97.0, 0.00046592894583576003)	(98.0, 0.00046592894583576003)	(99.0, 0.0009318578916715201)	(100.0, 0.0023296447291788003)
SRR5898986_1	(0.0, 0.0)	(1.0, 0.0)	(2.0, 0.0)	(3.0, 0.0)	(4.0, 0.0)	(5.0, 0.0)	(6.0, 0.0)	(7.0, 0.0)	(8.0, 0.0)	(9.0, 0.0)	(10.0, 0.0004774204020834626)	(11.0, 0.0004774204020834626)	(12.0, 0.0)	(13.0, 0.0)	(14.0, 0.0)	(15.0, 0.0019096816083338504)	(16.0, 0.004296783618751164)	(17.0, 0.005729044825001551)	(18.0, 0.010025828443752716)	(19.0, 0.013367771258336955)	(20.0, 0.02005165688750543)	(21.0, 0.031987166939592)	(22.0, 0.06445175428126745)	(23.0, 0.10121312524169407)	(24.0, 0.14656806343962303)	(25.0, 0.20911013611255663)	(26.0, 0.24730376827923364)	(27.0, 0.3141426245709184)	(28.0, 0.3972137745334409)	(29.0, 0.4611881084126249)	(30.0, 0.5137043526418058)	(31.0, 0.5977303434084952)	(32.0, 0.7442984068481182)	(33.0, 0.8493308953064801)	(34.0, 0.9218987964231663)	(35.0, 1.027886125685695)	(36.0, 1.158699315856564)	(37.0, 1.3081319017086876)	(38.0, 1.4967129605316554)	(39.0, 1.674790770508787)	(40.0, 1.839978229629665)	(41.0, 2.102559450775569)	(42.0, 2.4143149733360705)	(43.0, 2.7432576303715765)	(44.0, 3.1848715022987792)	(45.0, 3.6742274144343288)	(46.0, 4.087673482638607)	(47.0, 4.552203533865816)	(48.0, 5.048243331630534)	(49.0, 5.4029666903785465)	(50.0, 5.639767209811944)	(51.0, 5.637380107801527)	(52.0, 5.40344411078063)	(53.0, 5.122720914355554)	(54.0, 4.72789424183253)	(55.0, 4.277209382265742)	(56.0, 3.8031309229968633)	(57.0, 3.2894265703550576)	(58.0, 2.7661738096715824)	(59.0, 2.3002114972381227)	(60.0, 1.9049074043130159)	(61.0, 1.5401582171212505)	(62.0, 1.2661189063253429)	(63.0, 1.03409259091278)	(64.0, 0.8354857036460597)	(65.0, 0.6712530853293485)	(66.0, 0.5533302460147332)	(67.0, 0.4473429167522045)	(68.0, 0.3561556199542631)	(69.0, 0.28645224125007757)	(70.0, 0.21388434013339128)	(71.0, 0.15802615308962614)	(72.0, 0.11553573730419796)	(73.0, 0.08736793358127366)	(74.0, 0.062064652270850146)	(75.0, 0.04105815457917779)	(76.0, 0.02912264452709122)	(77.0, 0.020529077289588894)	(78.0, 0.012890350856253492)	(79.0, 0.008116146835418865)	(80.0, 0.005251624422918089)	(81.0, 0.0033419428145842387)	(82.0, 0.0014322612062503879)	(83.0, 0.0004774204020834626)	(84.0, 0.0)	(85.0, 0.0004774204020834626)	(86.0, 0.0014322612062503879)	(87.0, 0.0009548408041669252)	(88.0, 0.0)	(89.0, 0.0)	(90.0, 0.0)	(91.0, 0.0)	(92.0, 0.0)	(93.0, 0.0004774204020834626)	(94.0, 0.0004774204020834626)	(95.0, 0.0)	(96.0, 0.0)	(97.0, 0.0)	(98.0, 0.0004774204020834626)	(99.0, 0.0004774204020834626)	(100.0, 0.0004774204020834626)
SRR5898986_2	(0.0, 0.0)	(1.0, 0.0)	(2.0, 0.0)	(3.0, 0.00047734291837913436)	(4.0, 0.00047734291837913436)	(5.0, 0.0)	(6.0, 0.0)	(7.0, 0.0)	(8.0, 0.0)	(9.0, 0.0)	(10.0, 0.00047734291837913436)	(11.0, 0.0009546858367582687)	(12.0, 0.00047734291837913436)	(13.0, 0.00047734291837913436)	(14.0, 0.0009546858367582687)	(15.0, 0.0019093716735165374)	(16.0, 0.0062054579389287465)	(17.0, 0.00763748669406615)	(18.0, 0.008114829612445284)	(19.0, 0.01622965922489057)	(20.0, 0.02720854634761066)	(21.0, 0.03914211930708902)	(22.0, 0.05728115020549613)	(23.0, 0.09690061243096428)	(24.0, 0.1441575613504986)	(25.0, 0.20048402571923646)	(26.0, 0.25490111841445773)	(27.0, 0.33795878621242714)	(28.0, 0.39285322182602767)	(29.0, 0.4382007990720454)	(30.0, 0.5308053252375975)	(31.0, 0.6296153093420783)	(32.0, 0.7518150964471367)	(33.0, 0.8406008792656556)	(34.0, 0.9088609165938719)	(35.0, 1.0248552457600015)	(36.0, 1.1924026101110776)	(37.0, 1.3227172268285814)	(38.0, 1.4654427594239425)	(39.0, 1.6444463538161178)	(40.0, 1.8950513859651636)	(41.0, 2.2201219133813543)	(42.0, 2.4664308592649875)	(43.0, 2.77383969870115)	(44.0, 3.1375750025060505)	(45.0, 3.562887542781859)	(46.0, 4.0698257221005)	(47.0, 4.560056899275871)	(48.0, 5.0187834438382195)	(49.0, 5.328101654947899)	(50.0, 5.446005355787544)	(51.0, 5.517129450626036)	(52.0, 5.463189700849193)	(53.0, 5.199696409903911)	(54.0, 4.774383869628102)	(55.0, 4.237373086451576)	(56.0, 3.7056130753772205)	(57.0, 3.183399922670447)	(58.0, 2.7041476326177962)	(59.0, 2.3313428133636926)	(60.0, 1.9408763061295602)	(61.0, 1.545159026793258)	(62.0, 1.2826204216847341)	(63.0, 1.0773629667817064)	(64.0, 0.891676571532223)	(65.0, 0.7093315767113937)	(66.0, 0.5704247874630656)	(67.0, 0.4806843188077883)	(68.0, 0.38617042096871973)	(69.0, 0.3040674390075086)	(70.0, 0.23103397249550103)	(71.0, 0.1651606497591805)	(72.0, 0.12267713002343753)	(73.0, 0.08687641114500246)	(74.0, 0.06444129398118315)	(75.0, 0.04964366351142997)	(76.0, 0.03245931844978114)	(77.0, 0.022435117163819317)	(78.0, 0.02052574549030278)	(79.0, 0.01097888712272009)	(80.0, 0.0062054579389287465)	(81.0, 0.007160143775687016)	(82.0, 0.00763748669406615)	(83.0, 0.007160143775687016)	(84.0, 0.003818743347033075)	(85.0, 0.0028640575102748065)	(86.0, 0.003818743347033075)	(87.0, 0.00429608626541221)	(88.0, 0.002386714591895672)	(89.0, 0.0014320287551374032)	(90.0, 0.0028640575102748065)	(91.0, 0.0028640575102748065)	(92.0, 0.0009546858367582687)	(93.0, 0.0019093716735165374)	(94.0, 0.002386714591895672)	(95.0, 0.0014320287551374032)	(96.0, 0.0009546858367582687)	(97.0, 0.0)	(98.0, 0.0)	(99.0, 0.0019093716735165374)	(100.0, 0.003341400428653941)
SRR5898987_1	(0.0, 0.0)	(1.0, 0.0)	(2.0, 0.0)	(3.0, 0.0)	(4.0, 0.0)	(5.0, 0.0)	(6.0, 0.0)	(7.0, 0.0)	(8.0, 0.0)	(9.0, 0.0)	(10.0, 0.0)	(11.0, 0.0004799800328306343)	(12.0, 0.0014399400984919028)	(13.0, 0.0014399400984919028)	(14.0, 0.0023999001641531715)	(15.0, 0.004319820295475708)	(16.0, 0.009599600656612686)	(17.0, 0.014399400984919028)	(18.0, 0.016799301149072198)	(19.0, 0.024478981674362344)	(20.0, 0.03935836269211201)	(21.0, 0.06191742423515182)	(22.0, 0.08351652571253036)	(23.0, 0.11423524781369096)	(24.0, 0.15071373030881915)	(25.0, 0.17855257221299595)	(26.0, 0.21743095487227732)	(27.0, 0.2798283591402598)	(28.0, 0.35038542396636296)	(29.0, 0.429102149350587)	(30.0, 0.4982192740781983)	(31.0, 0.5548569179522133)	(32.0, 0.6335736433364372)	(33.0, 0.754528611609757)	(34.0, 0.8682838793906174)	(35.0, 0.9690796862850506)	(36.0, 1.1015541753463056)	(37.0, 1.2220291635867948)	(38.0, 1.3511437924182352)	(39.0, 1.5008975626613934)	(40.0, 1.6276122913286808)	(41.0, 1.753367059930307)	(42.0, 1.925199911683674)	(43.0, 2.137351086194814)	(44.0, 2.301984237455722)	(45.0, 2.5150953720325235)	(46.0, 2.7075673651976078)	(47.0, 2.8078831920592107)	(48.0, 3.008034865749585)	(49.0, 3.1933071584222095)	(50.0, 3.305622486104578)	(51.0, 3.467855737201332)	(52.0, 3.6416085090860224)	(53.0, 3.7654433575563258)	(54.0, 3.8839984256654922)	(55.0, 3.871038964779065)	(56.0, 3.8575995238598075)	(57.0, 3.9031976269787174)	(58.0, 3.8244809015944936)	(59.0, 3.7236850947000604)	(60.0, 3.5446525424542337)	(61.0, 3.289783145021167)	(62.0, 3.1145904330379857)	(63.0, 2.879400216950975)	(64.0, 2.5506138944619905)	(65.0, 2.273185435485884)	(66.0, 1.9583185339489877)	(67.0, 1.665530713922301)	(68.0, 1.4298605178024595)	(69.0, 1.1625116395157962)	(70.0, 0.9138819825095277)	(71.0, 0.7132503287863224)	(72.0, 0.5414174770329554)	(73.0, 0.3945435869867814)	(74.0, 0.2822282593044129)	(75.0, 0.19151203309942308)	(76.0, 0.13103454896276315)	(77.0, 0.09455606646763495)	(78.0, 0.06239740426798245)	(79.0, 0.04223824288909581)	(80.0, 0.02735886187134615)	(81.0, 0.019199201313225372)	(82.0, 0.015359361050580297)	(83.0, 0.009599600656612686)	(84.0, 0.008159660558120781)	(85.0, 0.00911962062378205)	(86.0, 0.006239740426798246)	(87.0, 0.0023999001641531715)	(88.0, 0.0014399400984919028)	(89.0, 0.0014399400984919028)	(90.0, 0.0014399400984919028)	(91.0, 0.0009599600656612686)	(92.0, 0.0014399400984919028)	(93.0, 0.0014399400984919028)	(94.0, 0.0004799800328306343)	(95.0, 0.0004799800328306343)	(96.0, 0.0009599600656612686)	(97.0, 0.0004799800328306343)	(98.0, 0.0)	(99.0, 0.0)	(100.0, 0.0)
SRR5898987_2	(0.0, 0.0)	(1.0, 0.0)	(2.0, 0.0)	(3.0, 0.0)	(4.0, 0.0)	(5.0, 0.0)	(6.0, 0.0)	(7.0, 0.0)	(8.0, 0.0)	(9.0, 0.0)	(10.0, 0.00048008833625387076)	(11.0, 0.0024004416812693536)	(12.0, 0.0024004416812693536)	(13.0, 0.001920353345015483)	(14.0, 0.0024004416812693536)	(15.0, 0.004320795026284837)	(16.0, 0.009601766725077414)	(17.0, 0.015842915096377735)	(18.0, 0.02016371012266257)	(19.0, 0.022564151803931922)	(20.0, 0.03792697856405579)	(21.0, 0.055690247005449)	(22.0, 0.07105307376557286)	(23.0, 0.10465925730334383)	(24.0, 0.14210614753114573)	(25.0, 0.18579418613024798)	(26.0, 0.23620346143690438)	(27.0, 0.27124990998343695)	(28.0, 0.34326316042151755)	(29.0, 0.4272786192659449)	(30.0, 0.5098538131016107)	(31.0, 0.5972298902998152)	(32.0, 0.6654024340478648)	(33.0, 0.7417364795122302)	(34.0, 0.8401545884442738)	(35.0, 0.9774598526128808)	(36.0, 1.1123646751002185)	(37.0, 1.2141434023860391)	(38.0, 1.311121246309321)	(39.0, 1.4733911039631291)	(40.0, 1.633260519935668)	(41.0, 1.7456011906190738)	(42.0, 1.941477231810653)	(43.0, 2.139753714683502)	(44.0, 2.328428430831273)	(45.0, 2.515182793634029)	(46.0, 2.6668907078902517)	(47.0, 2.8243596821815213)	(48.0, 2.9952711298878993)	(49.0, 3.180585227681893)	(50.0, 3.345255527016971)	(51.0, 3.509445738015795)	(52.0, 3.6198660553541853)	(53.0, 3.6995607191723274)	(54.0, 3.7595717612040613)	(55.0, 3.8426270433759813)	(56.0, 3.905998703761492)	(57.0, 3.8891956119926068)	(58.0, 3.8248637749345877)	(59.0, 3.6429102954943713)	(60.0, 3.4979236179457023)	(61.0, 3.2996471350728536)	(62.0, 3.0869680021123886)	(63.0, 2.8690078974531312)	(64.0, 2.543988093809261)	(65.0, 2.261696152091985)	(66.0, 1.9947670371348327)	(67.0, 1.716315802107588)	(68.0, 1.444585803787897)	(69.0, 1.185338102210807)	(70.0, 0.9150483688998776)	(71.0, 0.7282940060971218)	(72.0, 0.6025108619986077)	(73.0, 0.4416812693535611)	(74.0, 0.28901317842483015)	(75.0, 0.18963489282027893)	(76.0, 0.13154420413356058)	(77.0, 0.10705969898461318)	(78.0, 0.0835353705081735)	(79.0, 0.050409275306656426)	(80.0, 0.029285388511486116)	(81.0, 0.02016371012266257)	(82.0, 0.015362826760123864)	(83.0, 0.01296238507885451)	(84.0, 0.010081855061331284)	(85.0, 0.007201325043808061)	(86.0, 0.007201325043808061)	(87.0, 0.0057610600350464485)	(88.0, 0.005280971698792578)	(89.0, 0.004800883362538707)	(90.0, 0.003360618353777095)	(91.0, 0.001920353345015483)	(92.0, 0.0028805300175232243)	(93.0, 0.0028805300175232243)	(94.0, 0.003360618353777095)	(95.0, 0.003360618353777095)	(96.0, 0.0009601766725077415)	(97.0, 0.0009601766725077415)	(98.0, 0.001920353345015483)	(99.0, 0.003840706690030966)	(100.0, 0.007201325043808061)
SRR5899005_1	(0.0, 0.0)	(1.0, 0.0)	(2.0, 0.0)	(3.0, 0.0)	(4.0, 0.0)	(5.0, 0.0)	(6.0, 0.0)	(7.0, 0.00044248962361832615)	(8.0, 0.00044248962361832615)	(9.0, 0.0)	(10.0, 0.0)	(11.0, 0.0)	(12.0, 0.0008849792472366523)	(13.0, 0.003097427365328283)	(14.0, 0.004867385859801588)	(15.0, 0.007522323601511545)	(16.0, 0.012832199084931458)	(17.0, 0.020354522686443003)	(18.0, 0.029646804782427854)	(19.0, 0.04380647273821429)	(20.0, 0.06504597467189395)	(21.0, 0.10044514456136004)	(22.0, 0.14911900315937593)	(23.0, 0.19469543439206352)	(24.0, 0.2592989194403391)	(25.0, 0.35620414701275255)	(26.0, 0.4389497066293795)	(27.0, 0.5221377558696249)	(28.0, 0.6420524438701913)	(29.0, 0.7951538536421322)	(30.0, 0.9681672964768975)	(31.0, 1.1345433949573884)	(32.0, 1.283219908493146)	(33.0, 1.4416311937485067)	(34.0, 1.630574263033532)	(35.0, 1.8783684522597945)	(36.0, 2.0814711895006064)	(37.0, 2.226165296423799)	(38.0, 2.4589148384470385)	(39.0, 2.7213111852527057)	(40.0, 2.936803631954831)	(41.0, 3.191235165535368)	(42.0, 3.4438967406214327)	(43.0, 3.650981884474809)	(44.0, 3.9363876917086293)	(45.0, 4.183739391311274)	(46.0, 4.424896236183262)	(47.0, 4.5704753223536905)	(48.0, 4.589944865792897)	(49.0, 4.653220881970318)	(50.0, 4.605432002619539)	(51.0, 4.367372585112879)	(52.0, 4.120463375133853)	(53.0, 3.858509517951804)	(54.0, 3.474871014274715)	(55.0, 3.086807614361443)	(56.0, 2.719098737134614)	(57.0, 2.3376726815756173)	(58.0, 1.9938582440241777)	(59.0, 1.650928785719975)	(60.0, 1.3327787463383982)	(61.0, 1.0942768392081206)	(62.0, 0.889846633096454)	(63.0, 0.740727629937078)	(64.0, 0.6115206598405267)	(65.0, 0.4902785029691054)	(66.0, 0.36372647061426405)	(67.0, 0.2694761807835606)	(68.0, 0.2132799985840332)	(69.0, 0.1592962645025974)	(70.0, 0.12699452197845962)	(71.0, 0.10221510305583334)	(72.0, 0.07832066338044373)	(73.0, 0.05885111994123738)	(74.0, 0.0473463897271609)	(75.0, 0.04203651424374099)	(76.0, 0.032301742524137804)	(77.0, 0.022124481180916308)	(78.0, 0.014602157579404761)	(79.0, 0.011062240590458154)	(80.0, 0.007522323601511545)	(81.0, 0.00575236510703824)	(82.0, 0.0044248962361832615)	(83.0, 0.0022124481180916308)	(84.0, 0.0022124481180916308)	(85.0, 0.002654937741709957)	(86.0, 0.002654937741709957)	(87.0, 0.0022124481180916308)	(88.0, 0.0013274688708549785)	(89.0, 0.0)	(90.0, 0.0)	(91.0, 0.0)	(92.0, 0.0)	(93.0, 0.0)	(94.0, 0.0)	(95.0, 0.0)	(96.0, 0.0)	(97.0, 0.0)	(98.0, 0.0)	(99.0, 0.0)	(100.0, 0.0)
SRR5899005_2	(0.0, 0.0)	(1.0, 0.0)	(2.0, 0.0)	(3.0, 0.0)	(4.0, 0.0)	(5.0, 0.0)	(6.0, 0.0)	(7.0, 0.00044380536471924875)	(8.0, 0.0008876107294384975)	(9.0, 0.00044380536471924875)	(10.0, 0.0)	(11.0, 0.0)	(12.0, 0.001331416094157746)	(13.0, 0.00355044291775399)	(14.0, 0.006657080470788732)	(15.0, 0.011538939482700468)	(16.0, 0.015089382400454456)	(17.0, 0.019527436047646944)	(18.0, 0.028847348706751166)	(19.0, 0.04748717402495961)	(20.0, 0.08032877101418402)	(21.0, 0.12293408602723188)	(22.0, 0.16198895812252578)	(23.0, 0.20814471605332766)	(24.0, 0.2822602119614422)	(25.0, 0.353269070316522)	(26.0, 0.43714828424846)	(27.0, 0.5534252898049031)	(28.0, 0.6692584899966271)	(29.0, 0.786866911647228)	(30.0, 0.9621700307113312)	(31.0, 1.1534501429053274)	(32.0, 1.279490866485594)	(33.0, 1.4468054889847508)	(34.0, 1.6864603859331453)	(35.0, 1.9092506790222081)	(36.0, 2.045055120626298)	(37.0, 2.212813548490174)	(38.0, 2.4684454385684615)	(39.0, 2.7076565301521365)	(40.0, 2.915801246205464)	(41.0, 3.187853934778363)	(42.0, 3.473220784292841)	(43.0, 3.7084376275940425)	(44.0, 3.986259785908292)	(45.0, 4.1975111395146545)	(46.0, 4.411425325309333)	(47.0, 4.571195256608262)	(48.0, 4.583178001455682)	(49.0, 4.561431538584439)	(50.0, 4.44249170083968)	(51.0, 4.285384601729065)	(52.0, 4.102092986100016)	(53.0, 3.8198327741385736)	(54.0, 3.4168575029734956)	(55.0, 3.015657453267295)	(56.0, 2.6646074097743693)	(57.0, 2.3335286076938098)	(58.0, 2.0188706041078626)	(59.0, 1.6709271981679714)	(60.0, 1.3868917647476524)	(61.0, 1.1361417336812767)	(62.0, 0.8942678099092861)	(63.0, 0.7069819459977632)	(64.0, 0.5849354706999699)	(65.0, 0.4788659885320694)	(66.0, 0.36125756688146843)	(67.0, 0.2738279100317765)	(68.0, 0.22634073600681687)	(69.0, 0.18018497807601497)	(70.0, 0.12914736113330139)	(71.0, 0.11272656263868917)	(72.0, 0.09941240169711171)	(73.0, 0.07810974419058778)	(74.0, 0.05636328131934459)	(75.0, 0.041273898918890134)	(76.0, 0.03594823454225914)	(77.0, 0.03417301308338215)	(78.0, 0.026628321883154928)	(79.0, 0.017308409224050702)	(80.0, 0.012870355576858212)	(81.0, 0.008876107294384974)	(82.0, 0.005769469741350234)	(83.0, 0.005769469741350234)	(84.0, 0.00710088583550798)	(85.0, 0.00710088583550798)	(86.0, 0.005325664376630984)	(87.0, 0.005325664376630984)	(88.0, 0.006657080470788732)	(89.0, 0.004881859011911736)	(90.0, 0.005325664376630984)	(91.0, 0.004438053647192487)	(92.0, 0.00355044291775399)	(93.0, 0.003994248282473238)	(94.0, 0.002662832188315492)	(95.0, 0.002662832188315492)	(96.0, 0.002662832188315492)	(97.0, 0.001331416094157746)	(98.0, 0.002662832188315492)	(99.0, 0.00355044291775399)	(100.0, 0.00710088583550798)
SRR5899006_1	(0.0, 0.0)	(1.0, 0.0)	(2.0, 0.0)	(3.0, 0.0)	(4.0, 0.0)	(5.0, 0.0)	(6.0, 0.0)	(7.0, 0.0)	(8.0, 0.0)	(9.0, 0.0009041182586682337)	(10.0, 0.0013561773880023508)	(11.0, 0.00045205912933411686)	(12.0, 0.0009041182586682337)	(13.0, 0.0027123547760047016)	(14.0, 0.0040685321640070524)	(15.0, 0.00587676868134352)	(16.0, 0.008589123457348222)	(17.0, 0.009945300845350571)	(18.0, 0.01763030604403056)	(19.0, 0.03661678947606347)	(20.0, 0.05786356855476696)	(21.0, 0.07594593372813163)	(22.0, 0.11030242755752453)	(23.0, 0.17539894218163735)	(24.0, 0.2328104516070702)	(25.0, 0.2712354776004702)	(26.0, 0.35396229826861353)	(27.0, 0.46336060756746983)	(28.0, 0.5863206907463496)	(29.0, 0.7531305094706388)	(30.0, 0.9036661995388997)	(31.0, 1.083133673884544)	(32.0, 1.3173003028796166)	(33.0, 1.500836309389268)	(34.0, 1.6961258532616066)	(35.0, 1.9393336648433617)	(36.0, 2.174856471226436)	(37.0, 2.3877763211428054)	(38.0, 2.5622711450657745)	(39.0, 2.768862167171466)	(40.0, 3.028796166538583)	(41.0, 3.320374304959089)	(42.0, 3.5834727182315445)	(43.0, 3.757967542154514)	(44.0, 3.936078839112156)	(45.0, 4.052258035351024)	(46.0, 4.198725193255278)	(47.0, 4.399891505808959)	(48.0, 4.43289182225035)	(49.0, 4.393562677998282)	(50.0, 4.344288232900864)	(51.0, 4.194204601961936)	(52.0, 3.9026264635414307)	(53.0, 3.567650648704851)	(54.0, 3.2692916233443334)	(55.0, 2.8723837077889787)	(56.0, 2.517969350391031)	(57.0, 2.2508024049545683)	(58.0, 1.9745942769314226)	(59.0, 1.7340988201256724)	(60.0, 1.4818498259572352)	(61.0, 1.2711902716875367)	(62.0, 1.0912707382125582)	(63.0, 0.9615297680936666)	(64.0, 0.8259120292934315)	(65.0, 0.6554857375344695)	(66.0, 0.5460874282356133)	(67.0, 0.45296324759278517)	(68.0, 0.367524072148637)	(69.0, 0.30152343926585595)	(70.0, 0.23597486551240904)	(71.0, 0.1708783508882962)	(72.0, 0.11934361014420687)	(73.0, 0.09312418064282808)	(74.0, 0.06645269201211518)	(75.0, 0.041589439898738756)	(76.0, 0.02621942950137878)	(77.0, 0.018534424302698794)	(78.0, 0.013561773880023506)	(79.0, 0.008137064328014105)	(80.0, 0.0031644139053388187)	(81.0, 0.00045205912933411686)	(82.0, 0.0027123547760047016)	(83.0, 0.0031644139053388187)	(84.0, 0.0009041182586682337)	(85.0, 0.0009041182586682337)	(86.0, 0.00045205912933411686)	(87.0, 0.0009041182586682337)	(88.0, 0.0018082365173364675)	(89.0, 0.0009041182586682337)	(90.0, 0.0)	(91.0, 0.0)	(92.0, 0.0)	(93.0, 0.0)	(94.0, 0.0)	(95.0, 0.0)	(96.0, 0.0)	(97.0, 0.0)	(98.0, 0.0)	(99.0, 0.0)	(100.0, 0.0)
SRR5899006_2	(0.0, 0.0)	(1.0, 0.0)	(2.0, 0.0)	(3.0, 0.0)	(4.0, 0.0)	(5.0, 0.0)	(6.0, 0.0)	(7.0, 0.0)	(8.0, 0.0)	(9.0, 0.00045368963092348524)	(10.0, 0.0013610688927704557)	(11.0, 0.0013610688927704557)	(12.0, 0.0027221377855409113)	(13.0, 0.0045368963092348525)	(14.0, 0.006351654832928794)	(15.0, 0.009073792618469705)	(16.0, 0.013610688927704557)	(17.0, 0.01814758523693941)	(18.0, 0.021323412653403807)	(19.0, 0.03674886010480231)	(20.0, 0.056257514234512175)	(21.0, 0.07848830614976295)	(22.0, 0.1229498899802645)	(23.0, 0.17512419753646533)	(24.0, 0.2277521947235896)	(25.0, 0.29262981194564797)	(26.0, 0.3715718077263344)	(27.0, 0.4890774221355171)	(28.0, 0.6147494499013225)	(29.0, 0.7644670281060726)	(30.0, 0.9291563641312978)	(31.0, 1.0997436653585282)	(32.0, 1.3098019644761019)	(33.0, 1.5035274368804301)	(34.0, 1.7276501145566319)	(35.0, 2.0003175827416464)	(36.0, 2.212190640382914)	(37.0, 2.429961663226187)	(38.0, 2.6427421001293014)	(39.0, 2.8387360206882475)	(40.0, 3.075108318399383)	(41.0, 3.328720822085611)	(42.0, 3.5877776013429217)	(43.0, 3.778327246330785)	(44.0, 3.9216931697026065)	(45.0, 4.098178436131842)	(46.0, 4.25016446249121)	(47.0, 4.344985595354219)	(48.0, 4.376743869518862)	(49.0, 4.328199079010049)	(50.0, 4.237461152825352)	(51.0, 4.060522196765193)	(52.0, 3.861352448789783)	(53.0, 3.595036635437697)	(54.0, 3.2162057936165867)	(55.0, 2.8532540888777986)	(56.0, 2.4962003493410156)	(57.0, 2.16999750470703)	(58.0, 1.9145702424971076)	(59.0, 1.6591429802871858)	(60.0, 1.415511648481274)	(61.0, 1.2372116235283444)	(62.0, 1.1015584238822222)	(63.0, 0.9418596737971553)	(64.0, 0.7889662681759408)	(65.0, 0.6759975500759929)	(66.0, 0.5598530045595808)	(67.0, 0.4623097339110315)	(68.0, 0.3783771521901867)	(69.0, 0.31576798312274573)	(70.0, 0.2590567792573101)	(71.0, 0.1787537145838532)	(72.0, 0.12431095887303495)	(73.0, 0.09300637433931447)	(74.0, 0.06533130685298187)	(75.0, 0.044915273461425036)	(76.0, 0.032665653426490936)	(77.0, 0.027221377855409113)	(78.0, 0.02268448154617426)	(79.0, 0.01724020597509244)	(80.0, 0.01043486151124016)	(81.0, 0.007259034094775764)	(82.0, 0.007712723725699249)	(83.0, 0.004990585940158338)	(84.0, 0.007712723725699249)	(85.0, 0.008166413356622734)	(86.0, 0.004990585940158338)	(87.0, 0.006805344463852278)	(88.0, 0.004990585940158338)	(89.0, 0.003629517047387882)	(90.0, 0.003629517047387882)	(91.0, 0.001814758523693941)	(92.0, 0.0013610688927704557)	(93.0, 0.0045368963092348525)	(94.0, 0.004083206678311367)	(95.0, 0.0022684481546174262)	(96.0, 0.003629517047387882)	(97.0, 0.001814758523693941)	(98.0, 0.0022684481546174262)	(99.0, 0.003175827416464397)	(100.0, 0.005897965202005308)
SRR5899007_1	(0.0, 0.0)	(1.0, 0.0)	(2.0, 0.0)	(3.0, 0.0)	(4.0, 0.0)	(5.0, 0.0)	(6.0, 0.0)	(7.0, 0.0)	(8.0, 0.0)	(9.0, 0.0)	(10.0, 0.00045478938703486416)	(11.0, 0.0013643681611045925)	(12.0, 0.0018191575481394566)	(13.0, 0.002728736322209185)	(14.0, 0.0072766301925578265)	(15.0, 0.011369734675871605)	(16.0, 0.015462839159185381)	(17.0, 0.026832573835056984)	(18.0, 0.042295412994242367)	(19.0, 0.06139656724970666)	(20.0, 0.10050845453470497)	(21.0, 0.14735176139929598)	(22.0, 0.17554870339545758)	(23.0, 0.24285753267661744)	(24.0, 0.3492782492427757)	(25.0, 0.4443292311330622)	(26.0, 0.5680319444065454)	(27.0, 0.7249342829335734)	(28.0, 0.873650412493974)	(29.0, 1.0432868538579783)	(30.0, 1.2029179287072156)	(31.0, 1.3525436370416861)	(32.0, 1.4994406090539472)	(33.0, 1.6599812626772543)	(34.0, 1.8346203872986422)	(35.0, 2.0042568286626463)	(36.0, 2.199816265087638)	(37.0, 2.400833174157048)	(38.0, 2.6468742325429093)	(39.0, 2.907013761926852)	(40.0, 3.1353180342183533)	(41.0, 3.3759016199597967)	(42.0, 3.6674216170491443)	(43.0, 3.990776871230933)	(44.0, 4.226812563102027)	(45.0, 4.40463521343266)	(46.0, 4.647037956722242)	(47.0, 4.809397767893688)	(48.0, 4.881709280432232)	(49.0, 4.92264032526537)	(50.0, 4.763464039803167)	(51.0, 4.340964699247778)	(52.0, 3.9584868247514575)	(53.0, 3.6210330995715885)	(54.0, 3.1666985019237592)	(55.0, 2.650512547639188)	(56.0, 2.1884465304117664)	(57.0, 1.8328012297505025)	(58.0, 1.4639670368652278)	(59.0, 1.145159676553788)	(60.0, 0.9236772450678091)	(61.0, 0.7540408037038048)	(62.0, 0.5898618349842187)	(63.0, 0.44569359929416685)	(64.0, 0.3624671414667867)	(65.0, 0.2737832109949882)	(66.0, 0.2028360666175494)	(67.0, 0.17327475646028323)	(68.0, 0.1382559736585987)	(69.0, 0.10505634840505362)	(70.0, 0.07685940640889204)	(71.0, 0.0545747264441837)	(72.0, 0.044114570542381826)	(73.0, 0.03956667667203318)	(74.0, 0.027742152609126713)	(75.0, 0.01728199670732484)	(76.0, 0.00864099835366242)	(77.0, 0.006367051418488099)	(78.0, 0.004093104483313778)	(79.0, 0.0018191575481394566)	(80.0, 0.0018191575481394566)	(81.0, 0.0022739469351743206)	(82.0, 0.0009095787740697283)	(83.0, 0.0)	(84.0, 0.0)	(85.0, 0.0)	(86.0, 0.00045478938703486416)	(87.0, 0.00045478938703486416)	(88.0, 0.0)	(89.0, 0.0)	(90.0, 0.0)	(91.0, 0.00045478938703486416)	(92.0, 0.0009095787740697283)	(93.0, 0.00045478938703486416)	(94.0, 0.0)	(95.0, 0.0)	(96.0, 0.0)	(97.0, 0.0)	(98.0, 0.0)	(99.0, 0.0)	(100.0, 0.0)
SRR5899007_2	(0.0, 0.0)	(1.0, 0.0)	(2.0, 0.0)	(3.0, 0.0)	(4.0, 0.0)	(5.0, 0.0009116518219361661)	(6.0, 0.0009116518219361661)	(7.0, 0.0)	(8.0, 0.0)	(9.0, 0.00045582591096808307)	(10.0, 0.0013674777329042492)	(11.0, 0.0027349554658084984)	(12.0, 0.0036466072877446645)	(13.0, 0.004558259109680831)	(14.0, 0.008660692308393577)	(15.0, 0.014130603240010574)	(16.0, 0.020056340082595655)	(17.0, 0.03099616194582965)	(18.0, 0.039656854254223224)	(19.0, 0.05561076113810613)	(20.0, 0.08934187854974428)	(21.0, 0.12580795142719092)	(22.0, 0.17458132390077583)	(23.0, 0.24705764374470104)	(24.0, 0.34095778140412614)	(25.0, 0.45764921461195535)	(26.0, 0.5779872551075294)	(27.0, 0.7215724170624755)	(28.0, 0.8697158381271025)	(29.0, 1.0342689919865806)	(30.0, 1.234376566901569)	(31.0, 1.3752267733907066)	(32.0, 1.4832575142901423)	(33.0, 1.6824534373831947)	(34.0, 1.877546927277534)	(35.0, 2.0220437410544165)	(36.0, 2.223062967791341)	(37.0, 2.458269137850872)	(38.0, 2.682991311958137)	(39.0, 2.9364305184563912)	(40.0, 3.2071911095714327)	(41.0, 3.438294846432251)	(42.0, 3.6525330245872496)	(43.0, 3.906428056996472)	(44.0, 4.163058044871502)	(45.0, 4.423334640034278)	(46.0, 4.669936457868011)	(47.0, 4.762013291883563)	(48.0, 4.7966560611171385)	(49.0, 4.782069631966159)	(50.0, 4.613869870818936)	(51.0, 4.316671376867746)	(52.0, 3.976169421374589)	(53.0, 3.5704843606129946)	(54.0, 3.106453583247486)	(55.0, 2.645613587258754)	(56.0, 2.1852294171809903)	(57.0, 1.787293396905854)	(58.0, 1.475964299714653)	(59.0, 1.1979104940241223)	(60.0, 0.9230474697103683)	(61.0, 0.7161025061308585)	(62.0, 0.5834571660391463)	(63.0, 0.4854545951810085)	(64.0, 0.39109863161061525)	(65.0, 0.29446353848538165)	(66.0, 0.21606148179887136)	(67.0, 0.1695672388801269)	(68.0, 0.1422176842220419)	(69.0, 0.10757491498846761)	(70.0, 0.07931370850844645)	(71.0, 0.07749040486457412)	(72.0, 0.06837388664521246)	(73.0, 0.049229198384552975)	(74.0, 0.03418694332260623)	(75.0, 0.02370294737034032)	(76.0, 0.01914468826065949)	(77.0, 0.01504225506194674)	(78.0, 0.01367477732904249)	(79.0, 0.01185147368517016)	(80.0, 0.008660692308393577)	(81.0, 0.007749040486457412)	(82.0, 0.005014085020648914)	(83.0, 0.00592573684258508)	(84.0, 0.008660692308393577)	(85.0, 0.005469910931616997)	(86.0, 0.00592573684258508)	(87.0, 0.005469910931616997)	(88.0, 0.0022791295548404153)	(89.0, 0.003190781376776582)	(90.0, 0.003190781376776582)	(91.0, 0.0027349554658084984)	(92.0, 0.00592573684258508)	(93.0, 0.005469910931616997)	(94.0, 0.003190781376776582)	(95.0, 0.004102433198712748)	(96.0, 0.003190781376776582)	(97.0, 0.0022791295548404153)	(98.0, 0.0022791295548404153)	(99.0, 0.003190781376776582)	(100.0, 0.009572344130329745)
SRR5899017_1	(0.0, 0.0)	(1.0, 0.0)	(2.0, 0.0)	(3.0, 0.0)	(4.0, 0.0)	(5.0, 0.0)	(6.0, 0.0)	(7.0, 0.0)	(8.0, 0.0)	(9.0, 0.0)	(10.0, 0.0)	(11.0, 0.0009848044670730627)	(12.0, 0.0054164245689018444)	(13.0, 0.005908826802438376)	(14.0, 0.0064012290359749075)	(15.0, 0.01821888264085166)	(16.0, 0.027574525078045753)	(17.0, 0.04185418985060516)	(18.0, 0.06105787695852989)	(19.0, 0.07779955289877195)	(20.0, 0.11965374274937712)	(21.0, 0.17972681524083392)	(22.0, 0.2565415636725328)	(23.0, 0.3461587701761815)	(24.0, 0.42297351860788046)	(25.0, 0.5037274849078716)	(26.0, 0.6066395517170066)	(27.0, 0.7070896073584589)	(28.0, 0.8021232384310095)	(29.0, 0.9370414504200191)	(30.0, 1.0434003328639099)	(31.0, 1.1369567572358508)	(32.0, 1.2748293826260797)	(33.0, 1.3934983209083838)	(34.0, 1.510690052490078)	(35.0, 1.6057236835626285)	(36.0, 1.7303014486473711)	(37.0, 1.9233231241936914)	(38.0, 2.0715361964881875)	(39.0, 2.186758319135736)	(40.0, 2.35220546960401)	(41.0, 2.5540903853539882)	(42.0, 2.747604463133845)	(43.0, 2.9061579823326076)	(44.0, 3.159252730370385)	(45.0, 3.3852653555636527)	(46.0, 3.505903902780103)	(47.0, 3.6191564164935053)	(48.0, 3.6915395448233754)	(49.0, 3.7644150753867818)	(50.0, 3.7708163044227567)	(51.0, 3.680706695685572)	(52.0, 3.562037757403268)	(53.0, 3.404961444905114)	(54.0, 3.200122115753917)	(55.0, 3.047969825591129)	(56.0, 2.8416532897393223)	(57.0, 2.607269826575933)	(58.0, 2.4772756369222892)	(59.0, 2.339895413765597)	(60.0, 2.191682341471101)	(61.0, 2.013925135164413)	(62.0, 1.829274297588214)	(63.0, 1.754429158090661)	(64.0, 1.632805806407138)	(65.0, 1.424519661621185)	(66.0, 1.2014614498291365)	(67.0, 0.9951449139773298)	(68.0, 0.8287129590419822)	(69.0, 0.6509557527352944)	(70.0, 0.5111135184109195)	(71.0, 0.39687620023044423)	(72.0, 0.28411608875057853)	(73.0, 0.212225362654245)	(74.0, 0.15362949686339777)	(75.0, 0.09848044670730627)	(76.0, 0.0645046925932856)	(77.0, 0.04382379878475129)	(78.0, 0.03397575411402066)	(79.0, 0.020188491574997785)	(80.0, 0.009848044670730628)	(81.0, 0.005908826802438376)	(82.0, 0.003446815634755719)	(83.0, 0.0019696089341461253)	(84.0, 0.0019696089341461253)	(85.0, 0.004431620101828782)	(86.0, 0.003939217868292251)	(87.0, 0.0019696089341461253)	(88.0, 0.001477206700609594)	(89.0, 0.0)	(90.0, 0.0)	(91.0, 0.0004924022335365313)	(92.0, 0.0004924022335365313)	(93.0, 0.0)	(94.0, 0.0)	(95.0, 0.0)	(96.0, 0.0)	(97.0, 0.0)	(98.0, 0.0)	(99.0, 0.0)	(100.0, 0.0)
SRR5899017_2	(0.0, 0.0)	(1.0, 0.0)	(2.0, 0.0)	(3.0, 0.0)	(4.0, 0.0)	(5.0, 0.0004922277242343397)	(6.0, 0.0009844554484686795)	(7.0, 0.0014766831727030193)	(8.0, 0.0009844554484686795)	(9.0, 0.0)	(10.0, 0.0)	(11.0, 0.0009844554484686795)	(12.0, 0.004922277242343397)	(13.0, 0.006398960415046417)	(14.0, 0.0068911881392807565)	(15.0, 0.014766831727030194)	(16.0, 0.027564752557123026)	(17.0, 0.042823812008387564)	(18.0, 0.06005178235658945)	(19.0, 0.08564762401677513)	(20.0, 0.13339371326750607)	(21.0, 0.19639886196950157)	(22.0, 0.24414495122023253)	(23.0, 0.3150257435099774)	(24.0, 0.3883676744208941)	(25.0, 0.48336762519812165)	(26.0, 0.582305397769224)	(27.0, 0.6571240118528436)	(28.0, 0.7742742102206165)	(29.0, 0.87222752734325)	(30.0, 0.9755953494324614)	(31.0, 1.1193258449088888)	(32.0, 1.2276159442404435)	(33.0, 1.3359060435719983)	(34.0, 1.4496106478701305)	(35.0, 1.5470717372685299)	(36.0, 1.6858799555026136)	(37.0, 1.8532373817422891)	(38.0, 1.9708798078342964)	(39.0, 2.1013201547563964)	(40.0, 2.3041179771409444)	(41.0, 2.495594561868103)	(42.0, 2.697900156528416)	(43.0, 2.893314563049449)	(44.0, 3.100050207227872)	(45.0, 3.219661544216817)	(46.0, 3.371267683280993)	(47.0, 3.546992980832652)	(48.0, 3.6769411000305183)	(49.0, 3.7374851101113418)	(50.0, 3.767511001289637)	(51.0, 3.7547130804595437)	(52.0, 3.5770188720109473)	(53.0, 3.4273816438437077)	(54.0, 3.2841433760915146)	(55.0, 3.0764232764646233)	(56.0, 2.8790399590466533)	(57.0, 2.690024512940667)	(58.0, 2.4985479282135086)	(59.0, 2.392718967503126)	(60.0, 2.25144961064787)	(61.0, 2.102304610204865)	(62.0, 1.9379005503105957)	(63.0, 1.7272270843382984)	(64.0, 1.5854654997588085)	(65.0, 1.4461650538004902)	(66.0, 1.2694553008003622)	(67.0, 1.085362131936719)	(68.0, 0.9160357948001064)	(69.0, 0.760491833942055)	(70.0, 0.6015022790143632)	(71.0, 0.4789375756800126)	(72.0, 0.3603106941395367)	(73.0, 0.2426682680475295)	(74.0, 0.17670975300012798)	(75.0, 0.12797920830092832)	(76.0, 0.09155435670758719)	(77.0, 0.07186524773821361)	(78.0, 0.047746089250730955)	(79.0, 0.027564752557123026)	(80.0, 0.022642475314779628)	(81.0, 0.02018133669360793)	(82.0, 0.016735742623967553)	(83.0, 0.013782376278561513)	(84.0, 0.008860099036218117)	(85.0, 0.005906732690812077)	(86.0, 0.004922277242343397)	(87.0, 0.004430049518109058)	(88.0, 0.003937821793874718)	(89.0, 0.004430049518109058)	(90.0, 0.0034455940696403783)	(91.0, 0.0034455940696403783)	(92.0, 0.003937821793874718)	(93.0, 0.0029533663454060386)	(94.0, 0.0009844554484686795)	(95.0, 0.0009844554484686795)	(96.0, 0.0029533663454060386)	(97.0, 0.0024611386211716986)	(98.0, 0.001968910896937359)	(99.0, 0.001968910896937359)	(100.0, 0.0024611386211716986)
SRR8865572_1	(0.0, 0.0)	(1.0, 0.0)	(2.0, 0.0)	(3.0, 0.0)	(4.0, 0.0)	(5.0, 0.0)	(6.0, 0.0)	(7.0, 0.0)	(8.0, 0.0004942029988237969)	(9.0, 0.0014826089964713907)	(10.0, 0.0014826089964713907)	(11.0, 0.0024710149941189843)	(12.0, 0.004942029988237969)	(13.0, 0.007413044982356953)	(14.0, 0.006918841983533155)	(15.0, 0.011860871971771126)	(16.0, 0.028169570932956422)	(17.0, 0.03805363090943236)	(18.0, 0.0464550818894369)	(19.0, 0.058315953861208025)	(20.0, 0.09093335178357861)	(21.0, 0.1388710426694869)	(22.0, 0.17890148557421448)	(23.0, 0.2525377323989602)	(24.0, 0.342976881183715)	(25.0, 0.4383580599567078)	(26.0, 0.5406580807132337)	(27.0, 0.6750812963933065)	(28.0, 0.8213653840451504)	(29.0, 0.9518349757346327)	(30.0, 1.1030610933747145)	(31.0, 1.237978512053611)	(32.0, 1.3610350587607365)	(33.0, 1.4564162375337293)	(34.0, 1.5997351071926305)	(35.0, 1.7267452778903463)	(36.0, 1.824597471657458)	(37.0, 1.965939529321064)	(38.0, 2.13594536091645)	(39.0, 2.3178120644836073)	(40.0, 2.5219179029978354)	(41.0, 2.7131744635426447)	(42.0, 2.9256817530368773)	(43.0, 3.113973095588744)	(44.0, 3.2953455961570772)	(45.0, 3.539976080574857)	(46.0, 3.7500123550749707)	(47.0, 3.8607138268115007)	(48.0, 3.914581953683295)	(49.0, 4.0198471924327634)	(50.0, 4.156741423106956)	(51.0, 4.135984897156356)	(52.0, 3.974380516540974)	(53.0, 3.8206833839067733)	(54.0, 3.638816680339616)	(55.0, 3.471776066737173)	(56.0, 3.2582803712452932)	(57.0, 2.958299150959248)	(58.0, 2.6390440137190754)	(59.0, 2.3316497484506735)	(60.0, 2.0257380921787433)	(61.0, 1.729710495883289)	(62.0, 1.4302234785960681)	(63.0, 1.162859656232394)	(64.0, 0.9459045397487473)	(65.0, 0.7847943621321894)	(66.0, 0.6390044774791693)	(67.0, 0.49222618682850167)	(68.0, 0.3765826851037332)	(69.0, 0.2891087543119212)	(70.0, 0.21646091348482302)	(71.0, 0.1586391626224388)	(72.0, 0.11663190772241605)	(73.0, 0.07808407381415991)	(74.0, 0.04942029988237969)	(75.0, 0.032123194923546795)	(76.0, 0.02075652595059947)	(77.0, 0.01433188696589011)	(78.0, 0.011366668972947327)	(79.0, 0.00938985697765214)	(80.0, 0.004942029988237969)	(81.0, 0.0009884059976475938)	(82.0, 0.0004942029988237969)	(83.0, 0.0004942029988237969)	(84.0, 0.0)	(85.0, 0.0)	(86.0, 0.0)	(87.0, 0.0)	(88.0, 0.0)	(89.0, 0.0)	(90.0, 0.0)	(91.0, 0.0)	(92.0, 0.0)	(93.0, 0.0)	(94.0, 0.0)	(95.0, 0.0)	(96.0, 0.0)	(97.0, 0.0)	(98.0, 0.0)	(99.0, 0.0)	(100.0, 0.0)
SRR8865572_2	(0.0, 0.0)	(1.0, 0.0)	(2.0, 0.0)	(3.0, 0.0)	(4.0, 0.0)	(5.0, 0.0)	(6.0, 0.0004941639240568881)	(7.0, 0.0004941639240568881)	(8.0, 0.0004941639240568881)	(9.0, 0.0004941639240568881)	(10.0, 0.0004941639240568881)	(11.0, 0.0009883278481137763)	(12.0, 0.002470819620284441)	(13.0, 0.005435803164625769)	(14.0, 0.008894950633023986)	(15.0, 0.011859934177365316)	(16.0, 0.019766556962275528)	(17.0, 0.0331089829118115)	(18.0, 0.04694557278540438)	(19.0, 0.06424131012739547)	(20.0, 0.08894950633023987)	(21.0, 0.12650596455856336)	(22.0, 0.1882764550656744)	(23.0, 0.2683310107628903)	(24.0, 0.34542058291576483)	(25.0, 0.4467241873474269)	(26.0, 0.5524752670956009)	(27.0, 0.6695921170970834)	(28.0, 0.8005455569721588)	(29.0, 0.9245807019104377)	(30.0, 1.0906197803935522)	(31.0, 1.2265148595091964)	(32.0, 1.334242594953598)	(33.0, 1.4765618050819818)	(34.0, 1.5837953766023265)	(35.0, 1.6727448829325662)	(36.0, 1.8269240272383154)	(37.0, 1.9885156304049179)	(38.0, 2.141212282938496)	(39.0, 2.345796147498048)	(40.0, 2.5647107658552497)	(41.0, 2.735691483578933)	(42.0, 2.9476878069993377)	(43.0, 3.1670965892805962)	(44.0, 3.314357438649549)	(45.0, 3.522894614601556)	(46.0, 3.7655291013134877)	(47.0, 3.897965032960734)	(48.0, 3.9918561785315423)	(49.0, 4.041766734861288)	(50.0, 4.033860112076378)	(51.0, 4.041272570937231)	(52.0, 3.910813294986213)	(53.0, 3.7902372975163323)	(54.0, 3.6676846443502242)	(55.0, 3.445310878524624)	(56.0, 3.2669177019400877)	(57.0, 2.950158626619622)	(58.0, 2.6136329943368812)	(59.0, 2.3576560816754135)	(60.0, 2.039414514582777)	(61.0, 1.740939504452417)	(62.0, 1.4637135430565027)	(63.0, 1.2027949911544658)	(64.0, 0.9675729633033869)	(65.0, 0.7788023443136558)	(66.0, 0.6335181506409306)	(67.0, 0.4847748094998073)	(68.0, 0.36568130380209724)	(69.0, 0.2876034038011089)	(70.0, 0.21693796266097387)	(71.0, 0.15664996392603356)	(72.0, 0.11563435822931183)	(73.0, 0.07906622784910211)	(74.0, 0.05188721202597326)	(75.0, 0.03607396645615284)	(76.0, 0.023719868354730632)	(77.0, 0.01334242594953598)	(78.0, 0.008894950633023986)	(79.0, 0.006424131012739545)	(80.0, 0.0034591474683982174)	(81.0, 0.0004941639240568881)	(82.0, 0.0)	(83.0, 0.0004941639240568881)	(84.0, 0.0004941639240568881)	(85.0, 0.0)	(86.0, 0.0)	(87.0, 0.0)	(88.0, 0.0)	(89.0, 0.0)	(90.0, 0.0)	(91.0, 0.0)	(92.0, 0.0)	(93.0, 0.0)	(94.0, 0.0)	(95.0, 0.0)	(96.0, 0.0)	(97.0, 0.0)	(98.0, 0.0)	(99.0, 0.0)	(100.0, 0.0)
SRR8865573_1	(0.0, 0.0)	(1.0, 0.0)	(2.0, 0.0)	(3.0, 0.0)	(4.0, 0.0)	(5.0, 0.0)	(6.0, 0.0)	(7.0, 0.0004927224888398356)	(8.0, 0.0004927224888398356)	(9.0, 0.0)	(10.0, 0.0)	(11.0, 0.0009854449776796712)	(12.0, 0.002956334933039014)	(13.0, 0.004927224888398357)	(14.0, 0.0073908373325975345)	(15.0, 0.010839894754476385)	(16.0, 0.018230732087073917)	(17.0, 0.028577904352710466)	(18.0, 0.04138868906254619)	(19.0, 0.06750298097105747)	(20.0, 0.11184800496664268)	(21.0, 0.15865664140642707)	(22.0, 0.19856716300245375)	(23.0, 0.25128846930831616)	(24.0, 0.3114006129467761)	(25.0, 0.3995979384491067)	(26.0, 0.49814243621707377)	(27.0, 0.5892960966524434)	(28.0, 0.7203602786838398)	(29.0, 0.8277737812509239)	(30.0, 0.9154783842644145)	(31.0, 1.0337317815859752)	(32.0, 1.13966711668654)	(33.0, 1.3086709303586035)	(34.0, 1.448111394700277)	(35.0, 1.5244833804704514)	(36.0, 1.6594893424125665)	(37.0, 1.803857031642638)	(38.0, 1.966948175448624)	(39.0, 2.122155759433172)	(40.0, 2.2709579510628024)	(41.0, 2.473959616464815)	(42.0, 2.6784394493333465)	(43.0, 2.890802842023316)	(44.0, 3.114991574445441)	(45.0, 3.270691880918829)	(46.0, 3.4372320821466933)	(47.0, 3.6560008671915805)	(48.0, 3.789035939178336)	(49.0, 3.930447293475369)	(50.0, 4.014702839066981)	(51.0, 4.050671580752288)	(52.0, 4.048700690796929)	(53.0, 3.947692580584763)	(54.0, 3.7998758339328123)	(55.0, 3.5352838574258207)	(56.0, 3.3450929767336444)	(57.0, 3.179538220483459)	(58.0, 2.895730066911714)	(59.0, 2.5808803965430593)	(60.0, 2.329099204745903)	(61.0, 2.0674635631719505)	(62.0, 1.7600047301358928)	(63.0, 1.516599820649014)	(64.0, 1.3195108251130798)	(65.0, 1.1475506765079773)	(66.0, 0.9455344560836446)	(67.0, 0.7445036806369917)	(68.0, 0.5750071444760881)	(69.0, 0.4306394552460163)	(70.0, 0.33702218236644754)	(71.0, 0.23749223962080077)	(72.0, 0.1507730815849897)	(73.0, 0.1133261724331622)	(74.0, 0.09164638292420942)	(75.0, 0.059126698660780276)	(76.0, 0.03941779910718685)	(77.0, 0.02463612444199178)	(78.0, 0.013303507198675563)	(79.0, 0.00788355982143737)	(80.0, 0.0019708899553593424)	(81.0, 0.0009854449776796712)	(82.0, 0.001478167466519507)	(83.0, 0.0009854449776796712)	(84.0, 0.0)	(85.0, 0.0)	(86.0, 0.0)	(87.0, 0.0)	(88.0, 0.0)	(89.0, 0.0)	(90.0, 0.0)	(91.0, 0.0)	(92.0, 0.0)	(93.0, 0.0)	(94.0, 0.0)	(95.0, 0.0)	(96.0, 0.0)	(97.0, 0.0)	(98.0, 0.0)	(99.0, 0.0)	(100.0, 0.0)
SRR8865573_2	(0.0, 0.0)	(1.0, 0.0)	(2.0, 0.0)	(3.0, 0.0)	(4.0, 0.0)	(5.0, 0.0)	(6.0, 0.0)	(7.0, 0.0)	(8.0, 0.000492712778013185)	(9.0, 0.001478138334039555)	(10.0, 0.002463563890065925)	(11.0, 0.00197085111205274)	(12.0, 0.00098542555602637)	(13.0, 0.00197085111205274)	(14.0, 0.00492712778013185)	(15.0, 0.011332393894303254)	(16.0, 0.018230372786487845)	(17.0, 0.034489894460922946)	(18.0, 0.05025670335734487)	(19.0, 0.06208181002966131)	(20.0, 0.09016643837641285)	(21.0, 0.14535026951388957)	(22.0, 0.20250495176341904)	(23.0, 0.25867420845692213)	(24.0, 0.32272686959863617)	(25.0, 0.4247184146473655)	(26.0, 0.5203046935819233)	(27.0, 0.5878063441697297)	(28.0, 0.7316784753495796)	(29.0, 0.8587983720769814)	(30.0, 0.9400959804491569)	(31.0, 1.0489855043900709)	(32.0, 1.177090826673499)	(33.0, 1.2953418933966632)	(34.0, 1.382552055104997)	(35.0, 1.4884853023778317)	(36.0, 1.6412262635619193)	(37.0, 1.822051853092758)	(38.0, 2.022093240966111)	(39.0, 2.1580819676977505)	(40.0, 2.274854896086875)	(41.0, 2.440406389499305)	(42.0, 2.6542437351570274)	(43.0, 2.8700519319268025)	(44.0, 3.079454862582406)	(45.0, 3.2957557721301947)	(46.0, 3.443076892756137)	(47.0, 3.607642960612541)	(48.0, 3.8293637107184737)	(49.0, 3.966337863006139)	(50.0, 3.992944353018851)	(51.0, 3.980133820790508)	(52.0, 3.9825973846805742)	(53.0, 3.912632170202702)	(54.0, 3.736733708451995)	(55.0, 3.5470392889169187)	(56.0, 3.3686772632761457)	(57.0, 3.2011549187516626)	(58.0, 2.91291794361395)	(59.0, 2.5744242651188918)	(60.0, 2.333487716670444)	(61.0, 2.085160476551799)	(62.0, 1.815646586978587)	(63.0, 1.544654559071335)	(64.0, 1.3037180106228876)	(65.0, 1.1115600271977455)	(66.0, 0.9164457671045241)	(67.0, 0.7464598586899753)	(68.0, 0.5666196947151627)	(69.0, 0.4306309679835237)	(70.0, 0.34342080627518995)	(71.0, 0.2581814956789089)	(72.0, 0.18920170675706305)	(73.0, 0.13598872673163906)	(74.0, 0.09558627893455789)	(75.0, 0.057647395027542646)	(76.0, 0.033997181682909765)	(77.0, 0.02463563890065925)	(78.0, 0.01675223445244829)	(79.0, 0.00591255333615822)	(80.0, 0.000492712778013185)	(81.0, 0.00098542555602637)	(82.0, 0.001478138334039555)	(83.0, 0.00098542555602637)	(84.0, 0.000492712778013185)	(85.0, 0.0)	(86.0, 0.0)	(87.0, 0.0)	(88.0, 0.0)	(89.0, 0.0)	(90.0, 0.0)	(91.0, 0.0)	(92.0, 0.0)	(93.0, 0.0)	(94.0, 0.0)	(95.0, 0.0)	(96.0, 0.0)	(97.0, 0.0)	(98.0, 0.0)	(99.0, 0.0)	(100.0, 0.0)
SRR8865574_1	(0.0, 0.0)	(1.0, 0.0)	(2.0, 0.0)	(3.0, 0.0)	(4.0, 0.0)	(5.0, 0.0)	(6.0, 0.0)	(7.0, 0.0)	(8.0, 0.0004911060690888018)	(9.0, 0.0004911060690888018)	(10.0, 0.001964424276355207)	(11.0, 0.0044199546217992165)	(12.0, 0.006384378898154424)	(13.0, 0.01375096993448645)	(14.0, 0.02259087917808488)	(15.0, 0.030939682352594512)	(16.0, 0.05303945546159059)	(17.0, 0.07071927394878746)	(18.0, 0.10116785023229317)	(19.0, 0.1630472149374822)	(20.0, 0.2160866703990728)	(21.0, 0.2809126715187946)	(22.0, 0.37373171857657816)	(23.0, 0.5176257968195972)	(24.0, 0.708666057695141)	(25.0, 0.9335926373378122)	(26.0, 1.1536081562895955)	(27.0, 1.3583993870996258)	(28.0, 1.5597528754260344)	(29.0, 1.826423470941254)	(30.0, 2.048403414169392)	(31.0, 2.133364764121755)	(32.0, 2.2585968117393995)	(33.0, 2.4142774356405496)	(34.0, 2.5709402716798775)	(35.0, 2.6946990010902554)	(36.0, 2.8012690180825253)	(37.0, 3.0369999312451506)	(38.0, 3.374880906778246)	(39.0, 3.568867804068323)	(40.0, 3.6940998516859667)	(41.0, 3.843887202758052)	(42.0, 3.979432477826561)	(43.0, 4.060956085295302)	(44.0, 4.073233737022522)	(45.0, 4.081582540197032)	(46.0, 3.948983901543055)	(47.0, 3.7540147921148006)	(48.0, 3.5816365618646318)	(49.0, 3.424973725825304)	(50.0, 3.2398267377788255)	(51.0, 2.948109732740077)	(52.0, 2.6775102886721474)	(53.0, 2.4594591939967194)	(54.0, 2.2242193869031834)	(55.0, 1.9988017011914234)	(56.0, 1.8023592735559024)	(57.0, 1.5405997387315713)	(58.0, 1.2700002946636415)	(59.0, 1.0833799884098967)	(60.0, 0.8913575153961752)	(61.0, 0.7022816787969866)	(62.0, 0.5745941008338982)	(63.0, 0.4724440384634273)	(64.0, 0.37078508216204537)	(65.0, 0.2779660351042618)	(66.0, 0.20135348832640873)	(67.0, 0.14438518431210773)	(68.0, 0.10706112306135879)	(69.0, 0.0790680771232971)	(70.0, 0.061879364705189024)	(71.0, 0.04616397049434737)	(72.0, 0.024064197385351288)	(73.0, 0.015715394210841657)	(74.0, 0.015715394210841657)	(75.0, 0.010313227450864836)	(76.0, 0.006384378898154424)	(77.0, 0.0058932728290656215)	(78.0, 0.002455530345444009)	(79.0, 0.0)	(80.0, 0.0009822121381776036)	(81.0, 0.0014733182072664054)	(82.0, 0.0004911060690888018)	(83.0, 0.0)	(84.0, 0.0)	(85.0, 0.0)	(86.0, 0.0)	(87.0, 0.0)	(88.0, 0.0)	(89.0, 0.0)	(90.0, 0.0)	(91.0, 0.0)	(92.0, 0.0)	(93.0, 0.0)	(94.0, 0.0)	(95.0, 0.0)	(96.0, 0.0)	(97.0, 0.0)	(98.0, 0.0)	(99.0, 0.0)	(100.0, 0.0)
SRR8865574_2	(0.0, 0.0)	(1.0, 0.0)	(2.0, 0.0)	(3.0, 0.0)	(4.0, 0.0)	(5.0, 0.0)	(6.0, 0.0)	(7.0, 0.0)	(8.0, 0.0)	(9.0, 0.0004911784353019765)	(10.0, 0.0014735353059059295)	(11.0, 0.003929427482415812)	(12.0, 0.00982356870603953)	(13.0, 0.020629494282683014)	(14.0, 0.027014813941608706)	(15.0, 0.028979527682816617)	(16.0, 0.04420605917717788)	(17.0, 0.07171205155408857)	(18.0, 0.1065857204605289)	(19.0, 0.1566859208613305)	(20.0, 0.22545090180360722)	(21.0, 0.2991276670989037)	(22.0, 0.37526032457071007)	(23.0, 0.5294903532555306)	(24.0, 0.7244881920704154)	(25.0, 0.9239066368030178)	(26.0, 1.1120279775236748)	(27.0, 1.3050611025973515)	(28.0, 1.608609375613973)	(29.0, 1.8723721953711345)	(30.0, 2.0133404063028015)	(31.0, 2.155782152540375)	(32.0, 2.2628590514362057)	(33.0, 2.4323156116153877)	(34.0, 2.606192777712287)	(35.0, 2.6916578254548313)	(36.0, 2.8910762701874337)	(37.0, 3.1803803685802974)	(38.0, 3.3640811033832376)	(39.0, 3.496699280914771)	(40.0, 3.6951353687767687)	(41.0, 3.9117450587449407)	(42.0, 4.046327950017682)	(43.0, 4.098392864159692)	(44.0, 4.106251719124524)	(45.0, 4.054677983417816)	(46.0, 3.892097921332862)	(47.0, 3.7530944241424025)	(48.0, 3.549255373492082)	(49.0, 3.313980902982436)	(50.0, 3.173012692050768)	(51.0, 2.982926637588903)	(52.0, 2.749616880820464)	(53.0, 2.4499980352862587)	(54.0, 2.2078470666823846)	(55.0, 1.9578372431136783)	(56.0, 1.7097921332861803)	(57.0, 1.5133207591653894)	(58.0, 1.2873786789264805)	(59.0, 1.0938543754175016)	(60.0, 0.8816652913670479)	(61.0, 0.6817556681991433)	(62.0, 0.5511022044088176)	(63.0, 0.4494282683013085)	(64.0, 0.3624896852528587)	(65.0, 0.28046288655742857)	(66.0, 0.20187433690911236)	(67.0, 0.13703878344925144)	(68.0, 0.11690046760187041)	(69.0, 0.08546504774254392)	(70.0, 0.05206491414200951)	(71.0, 0.04125898856536603)	(72.0, 0.027505992376910687)	(73.0, 0.012279460882549413)	(74.0, 0.00982356870603953)	(75.0, 0.008350033400133601)	(76.0, 0.003929427482415812)	(77.0, 0.0024558921765098825)	(78.0, 0.0014735353059059295)	(79.0, 0.001964713741207906)	(80.0, 0.001964713741207906)	(81.0, 0.0004911784353019765)	(82.0, 0.0)	(83.0, 0.0)	(84.0, 0.0)	(85.0, 0.0)	(86.0, 0.0)	(87.0, 0.0)	(88.0, 0.0)	(89.0, 0.0)	(90.0, 0.0)	(91.0, 0.0)	(92.0, 0.0)	(93.0, 0.0)	(94.0, 0.0)	(95.0, 0.0)	(96.0, 0.0)	(97.0, 0.0)	(98.0, 0.0)	(99.0, 0.0)	(100.0, 0.0)
SRR8865575_1	(0.0, 0.0)	(1.0, 0.0)	(2.0, 0.0)	(3.0, 0.0)	(4.0, 0.0)	(5.0, 0.0)	(6.0, 0.0)	(7.0, 0.0)	(8.0, 0.0)	(9.0, 0.0)	(10.0, 0.0)	(11.0, 0.0009880056118718753)	(12.0, 0.0014820084178078132)	(13.0, 0.0014820084178078132)	(14.0, 0.0019760112237437507)	(15.0, 0.0019760112237437507)	(16.0, 0.005434030865295315)	(17.0, 0.0069160392831031274)	(18.0, 0.00642203647716719)	(19.0, 0.01531408698401407)	(20.0, 0.03309818799770783)	(21.0, 0.05335230304108127)	(22.0, 0.07508842650226254)	(23.0, 0.11115063133558599)	(24.0, 0.1635149287647954)	(25.0, 0.24700140296796882)	(26.0, 0.3453079613492204)	(27.0, 0.45744659829667833)	(28.0, 0.5873693362578299)	(29.0, 0.7489082537988816)	(30.0, 0.9460153733673208)	(31.0, 1.1371944592645284)	(32.0, 1.3753038117256504)	(33.0, 1.5916770407255914)	(34.0, 1.7986642164127493)	(35.0, 2.0417135969332305)	(36.0, 2.291185013930879)	(37.0, 2.600924773252712)	(38.0, 2.7975378900152155)	(39.0, 3.0168751358507717)	(40.0, 3.236212381686328)	(41.0, 3.4441875629853578)	(42.0, 3.6650068172387216)	(43.0, 3.8067856225423355)	(44.0, 3.912996225818563)	(45.0, 3.91694824826605)	(46.0, 3.950540439069694)	(47.0, 3.95103444187563)	(48.0, 3.85371588910625)	(49.0, 3.7326852016519454)	(50.0, 3.5997984468551785)	(51.0, 3.4604896555812434)	(52.0, 3.2856126622799215)	(53.0, 3.076155472563084)	(54.0, 2.9368466812891496)	(55.0, 2.8118639713873574)	(56.0, 2.6320469500266763)	(57.0, 2.448771909024443)	(58.0, 2.2872329914833918)	(59.0, 2.102969944869287)	(60.0, 1.9098148477483354)	(61.0, 1.6983816468077537)	(62.0, 1.4627423083763116)	(63.0, 1.261189163554449)	(64.0, 1.0966862291777817)	(65.0, 0.9089651629221254)	(66.0, 0.7118580433536863)	(67.0, 0.5829233110044064)	(68.0, 0.47127867686288455)	(69.0, 0.37000810164601733)	(70.0, 0.2825696049953564)	(71.0, 0.20303515323967042)	(72.0, 0.15808089789950006)	(73.0, 0.11707866500681723)	(74.0, 0.06817238721915941)	(75.0, 0.042978244116426575)	(76.0, 0.029640168356156262)	(77.0, 0.016796095401821882)	(78.0, 0.01284407295433438)	(79.0, 0.008398047700910941)	(80.0, 0.005928033671231253)	(81.0, 0.004940028059359377)	(82.0, 0.0014820084178078132)	(83.0, 0.0004940028059359377)	(84.0, 0.0004940028059359377)	(85.0, 0.0)	(86.0, 0.0)	(87.0, 0.0)	(88.0, 0.0)	(89.0, 0.0)	(90.0, 0.0)	(91.0, 0.0)	(92.0, 0.0)	(93.0, 0.0)	(94.0, 0.0)	(95.0, 0.0)	(96.0, 0.0)	(97.0, 0.0)	(98.0, 0.0)	(99.0, 0.0)	(100.0, 0.0)
SRR8865575_2	(0.0, 0.0)	(1.0, 0.0)	(2.0, 0.0)	(3.0, 0.0)	(4.0, 0.0)	(5.0, 0.0)	(6.0, 0.0)	(7.0, 0.0)	(8.0, 0.0)	(9.0, 0.0004940174486962879)	(10.0, 0.0004940174486962879)	(11.0, 0.0)	(12.0, 0.0009880348973925759)	(13.0, 0.001482052346088864)	(14.0, 0.0009880348973925759)	(15.0, 0.001482052346088864)	(16.0, 0.0019760697947851518)	(17.0, 0.0034581221408740157)	(18.0, 0.007904279179140607)	(19.0, 0.017784628153066365)	(20.0, 0.03112309926786614)	(21.0, 0.0494017448696288)	(22.0, 0.08052484413749493)	(23.0, 0.12548043196885714)	(24.0, 0.17438815938978963)	(25.0, 0.25145488138641053)	(26.0, 0.3650788945865568)	(27.0, 0.4688225588127773)	(28.0, 0.598749147819901)	(29.0, 0.7331218938652913)	(30.0, 0.8857732855124444)	(31.0, 1.116973451502307)	(32.0, 1.3471855825947774)	(33.0, 1.5581310331880922)	(34.0, 1.8184782286510361)	(35.0, 2.0956220173696534)	(36.0, 2.3614034047682564)	(37.0, 2.61779846064163)	(38.0, 2.866783254784559)	(39.0, 3.1039116301587772)	(40.0, 3.249646777524182)	(41.0, 3.434409303336594)	(42.0, 3.6507889458655676)	(43.0, 3.7570026973352695)	(44.0, 3.870626710535416)	(45.0, 3.916570333264171)	(46.0, 3.9343549614172373)	(47.0, 3.889399373585875)	(48.0, 3.800476232820543)	(49.0, 3.7421821738743812)	(50.0, 3.534200827973244)	(51.0, 3.3573425813399727)	(52.0, 3.268913458023338)	(53.0, 3.129600537490984)	(54.0, 2.901364476193299)	(55.0, 2.724506229560028)	(56.0, 2.6504036122555847)	(57.0, 2.5446838782345793)	(58.0, 2.3539931430378123)	(59.0, 2.1469998320340675)	(60.0, 1.948898835106856)	(61.0, 1.717204651668297)	(62.0, 1.482052346088864)	(63.0, 1.2676487733546749)	(64.0, 1.094742666310974)	(65.0, 0.9000997915246367)	(66.0, 0.7084210214304769)	(67.0, 0.5780004149746569)	(68.0, 0.4638823843258144)	(69.0, 0.3626088073430754)	(70.0, 0.29147029473080993)	(71.0, 0.210945450593315)	(72.0, 0.1427710426732272)	(73.0, 0.10324964677752418)	(74.0, 0.0657043206766063)	(75.0, 0.044955587831362206)	(76.0, 0.03161711671656243)	(77.0, 0.019266680499155232)	(78.0, 0.008892314076533183)	(79.0, 0.00494017448696288)	(80.0, 0.0034581221408740157)	(81.0, 0.0019760697947851518)	(82.0, 0.0004940174486962879)	(83.0, 0.0)	(84.0, 0.0004940174486962879)	(85.0, 0.0009880348973925759)	(86.0, 0.0004940174486962879)	(87.0, 0.0)	(88.0, 0.0)	(89.0, 0.0)	(90.0, 0.0)	(91.0, 0.0)	(92.0, 0.0)	(93.0, 0.0)	(94.0, 0.0)	(95.0, 0.0)	(96.0, 0.0)	(97.0, 0.0)	(98.0, 0.0)	(99.0, 0.0)	(100.0, 0.0)
SRR8865576_1	(0.0, 0.0)	(1.0, 0.0)	(2.0, 0.0)	(3.0, 0.0)	(4.0, 0.0)	(5.0, 0.0)	(6.0, 0.0)	(7.0, 0.0)	(8.0, 0.0)	(9.0, 0.0)	(10.0, 0.0004917242803615157)	(11.0, 0.0024586214018075783)	(12.0, 0.007867588485784251)	(13.0, 0.016718625532291535)	(14.0, 0.019668971214460627)	(15.0, 0.026553111139521846)	(16.0, 0.04376346095217489)	(17.0, 0.06294070788627401)	(18.0, 0.09785313179194162)	(19.0, 0.1637441853603847)	(20.0, 0.22176765044304358)	(21.0, 0.2694649056381106)	(22.0, 0.35748355182282193)	(23.0, 0.5177856672206761)	(24.0, 0.6805464040203377)	(25.0, 0.8418319679789149)	(26.0, 1.0493396142914744)	(27.0, 1.2622562276880107)	(28.0, 1.491399742336477)	(29.0, 1.776599824946156)	(30.0, 2.059341286154028)	(31.0, 2.171946146356815)	(32.0, 2.2584896197004416)	(33.0, 2.4168248379768498)	(34.0, 2.4817324429845695)	(35.0, 2.6100724801589252)	(36.0, 2.817580126471485)	(37.0, 3.002468455887415)	(38.0, 3.255214735993234)	(39.0, 3.50058515189363)	(40.0, 3.6977665883185984)	(41.0, 3.900848716107904)	(42.0, 4.032139098964429)	(43.0, 4.098030152532871)	(44.0, 4.1265501607938395)	(45.0, 4.024763234759006)	(46.0, 3.928385275808149)	(47.0, 3.81184662136247)	(48.0, 3.634825880432324)	(49.0, 3.523696193070622)	(50.0, 3.329465102327823)	(51.0, 3.038856052634167)	(52.0, 2.762998731351357)	(53.0, 2.525004179656383)	(54.0, 2.2747165209523716)	(55.0, 2.009677133837515)	(56.0, 1.7554556808906112)	(57.0, 1.5622080387085353)	(58.0, 1.335031421181515)	(59.0, 1.0695003097862965)	(60.0, 0.9141154371920577)	(61.0, 0.7670898773639645)	(62.0, 0.5954781035177955)	(63.0, 0.4582870292969326)	(64.0, 0.3569918275424604)	(65.0, 0.26798973279702604)	(66.0, 0.19964005782677538)	(67.0, 0.1539096997531544)	(68.0, 0.11260486020278708)	(69.0, 0.0747420906149504)	(70.0, 0.05556484368085127)	(71.0, 0.038354493868198225)	(72.0, 0.02409448973771427)	(73.0, 0.01819379837337608)	(74.0, 0.01032620988759183)	(75.0, 0.0073758642054227355)	(76.0, 0.006392415644699704)	(77.0, 0.005408967083976673)	(78.0, 0.003933794242892126)	(79.0, 0.001966897121446063)	(80.0, 0.0009834485607230314)	(81.0, 0.0)	(82.0, 0.0)	(83.0, 0.0)	(84.0, 0.0)	(85.0, 0.0)	(86.0, 0.0)	(87.0, 0.0)	(88.0, 0.0)	(89.0, 0.0)	(90.0, 0.0)	(91.0, 0.0)	(92.0, 0.0)	(93.0, 0.0)	(94.0, 0.0)	(95.0, 0.0)	(96.0, 0.0)	(97.0, 0.0)	(98.0, 0.0)	(99.0, 0.0)	(100.0, 0.0)
SRR8865576_2	(0.0, 0.0)	(1.0, 0.0)	(2.0, 0.0)	(3.0, 0.0)	(4.0, 0.0)	(5.0, 0.0)	(6.0, 0.0)	(7.0, 0.0004916952669413604)	(8.0, 0.0014750858008240812)	(9.0, 0.0009833905338827208)	(10.0, 0.0004916952669413604)	(11.0, 0.0029501716016481624)	(12.0, 0.010325600605768568)	(13.0, 0.016717639076006256)	(14.0, 0.02261798227930258)	(15.0, 0.028518325482598902)	(16.0, 0.040810707156132914)	(17.0, 0.0708041184395559)	(18.0, 0.10964804452792337)	(19.0, 0.15488400908652852)	(20.0, 0.2084787931831368)	(21.0, 0.26649883468221736)	(22.0, 0.35697076379942766)	(23.0, 0.5025125628140703)	(24.0, 0.6598550482353057)	(25.0, 0.8555497644779672)	(26.0, 1.1018890932155887)	(27.0, 1.320693487004494)	(28.0, 1.516879898514097)	(29.0, 1.8040299344078514)	(30.0, 2.031684843001701)	(31.0, 2.11428964784785)	(32.0, 2.2568812752608447)	(33.0, 2.376363225127595)	(34.0, 2.476177364316691)	(35.0, 2.631553068670161)	(36.0, 2.856749500929304)	(37.0, 3.0947300101289223)	(38.0, 3.239780113876624)	(39.0, 3.4807107946778904)	(40.0, 3.724591647080805)	(41.0, 3.8691500555615654)	(42.0, 3.994040653364671)	(43.0, 4.082545801414115)	(44.0, 4.11647277483307)	(45.0, 4.052552390130693)	(46.0, 3.964047242081248)	(47.0, 3.829322738939315)	(48.0, 3.6203522504892365)	(49.0, 3.395155818230094)	(50.0, 3.21667043633038)	(51.0, 3.0185172437530117)	(52.0, 2.799712849964106)	(53.0, 2.5789416751074357)	(54.0, 2.3026089350863908)	(55.0, 2.0523360442132383)	(56.0, 1.7779700852599594)	(57.0, 1.5306473659884552)	(58.0, 1.2921751615218953)	(59.0, 1.074845853533814)	(60.0, 0.9160282823117545)	(61.0, 0.7336093382765098)	(62.0, 0.6106855215411697)	(63.0, 0.49513713380994995)	(64.0, 0.3554956779986036)	(65.0, 0.26158188201280375)	(66.0, 0.1888109825054824)	(67.0, 0.14013315107828772)	(68.0, 0.1155483877312197)	(69.0, 0.08260480484614854)	(70.0, 0.06293699416849413)	(71.0, 0.047694440893311964)	(72.0, 0.028026630215657548)	(73.0, 0.020159505944595778)	(74.0, 0.013275772207416731)	(75.0, 0.005900343203296325)	(76.0, 0.005900343203296325)	(77.0, 0.005408647936354965)	(78.0, 0.0034418668685895232)	(79.0, 0.0014750858008240812)	(80.0, 0.0004916952669413604)	(81.0, 0.0)	(82.0, 0.0)	(83.0, 0.0)	(84.0, 0.0)	(85.0, 0.0)	(86.0, 0.0)	(87.0, 0.0)	(88.0, 0.0)	(89.0, 0.0)	(90.0, 0.0)	(91.0, 0.0)	(92.0, 0.0)	(93.0, 0.0)	(94.0, 0.0)	(95.0, 0.0)	(96.0, 0.0)	(97.0, 0.0)	(98.0, 0.0)	(99.0, 0.0)	(100.0, 0.0)
SRR8865577_1	(0.0, 0.0)	(1.0, 0.0)	(2.0, 0.0)	(3.0, 0.0)	(4.0, 0.0)	(5.0, 0.0)	(6.0, 0.0)	(7.0, 0.0)	(8.0, 0.0)	(9.0, 0.0)	(10.0, 0.0)	(11.0, 0.0)	(12.0, 0.0)	(13.0, 0.0)	(14.0, 0.0)	(15.0, 0.0009621860867891851)	(16.0, 0.002886558260367555)	(17.0, 0.004810930433945925)	(18.0, 0.008178581737708072)	(19.0, 0.01347060521504859)	(20.0, 0.022130279996151254)	(21.0, 0.02838448956028096)	(22.0, 0.034638699124410664)	(23.0, 0.06494756085827)	(24.0, 0.10487828346002118)	(25.0, 0.14432791301837777)	(26.0, 0.19388049648802078)	(27.0, 0.26123352256326376)	(28.0, 0.35167901472144714)	(29.0, 0.43923794861926296)	(30.0, 0.5378620225151545)	(31.0, 0.6716058885788512)	(32.0, 0.8332531511594342)	(33.0, 1.010776484172039)	(34.0, 1.193591840661984)	(35.0, 1.3610122197633021)	(36.0, 1.4990859232175504)	(37.0, 1.6785336284037333)	(38.0, 1.9027229866256132)	(39.0, 2.110074088328683)	(40.0, 2.294332723948812)	(41.0, 2.4978350813047245)	(42.0, 2.689791205619167)	(43.0, 2.8610603290676417)	(44.0, 3.095352641200808)	(45.0, 3.2695083229096507)	(46.0, 3.422014817665737)	(47.0, 3.5846242663331083)	(48.0, 3.691426921966708)	(49.0, 3.8968536514961993)	(50.0, 4.1032425671124795)	(51.0, 4.177811988838641)	(52.0, 4.12633503319542)	(53.0, 4.094101799287983)	(54.0, 4.112383334936977)	(55.0, 3.908880977581064)	(56.0, 3.6745886654478976)	(57.0, 3.5013951698258445)	(58.0, 3.263735206388916)	(59.0, 2.9365919368805926)	(60.0, 2.6195516212835566)	(61.0, 2.3559126335033196)	(62.0, 2.0691811796401427)	(63.0, 1.780525353603387)	(64.0, 1.5058212258250745)	(65.0, 1.2878860771673242)	(66.0, 1.0569614163379197)	(67.0, 0.8982007120177042)	(68.0, 0.7548349850861157)	(69.0, 0.5474838833830463)	(70.0, 0.3988261329741172)	(71.0, 0.3204079669007986)	(72.0, 0.2448763590878476)	(73.0, 0.15827961127682094)	(74.0, 0.10487828346002118)	(75.0, 0.07938035216010778)	(76.0, 0.054844606946983544)	(77.0, 0.03993072260175118)	(78.0, 0.024054652169729625)	(79.0, 0.008659674781102666)	(80.0, 0.005292023477340518)	(81.0, 0.0024054652169729625)	(82.0, 0.0019243721735783701)	(83.0, 0.0024054652169729625)	(84.0, 0.00048109304339459254)	(85.0, 0.0)	(86.0, 0.0)	(87.0, 0.00048109304339459254)	(88.0, 0.00048109304339459254)	(89.0, 0.0)	(90.0, 0.0)	(91.0, 0.0)	(92.0, 0.0)	(93.0, 0.0)	(94.0, 0.0)	(95.0, 0.0)	(96.0, 0.0)	(97.0, 0.0)	(98.0, 0.0)	(99.0, 0.0)	(100.0, 0.0)
SRR8865577_2	(0.0, 0.0)	(1.0, 0.0)	(2.0, 0.0)	(3.0, 0.0)	(4.0, 0.0)	(5.0, 0.0)	(6.0, 0.0)	(7.0, 0.0)	(8.0, 0.0)	(9.0, 0.0)	(10.0, 0.0)	(11.0, 0.0)	(12.0, 0.0)	(13.0, 0.0)	(14.0, 0.0)	(15.0, 0.0)	(16.0, 0.000962677012235625)	(17.0, 0.00192535402447125)	(18.0, 0.005776062073413748)	(19.0, 0.011552124146827497)	(20.0, 0.018772201738594684)	(21.0, 0.03273101841601124)	(22.0, 0.05054054314237031)	(23.0, 0.07171943741155405)	(24.0, 0.09867439375415156)	(25.0, 0.14921493689652185)	(26.0, 0.19879280302665653)	(27.0, 0.27147491745044616)	(28.0, 0.3590785255638881)	(29.0, 0.43946205608556277)	(30.0, 0.5583526670966624)	(31.0, 0.6950528028341212)	(32.0, 0.8721853730854761)	(33.0, 1.0387284962022392)	(34.0, 1.1787980014825226)	(35.0, 1.3592999412767024)	(36.0, 1.5431712506137067)	(37.0, 1.7135650817794124)	(38.0, 1.9330554405691345)	(39.0, 2.1467697372854433)	(40.0, 2.321976953512327)	(41.0, 2.553019436448877)	(42.0, 2.7498868854510623)	(43.0, 2.9361648873186557)	(44.0, 3.099819979398712)	(45.0, 3.2625123944665324)	(46.0, 3.4988496009703787)	(47.0, 3.684646264331854)	(48.0, 3.8256784466243734)	(49.0, 3.9797067685820733)	(50.0, 4.081750531879049)	(51.0, 4.101004072123762)	(52.0, 4.092821317519759)	(53.0, 4.120257612368474)	(54.0, 4.054795575536452)	(55.0, 3.8916218219625134)	(56.0, 3.75155231668223)	(57.0, 3.4179847319425862)	(58.0, 3.1065587184843615)	(59.0, 2.855781356796981)	(60.0, 2.5308778651674575)	(61.0, 2.2622909787537187)	(62.0, 2.001886846943982)	(63.0, 1.7361879915669496)	(64.0, 1.4858919683856868)	(65.0, 1.250036100387959)	(66.0, 1.0343964496471787)	(67.0, 0.8553385253713526)	(68.0, 0.6907207562790608)	(69.0, 0.5347670802968896)	(70.0, 0.412988438249083)	(71.0, 0.31672073702552056)	(72.0, 0.2401879145527884)	(73.0, 0.18050193979417967)	(74.0, 0.11552124146827498)	(75.0, 0.07845817649720342)	(76.0, 0.05487258969743061)	(77.0, 0.03610038795883593)	(78.0, 0.022622909787537185)	(79.0, 0.011070785640709686)	(80.0, 0.005776062073413748)	(81.0, 0.002406692530589062)	(82.0, 0.001444015518353437)	(83.0, 0.00192535402447125)	(84.0, 0.000962677012235625)	(85.0, 0.0)	(86.0, 0.0)	(87.0, 0.0)	(88.0, 0.0)	(89.0, 0.0)	(90.0, 0.0)	(91.0, 0.0)	(92.0, 0.0)	(93.0, 0.0)	(94.0, 0.0)	(95.0, 0.0)	(96.0, 0.0)	(97.0, 0.0)	(98.0, 0.0)	(99.0, 0.0)	(100.0, 0.0)
SRR8865578_1	(0.0, 0.0)	(1.0, 0.0)	(2.0, 0.0)	(3.0, 0.0)	(4.0, 0.0)	(5.0, 0.0)	(6.0, 0.0)	(7.0, 0.0)	(8.0, 0.0)	(9.0, 0.0004917532972058578)	(10.0, 0.0014752598916175732)	(11.0, 0.0009835065944117157)	(12.0, 0.003934026377646863)	(13.0, 0.009343312646911297)	(14.0, 0.011310325835734727)	(15.0, 0.011802079132940586)	(16.0, 0.02016188518544017)	(17.0, 0.03098045772396904)	(18.0, 0.04278253685690962)	(19.0, 0.06786195501440836)	(20.0, 0.09048260668587782)	(21.0, 0.11556202484337658)	(22.0, 0.16768787434719748)	(23.0, 0.2203054771482243)	(24.0, 0.27243132665204517)	(25.0, 0.3550458805826293)	(26.0, 0.43126764164953724)	(27.0, 0.5148657021745331)	(28.0, 0.6382957797732034)	(29.0, 0.7582835842914326)	(30.0, 0.8699115827571624)	(31.0, 0.9874406207893625)	(32.0, 1.1192305044405322)	(33.0, 1.2598719474414075)	(34.0, 1.3911700777953717)	(35.0, 1.5126331422052184)	(36.0, 1.6085250351603606)	(37.0, 1.7688366100494703)	(38.0, 1.855876943654907)	(39.0, 1.9247224052637273)	(40.0, 2.088476253233278)	(41.0, 2.2281341896397415)	(42.0, 2.411066416200321)	(43.0, 2.5713779910894305)	(44.0, 2.7361153456533924)	(45.0, 2.980024981067498)	(46.0, 3.125092203743226)	(47.0, 3.2091820175654275)	(48.0, 3.3626090462936555)	(49.0, 3.5130855552386477)	(50.0, 3.694050768610403)	(51.0, 3.91288098586701)	(52.0, 4.06237398821759)	(53.0, 4.071717300864503)	(54.0, 3.9881192403395063)	(55.0, 3.8376427313945136)	(56.0, 3.668971350452905)	(57.0, 3.572587704200557)	(58.0, 3.385721451262331)	(59.0, 3.045919922893083)	(60.0, 2.7754556094298612)	(61.0, 2.475486098134288)	(62.0, 2.1037206054466595)	(63.0, 1.7781799226963817)	(64.0, 1.480177424589632)	(65.0, 1.2770833128436128)	(66.0, 1.0666129016395056)	(67.0, 0.8507332041661338)	(68.0, 0.6628834446334964)	(69.0, 0.5015883631499749)	(70.0, 0.4214325757054201)	(71.0, 0.3368510085860126)	(72.0, 0.2399756090364586)	(73.0, 0.17309716061646194)	(74.0, 0.12392183089587616)	(75.0, 0.07720526766131967)	(76.0, 0.04966708301779164)	(77.0, 0.032947470912792466)	(78.0, 0.0221288983742636)	(79.0, 0.011310325835734727)	(80.0, 0.0054092862692644355)	(81.0, 0.0034422730804410046)	(82.0, 0.0014752598916175732)	(83.0, 0.0004917532972058578)	(84.0, 0.0)	(85.0, 0.0)	(86.0, 0.0)	(87.0, 0.0)	(88.0, 0.0)	(89.0, 0.0)	(90.0, 0.0)	(91.0, 0.0)	(92.0, 0.0)	(93.0, 0.0)	(94.0, 0.0)	(95.0, 0.0)	(96.0, 0.0)	(97.0, 0.0)	(98.0, 0.0)	(99.0, 0.0)	(100.0, 0.0)
SRR8865578_2	(0.0, 0.0)	(1.0, 0.0)	(2.0, 0.0)	(3.0, 0.0)	(4.0, 0.0)	(5.0, 0.0)	(6.0, 0.0)	(7.0, 0.0)	(8.0, 0.0)	(9.0, 0.000983438889107431)	(10.0, 0.0014751583336611463)	(11.0, 0.000983438889107431)	(12.0, 0.0029503166673222926)	(13.0, 0.007867511112859448)	(14.0, 0.009342669446520593)	(15.0, 0.0127847055583966)	(16.0, 0.024094252783132056)	(17.0, 0.030978325006884074)	(18.0, 0.0447464694543881)	(19.0, 0.07228275834939617)	(20.0, 0.09490185279886708)	(21.0, 0.12194642224932144)	(22.0, 0.16325085559183353)	(23.0, 0.22373234727194052)	(24.0, 0.29208135006490693)	(25.0, 0.35600487785688995)	(26.0, 0.4287793556508398)	(27.0, 0.5487589001219464)	(28.0, 0.6471027890326896)	(29.0, 0.7336454112741434)	(30.0, 0.8605090279690021)	(31.0, 1.0040911057786868)	(32.0, 1.1398056724755123)	(33.0, 1.2140553086031234)	(34.0, 1.3394437669643207)	(35.0, 1.5125290114472287)	(36.0, 1.6757798670390622)	(37.0, 1.7893670587309705)	(38.0, 1.8513237087447385)	(39.0, 1.961468864324771)	(40.0, 2.0848904449077534)	(41.0, 2.23535659494119)	(42.0, 2.3636953699697103)	(43.0, 2.4920341449982297)	(44.0, 2.6980645922662365)	(45.0, 2.9178631839817473)	(46.0, 3.108650328468589)	(47.0, 3.2458400534990757)	(48.0, 3.337299870186067)	(49.0, 3.45285393965619)	(50.0, 3.6382321702529405)	(51.0, 3.844754336965501)	(52.0, 4.01931473978207)	(53.0, 4.019806459226624)	(54.0, 3.9667007592148225)	(55.0, 3.9155619369812356)	(56.0, 3.7990244286220056)	(57.0, 3.5718500452381887)	(58.0, 3.3215648479603477)	(59.0, 3.065379017347862)	(60.0, 2.7246174422721374)	(61.0, 2.4374532866527674)	(62.0, 2.154714606034381)	(63.0, 1.8370638448526808)	(64.0, 1.5592423586798316)	(65.0, 1.330592816962354)	(66.0, 1.0724401085716535)	(67.0, 0.8610007474135557)	(68.0, 0.7016836473781519)	(69.0, 0.5551512529011448)	(70.0, 0.4307462334290547)	(71.0, 0.3196176389599151)	(72.0, 0.23012470005113883)	(73.0, 0.16816805003737068)	(74.0, 0.12588017780575117)	(75.0, 0.09588529168797451)	(76.0, 0.06244836945832186)	(77.0, 0.026061130561346915)	(78.0, 0.016718461114826326)	(79.0, 0.011309547224735454)	(80.0, 0.005900633334644585)	(81.0, 0.003933755556429724)	(82.0, 0.0024585972227685773)	(83.0, 0.000983438889107431)	(84.0, 0.0)	(85.0, 0.0)	(86.0, 0.0)	(87.0, 0.0)	(88.0, 0.0)	(89.0, 0.0)	(90.0, 0.0)	(91.0, 0.0)	(92.0, 0.0)	(93.0, 0.0)	(94.0, 0.0)	(95.0, 0.0)	(96.0, 0.0)	(97.0, 0.0)	(98.0, 0.0)	(99.0, 0.0)	(100.0, 0.0)
SRR8865579_1	(0.0, 0.0)	(1.0, 0.0)	(2.0, 0.0)	(3.0, 0.0)	(4.0, 0.0)	(5.0, 0.0)	(6.0, 0.0)	(7.0, 0.0)	(8.0, 0.0)	(9.0, 0.0)	(10.0, 0.0)	(11.0, 0.0)	(12.0, 0.0)	(13.0, 0.0)	(14.0, 0.000493422675732486)	(15.0, 0.001480268027197458)	(16.0, 0.002960536054394916)	(17.0, 0.006907917460254803)	(18.0, 0.009375030838917232)	(19.0, 0.010855298866114691)	(20.0, 0.02664482448955424)	(21.0, 0.042927772788726275)	(22.0, 0.06167783446656075)	(23.0, 0.10213849387662459)	(24.0, 0.15888210158586047)	(25.0, 0.22648100816121106)	(26.0, 0.3310866154164981)	(27.0, 0.45197517097095713)	(28.0, 0.5802650666614035)	(29.0, 0.7233576426238244)	(30.0, 0.8866805482912773)	(31.0, 1.0411218457955453)	(32.0, 1.2202342770864378)	(33.0, 1.4324060276514068)	(34.0, 1.6406303968105158)	(35.0, 1.8824075079194338)	(36.0, 2.1009937532689253)	(37.0, 2.3111918131309643)	(38.0, 2.5366859759407103)	(39.0, 2.7488577265056793)	(40.0, 2.998529600426317)	(41.0, 3.258069927861605)	(42.0, 3.4110309573386752)	(43.0, 3.50330099770065)	(44.0, 3.580768357790651)	(45.0, 3.6291237800124345)	(46.0, 3.686854233073135)	(47.0, 3.68981476912753)	(48.0, 3.6547817591505236)	(49.0, 3.637018542824154)	(50.0, 3.6000118421442178)	(51.0, 3.5235313274056823)	(52.0, 3.3750111020102036)	(53.0, 3.271392340106382)	(54.0, 3.260537041240267)	(55.0, 3.131260300198356)	(56.0, 2.9654702811522404)	(57.0, 2.828792199974342)	(58.0, 2.623528366869628)	(59.0, 2.3847117918151044)	(60.0, 2.175007154628798)	(61.0, 1.9978684140408356)	(62.0, 1.7669466017980324)	(63.0, 1.5009917795782222)	(64.0, 1.2626686271994316)	(65.0, 1.0879969999901316)	(66.0, 0.9034569192661818)	(67.0, 0.6957259727828051)	(68.0, 0.5417780979542696)	(69.0, 0.42730403718433285)	(70.0, 0.31579051246879103)	(71.0, 0.23338892562146585)	(72.0, 0.17713874058796245)	(73.0, 0.12138197823019153)	(74.0, 0.08980292698331244)	(75.0, 0.06414494784522318)	(76.0, 0.03404616462554153)	(77.0, 0.021710597732229383)	(78.0, 0.013815834920509607)	(79.0, 0.003947381405859888)	(80.0, 0.003947381405859888)	(81.0, 0.00493422675732486)	(82.0, 0.001973690702929944)	(83.0, 0.001480268027197458)	(84.0, 0.000493422675732486)	(85.0, 0.0)	(86.0, 0.0)	(87.0, 0.0)	(88.0, 0.0)	(89.0, 0.0)	(90.0, 0.0)	(91.0, 0.0)	(92.0, 0.0)	(93.0, 0.0)	(94.0, 0.0)	(95.0, 0.0)	(96.0, 0.0)	(97.0, 0.0)	(98.0, 0.0)	(99.0, 0.0)	(100.0, 0.0)
SRR8865579_2	(0.0, 0.0)	(1.0, 0.0)	(2.0, 0.0)	(3.0, 0.0)	(4.0, 0.0)	(5.0, 0.0)	(6.0, 0.0)	(7.0, 0.0)	(8.0, 0.0)	(9.0, 0.0004934178064617996)	(10.0, 0.0004934178064617996)	(11.0, 0.0)	(12.0, 0.0004934178064617996)	(13.0, 0.0004934178064617996)	(14.0, 0.0009868356129235992)	(15.0, 0.0029605068387707975)	(16.0, 0.004934178064617996)	(17.0, 0.005921013677541595)	(18.0, 0.009868356129235992)	(19.0, 0.017763041032624785)	(20.0, 0.026151143742475378)	(21.0, 0.04292734916217656)	(22.0, 0.07351925316280813)	(23.0, 0.1223676160025263)	(24.0, 0.16381471174531748)	(25.0, 0.2200643416819626)	(26.0, 0.31134663587739553)	(27.0, 0.4391418477510016)	(28.0, 0.5550950322695245)	(29.0, 0.6962125249175992)	(30.0, 0.8615074900823021)	(31.0, 1.0351905579568557)	(32.0, 1.2572285708646653)	(33.0, 1.4422602482878402)	(34.0, 1.6391339530660982)	(35.0, 1.851797027651134)	(36.0, 2.0792626364300233)	(37.0, 2.3313991355320027)	(38.0, 2.5608384155367396)	(39.0, 2.7863303530897823)	(40.0, 2.985671146900349)	(41.0, 3.2343537213570963)	(42.0, 3.412970967296268)	(43.0, 3.4968519943947736)	(44.0, 3.5920816310419013)	(45.0, 3.6695482266564037)	(46.0, 3.6660943020111714)	(47.0, 3.640929993881619)	(48.0, 3.6601732883336293)	(49.0, 3.6157656857520677)	(50.0, 3.569384411944658)	(51.0, 3.5210294669114015)	(52.0, 3.4105038782639587)	(53.0, 3.309846645745752)	(54.0, 3.1642883928395205)	(55.0, 3.0685653383859317)	(56.0, 2.9901119071585054)	(57.0, 2.807053900961178)	(58.0, 2.6669232439260266)	(59.0, 2.465115361083151)	(60.0, 2.1700515128189943)	(61.0, 1.9460398286853375)	(62.0, 1.7787711922947875)	(63.0, 1.5113387411924921)	(64.0, 1.2700574338326722)	(65.0, 1.0697298044091814)	(66.0, 0.8634811613081492)	(67.0, 0.726311011111769)	(68.0, 0.5782856691732291)	(69.0, 0.4524641285254702)	(70.0, 0.3419385398780271)	(71.0, 0.2398010539404346)	(72.0, 0.18749876645548386)	(73.0, 0.12976888309945328)	(74.0, 0.08388102709850594)	(75.0, 0.05921013677541595)	(76.0, 0.03947342451694397)	(77.0, 0.030098486194169778)	(78.0, 0.017269623226162985)	(79.0, 0.007401267096926994)	(80.0, 0.004934178064617996)	(81.0, 0.0019736712258471983)	(82.0, 0.0009868356129235992)	(83.0, 0.0009868356129235992)	(84.0, 0.0004934178064617996)	(85.0, 0.0004934178064617996)	(86.0, 0.0)	(87.0, 0.0)	(88.0, 0.0)	(89.0, 0.0)	(90.0, 0.0)	(91.0, 0.0)	(92.0, 0.0)	(93.0, 0.0)	(94.0, 0.0)	(95.0, 0.0)	(96.0, 0.0)	(97.0, 0.0)	(98.0, 0.0)	(99.0, 0.0)	(100.0, 0.0)
SRR8865580_1	(0.0, 0.0)	(1.0, 0.0)	(2.0, 0.0)	(3.0, 0.0)	(4.0, 0.0)	(5.0, 0.0)	(6.0, 0.0)	(7.0, 0.0)	(8.0, 0.0)	(9.0, 0.0)	(10.0, 0.0004933934615498476)	(11.0, 0.0004933934615498476)	(12.0, 0.0)	(13.0, 0.0004933934615498476)	(14.0, 0.0014801803846495427)	(15.0, 0.0019735738461993902)	(16.0, 0.0034537542308489327)	(17.0, 0.006907508461697865)	(18.0, 0.008387688846347408)	(19.0, 0.011348049615646493)	(20.0, 0.02022913192354375)	(21.0, 0.0404582638470875)	(22.0, 0.05131292000118415)	(23.0, 0.06463454346303003)	(24.0, 0.10854656154096645)	(25.0, 0.16183305538835)	(26.0, 0.22252045115898123)	(27.0, 0.30639733962245536)	(28.0, 0.404582638470875)	(29.0, 0.4874727400112494)	(30.0, 0.6044069903985632)	(31.0, 0.7050592565547321)	(32.0, 0.8323547696345928)	(33.0, 1.0257650065621329)	(34.0, 1.2078271938740268)	(35.0, 1.3336425265692378)	(36.0, 1.4930086146498387)	(37.0, 1.6770443758079319)	(38.0, 1.861080136966025)	(39.0, 2.0426489308163687)	(40.0, 2.2094159208202173)	(41.0, 2.442791028133295)	(42.0, 2.607584444290944)	(43.0, 2.763496778140696)	(44.0, 3.0027926069923723)	(45.0, 3.1863349746889154)	(46.0, 3.3289256850768214)	(47.0, 3.5154284135426637)	(48.0, 3.736468684316995)	(49.0, 3.907182822013243)	(50.0, 4.010795448938711)	(51.0, 4.092205370094436)	(52.0, 4.07641677932484)	(53.0, 4.063588549324544)	(54.0, 4.04483959778565)	(55.0, 3.827253081242167)	(56.0, 3.655058763161271)	(57.0, 3.5055605443116664)	(58.0, 3.2376478946900997)	(59.0, 2.9396382439139916)	(60.0, 2.680113283138772)	(61.0, 2.4260156504406005)	(62.0, 2.097415605048402)	(63.0, 1.8507188742734781)	(64.0, 1.5916873069598083)	(65.0, 1.3242680507997908)	(66.0, 1.1140824361795558)	(67.0, 0.9241259534828645)	(68.0, 0.7805484561718588)	(69.0, 0.621182368091258)	(70.0, 0.47415111654940345)	(71.0, 0.381886539239582)	(72.0, 0.28616820769891155)	(73.0, 0.2013045323123378)	(74.0, 0.14456428423410533)	(75.0, 0.09670511846377013)	(76.0, 0.057727035001332166)	(77.0, 0.037004509616238565)	(78.0, 0.029110214231441004)	(79.0, 0.019242345000444052)	(80.0, 0.010854656154096646)	(81.0, 0.0064141150001480185)	(82.0, 0.0034537542308489327)	(83.0, 0.0009867869230996951)	(84.0, 0.0)	(85.0, 0.0)	(86.0, 0.0)	(87.0, 0.0)	(88.0, 0.0004933934615498476)	(89.0, 0.0004933934615498476)	(90.0, 0.0)	(91.0, 0.0)	(92.0, 0.0)	(93.0, 0.0)	(94.0, 0.0)	(95.0, 0.0)	(96.0, 0.0)	(97.0, 0.0)	(98.0, 0.0)	(99.0, 0.0)	(100.0, 0.0)
SRR8865580_2	(0.0, 0.0)	(1.0, 0.0)	(2.0, 0.0)	(3.0, 0.0)	(4.0, 0.0)	(5.0, 0.0)	(6.0, 0.0004934470235275541)	(7.0, 0.0004934470235275541)	(8.0, 0.0)	(9.0, 0.0)	(10.0, 0.0)	(11.0, 0.0)	(12.0, 0.0004934470235275541)	(13.0, 0.0014803410705826624)	(14.0, 0.0024672351176377705)	(15.0, 0.0019737880941102163)	(16.0, 0.003947576188220433)	(17.0, 0.00838859939996842)	(18.0, 0.007895152376440865)	(19.0, 0.01085583451760619)	(20.0, 0.02171166903521238)	(21.0, 0.042929891046897206)	(22.0, 0.05773330175272383)	(23.0, 0.07253671245855045)	(24.0, 0.10855834517606189)	(25.0, 0.15790304752881731)	(26.0, 0.2408021474814464)	(27.0, 0.3049502605400284)	(28.0, 0.3705787146691931)	(29.0, 0.47617637770408966)	(30.0, 0.597564345491868)	(31.0, 0.720432654350229)	(32.0, 0.8679733143849675)	(33.0, 1.017981209537344)	(34.0, 1.1339412600663192)	(35.0, 1.304673930206853)	(36.0, 1.5242578556766144)	(37.0, 1.7102873835465024)	(38.0, 1.8667100900047373)	(39.0, 2.0818529922627507)	(40.0, 2.276271119532607)	(41.0, 2.4771040581083215)	(42.0, 2.643889152060635)	(43.0, 2.8289317858834675)	(44.0, 3.014467866729828)	(45.0, 3.1703971261645347)	(46.0, 3.360374230222643)	(47.0, 3.5010066319279964)	(48.0, 3.698385441339018)	(49.0, 3.8148389388915205)	(50.0, 3.8898428864677084)	(51.0, 4.032942523290699)	(52.0, 4.074885520290541)	(53.0, 4.046265592925943)	(54.0, 3.9831043739144167)	(55.0, 3.864677088267804)	(56.0, 3.731446391915364)	(57.0, 3.5049542081162164)	(58.0, 3.286850623717038)	(59.0, 3.0055858203063317)	(60.0, 2.658199115742934)	(61.0, 2.3665719248381496)	(62.0, 2.047311700615822)	(63.0, 1.789238907310911)	(64.0, 1.5933404389704722)	(65.0, 1.3693154902889626)	(66.0, 1.118644402336965)	(67.0, 0.9439641560082109)	(68.0, 0.8072793304910784)	(69.0, 0.6335859782093795)	(70.0, 0.5023290699510501)	(71.0, 0.38636901942207486)	(72.0, 0.26300726354018633)	(73.0, 0.18948365703458078)	(74.0, 0.13717827254066003)	(75.0, 0.08536633507026686)	(76.0, 0.06069398389388915)	(77.0, 0.04589057318806253)	(78.0, 0.029606821411653248)	(79.0, 0.02171166903521238)	(80.0, 0.013816516658771516)	(81.0, 0.006908258329385758)	(82.0, 0.0024672351176377705)	(83.0, 0.0009868940470551082)	(84.0, 0.0004934470235275541)	(85.0, 0.0004934470235275541)	(86.0, 0.0004934470235275541)	(87.0, 0.0)	(88.0, 0.0)	(89.0, 0.0004934470235275541)	(90.0, 0.0004934470235275541)	(91.0, 0.0)	(92.0, 0.0)	(93.0, 0.0)	(94.0, 0.0)	(95.0, 0.0)	(96.0, 0.0)	(97.0, 0.0)	(98.0, 0.0)	(99.0, 0.0)	(100.0, 0.0)
SRR8865581_1	(0.0, 0.0)	(1.0, 0.0)	(2.0, 0.0)	(3.0, 0.0)	(4.0, 0.0)	(5.0, 0.0)	(6.0, 0.0)	(7.0, 0.0)	(8.0, 0.0)	(9.0, 0.0004938954522106761)	(10.0, 0.0004938954522106761)	(11.0, 0.0009877909044213522)	(12.0, 0.0009877909044213522)	(13.0, 0.0004938954522106761)	(14.0, 0.00246947726105338)	(15.0, 0.0029633727132640565)	(16.0, 0.00246947726105338)	(17.0, 0.004445059069896084)	(18.0, 0.010371804496424197)	(19.0, 0.017780236279584336)	(20.0, 0.03210320439369394)	(21.0, 0.05284681338654233)	(22.0, 0.08544391323244696)	(23.0, 0.12890671302698645)	(24.0, 0.17434509463036862)	(25.0, 0.23657592160891383)	(26.0, 0.3343672211466277)	(27.0, 0.4474692797028725)	(28.0, 0.5694614563989094)	(29.0, 0.7245446283930618)	(30.0, 0.8899996048836383)	(31.0, 1.0920028448378047)	(32.0, 1.2678296258248054)	(33.0, 1.4021691888261092)	(34.0, 1.6347939468173378)	(35.0, 1.8516140503378247)	(36.0, 2.031885890394721)	(37.0, 2.3158757754158596)	(38.0, 2.521336283535501)	(39.0, 2.6823462009561814)	(40.0, 2.970287249595006)	(41.0, 3.2024181121340236)	(42.0, 3.381208265834288)	(43.0, 3.522956260618752)	(44.0, 3.58716266940614)	(45.0, 3.622229246513098)	(46.0, 3.6316132601051008)	(47.0, 3.657295823620056)	(48.0, 3.6642103599510056)	(49.0, 3.610375755660042)	(50.0, 3.5219684697143308)	(51.0, 3.461219329092418)	(52.0, 3.3984946066616617)	(53.0, 3.310087320715951)	(54.0, 3.213283812082658)	(55.0, 3.1184558852582085)	(56.0, 2.9831285313524836)	(57.0, 2.799399423130112)	(58.0, 2.621597060334268)	(59.0, 2.4472519657038996)	(60.0, 2.1963530759808765)	(61.0, 1.9903986724090243)	(62.0, 1.7938282824291754)	(63.0, 1.5419416018017307)	(64.0, 1.2935121893397605)	(65.0, 1.0776798767236953)	(66.0, 0.9122249002331186)	(67.0, 0.7299774783673791)	(68.0, 0.5674858745900668)	(69.0, 0.4430242206329764)	(70.0, 0.3432573392864199)	(71.0, 0.2573195306017622)	(72.0, 0.19410091271879568)	(73.0, 0.1318700857402505)	(74.0, 0.10075467225097792)	(75.0, 0.06766367695286261)	(76.0, 0.04247500889011814)	(77.0, 0.03160930894148327)	(78.0, 0.015804654470741634)	(79.0, 0.008890118139792168)	(80.0, 0.005926745426528113)	(81.0, 0.00493895452210676)	(82.0, 0.0014816863566320282)	(83.0, 0.0004938954522106761)	(84.0, 0.0009877909044213522)	(85.0, 0.0004938954522106761)	(86.0, 0.0)	(87.0, 0.0004938954522106761)	(88.0, 0.0004938954522106761)	(89.0, 0.0)	(90.0, 0.0)	(91.0, 0.0)	(92.0, 0.0)	(93.0, 0.0)	(94.0, 0.0)	(95.0, 0.0)	(96.0, 0.0)	(97.0, 0.0)	(98.0, 0.0)	(99.0, 0.0)	(100.0, 0.0)
SRR8865581_2	(0.0, 0.0)	(1.0, 0.0)	(2.0, 0.0)	(3.0, 0.0)	(4.0, 0.0)	(5.0, 0.0)	(6.0, 0.0)	(7.0, 0.0004939344845299719)	(8.0, 0.0004939344845299719)	(9.0, 0.0)	(10.0, 0.0009878689690599439)	(11.0, 0.0014818034535899157)	(12.0, 0.0009878689690599439)	(13.0, 0.0004939344845299719)	(14.0, 0.0)	(15.0, 0.0004939344845299719)	(16.0, 0.0029636069071798314)	(17.0, 0.007902951752479551)	(18.0, 0.013830165566839216)	(19.0, 0.02222705180384874)	(20.0, 0.02568459319555854)	(21.0, 0.04149049670051764)	(22.0, 0.07557197613308571)	(23.0, 0.12002607974078319)	(24.0, 0.1792982178843798)	(25.0, 0.2504247836566958)	(26.0, 0.33340577705773106)	(27.0, 0.42577152566483584)	(28.0, 0.5497490812818587)	(29.0, 0.6989172956099102)	(30.0, 0.8782155134942901)	(31.0, 1.0535622555024302)	(32.0, 1.2728691666337377)	(33.0, 1.479333781167266)	(34.0, 1.6438139645157466)	(35.0, 1.8359544789979056)	(36.0, 2.064152210850753)	(37.0, 2.306180108270439)	(38.0, 2.4874540640929386)	(39.0, 2.7368909787805746)	(40.0, 3.0036156004267593)	(41.0, 3.212055952898408)	(42.0, 3.3083731773817524)	(43.0, 3.3997510570197966)	(44.0, 3.5044651677401504)	(45.0, 3.5815189473268267)	(46.0, 3.6669696131505116)	(47.0, 3.6980874856759)	(48.0, 3.68722092701624)	(49.0, 3.601276326708026)	(50.0, 3.5163195953688704)	(51.0, 3.497056150472201)	(52.0, 3.4096297467103964)	(53.0, 3.243667759908326)	(54.0, 3.1997075907851587)	(55.0, 3.1769866044967796)	(56.0, 2.99423084522069)	(57.0, 2.8174022997589603)	(58.0, 2.7003398269253567)	(59.0, 2.5062235745050776)	(60.0, 2.2607381356936815)	(61.0, 2.0167345003358754)	(62.0, 1.8033548030189275)	(63.0, 1.5593511676611214)	(64.0, 1.3099142529734855)	(65.0, 1.1014739005018375)	(66.0, 0.8861184652467697)	(67.0, 0.6944718852491405)	(68.0, 0.5403643260757893)	(69.0, 0.4381198877780851)	(70.0, 0.3408147943256806)	(71.0, 0.23165527324455684)	(72.0, 0.17534674200814004)	(73.0, 0.1422531315446319)	(74.0, 0.09878689690599439)	(75.0, 0.05383885881376694)	(76.0, 0.03753902082427787)	(77.0, 0.03013000355632829)	(78.0, 0.017287706958549018)	(79.0, 0.011360493144189354)	(80.0, 0.006421148298889635)	(81.0, 0.003457541391709804)	(82.0, 0.00246967242264986)	(83.0, 0.0009878689690599439)	(84.0, 0.0004939344845299719)	(85.0, 0.0004939344845299719)	(86.0, 0.0)	(87.0, 0.0)	(88.0, 0.0)	(89.0, 0.0)	(90.0, 0.0)	(91.0, 0.0)	(92.0, 0.0)	(93.0, 0.0)	(94.0, 0.0)	(95.0, 0.0)	(96.0, 0.0)	(97.0, 0.0)	(98.0, 0.0)	(99.0, 0.0)	(100.0, 0.0)
SRR8865582_1	(0.0, 0.0)	(1.0, 0.0)	(2.0, 0.0)	(3.0, 0.0)	(4.0, 0.0)	(5.0, 0.0)	(6.0, 0.0)	(7.0, 0.0)	(8.0, 0.0)	(9.0, 0.0)	(10.0, 0.0)	(11.0, 0.0)	(12.0, 0.0)	(13.0, 0.0014355715488859964)	(14.0, 0.003828190797029324)	(15.0, 0.007177857744429981)	(16.0, 0.011963096240716637)	(17.0, 0.016748334737003292)	(18.0, 0.02057652553403262)	(19.0, 0.033018145624377916)	(20.0, 0.05933695735395452)	(21.0, 0.09187657912870377)	(22.0, 0.12872291555011103)	(23.0, 0.17370415741520556)	(24.0, 0.21294311308475614)	(25.0, 0.2856787382283133)	(26.0, 0.394782175943649)	(27.0, 0.522069519944874)	(28.0, 0.6397863869535257)	(29.0, 0.7718589694510374)	(30.0, 0.8876617410611745)	(31.0, 1.0245195620549727)	(32.0, 1.244640532884159)	(33.0, 1.3972896409157034)	(34.0, 1.5236199372176709)	(35.0, 1.6829683791440164)	(36.0, 1.8059490084985836)	(37.0, 1.966733021973815)	(38.0, 2.1471365132838223)	(39.0, 2.303135288262767)	(40.0, 2.4701401117831714)	(41.0, 2.5543603093178167)	(42.0, 2.6854758441160707)	(43.0, 2.9142102442385727)	(44.0, 3.0793009723604623)	(45.0, 3.2329071280912642)	(46.0, 3.360194472092489)	(47.0, 3.487481816093714)	(48.0, 3.665014164305949)	(49.0, 3.726265217058418)	(50.0, 3.802829032999005)	(51.0, 3.8827425158869917)	(52.0, 3.9463861878876045)	(53.0, 3.9382512824439173)	(54.0, 3.797086746803461)	(55.0, 3.7128665492688153)	(56.0, 3.565959727432815)	(57.0, 3.323826659520711)	(58.0, 3.0204425388561367)	(59.0, 2.719451037439706)	(60.0, 2.4486065385498814)	(61.0, 2.145222417885307)	(62.0, 1.8456664880177627)	(63.0, 1.5580736543909348)	(64.0, 1.3044560140877421)	(65.0, 1.0393538013934616)	(66.0, 0.7976992573309853)	(67.0, 0.6699333894801317)	(68.0, 0.5512594747722226)	(69.0, 0.4014815098384503)	(70.0, 0.2914210244238573)	(71.0, 0.22251359007732946)	(72.0, 0.16987596661817625)	(73.0, 0.12010948625679504)	(74.0, 0.0746497205420718)	(75.0, 0.04689533726360921)	(76.0, 0.029189954827348593)	(77.0, 0.017705382436260624)	(78.0, 0.009091953142944644)	(79.0, 0.005263762345915321)	(80.0, 0.002871143097771993)	(81.0, 0.0023926192481433274)	(82.0, 0.000957047699257331)	(83.0, 0.0)	(84.0, 0.0)	(85.0, 0.0004785238496286655)	(86.0, 0.0004785238496286655)	(87.0, 0.0)	(88.0, 0.0)	(89.0, 0.0)	(90.0, 0.0)	(91.0, 0.0)	(92.0, 0.0)	(93.0, 0.0)	(94.0, 0.0)	(95.0, 0.0)	(96.0, 0.0)	(97.0, 0.0)	(98.0, 0.0)	(99.0, 0.0)	(100.0, 0.0)
SRR8865582_2	(0.0, 0.0)	(1.0, 0.0)	(2.0, 0.0)	(3.0, 0.0)	(4.0, 0.0)	(5.0, 0.0)	(6.0, 0.0)	(7.0, 0.0)	(8.0, 0.0)	(9.0, 0.0)	(10.0, 0.0)	(11.0, 0.0)	(12.0, 0.0)	(13.0, 0.0019150484507258032)	(14.0, 0.0062239074648588605)	(15.0, 0.007660193802903213)	(16.0, 0.008617718028266115)	(17.0, 0.014362863380443526)	(18.0, 0.03159829943697576)	(19.0, 0.04260982802864913)	(20.0, 0.056972691409092655)	(21.0, 0.09000727718411276)	(22.0, 0.11777547971963691)	(23.0, 0.16230035619901184)	(24.0, 0.23124210042514076)	(25.0, 0.29970508253858824)	(26.0, 0.39545750507487837)	(27.0, 0.5228082270481443)	(28.0, 0.6391474204297368)	(29.0, 0.7779884331073577)	(30.0, 0.9297560228273775)	(31.0, 1.055670458462599)	(32.0, 1.2280248190279215)	(33.0, 1.401815465931288)	(34.0, 1.5626795357922556)	(35.0, 1.7177984603010459)	(36.0, 1.8599908077674365)	(37.0, 2.0036194415718716)	(38.0, 2.183155233827416)	(39.0, 2.3646060745336857)	(40.0, 2.507277184112758)	(41.0, 2.634627906086024)	(42.0, 2.7763414914397337)	(43.0, 2.954919759469915)	(44.0, 3.0813129572178175)	(45.0, 3.2225477804588456)	(46.0, 3.386763185108583)	(47.0, 3.5141139070818492)	(48.0, 3.6639664483511436)	(49.0, 3.822915469761385)	(50.0, 3.8932935003255587)	(51.0, 3.8698341568041674)	(52.0, 3.8913784518748322)	(53.0, 3.8851545444099735)	(54.0, 3.789880883986365)	(55.0, 3.693649699337393)	(56.0, 3.5098050480677165)	(57.0, 3.2407407407407405)	(58.0, 2.940556896089471)	(59.0, 2.6628748707342296)	(60.0, 2.400034470872113)	(61.0, 2.058198322417557)	(62.0, 1.7187559845264087)	(63.0, 1.4788961660730016)	(64.0, 1.2533992110000383)	(65.0, 1.0240721590256234)	(66.0, 0.8306522655023172)	(67.0, 0.6650005745145352)	(68.0, 0.5218507028227815)	(69.0, 0.3830096901451607)	(70.0, 0.2944386992990923)	(71.0, 0.23315714887586655)	(72.0, 0.1608640698609675)	(73.0, 0.11346662070550385)	(74.0, 0.07612317591635068)	(75.0, 0.047397449155463636)	(76.0, 0.032077061549657206)	(77.0, 0.019629246619939485)	(78.0, 0.013405339155080624)	(79.0, 0.010054004366310468)	(80.0, 0.006702669577540312)	(81.0, 0.002393810563407254)	(82.0, 0.0004787621126814508)	(83.0, 0.0004787621126814508)	(84.0, 0.0)	(85.0, 0.0)	(86.0, 0.0)	(87.0, 0.0)	(88.0, 0.0)	(89.0, 0.0)	(90.0, 0.0)	(91.0, 0.0)	(92.0, 0.0)	(93.0, 0.0)	(94.0, 0.0)	(95.0, 0.0)	(96.0, 0.0)	(97.0, 0.0)	(98.0, 0.0)	(99.0, 0.0)	(100.0, 0.0)
SRR8865583_1	(0.0, 0.0)	(1.0, 0.0)	(2.0, 0.0)	(3.0, 0.0)	(4.0, 0.0)	(5.0, 0.0)	(6.0, 0.0)	(7.0, 0.0)	(8.0, 0.00048030278287432396)	(9.0, 0.00048030278287432396)	(10.0, 0.0)	(11.0, 0.0)	(12.0, 0.0009606055657486479)	(13.0, 0.0033621194801202675)	(14.0, 0.005283330611617563)	(15.0, 0.007684844525989183)	(16.0, 0.013928780703355395)	(17.0, 0.030739378103956733)	(18.0, 0.04706967272168375)	(19.0, 0.05571512281342158)	(20.0, 0.07780905082564048)	(21.0, 0.11094994284396884)	(22.0, 0.14841355990816613)	(23.0, 0.2084514077674566)	(24.0, 0.28722106415884574)	(25.0, 0.3727149595104754)	(26.0, 0.4606103687764767)	(27.0, 0.5283330611617564)	(28.0, 0.6498496652289604)	(29.0, 0.800664739051498)	(30.0, 0.9519601156569101)	(31.0, 1.114782759051306)	(32.0, 1.2271736102438977)	(33.0, 1.3304387085618774)	(34.0, 1.4495537987147098)	(35.0, 1.5739522194791595)	(36.0, 1.7401369823536756)	(37.0, 1.9361005177664)	(38.0, 2.084033774891692)	(39.0, 2.235329151497104)	(40.0, 2.439938137001566)	(41.0, 2.6575152976436347)	(42.0, 2.875572761068578)	(43.0, 3.0921893161448977)	(44.0, 3.267499831894026)	(45.0, 3.433684594768542)	(46.0, 3.674796591771453)	(47.0, 3.858752557612319)	(48.0, 3.921191919385981)	(49.0, 3.9898752173370093)	(50.0, 4.059038818070912)	(51.0, 4.0484721568476765)	(52.0, 3.972584317153534)	(53.0, 3.8654767965725596)	(54.0, 3.7204253561445135)	(55.0, 3.5105330400284336)	(56.0, 3.24348469275031)	(57.0, 2.9956484567871584)	(58.0, 2.746851615258259)	(59.0, 2.464433578928156)	(60.0, 2.201707956695901)	(61.0, 1.9413838483780175)	(62.0, 1.6762567122313907)	(63.0, 1.4212159345251245)	(64.0, 1.1700175790818532)	(65.0, 0.9807782826293696)	(66.0, 0.7900980778282629)	(67.0, 0.6162284704277576)	(68.0, 0.5120027665440293)	(69.0, 0.4020134292658092)	(70.0, 0.2987483309478295)	(71.0, 0.223821096819435)	(72.0, 0.170507487920385)	(73.0, 0.1080681261467229)	(74.0, 0.06820299516815401)	(75.0, 0.04851058107030672)	(76.0, 0.028337864189585112)	(77.0, 0.020653019663595933)	(78.0, 0.011527266788983775)	(79.0, 0.005763633394491888)	(80.0, 0.0033621194801202675)	(81.0, 0.002881816697245944)	(82.0, 0.0019212111314972958)	(83.0, 0.001440908348622972)	(84.0, 0.00048030278287432396)	(85.0, 0.0)	(86.0, 0.00048030278287432396)	(87.0, 0.0009606055657486479)	(88.0, 0.00048030278287432396)	(89.0, 0.0)	(90.0, 0.0)	(91.0, 0.0)	(92.0, 0.0)	(93.0, 0.0)	(94.0, 0.0)	(95.0, 0.0)	(96.0, 0.0)	(97.0, 0.0)	(98.0, 0.0)	(99.0, 0.0)	(100.0, 0.0)
SRR8865583_2	(0.0, 0.0)	(1.0, 0.0)	(2.0, 0.0)	(3.0, 0.0)	(4.0, 0.0)	(5.0, 0.0)	(6.0, 0.0)	(7.0, 0.0)	(8.0, 0.00048046432071954337)	(9.0, 0.00048046432071954337)	(10.0, 0.0)	(11.0, 0.0)	(12.0, 0.0009609286414390867)	(13.0, 0.00288278592431726)	(14.0, 0.004804643207195434)	(15.0, 0.012011608017988585)	(16.0, 0.016335786904464474)	(17.0, 0.02306228739453808)	(18.0, 0.033632502450368036)	(19.0, 0.04948782503411297)	(20.0, 0.07687429131512695)	(21.0, 0.11002632944477543)	(22.0, 0.1460611534987412)	(23.0, 0.20563872926796456)	(24.0, 0.2983683431668364)	(25.0, 0.38773470682067146)	(26.0, 0.48046432071954337)	(27.0, 0.5852055426364038)	(28.0, 0.6966732650433379)	(29.0, 0.8119847020160282)	(30.0, 0.9181673168950473)	(31.0, 1.069994042242423)	(32.0, 1.2395979474564218)	(33.0, 1.3683623854092597)	(34.0, 1.48367382238195)	(35.0, 1.63069590452213)	(36.0, 1.7926123806046164)	(37.0, 1.9583725712528588)	(38.0, 2.087617473526416)	(39.0, 2.25145580689178)	(40.0, 2.548382757096458)	(41.0, 2.775642380796802)	(42.0, 2.9466876789729595)	(43.0, 3.16722080218323)	(44.0, 3.35652374454673)	(45.0, 3.519401149270655)	(46.0, 3.7087040916341554)	(47.0, 3.8100820633059787)	(48.0, 3.860530816981531)	(49.0, 3.9753617896335016)	(50.0, 4.0397440086099206)	(51.0, 4.052716545269348)	(52.0, 3.933080929410182)	(53.0, 3.8398708511905904)	(54.0, 3.75627005938539)	(55.0, 3.525647185440009)	(56.0, 3.2316030211596485)	(57.0, 2.923144927257702)	(58.0, 2.6214133338458288)	(59.0, 2.3268887052447487)	(60.0, 2.143351334729883)	(61.0, 1.884381065862049)	(62.0, 1.5595871850556378)	(63.0, 1.3722060999750159)	(64.0, 1.1718524782349664)	(65.0, 0.9566044625526108)	(66.0, 0.7889224146214902)	(67.0, 0.6308496531047605)	(68.0, 0.49151500009609284)	(69.0, 0.3699575269540484)	(70.0, 0.28011069897949376)	(71.0, 0.2094824438337209)	(72.0, 0.1628774047239252)	(73.0, 0.11579190129340994)	(74.0, 0.0730305767493706)	(75.0, 0.04516364614763708)	(76.0, 0.031230180846770317)	(77.0, 0.02306228739453808)	(78.0, 0.013453000980147213)	(79.0, 0.007687429131512694)	(80.0, 0.003843714565756347)	(81.0, 0.00048046432071954337)	(82.0, 0.00048046432071954337)	(83.0, 0.0009609286414390867)	(84.0, 0.00048046432071954337)	(85.0, 0.0)	(86.0, 0.0)	(87.0, 0.0)	(88.0, 0.0)	(89.0, 0.0)	(90.0, 0.0)	(91.0, 0.0)	(92.0, 0.0)	(93.0, 0.0)	(94.0, 0.0)	(95.0, 0.0)	(96.0, 0.0)	(97.0, 0.0)	(98.0, 0.0)	(99.0, 0.0)	(100.0, 0.0)
SRR8865584_1	(0.0, 0.0)	(1.0, 0.0)	(2.0, 0.0)	(3.0, 0.0)	(4.0, 0.0)	(5.0, 0.0)	(6.0, 0.0)	(7.0, 0.0)	(8.0, 0.0)	(9.0, 0.0)	(10.0, 0.0)	(11.0, 0.0004885866166353971)	(12.0, 0.0004885866166353971)	(13.0, 0.0009771732332707942)	(14.0, 0.0009771732332707942)	(15.0, 0.0004885866166353971)	(16.0, 0.0029315196998123826)	(17.0, 0.004397279549718574)	(18.0, 0.007817385866166354)	(19.0, 0.01368042526579112)	(20.0, 0.02003205128205128)	(21.0, 0.025895090681676048)	(22.0, 0.0342010631644778)	(23.0, 0.06302767354596622)	(24.0, 0.09722873671044402)	(25.0, 0.12214665415884929)	(26.0, 0.16465368980612885)	(27.0, 0.23989602876798)	(28.0, 0.3293073796122577)	(29.0, 0.40552689180737955)	(30.0, 0.4944496560350219)	(31.0, 0.6214821763602252)	(32.0, 0.7187109130706691)	(33.0, 0.8003048780487805)	(34.0, 0.9278259849906191)	(35.0, 1.0973655409631018)	(36.0, 1.2190236085053159)	(37.0, 1.2913344277673546)	(38.0, 1.465271263289556)	(39.0, 1.6343222326454034)	(40.0, 1.764286272670419)	(41.0, 1.9856160100062539)	(42.0, 2.191310975609756)	(43.0, 2.397983114446529)	(44.0, 2.5856003752345216)	(45.0, 2.791783927454659)	(46.0, 3.034122889305816)	(47.0, 3.2676672920575363)	(48.0, 3.4254807692307696)	(49.0, 3.572056754221389)	(50.0, 3.8246560350218886)	(51.0, 3.975629299562226)	(52.0, 4.099730300187617)	(53.0, 4.2487492182614135)	(54.0, 4.232625859912445)	(55.0, 4.157872107567229)	(56.0, 4.102173233270794)	(57.0, 3.9199304252657914)	(58.0, 3.7264501250781743)	(59.0, 3.479225297060663)	(60.0, 3.143566291432145)	(61.0, 2.87875234521576)	(62.0, 2.578271575984991)	(63.0, 2.311014696685428)	(64.0, 2.0818675734834273)	(65.0, 1.772592245153221)	(66.0, 1.498495153220763)	(67.0, 1.2522474984365228)	(68.0, 0.9952509380863039)	(69.0, 0.7783184803001876)	(70.0, 0.594121325828643)	(71.0, 0.4578056597873671)	(72.0, 0.34689649781113197)	(73.0, 0.23647592245153223)	(74.0, 0.17491400875547217)	(75.0, 0.12263524077548468)	(76.0, 0.07866244527829894)	(77.0, 0.04788148843026892)	(78.0, 0.02394074421513446)	(79.0, 0.0171005315822389)	(80.0, 0.009771732332707943)	(81.0, 0.003908692933083177)	(82.0, 0.0029315196998123826)	(83.0, 0.0024429330831769857)	(84.0, 0.0009771732332707942)	(85.0, 0.0)	(86.0, 0.0004885866166353971)	(87.0, 0.0009771732332707942)	(88.0, 0.0004885866166353971)	(89.0, 0.0)	(90.0, 0.0)	(91.0, 0.0)	(92.0, 0.0)	(93.0, 0.0)	(94.0, 0.0)	(95.0, 0.0)	(96.0, 0.0)	(97.0, 0.0)	(98.0, 0.0)	(99.0, 0.0)	(100.0, 0.0)
SRR8865584_2	(0.0, 0.0)	(1.0, 0.0)	(2.0, 0.0)	(3.0, 0.0)	(4.0, 0.0)	(5.0, 0.0)	(6.0, 0.0)	(7.0, 0.0)	(8.0, 0.0)	(9.0, 0.0)	(10.0, 0.0)	(11.0, 0.0)	(12.0, 0.0)	(13.0, 0.0009773069330153829)	(14.0, 0.0009773069330153829)	(15.0, 0.0)	(16.0, 0.0014659603995230742)	(17.0, 0.0053751881315846056)	(18.0, 0.008307108930630754)	(19.0, 0.01417095052872305)	(20.0, 0.019546138660307657)	(21.0, 0.025898633724907645)	(22.0, 0.037137663454584545)	(23.0, 0.05521784171536913)	(24.0, 0.08746897050487676)	(25.0, 0.1255839408924767)	(26.0, 0.17151736674419968)	(27.0, 0.23113308965813803)	(28.0, 0.32788647602666093)	(29.0, 0.4182873673305838)	(30.0, 0.4759484763784914)	(31.0, 0.5927366548738296)	(32.0, 0.7114794472351987)	(33.0, 0.824847051464983)	(34.0, 0.9465217646253983)	(35.0, 1.0901858837786595)	(36.0, 1.2406911514630283)	(37.0, 1.3731162408866129)	(38.0, 1.5710208948222277)	(39.0, 1.7650163210257814)	(40.0, 1.9248060045737962)	(41.0, 2.063583589061981)	(42.0, 2.2351009558061805)	(43.0, 2.408084282949903)	(44.0, 2.5864427982252103)	(45.0, 2.8112233928187487)	(46.0, 3.0350266804792714)	(47.0, 3.275932839467563)	(48.0, 3.5007134340611015)	(49.0, 3.649752741345947)	(50.0, 3.81638357342507)	(51.0, 3.954183850980239)	(52.0, 4.079767791872715)	(53.0, 4.200953851566623)	(54.0, 4.230273059557085)	(55.0, 4.173589257442193)	(56.0, 4.079767791872715)	(57.0, 3.8960340884658238)	(58.0, 3.621410840288501)	(59.0, 3.377572760501163)	(60.0, 3.136666601512871)	(61.0, 2.8512929770723794)	(62.0, 2.5497937882371335)	(63.0, 2.28592091632298)	(64.0, 1.9609663610953656)	(65.0, 1.6838998455855045)	(66.0, 1.4855065381833819)	(67.0, 1.2094173296065363)	(68.0, 0.954828873556029)	(69.0, 0.7852661206778602)	(70.0, 0.5951799222063682)	(71.0, 0.41877602079709153)	(72.0, 0.3371708918903071)	(73.0, 0.2614296045816149)	(74.0, 0.16418756474658433)	(75.0, 0.1079924160981998)	(76.0, 0.06938879224409218)	(77.0, 0.04349015851918454)	(78.0, 0.02687594065792303)	(79.0, 0.01417095052872305)	(80.0, 0.00684114853110768)	(81.0, 0.002443267332538457)	(82.0, 0.0019546138660307658)	(83.0, 0.002443267332538457)	(84.0, 0.0009773069330153829)	(85.0, 0.0)	(86.0, 0.0)	(87.0, 0.0)	(88.0, 0.0)	(89.0, 0.0)	(90.0, 0.0)	(91.0, 0.0)	(92.0, 0.0)	(93.0, 0.0)	(94.0, 0.0)	(95.0, 0.0)	(96.0, 0.0)	(97.0, 0.0)	(98.0, 0.0)	(99.0, 0.0)	(100.0, 0.0)
SRR8865585_1	(0.0, 0.0)	(1.0, 0.0)	(2.0, 0.0)	(3.0, 0.0)	(4.0, 0.0)	(5.0, 0.0)	(6.0, 0.0)	(7.0, 0.0)	(8.0, 0.0)	(9.0, 0.0)	(10.0, 0.0)	(11.0, 0.0)	(12.0, 0.0)	(13.0, 0.0)	(14.0, 0.00048360108713524385)	(15.0, 0.00048360108713524385)	(16.0, 0.0009672021742704877)	(17.0, 0.0024180054356762195)	(18.0, 0.0024180054356762195)	(19.0, 0.005803213045622926)	(20.0, 0.016926038049733538)	(21.0, 0.0275652619667089)	(22.0, 0.04352409784217195)	(23.0, 0.06770415219893415)	(24.0, 0.10881024460542989)	(25.0, 0.16248996527744194)	(26.0, 0.2127844783395073)	(27.0, 0.27226741205714233)	(28.0, 0.3680204273099206)	(29.0, 0.46570784691123984)	(30.0, 0.5793541023880222)	(31.0, 0.6963855654747512)	(32.0, 0.8361462796568366)	(33.0, 1.0126606764612007)	(34.0, 1.1785358493485893)	(35.0, 1.320714568966351)	(36.0, 1.4725653103268177)	(37.0, 1.6843825864920545)	(38.0, 1.8903966496116684)	(39.0, 2.155410045361782)	(40.0, 2.4204234411118954)	(41.0, 2.615314679227399)	(42.0, 2.866303643450591)	(43.0, 3.097464963101237)	(44.0, 3.266241742511437)	(45.0, 3.4509773577971004)	(46.0, 3.6337785687342223)	(47.0, 3.706318731804509)	(48.0, 3.7972357361859346)	(49.0, 3.845595844899459)	(50.0, 3.836891025331025)	(51.0, 3.8069077579286397)	(52.0, 3.675368262227854)	(53.0, 3.638614579605575)	(54.0, 3.6057297056803788)	(55.0, 3.468386996933969)	(56.0, 3.295741408826687)	(57.0, 3.158882301167413)	(58.0, 2.9939743304542947)	(59.0, 2.811656720604308)	(60.0, 2.664641990115194)	(61.0, 2.46878354982542)	(62.0, 2.264703891054347)	(63.0, 2.0751322648973316)	(64.0, 1.8507413604665783)	(65.0, 1.586695166890735)	(66.0, 1.3294193885347856)	(67.0, 1.0673075993074832)	(68.0, 0.8284086622626727)	(69.0, 0.6668858991595014)	(70.0, 0.5169695621475757)	(71.0, 0.3593156077414862)	(72.0, 0.2490545598746506)	(73.0, 0.18570281745993364)	(74.0, 0.12331827721948718)	(75.0, 0.07302376415742183)	(76.0, 0.048843709800659635)	(77.0, 0.029499666315249876)	(78.0, 0.014024431526922072)	(79.0, 0.011122825004110609)	(80.0, 0.005803213045622926)	(81.0, 0.0014508032614057316)	(82.0, 0.00048360108713524385)	(83.0, 0.00048360108713524385)	(84.0, 0.00048360108713524385)	(85.0, 0.0)	(86.0, 0.0)	(87.0, 0.0)	(88.0, 0.0)	(89.0, 0.0)	(90.0, 0.00048360108713524385)	(91.0, 0.00048360108713524385)	(92.0, 0.0)	(93.0, 0.0)	(94.0, 0.0)	(95.0, 0.0)	(96.0, 0.0)	(97.0, 0.0)	(98.0, 0.0)	(99.0, 0.0)	(100.0, 0.0)
SRR8865585_2	(0.0, 0.0)	(1.0, 0.0)	(2.0, 0.0)	(3.0, 0.0)	(4.0, 0.0)	(5.0, 0.0)	(6.0, 0.0)	(7.0, 0.0)	(8.0, 0.0)	(9.0, 0.0)	(10.0, 0.0)	(11.0, 0.0)	(12.0, 0.0)	(13.0, 0.0)	(14.0, 0.0)	(15.0, 0.0004838397522740468)	(16.0, 0.0004838397522740468)	(17.0, 0.0024191987613702342)	(18.0, 0.005806077027288562)	(19.0, 0.00919295529320689)	(20.0, 0.015482872072769497)	(21.0, 0.025159667118250437)	(22.0, 0.04838397522740468)	(23.0, 0.07451132185020322)	(24.0, 0.1074124250048384)	(25.0, 0.15434488097542096)	(26.0, 0.2128894910005806)	(27.0, 0.28788465260305784)	(28.0, 0.3662666924714535)	(29.0, 0.4969034255854461)	(30.0, 0.6415715115153862)	(31.0, 0.7354364234565511)	(32.0, 0.84768724598413)	(33.0, 1.0034836462163732)	(34.0, 1.1810528353009484)	(35.0, 1.343139152312754)	(36.0, 1.4853880394813237)	(37.0, 1.7263402361137992)	(38.0, 1.9769692277917552)	(39.0, 2.2285658989742596)	(40.0, 2.511612154054577)	(41.0, 2.675149990323205)	(42.0, 2.8362686278304623)	(43.0, 3.1275401586994387)	(44.0, 3.391716663441068)	(45.0, 3.540255467389201)	(46.0, 3.614766789239404)	(47.0, 3.666537642732727)	(48.0, 3.8068511708922004)	(49.0, 3.8334623572672735)	(50.0, 3.790400619314883)	(51.0, 3.8378169150377395)	(52.0, 3.7207276949874206)	(53.0, 3.5291271530868973)	(54.0, 3.415424811302497)	(55.0, 3.3970389007160833)	(56.0, 3.323011418618153)	(57.0, 3.1531836655699634)	(58.0, 3.0022256628604604)	(59.0, 2.8115928004644863)	(60.0, 2.6078962647571124)	(61.0, 2.429359396167989)	(62.0, 2.23098509773563)	(63.0, 2.006483452680472)	(64.0, 1.7853686858912328)	(65.0, 1.5511902457905942)	(66.0, 1.2870137410489646)	(67.0, 1.0402554673892008)	(68.0, 0.8268821366363461)	(69.0, 0.6347977549835494)	(70.0, 0.4969034255854461)	(71.0, 0.3730404490032901)	(72.0, 0.2748209792916586)	(73.0, 0.18966518289142636)	(74.0, 0.11854073930714147)	(75.0, 0.07451132185020322)	(76.0, 0.04354557770466422)	(77.0, 0.029514224888716856)	(78.0, 0.02128894910005806)	(79.0, 0.01064447455002903)	(80.0, 0.0038707180181923742)	(81.0, 0.0004838397522740468)	(82.0, 0.0)	(83.0, 0.0)	(84.0, 0.0)	(85.0, 0.0)	(86.0, 0.0)	(87.0, 0.0)	(88.0, 0.0004838397522740468)	(89.0, 0.0004838397522740468)	(90.0, 0.0)	(91.0, 0.0)	(92.0, 0.0)	(93.0, 0.0)	(94.0, 0.0)	(95.0, 0.0)	(96.0, 0.0)	(97.0, 0.0)	(98.0, 0.0)	(99.0, 0.0)	(100.0, 0.0)
SRR8865586_1	(0.0, 0.0)	(1.0, 0.0)	(2.0, 0.0)	(3.0, 0.0)	(4.0, 0.0)	(5.0, 0.0)	(6.0, 0.0)	(7.0, 0.0)	(8.0, 0.0)	(9.0, 0.0)	(10.0, 0.0)	(11.0, 0.0)	(12.0, 0.0)	(13.0, 0.0004776050970015952)	(14.0, 0.0009552101940031904)	(15.0, 0.0004776050970015952)	(16.0, 0.0009552101940031904)	(17.0, 0.0028656305820095713)	(18.0, 0.008119286649027118)	(19.0, 0.012417732522041475)	(20.0, 0.01194012742503988)	(21.0, 0.014328152910047855)	(22.0, 0.02865630582009571)	(23.0, 0.044894879118149954)	(24.0, 0.06829752887122811)	(25.0, 0.08501370726628395)	(26.0, 0.11175959269837327)	(27.0, 0.1609529176895376)	(28.0, 0.21157905797170667)	(29.0, 0.2693692747088997)	(30.0, 0.3228610455730784)	(31.0, 0.4097851732273687)	(32.0, 0.5158135047617228)	(33.0, 0.6060808680950244)	(34.0, 0.7068555435623609)	(35.0, 0.804764588447688)	(36.0, 0.9494789328391713)	(37.0, 1.0860739905816275)	(38.0, 1.2274450992940995)	(39.0, 1.4452330235268271)	(40.0, 1.669229814020575)	(41.0, 1.9400319040204796)	(42.0, 2.213222019505392)	(43.0, 2.5074267592583745)	(44.0, 2.835063855801469)	(45.0, 3.147895194337514)	(46.0, 3.492248469275664)	(47.0, 3.8241840116917727)	(48.0, 4.098329337370688)	(49.0, 4.329490204319461)	(50.0, 4.628470995042459)	(51.0, 4.816647403261087)	(52.0, 4.809483326806064)	(53.0, 4.782737441373975)	(54.0, 4.634202256206478)	(55.0, 4.410683070809732)	(56.0, 4.175701363084946)	(57.0, 3.880541413137961)	(58.0, 3.6202466352720917)	(59.0, 3.312191347706063)	(60.0, 2.933928110880799)	(61.0, 2.6077238296287097)	(62.0, 2.297280516577673)	(63.0, 1.9653449741615643)	(64.0, 1.6720954446025849)	(65.0, 1.424218399258757)	(66.0, 1.1495954684828396)	(67.0, 0.9064944741090276)	(68.0, 0.7527056328745141)	(69.0, 0.609901708871037)	(70.0, 0.4479935809874963)	(71.0, 0.3333683577071134)	(72.0, 0.23402649753078167)	(73.0, 0.15283363104051045)	(74.0, 0.1098491723103669)	(75.0, 0.06590950338622015)	(76.0, 0.040118828148134)	(77.0, 0.02865630582009571)	(78.0, 0.01480575800704945)	(79.0, 0.0071640764550239275)	(80.0, 0.0038208407760127617)	(81.0, 0.002388025485007976)	(82.0, 0.0019104203880063808)	(83.0, 0.0009552101940031904)	(84.0, 0.0009552101940031904)	(85.0, 0.0004776050970015952)	(86.0, 0.0)	(87.0, 0.0)	(88.0, 0.0)	(89.0, 0.0)	(90.0, 0.0)	(91.0, 0.0)	(92.0, 0.0)	(93.0, 0.0)	(94.0, 0.0)	(95.0, 0.0)	(96.0, 0.0)	(97.0, 0.0)	(98.0, 0.0)	(99.0, 0.0)	(100.0, 0.0)
SRR8865586_2	(0.0, 0.0)	(1.0, 0.0)	(2.0, 0.0)	(3.0, 0.0)	(4.0, 0.0)	(5.0, 0.0)	(6.0, 0.0)	(7.0, 0.0)	(8.0, 0.0)	(9.0, 0.0)	(10.0, 0.0)	(11.0, 0.0)	(12.0, 0.0)	(13.0, 0.0)	(14.0, 0.0)	(15.0, 0.0004775914109960647)	(16.0, 0.0009551828219921294)	(17.0, 0.0023879570549803233)	(18.0, 0.005253505520956711)	(19.0, 0.006686279753944905)	(20.0, 0.010507011041913423)	(21.0, 0.01767088220685439)	(22.0, 0.02387957054980323)	(23.0, 0.03964008711267337)	(24.0, 0.06113170060749628)	(25.0, 0.07689221717036641)	(26.0, 0.1093684331180988)	(27.0, 0.16142589691666984)	(28.0, 0.2120505864822527)	(29.0, 0.27079433003476866)	(30.0, 0.33861231039620987)	(31.0, 0.4150269361555802)	(32.0, 0.5048141214228403)	(33.0, 0.6175256944179116)	(34.0, 0.7259389447140182)	(35.0, 0.8162037213922745)	(36.0, 0.9136323692354718)	(37.0, 1.0669392121652084)	(38.0, 1.261796507851603)	(39.0, 1.4719367286898712)	(40.0, 1.6949719176250335)	(41.0, 1.8869636648454515)	(42.0, 2.1582355862912164)	(43.0, 2.4997134451534024)	(44.0, 2.8130134107668208)	(45.0, 3.1721621518358614)	(46.0, 3.4969243113131854)	(47.0, 3.7385855652771944)	(48.0, 4.096301532113246)	(49.0, 4.427749971344515)	(50.0, 4.673231956596493)	(51.0, 4.800748863332442)	(52.0, 4.820330111183281)	(53.0, 4.8126886486073435)	(54.0, 4.645054063347724)	(55.0, 4.4053031750277)	(56.0, 4.12256905971803)	(57.0, 3.8904596339739426)	(58.0, 3.595785733389371)	(59.0, 3.2256523898674208)	(60.0, 2.9166507469529668)	(61.0, 2.610037061093493)	(62.0, 2.2513659114354487)	(63.0, 1.9385435372330264)	(64.0, 1.7231498108738013)	(65.0, 1.4165361250143278)	(66.0, 1.1629350857754173)	(67.0, 0.9800175753639246)	(68.0, 0.7775188171015932)	(69.0, 0.6103618232529706)	(70.0, 0.45848775455622204)	(71.0, 0.340045084629198)	(72.0, 0.23736293126504415)	(73.0, 0.15951553127268558)	(74.0, 0.11700989569403585)	(75.0, 0.08071294845833492)	(76.0, 0.0472815496886104)	(77.0, 0.02674511901577962)	(78.0, 0.01337255950788981)	(79.0, 0.006208688342948841)	(80.0, 0.005253505520956711)	(81.0, 0.0047759141099606465)	(82.0, 0.0038207312879685175)	(83.0, 0.0019103656439842587)	(84.0, 0.001432774232988194)	(85.0, 0.0009551828219921294)	(86.0, 0.0)	(87.0, 0.0)	(88.0, 0.0)	(89.0, 0.0)	(90.0, 0.0)	(91.0, 0.0)	(92.0, 0.0)	(93.0, 0.0)	(94.0, 0.0)	(95.0, 0.0)	(96.0, 0.0)	(97.0, 0.0)	(98.0, 0.0)	(99.0, 0.0)	(100.0, 0.0)
SRR8865587_1	(0.0, 0.0)	(1.0, 0.0)	(2.0, 0.0)	(3.0, 0.0)	(4.0, 0.0)	(5.0, 0.0)	(6.0, 0.0)	(7.0, 0.0)	(8.0, 0.0)	(9.0, 0.0)	(10.0, 0.0)	(11.0, 0.0)	(12.0, 0.0)	(13.0, 0.0004868169957549558)	(14.0, 0.0014604509872648674)	(15.0, 0.0009736339915099116)	(16.0, 0.0004868169957549558)	(17.0, 0.003407718970284691)	(18.0, 0.0058418039490594695)	(19.0, 0.007789071932079293)	(20.0, 0.011196790902363984)	(21.0, 0.023367215796237878)	(22.0, 0.03699809167737664)	(23.0, 0.048194882579740625)	(24.0, 0.06572029442691904)	(25.0, 0.09200841219768664)	(26.0, 0.13922966078591734)	(27.0, 0.20008178525528683)	(28.0, 0.27699887058456985)	(29.0, 0.363652295828952)	(30.0, 0.4254780542898314)	(31.0, 0.5053160415936441)	(32.0, 0.6338357284729524)	(33.0, 0.7633290493437707)	(34.0, 0.9171632200023366)	(35.0, 1.0831678155547766)	(36.0, 1.233594267243058)	(37.0, 1.365521673092651)	(38.0, 1.5086458698446081)	(39.0, 1.716029910036219)	(40.0, 1.9219534992405654)	(41.0, 2.0548545390816684)	(42.0, 2.2179382326595785)	(43.0, 2.4593994625540367)	(44.0, 2.687716633563111)	(45.0, 2.856155314094326)	(46.0, 3.0659734392647118)	(47.0, 3.4315730030766836)	(48.0, 3.783054874011761)	(49.0, 4.075145071464735)	(50.0, 4.320500837325233)	(51.0, 4.546870740351287)	(52.0, 4.73186119873817)	(53.0, 4.760583401487713)	(54.0, 4.761070218483468)	(55.0, 4.674416793239086)	(56.0, 4.370642987887993)	(57.0, 4.025976554893484)	(58.0, 3.7027300697121937)	(59.0, 3.324473264010593)	(60.0, 2.9953849748802432)	(61.0, 2.6482844569069597)	(62.0, 2.2656462982435643)	(63.0, 1.935097558125949)	(64.0, 1.622561046851268)	(65.0, 1.3421544572964133)	(66.0, 1.0383806519453207)	(67.0, 0.7935117030805781)	(68.0, 0.6474666043540912)	(69.0, 0.49119834871675044)	(70.0, 0.33736417805818436)	(71.0, 0.23415897495813373)	(72.0, 0.16989913151847957)	(73.0, 0.1090470070491101)	(74.0, 0.06523347743116407)	(75.0, 0.043813529617946025)	(76.0, 0.026774934766522568)	(77.0, 0.012170424893873896)	(78.0, 0.0063286209448144256)	(79.0, 0.0063286209448144256)	(80.0, 0.003407718970284691)	(81.0, 0.0004868169957549558)	(82.0, 0.0009736339915099116)	(83.0, 0.0004868169957549558)	(84.0, 0.0)	(85.0, 0.0)	(86.0, 0.0)	(87.0, 0.0004868169957549558)	(88.0, 0.0004868169957549558)	(89.0, 0.0)	(90.0, 0.0)	(91.0, 0.0)	(92.0, 0.0)	(93.0, 0.0)	(94.0, 0.0)	(95.0, 0.0)	(96.0, 0.0)	(97.0, 0.0)	(98.0, 0.0)	(99.0, 0.0)	(100.0, 0.0)
SRR8865587_2	(0.0, 0.0)	(1.0, 0.0)	(2.0, 0.0)	(3.0, 0.0)	(4.0, 0.0)	(5.0, 0.0)	(6.0, 0.0)	(7.0, 0.0)	(8.0, 0.0)	(9.0, 0.0)	(10.0, 0.0)	(11.0, 0.0)	(12.0, 0.0)	(13.0, 0.0004868169957549558)	(14.0, 0.0009736339915099116)	(15.0, 0.0004868169957549558)	(16.0, 0.0004868169957549558)	(17.0, 0.0019472679830198232)	(18.0, 0.0058418039490594695)	(19.0, 0.009736339915099116)	(20.0, 0.014604509872648674)	(21.0, 0.027261751762277527)	(22.0, 0.03602445768586673)	(23.0, 0.048194882579740625)	(24.0, 0.07691708532928301)	(25.0, 0.11148109202788486)	(26.0, 0.14799236670950655)	(27.0, 0.19131907933169762)	(28.0, 0.2633679947034311)	(29.0, 0.3500214199478132)	(30.0, 0.42742532227285124)	(31.0, 0.5243019044280874)	(32.0, 0.649413872337111)	(33.0, 0.7706313042800951)	(34.0, 0.9045059781127079)	(35.0, 1.0661292207033533)	(36.0, 1.2243447443237139)	(37.0, 1.3854811699186043)	(38.0, 1.5714452622969974)	(39.0, 1.7145694590489542)	(40.0, 1.8557463878178915)	(41.0, 2.0718931339330915)	(42.0, 2.2374109124897767)	(43.0, 2.433111344783269)	(44.0, 2.725201542236243)	(45.0, 2.9019161116952916)	(46.0, 3.0888538380651944)	(47.0, 3.450072048915372)	(48.0, 3.74849086731316)	(49.0, 3.9797289402967637)	(50.0, 4.246504653970479)	(51.0, 4.56975113915177)	(52.0, 4.7785956303306465)	(53.0, 4.806344199088679)	(54.0, 4.7888187872415)	(55.0, 4.694863107060794)	(56.0, 4.401312458620556)	(57.0, 4.070763718502941)	(58.0, 3.6827705728862403)	(59.0, 3.263134322545469)	(60.0, 2.928691046461814)	(61.0, 2.561631031662577)	(62.0, 2.2422790824473267)	(63.0, 1.9462943490283133)	(64.0, 1.6415469096857112)	(65.0, 1.355298516181797)	(66.0, 1.0520115278264595)	(67.0, 0.7969194220508626)	(68.0, 0.6450325193753165)	(69.0, 0.48389609378042603)	(70.0, 0.3324960081006348)	(71.0, 0.23805351092417337)	(72.0, 0.17184639950149938)	(73.0, 0.11050745803637496)	(74.0, 0.07204891537173345)	(75.0, 0.043326712622191066)	(76.0, 0.022880398800482923)	(77.0, 0.013144058885383806)	(78.0, 0.00924952291934416)	(79.0, 0.006815437940569382)	(80.0, 0.004381352961794602)	(81.0, 0.0)	(82.0, 0.0004868169957549558)	(83.0, 0.0004868169957549558)	(84.0, 0.0)	(85.0, 0.0)	(86.0, 0.0)	(87.0, 0.0)	(88.0, 0.0)	(89.0, 0.0)	(90.0, 0.0)	(91.0, 0.0)	(92.0, 0.0)	(93.0, 0.0)	(94.0, 0.0)	(95.0, 0.0)	(96.0, 0.0)	(97.0, 0.0)	(98.0, 0.0)	(99.0, 0.0)	(100.0, 0.0)
SRR8865588_1	(0.0, 0.0)	(1.0, 0.0)	(2.0, 0.0)	(3.0, 0.0)	(4.0, 0.0)	(5.0, 0.0)	(6.0, 0.0)	(7.0, 0.0)	(8.0, 0.0)	(9.0, 0.0)	(10.0, 0.0)	(11.0, 0.0)	(12.0, 0.0)	(13.0, 0.0)	(14.0, 0.0)	(15.0, 0.0)	(16.0, 0.0004934713737256101)	(17.0, 0.002467356868628051)	(18.0, 0.003947770989804881)	(19.0, 0.005428185110981712)	(20.0, 0.015297612585493916)	(21.0, 0.021712740443926848)	(22.0, 0.03059522517098783)	(23.0, 0.05921656484707322)	(24.0, 0.08339666215962811)	(25.0, 0.11300494458316473)	(26.0, 0.17715622316749405)	(27.0, 0.25068345785261)	(28.0, 0.326678049406354)	(29.0, 0.3942836276067625)	(30.0, 0.4826150035036467)	(31.0, 0.5788419213801408)	(32.0, 0.7229355625080189)	(33.0, 0.8660422608884459)	(34.0, 0.9820080337139643)	(35.0, 1.1650859133661655)	(36.0, 1.3669157052199403)	(37.0, 1.5944060085074465)	(38.0, 1.8243636686635807)	(39.0, 2.069125470031483)	(40.0, 2.284772460349575)	(41.0, 2.568518500241801)	(42.0, 2.934180788172478)	(43.0, 3.2460546963670636)	(44.0, 3.536709335491448)	(45.0, 3.804170820050729)	(46.0, 4.024259052732352)	(47.0, 4.155522438143364)	(48.0, 4.254216712888486)	(49.0, 4.304057321634772)	(50.0, 4.27839681020104)	(51.0, 4.208323875132003)	(52.0, 4.053867335155887)	(53.0, 3.90631939441193)	(54.0, 3.816014133020144)	(55.0, 3.6768552056295216)	(56.0, 3.510555352683991)	(57.0, 3.311192917698844)	(58.0, 3.0920916277646735)	(59.0, 2.8305517996900997)	(60.0, 2.5537143590300326)	(61.0, 2.2941484164503616)	(62.0, 1.9995460063361725)	(63.0, 1.740473535130227)	(64.0, 1.4784402356819282)	(65.0, 1.197655024032056)	(66.0, 0.9973056462994581)	(67.0, 0.8058387532939214)	(68.0, 0.5951264767130858)	(69.0, 0.4362286943734394)	(70.0, 0.32470416391145146)	(71.0, 0.23538584526711603)	(72.0, 0.14804141211768304)	(73.0, 0.10017468886629886)	(74.0, 0.06760557820040859)	(75.0, 0.034049524787067104)	(76.0, 0.017764969454121968)	(77.0, 0.014310669838042694)	(78.0, 0.012336784343140254)	(79.0, 0.007402070605884153)	(80.0, 0.002960828242353661)	(81.0, 0.0019738854949024405)	(82.0, 0.0009869427474512203)	(83.0, 0.0004934713737256101)	(84.0, 0.0)	(85.0, 0.0)	(86.0, 0.0)	(87.0, 0.0)	(88.0, 0.0)	(89.0, 0.0)	(90.0, 0.0)	(91.0, 0.0)	(92.0, 0.0)	(93.0, 0.0)	(94.0, 0.0)	(95.0, 0.0)	(96.0, 0.0)	(97.0, 0.0)	(98.0, 0.0)	(99.0, 0.0)	(100.0, 0.0)
SRR8865588_2	(0.0, 0.0)	(1.0, 0.0)	(2.0, 0.0)	(3.0, 0.0)	(4.0, 0.0)	(5.0, 0.0)	(6.0, 0.0)	(7.0, 0.0)	(8.0, 0.0)	(9.0, 0.0)	(10.0, 0.0)	(11.0, 0.0)	(12.0, 0.0)	(13.0, 0.0)	(14.0, 0.0)	(15.0, 0.0)	(16.0, 0.0004934811144777489)	(17.0, 0.0014804433434332468)	(18.0, 0.0024674055723887447)	(19.0, 0.0029608866868664936)	(20.0, 0.013323990090899221)	(21.0, 0.024674055723887447)	(22.0, 0.03701108358583117)	(23.0, 0.06267210153867411)	(24.0, 0.0917874872928613)	(25.0, 0.12386375973391499)	(26.0, 0.17469231452512313)	(27.0, 0.24131226497961922)	(28.0, 0.3197757621815813)	(29.0, 0.38787615597951064)	(30.0, 0.5013768123093929)	(31.0, 0.6365906376762961)	(32.0, 0.7303520494270684)	(33.0, 0.872968091511138)	(34.0, 1.0368038215177506)	(35.0, 1.1887960047768973)	(36.0, 1.3501643292111212)	(37.0, 1.5189348703625114)	(38.0, 1.7814668232646738)	(39.0, 2.0770620108368454)	(40.0, 2.360320170547073)	(41.0, 2.645552254715212)	(42.0, 2.90907116984633)	(43.0, 3.1883814806407362)	(44.0, 3.492859328273507)	(45.0, 3.8007915437076227)	(46.0, 3.967588160401102)	(47.0, 4.052960393205752)	(48.0, 4.14129351269727)	(49.0, 4.191135105259522)	(50.0, 4.178798077397579)	(51.0, 4.134878258209058)	(52.0, 4.124021673690548)	(53.0, 4.028286337481864)	(54.0, 3.880735484253018)	(55.0, 3.7262758954214825)	(56.0, 3.49433977161694)	(57.0, 3.275727637903297)	(58.0, 3.0023391004826245)	(59.0, 2.782740004540026)	(60.0, 2.588801926550271)	(61.0, 2.293700220092577)	(62.0, 2.018831239328471)	(63.0, 1.7903494833252733)	(64.0, 1.5598938028641645)	(65.0, 1.2929205199317022)	(66.0, 1.0728279428746264)	(67.0, 0.833489602352918)	(68.0, 0.5980991107470317)	(69.0, 0.4313024940535526)	(70.0, 0.3054648098617266)	(71.0, 0.21762517148468727)	(72.0, 0.1633422488921349)	(73.0, 0.1189289485891375)	(74.0, 0.0725417238282291)	(75.0, 0.04391981918851966)	(76.0, 0.02270013126597645)	(77.0, 0.007895697831643983)	(78.0, 0.00444133003029974)	(79.0, 0.0034543678013442426)	(80.0, 0.0014804433434332468)	(81.0, 0.0)	(82.0, 0.0)	(83.0, 0.0)	(84.0, 0.0004934811144777489)	(85.0, 0.0004934811144777489)	(86.0, 0.0)	(87.0, 0.0)	(88.0, 0.0)	(89.0, 0.0)	(90.0, 0.0)	(91.0, 0.0)	(92.0, 0.0)	(93.0, 0.0)	(94.0, 0.0)	(95.0, 0.0)	(96.0, 0.0)	(97.0, 0.0)	(98.0, 0.0)	(99.0, 0.0)	(100.0, 0.0)
SRR8865589_1	(0.0, 0.0)	(1.0, 0.0)	(2.0, 0.0)	(3.0, 0.0)	(4.0, 0.0)	(5.0, 0.0)	(6.0, 0.0)	(7.0, 0.0)	(8.0, 0.0)	(9.0, 0.0)	(10.0, 0.0)	(11.0, 0.0004850036860280138)	(12.0, 0.0009700073720560276)	(13.0, 0.0014550110580840415)	(14.0, 0.0019400147441120553)	(15.0, 0.0033950258021960967)	(16.0, 0.011155084778644318)	(17.0, 0.01649012532495247)	(18.0, 0.019885151127148566)	(19.0, 0.03055523221976487)	(20.0, 0.04947037597485741)	(21.0, 0.07275055290420207)	(22.0, 0.11058084041438716)	(23.0, 0.16635626430760872)	(24.0, 0.2206766771427463)	(25.0, 0.3089473479998448)	(26.0, 0.4345633026811004)	(27.0, 0.5529042020719357)	(28.0, 0.6848252046715555)	(29.0, 0.8473014394909402)	(30.0, 1.0088076669382688)	(31.0, 1.1737089201877933)	(32.0, 1.3182400186241414)	(33.0, 1.439490940131145)	(34.0, 1.613607263415202)	(35.0, 1.8148837931168276)	(36.0, 1.962809917355372)	(37.0, 2.115101074768168)	(38.0, 2.282427346447833)	(39.0, 2.4434485702091333)	(40.0, 2.7092305901524854)	(41.0, 2.9328172894113993)	(42.0, 3.1112986458697085)	(43.0, 3.3474954409653512)	(44.0, 3.609397431420479)	(45.0, 3.8208590385286927)	(46.0, 3.934349901059248)	(47.0, 4.054145811508167)	(48.0, 4.136111434446902)	(49.0, 4.153086563457882)	(50.0, 4.182186784619564)	(51.0, 4.168606681410779)	(52.0, 4.006615450277422)	(53.0, 3.851414270748458)	(54.0, 3.698153105963605)	(55.0, 3.4614713071819345)	(56.0, 3.17434912505335)	(57.0, 2.867341791797618)	(58.0, 2.5486943700772127)	(59.0, 2.235866992589144)	(60.0, 1.9123695340084585)	(61.0, 1.5864470569976332)	(62.0, 1.2828347495440964)	(63.0, 1.0078376595662126)	(64.0, 0.8196562293873434)	(65.0, 0.6523299577076785)	(66.0, 0.5160439219338067)	(67.0, 0.4117681294377837)	(68.0, 0.317192410662321)	(69.0, 0.2347417840375587)	(70.0, 0.16587126062158072)	(71.0, 0.12028091413494742)	(72.0, 0.08584565242695844)	(73.0, 0.06596050129980988)	(74.0, 0.0489853722888294)	(75.0, 0.027160206417568774)	(76.0, 0.011155084778644318)	(77.0, 0.006305047918364179)	(78.0, 0.007275055290420207)	(79.0, 0.004850036860280138)	(80.0, 0.0019400147441120553)	(81.0, 0.0014550110580840415)	(82.0, 0.0004850036860280138)	(83.0, 0.0004850036860280138)	(84.0, 0.0)	(85.0, 0.0)	(86.0, 0.0)	(87.0, 0.0)	(88.0, 0.0)	(89.0, 0.0)	(90.0, 0.0)	(91.0, 0.0)	(92.0, 0.0)	(93.0, 0.0)	(94.0, 0.0)	(95.0, 0.0)	(96.0, 0.0)	(97.0, 0.0)	(98.0, 0.0)	(99.0, 0.0)	(100.0, 0.0)
SRR8865589_2	(0.0, 0.0)	(1.0, 0.0)	(2.0, 0.0)	(3.0, 0.0)	(4.0, 0.0)	(5.0, 0.0)	(6.0, 0.0)	(7.0, 0.0)	(8.0, 0.0)	(9.0, 0.0)	(10.0, 0.0)	(11.0, 0.0)	(12.0, 0.0)	(13.0, 0.0014553498661078123)	(14.0, 0.0038809329762874993)	(15.0, 0.006306516086467187)	(16.0, 0.009217215818682812)	(17.0, 0.016008848527185936)	(18.0, 0.019404664881437498)	(19.0, 0.023770714479760934)	(20.0, 0.03638374665269531)	(21.0, 0.06549074397485155)	(22.0, 0.10430007373772654)	(23.0, 0.14262428687856563)	(24.0, 0.22218341289245935)	(25.0, 0.3206620871657546)	(26.0, 0.4235068110373734)	(27.0, 0.5544882989870765)	(28.0, 0.6762525711180968)	(29.0, 0.828579190437381)	(30.0, 1.0066169907245701)	(31.0, 1.16427989288625)	(32.0, 1.3350409438428998)	(33.0, 1.5014359452012265)	(34.0, 1.6314471999068574)	(35.0, 1.806089183839795)	(36.0, 1.998195366166026)	(37.0, 2.1917568983583653)	(38.0, 2.3508751503861527)	(39.0, 2.504657119571545)	(40.0, 2.751096363565801)	(41.0, 2.967943493615865)	(42.0, 3.1823650405557498)	(43.0, 3.409884736290604)	(44.0, 3.6257616330965963)	(45.0, 3.839698063414445)	(46.0, 3.9735902510963634)	(47.0, 4.050723794000078)	(48.0, 4.185586214926068)	(49.0, 4.240889509838166)	(50.0, 4.1792796988396015)	(51.0, 4.174913649241278)	(52.0, 4.00754841463888)	(53.0, 3.839698063414445)	(54.0, 3.6548686304187528)	(55.0, 3.355551674622579)	(56.0, 3.1023207979198197)	(57.0, 2.8330810726898745)	(58.0, 2.5158148018783715)	(59.0, 2.1582838514378855)	(60.0, 1.8487794465789575)	(61.0, 1.5155043272402686)	(62.0, 1.22394923739667)	(63.0, 1.0114681569449295)	(64.0, 0.8091745255559437)	(65.0, 0.6413241743315092)	(66.0, 0.5054915201614468)	(67.0, 0.37887608181006716)	(68.0, 0.2896146233554546)	(69.0, 0.22751969573485464)	(70.0, 0.1673652346023984)	(71.0, 0.11351728955640936)	(72.0, 0.08926145845461249)	(73.0, 0.07276749330539062)	(74.0, 0.04705631233748593)	(75.0, 0.02425583110179687)	(76.0, 0.014068382039042187)	(77.0, 0.011642798928862498)	(78.0, 0.006306516086467187)	(79.0, 0.0029106997322156246)	(80.0, 0.0024255831101796872)	(81.0, 0.0014553498661078123)	(82.0, 0.0009702332440718748)	(83.0, 0.0004851166220359374)	(84.0, 0.0)	(85.0, 0.0)	(86.0, 0.0)	(87.0, 0.0)	(88.0, 0.0)	(89.0, 0.0)	(90.0, 0.0)	(91.0, 0.0)	(92.0, 0.0)	(93.0, 0.0)	(94.0, 0.0)	(95.0, 0.0)	(96.0, 0.0)	(97.0, 0.0)	(98.0, 0.0)	(99.0, 0.0)	(100.0, 0.0)
SRR8865590_1	(0.0, 0.0)	(1.0, 0.0)	(2.0, 0.0)	(3.0, 0.0)	(4.0, 0.0)	(5.0, 0.0)	(6.0, 0.0)	(7.0, 0.0)	(8.0, 0.0)	(9.0, 0.000487757291971515)	(10.0, 0.00097551458394303)	(11.0, 0.000487757291971515)	(12.0, 0.0)	(13.0, 0.001463271875914545)	(14.0, 0.00292654375182909)	(15.0, 0.00390205833577212)	(16.0, 0.006828602087601209)	(17.0, 0.009267388547458785)	(18.0, 0.01268168959125939)	(19.0, 0.021949078138718173)	(20.0, 0.03414301043800605)	(21.0, 0.05267778753292361)	(22.0, 0.07609013754755634)	(23.0, 0.11120866256950541)	(24.0, 0.17169056677397326)	(25.0, 0.2536337918251878)	(26.0, 0.35606282313920595)	(27.0, 0.4741000877963125)	(28.0, 0.5809189347380743)	(29.0, 0.7472441713003609)	(30.0, 0.9013754755633596)	(31.0, 1.0101453516730075)	(32.0, 1.199882938249927)	(33.0, 1.3876694956589601)	(34.0, 1.5808213832796802)	(35.0, 1.7705589698565993)	(36.0, 1.9641986147692907)	(37.0, 2.1895424836601305)	(38.0, 2.443176275485319)	(39.0, 2.6480343381133546)	(40.0, 2.7958247975807238)	(41.0, 3.0406789581504245)	(42.0, 3.3211394010340456)	(43.0, 3.604038630377524)	(44.0, 3.857672422202712)	(45.0, 4.034728319188372)	(46.0, 4.179592234903912)	(47.0, 4.3868890839918055)	(48.0, 4.524436640327774)	(49.0, 4.570285825773095)	(50.0, 4.554189835138035)	(51.0, 4.450785289240074)	(52.0, 4.253731343283582)	(53.0, 3.925958443078724)	(54.0, 3.5933079699541506)	(55.0, 3.2908984489318116)	(56.0, 2.948492829967808)	(57.0, 2.6060872110038042)	(58.0, 2.2773387962150036)	(59.0, 1.8998146522290509)	(60.0, 1.5998439176665693)	(61.0, 1.319383474782948)	(62.0, 1.0579455662862158)	(63.0, 0.8925958443078724)	(64.0, 0.7389522973368452)	(65.0, 0.5818944493220174)	(66.0, 0.4399570773583065)	(67.0, 0.34386889083991806)	(68.0, 0.2633889376646181)	(69.0, 0.1858355282411472)	(70.0, 0.1438884011315969)	(71.0, 0.10584333235781876)	(72.0, 0.06731050629206907)	(73.0, 0.048287971905179985)	(74.0, 0.03219198127011999)	(75.0, 0.02048580626280363)	(76.0, 0.01170617500731636)	(77.0, 0.00390205833577212)	(78.0, 0.004389815627743635)	(79.0, 0.00292654375182909)	(80.0, 0.00195102916788606)	(81.0, 0.00195102916788606)	(82.0, 0.000487757291971515)	(83.0, 0.0)	(84.0, 0.000487757291971515)	(85.0, 0.000487757291971515)	(86.0, 0.0)	(87.0, 0.0)	(88.0, 0.0)	(89.0, 0.0)	(90.0, 0.0)	(91.0, 0.0)	(92.0, 0.0)	(93.0, 0.0)	(94.0, 0.0)	(95.0, 0.0)	(96.0, 0.0)	(97.0, 0.0)	(98.0, 0.0)	(99.0, 0.0)	(100.0, 0.0)
SRR8865590_2	(0.0, 0.0)	(1.0, 0.0)	(2.0, 0.0)	(3.0, 0.0)	(4.0, 0.0)	(5.0, 0.0)	(6.0, 0.0)	(7.0, 0.0)	(8.0, 0.0)	(9.0, 0.0)	(10.0, 0.0)	(11.0, 0.0004877620501614492)	(12.0, 0.0009755241003228984)	(13.0, 0.0034143343511301443)	(14.0, 0.004389858451453043)	(15.0, 0.004389858451453043)	(16.0, 0.0068286687022602885)	(17.0, 0.011218527153713333)	(18.0, 0.01999824405661942)	(19.0, 0.02633915070871826)	(20.0, 0.036582153762108695)	(21.0, 0.059994732169858254)	(22.0, 0.08145626237696203)	(23.0, 0.11364855768761768)	(24.0, 0.17559433805812172)	(25.0, 0.24436878713088606)	(26.0, 0.33265371821010836)	(27.0, 0.45995961330224666)	(28.0, 0.5872655083943848)	(29.0, 0.734081885492981)	(30.0, 0.879434976441093)	(31.0, 1.0077163956335542)	(32.0, 1.1891638782936131)	(33.0, 1.3823176501575472)	(34.0, 1.5505955574632473)	(35.0, 1.7539923323805713)	(36.0, 1.932513242739662)	(37.0, 2.1793208401213553)	(38.0, 2.4197875308509498)	(39.0, 2.5856266279058424)	(40.0, 2.841701704240603)	(41.0, 3.1138729282306916)	(42.0, 3.418724209581598)	(43.0, 3.7191856324810506)	(44.0, 3.874781726482553)	(45.0, 4.046473968139383)	(46.0, 4.237188929752509)	(47.0, 4.404003550907725)	(48.0, 4.534236018300832)	(49.0, 4.5400891629027695)	(50.0, 4.475704572281458)	(51.0, 4.314255333678019)	(52.0, 4.158659239676516)	(53.0, 3.9767239949662954)	(54.0, 3.669433903364583)	(55.0, 3.31190432059624)	(56.0, 2.9373030660722477)	(57.0, 2.5890409622569726)	(58.0, 2.272483391702192)	(59.0, 1.9671443483011248)	(60.0, 1.6257109131881102)	(61.0, 1.316957535435913)	(62.0, 1.0667356037030895)	(63.0, 0.8521203016320518)	(64.0, 0.7150591655366846)	(65.0, 0.5706815986888957)	(66.0, 0.4336204625935283)	(67.0, 0.32777609770849386)	(68.0, 0.25217297993346927)	(69.0, 0.19364153391409536)	(70.0, 0.14584085299827332)	(71.0, 0.10145450643358143)	(72.0, 0.0634090665209884)	(73.0, 0.053653825517759414)	(74.0, 0.039508726063077385)	(75.0, 0.021461530207103768)	(76.0, 0.015120623555004927)	(77.0, 0.010730765103551884)	(78.0, 0.004389858451453043)	(79.0, 0.0009755241003228984)	(80.0, 0.0009755241003228984)	(81.0, 0.0009755241003228984)	(82.0, 0.0)	(83.0, 0.0)	(84.0, 0.0)	(85.0, 0.0)	(86.0, 0.0)	(87.0, 0.0)	(88.0, 0.0)	(89.0, 0.0)	(90.0, 0.0)	(91.0, 0.0)	(92.0, 0.0)	(93.0, 0.0)	(94.0, 0.0)	(95.0, 0.0)	(96.0, 0.0)	(97.0, 0.0)	(98.0, 0.0)	(99.0, 0.0)	(100.0, 0.0)
SRR8865591_1	(0.0, 0.0)	(1.0, 0.0)	(2.0, 0.0)	(3.0, 0.0)	(4.0, 0.0)	(5.0, 0.0)	(6.0, 0.0)	(7.0, 0.0)	(8.0, 0.0)	(9.0, 0.0)	(10.0, 0.0)	(11.0, 0.0)	(12.0, 0.0)	(13.0, 0.0)	(14.0, 0.0)	(15.0, 0.00048241128456476853)	(16.0, 0.0009648225691295371)	(17.0, 0.002412056422823843)	(18.0, 0.006271346699341991)	(19.0, 0.013507515967813518)	(20.0, 0.022190919089979354)	(21.0, 0.031839144781274725)	(22.0, 0.05788935414777223)	(23.0, 0.097929490766648)	(24.0, 0.1427937402311715)	(25.0, 0.20888408621654478)	(26.0, 0.2928236497308145)	(27.0, 0.42596916427069065)	(28.0, 0.571174960924686)	(29.0, 0.7115566447330336)	(30.0, 0.8992146344287286)	(31.0, 1.0950736159620247)	(32.0, 1.304922524747699)	(33.0, 1.5379271751924821)	(34.0, 1.8129016073944002)	(35.0, 2.079675047758717)	(36.0, 2.3474133106921635)	(37.0, 2.5813827837060765)	(38.0, 2.838990409663663)	(39.0, 3.1882561796885556)	(40.0, 3.4299442332555046)	(41.0, 3.609883642398163)	(42.0, 3.817320494761013)	(43.0, 3.948053952878066)	(44.0, 4.030546282538642)	(45.0, 4.037300040522548)	(46.0, 4.020898056847346)	(47.0, 4.04357138722189)	(48.0, 3.9239333886498273)	(49.0, 3.8216621963220962)	(50.0, 3.6899639156359147)	(51.0, 3.4434517492233176)	(52.0, 3.291492194585416)	(53.0, 3.1458039866468557)	(54.0, 2.9745479806263626)	(55.0, 2.7873724022152326)	(56.0, 2.546649171217413)	(57.0, 2.3667097620747546)	(58.0, 2.2620265133241997)	(59.0, 2.07388611234394)	(60.0, 1.840399050614592)	(61.0, 1.6078768114543736)	(62.0, 1.3661887578874246)	(63.0, 1.1751538891997761)	(64.0, 0.9846014317966926)	(65.0, 0.810933369353376)	(66.0, 0.65656175829265)	(67.0, 0.5152152519151728)	(68.0, 0.402331011327017)	(69.0, 0.31646180267448815)	(70.0, 0.24313528742064333)	(71.0, 0.1702911834513633)	(72.0, 0.12060282114119214)	(73.0, 0.08924608764448218)	(74.0, 0.0598189992860313)	(75.0, 0.038592902765181486)	(76.0, 0.025085386797367965)	(77.0, 0.014472338536943057)	(78.0, 0.012060282114119213)	(79.0, 0.007236169268471529)	(80.0, 0.0038592902765181483)	(81.0, 0.0014472338536943056)	(82.0, 0.0)	(83.0, 0.00048241128456476853)	(84.0, 0.00048241128456476853)	(85.0, 0.0)	(86.0, 0.0)	(87.0, 0.0)	(88.0, 0.0)	(89.0, 0.0)	(90.0, 0.0)	(91.0, 0.0)	(92.0, 0.0)	(93.0, 0.0)	(94.0, 0.0)	(95.0, 0.0)	(96.0, 0.0)	(97.0, 0.0)	(98.0, 0.0)	(99.0, 0.0)	(100.0, 0.0)
SRR8865591_2	(0.0, 0.0)	(1.0, 0.0)	(2.0, 0.0)	(3.0, 0.0)	(4.0, 0.0)	(5.0, 0.0)	(6.0, 0.0)	(7.0, 0.0)	(8.0, 0.0)	(9.0, 0.0)	(10.0, 0.0)	(11.0, 0.0)	(12.0, 0.0)	(13.0, 0.0)	(14.0, 0.0)	(15.0, 0.0)	(16.0, 0.0024125917991179562)	(17.0, 0.004342665238412322)	(18.0, 0.005790220317883095)	(19.0, 0.013027995715236964)	(20.0, 0.020748289472414427)	(21.0, 0.03136369338853343)	(22.0, 0.05259450122077145)	(23.0, 0.09698619032454185)	(24.0, 0.1650212790596682)	(25.0, 0.24077666155197208)	(26.0, 0.32473485616127695)	(27.0, 0.43378400548140855)	(28.0, 0.5684066278721905)	(29.0, 0.7358404987309767)	(30.0, 0.9737220501240071)	(31.0, 1.15949161865609)	(32.0, 1.331750673113112)	(33.0, 1.6024434729741466)	(34.0, 1.8494928732038254)	(35.0, 2.077724057400384)	(36.0, 2.3373189349854764)	(37.0, 2.6133194368045705)	(38.0, 2.945292068363201)	(39.0, 3.2410758229350627)	(40.0, 3.437943313743088)	(41.0, 3.663761906140529)	(42.0, 3.886202870019204)	(43.0, 3.9933219459000413)	(44.0, 4.0353010432046945)	(45.0, 4.0353010432046945)	(46.0, 4.02130801076981)	(47.0, 4.0024897947366895)	(48.0, 3.924321820445268)	(49.0, 3.8350559238779036)	(50.0, 3.670517163178059)	(51.0, 3.449041236019031)	(52.0, 3.259894038968183)	(53.0, 3.1300966001756367)	(54.0, 2.91151578317555)	(55.0, 2.6702566032637542)	(56.0, 2.5144031730407344)	(57.0, 2.3619273713364795)	(58.0, 2.2080040145527535)	(59.0, 1.9952134178705498)	(60.0, 1.7534717195989307)	(61.0, 1.543093714715845)	(62.0, 1.3510514075060556)	(63.0, 1.1657643573337966)	(64.0, 0.975169605203478)	(65.0, 0.776854559315982)	(66.0, 0.6219661658126091)	(67.0, 0.5023016125763585)	(68.0, 0.4024203120928751)	(69.0, 0.31218937880586356)	(70.0, 0.23546895959391254)	(71.0, 0.1712940177373749)	(72.0, 0.12062958995589781)	(73.0, 0.0772029375717746)	(74.0, 0.05259450122077145)	(75.0, 0.03667139534659294)	(76.0, 0.0221958445518852)	(77.0, 0.01592310587417851)	(78.0, 0.013027995715236964)	(79.0, 0.009650367196471825)	(80.0, 0.0038601468785887305)	(81.0, 0.0009650367196471826)	(82.0, 0.0014475550794707738)	(83.0, 0.0014475550794707738)	(84.0, 0.0)	(85.0, 0.0)	(86.0, 0.0)	(87.0, 0.0)	(88.0, 0.0)	(89.0, 0.0)	(90.0, 0.0)	(91.0, 0.0)	(92.0, 0.0)	(93.0, 0.0)	(94.0, 0.0)	(95.0, 0.0)	(96.0, 0.0)	(97.0, 0.0)	(98.0, 0.0)	(99.0, 0.0)	(100.0, 0.0)
SRR8865592_1	(0.0, 0.0)	(1.0, 0.0)	(2.0, 0.0)	(3.0, 0.0)	(4.0, 0.0)	(5.0, 0.0)	(6.0, 0.0)	(7.0, 0.0)	(8.0, 0.0)	(9.0, 0.0)	(10.0, 0.0004939881640435895)	(11.0, 0.0014819644921307685)	(12.0, 0.001975952656174358)	(13.0, 0.002963928984261537)	(14.0, 0.003951905312348716)	(15.0, 0.01037375144491538)	(16.0, 0.015807621249394863)	(17.0, 0.013831668593220506)	(18.0, 0.026181372694310246)	(19.0, 0.046928875584141)	(20.0, 0.06372447316162305)	(21.0, 0.08792989319975894)	(22.0, 0.1318948397996384)	(23.0, 0.17783573905569222)	(24.0, 0.24205420038135886)	(25.0, 0.3205983184642896)	(26.0, 0.4347095843583588)	(27.0, 0.5883399033759151)	(28.0, 0.744934151377733)	(29.0, 0.9869883517590919)	(30.0, 1.18902951085292)	(31.0, 1.4053963267040122)	(32.0, 1.7072230949346452)	(33.0, 2.001146052540581)	(34.0, 2.259995850499422)	(35.0, 2.5460149974806603)	(36.0, 2.9510852919964035)	(37.0, 3.340841953426796)	(38.0, 3.6392108045091245)	(39.0, 3.8703972652815235)	(40.0, 4.101583726053923)	(41.0, 4.33771006846676)	(42.0, 4.386614896707075)	(43.0, 4.3633974529970265)	(44.0, 4.329312269678018)	(45.0, 4.252250116087219)	(46.0, 4.0981258089056185)	(47.0, 3.913868223717359)	(48.0, 3.661440271891085)	(49.0, 3.3289862374897496)	(50.0, 3.0548228064455576)	(51.0, 2.8512996828595987)	(52.0, 2.6349328670085064)	(53.0, 2.3331060987778733)	(54.0, 2.1043895788256917)	(55.0, 1.9512532479721785)	(56.0, 1.7650197101277454)	(57.0, 1.5565567049013507)	(58.0, 1.4913502672475967)	(59.0, 1.4236738887736249)	(60.0, 1.291285060809943)	(61.0, 1.2191627888595788)	(62.0, 1.1223411087070354)	(63.0, 0.9864943635950483)	(64.0, 0.8738650621931099)	(65.0, 0.7711155240720432)	(66.0, 0.6481124712251894)	(67.0, 0.5374591224794254)	(68.0, 0.45051720560775366)	(69.0, 0.3783949336573895)	(70.0, 0.29441694576997934)	(71.0, 0.20549907624213323)	(72.0, 0.1467144847209461)	(73.0, 0.10077358546489226)	(74.0, 0.06866435480205894)	(75.0, 0.053844709880751254)	(76.0, 0.044458934763923055)	(77.0, 0.021241491053874347)	(78.0, 0.011361727773002558)	(79.0, 0.005433869804479485)	(80.0, 0.003951905312348716)	(81.0, 0.004445893476392306)	(82.0, 0.001975952656174358)	(83.0, 0.0014819644921307685)	(84.0, 0.0024699408202179473)	(85.0, 0.0014819644921307685)	(86.0, 0.0)	(87.0, 0.0)	(88.0, 0.0)	(89.0, 0.0)	(90.0, 0.0)	(91.0, 0.0)	(92.0, 0.0)	(93.0, 0.0)	(94.0, 0.0)	(95.0, 0.0)	(96.0, 0.0)	(97.0, 0.0)	(98.0, 0.0)	(99.0, 0.0)	(100.0, 0.0)
SRR8865592_2	(0.0, 0.0)	(1.0, 0.0)	(2.0, 0.0)	(3.0, 0.0)	(4.0, 0.0)	(5.0, 0.0)	(6.0, 0.0)	(7.0, 0.0)	(8.0, 0.0)	(9.0, 0.0004939930445779324)	(10.0, 0.0009879860891558647)	(11.0, 0.001481979133733797)	(12.0, 0.001481979133733797)	(13.0, 0.0019759721783117294)	(14.0, 0.0049399304457793235)	(15.0, 0.006915902624091053)	(16.0, 0.010867846980714512)	(17.0, 0.015807777426493835)	(18.0, 0.026675624407208345)	(19.0, 0.04248340183370218)	(20.0, 0.06076114448308568)	(21.0, 0.08052086626620297)	(22.0, 0.10275055327220993)	(23.0, 0.15165586468542525)	(24.0, 0.23464669617451783)	(25.0, 0.31566155548529873)	(26.0, 0.42730398355991145)	(27.0, 0.5824177995573822)	(28.0, 0.7582793234271261)	(29.0, 0.9672383812835914)	(30.0, 1.1934871957002844)	(31.0, 1.4123261144483086)	(32.0, 1.7240357255769838)	(33.0, 2.044637211508062)	(34.0, 2.3222613025608596)	(35.0, 2.6408868163136265)	(36.0, 3.0415151754663294)	(37.0, 3.3650806196648753)	(38.0, 3.622944988934556)	(39.0, 3.9252687322162507)	(40.0, 4.16189140056908)	(41.0, 4.343186847929181)	(42.0, 4.404441985456844)	(43.0, 4.462733164717041)	(44.0, 4.416297818526715)	(45.0, 4.262665981662979)	(46.0, 4.134227790072716)	(47.0, 3.934654600063231)	(48.0, 3.66493439772368)	(49.0, 3.3976841606070187)	(50.0, 3.094372431236168)	(51.0, 2.8078564653809672)	(52.0, 2.5608599430920016)	(53.0, 2.286199810306671)	(54.0, 2.050071134998419)	(55.0, 1.8638357571925386)	(56.0, 1.7393495099588998)	(57.0, 1.6118993044577934)	(58.0, 1.4864250711349984)	(59.0, 1.380216566550743)	(60.0, 1.262646221941195)	(61.0, 1.1435938981979132)	(62.0, 1.0452892823269049)	(63.0, 0.9563705343028771)	(64.0, 0.8200284539993676)	(65.0, 0.7064100537464433)	(66.0, 0.613045368321214)	(67.0, 0.5231386342080303)	(68.0, 0.4559555801454315)	(69.0, 0.3492530825165982)	(70.0, 0.2613223205817262)	(71.0, 0.20451312045526399)	(72.0, 0.1526438507745811)	(73.0, 0.11905232374328169)	(74.0, 0.08644878280113816)	(75.0, 0.05582121403730635)	(76.0, 0.03457951312045526)	(77.0, 0.022723680050584887)	(78.0, 0.013337812203604173)	(79.0, 0.00889187480240278)	(80.0, 0.006915902624091053)	(81.0, 0.002963958267467594)	(82.0, 0.001481979133733797)	(83.0, 0.0009879860891558647)	(84.0, 0.0)	(85.0, 0.0004939930445779324)	(86.0, 0.0004939930445779324)	(87.0, 0.0)	(88.0, 0.0)	(89.0, 0.0)	(90.0, 0.0)	(91.0, 0.0)	(92.0, 0.0)	(93.0, 0.0)	(94.0, 0.0)	(95.0, 0.0)	(96.0, 0.0)	(97.0, 0.0)	(98.0, 0.0)	(99.0, 0.0)	(100.0, 0.0)
SRR8865593_1	(0.0, 0.0)	(1.0, 0.0)	(2.0, 0.0)	(3.0, 0.0004904845987835981)	(4.0, 0.0004904845987835981)	(5.0, 0.0)	(6.0, 0.0)	(7.0, 0.0)	(8.0, 0.0004904845987835981)	(9.0, 0.0014714537963507945)	(10.0, 0.002942907592701589)	(11.0, 0.003433392191485187)	(12.0, 0.003433392191485187)	(13.0, 0.008338238179321169)	(14.0, 0.018147930154993133)	(15.0, 0.0269766529330979)	(16.0, 0.04218167549538945)	(17.0, 0.06376299784186777)	(18.0, 0.09466352756523445)	(19.0, 0.13537374926427312)	(20.0, 0.19226996272317048)	(21.0, 0.28448106729448697)	(22.0, 0.3511869727290563)	(23.0, 0.4409456543064548)	(24.0, 0.5812242495585639)	(25.0, 0.7126741220325682)	(26.0, 0.8259760643515794)	(27.0, 0.9441828526584265)	(28.0, 1.083970963311752)	(29.0, 1.2737885030410045)	(30.0, 1.4312340592505395)	(31.0, 1.5062782028644301)	(32.0, 1.6038846380223661)	(33.0, 1.7181675495389446)	(34.0, 1.8368648224445752)	(35.0, 1.9359427113988619)	(36.0, 2.0389444771434175)	(37.0, 2.1821659799882283)	(38.0, 2.3199921522464195)	(39.0, 2.4401608789484013)	(40.0, 2.5014714537963507)	(41.0, 2.6275259956837353)	(42.0, 2.7874239748871887)	(43.0, 2.9169119089660587)	(44.0, 3.0552285658230334)	(45.0, 3.1523445163821857)	(46.0, 3.2524033745340395)	(47.0, 3.3343143025309003)	(48.0, 3.3529527172846776)	(49.0, 3.3823817932116933)	(50.0, 3.4010202079654697)	(51.0, 3.3264665489503633)	(52.0, 3.195507161075142)	(53.0, 3.036099666470473)	(54.0, 2.9404551697076715)	(55.0, 2.847263095938788)	(56.0, 2.7084559544830293)	(57.0, 2.651069256425348)	(58.0, 2.5519913674710617)	(59.0, 2.3504021973710025)	(60.0, 2.1502844810672945)	(61.0, 2.0178536393957227)	(62.0, 1.859427113988621)	(63.0, 1.6024131842260154)	(64.0, 1.4091622523052776)	(65.0, 1.2394545811261526)	(66.0, 1.0285462036492055)	(67.0, 0.8480478712968413)	(68.0, 0.6601922699627232)	(69.0, 0.47478909162252303)	(70.0, 0.3766921718658034)	(71.0, 0.28840494408475575)	(72.0, 0.18491269374141653)	(73.0, 0.13144987247400433)	(74.0, 0.10202079654698844)	(75.0, 0.06180105944673338)	(76.0, 0.03531489111241907)	(77.0, 0.023052776142829114)	(78.0, 0.013733568765940748)	(79.0, 0.0053953305866195796)	(80.0, 0.003433392191485187)	(81.0, 0.002452422993917991)	(82.0, 0.0014714537963507945)	(83.0, 0.0014714537963507945)	(84.0, 0.0)	(85.0, 0.0)	(86.0, 0.0)	(87.0, 0.0)	(88.0, 0.0)	(89.0, 0.0)	(90.0, 0.0)	(91.0, 0.0)	(92.0, 0.0)	(93.0, 0.0)	(94.0, 0.0)	(95.0, 0.0)	(96.0, 0.0)	(97.0, 0.0)	(98.0, 0.0)	(99.0, 0.0)	(100.0, 0.0)
SRR8865593_2	(0.0, 0.0)	(1.0, 0.0)	(2.0, 0.0)	(3.0, 0.0004904845987835981)	(4.0, 0.0009809691975671963)	(5.0, 0.0009809691975671963)	(6.0, 0.0004904845987835981)	(7.0, 0.0004904845987835981)	(8.0, 0.0004904845987835981)	(9.0, 0.0009809691975671963)	(10.0, 0.0009809691975671963)	(11.0, 0.002452422993917991)	(12.0, 0.003923876790268785)	(13.0, 0.00784775358053757)	(14.0, 0.01569550716107514)	(15.0, 0.03090052972336669)	(16.0, 0.048557975279576227)	(17.0, 0.060329605650382576)	(18.0, 0.08926819697861488)	(19.0, 0.14273101824602707)	(20.0, 0.20894643908181285)	(21.0, 0.2619187757504414)	(22.0, 0.3286246811850108)	(23.0, 0.43947420051010394)	(24.0, 0.5684716499901903)	(25.0, 0.7200313910143222)	(26.0, 0.8549146556798117)	(27.0, 0.9691975671963899)	(28.0, 1.0908377476947224)	(29.0, 1.2276829507553462)	(30.0, 1.3728663919952913)	(31.0, 1.5018638414753778)	(32.0, 1.6181086913870903)	(33.0, 1.7098293113596235)	(34.0, 1.8422601530311948)	(35.0, 1.9354522268000784)	(36.0, 1.99970570924073)	(37.0, 2.163527565234452)	(38.0, 2.313125367863449)	(39.0, 2.404845987835982)	(40.0, 2.5299195605257996)	(41.0, 2.6628408867961544)	(42.0, 2.80262899744948)	(43.0, 2.9365312929174023)	(44.0, 3.109672356288012)	(45.0, 3.2322935059839124)	(46.0, 3.238669805768099)	(47.0, 3.291151657837944)	(48.0, 3.3029232882087505)	(49.0, 3.3249950951540126)	(50.0, 3.3701196782421032)	(51.0, 3.3328428487345496)	(52.0, 3.192073768883657)	(53.0, 3.065528742397489)	(54.0, 2.990484598783598)	(55.0, 2.905140278595252)	(56.0, 2.773690406121248)	(57.0, 2.5863252893859134)	(58.0, 2.458308809103394)	(59.0, 2.306749068079262)	(60.0, 2.1566607808514813)	(61.0, 2.0109868550127525)	(62.0, 1.8378457916421427)	(63.0, 1.66029036688248)	(64.0, 1.443986658818913)	(65.0, 1.2340592505395331)	(66.0, 1.0206984500686678)	(67.0, 0.8294094565430645)	(68.0, 0.6803021385128507)	(69.0, 0.5110849519325094)	(70.0, 0.36639199529134786)	(71.0, 0.2839905826957033)	(72.0, 0.21090837747694724)	(73.0, 0.15401216401804985)	(74.0, 0.09809691975671965)	(75.0, 0.05885815185403178)	(76.0, 0.04169119089660585)	(77.0, 0.023543260741612712)	(78.0, 0.011771630370806356)	(79.0, 0.006376299784186777)	(80.0, 0.003433392191485187)	(81.0, 0.0019619383951343925)	(82.0, 0.0014714537963507945)	(83.0, 0.0)	(84.0, 0.0)	(85.0, 0.0)	(86.0, 0.0)	(87.0, 0.0)	(88.0, 0.0)	(89.0, 0.0)	(90.0, 0.0)	(91.0, 0.0)	(92.0, 0.0)	(93.0, 0.0)	(94.0, 0.0)	(95.0, 0.0)	(96.0, 0.0)	(97.0, 0.0)	(98.0, 0.0)	(99.0, 0.0)	(100.0, 0.0)
SRR8865594_1	(0.0, 0.0)	(1.0, 0.0)	(2.0, 0.0)	(3.0, 0.0)	(4.0, 0.0)	(5.0, 0.0)	(6.0, 0.0)	(7.0, 0.0)	(8.0, 0.0)	(9.0, 0.0)	(10.0, 0.0)	(11.0, 0.0)	(12.0, 0.0)	(13.0, 0.0)	(14.0, 0.001975874571482202)	(15.0, 0.005433655071576056)	(16.0, 0.00839746692879936)	(17.0, 0.011855247428893214)	(18.0, 0.01778287114333982)	(19.0, 0.028650181286491935)	(20.0, 0.034083836358067984)	(21.0, 0.062240049001689376)	(22.0, 0.10422738364568616)	(23.0, 0.1378172513608836)	(24.0, 0.18178046057636263)	(25.0, 0.24747829007814587)	(26.0, 0.33491073986623326)	(27.0, 0.4485235277264599)	(28.0, 0.581401092658638)	(29.0, 0.7414469329486965)	(30.0, 0.9582991671688681)	(31.0, 1.2294879521048003)	(32.0, 1.4483160608964543)	(33.0, 1.6962883196174707)	(34.0, 2.023295561197775)	(35.0, 2.3191827782772347)	(36.0, 2.6535995495005977)	(37.0, 2.9089813378646725)	(38.0, 3.102123077227058)	(39.0, 3.280445757303326)	(40.0, 3.419250945949951)	(41.0, 3.4953221169520163)	(42.0, 3.4266604755930095)	(43.0, 3.3920826705920706)	(44.0, 3.3456496181622395)	(45.0, 3.2320368303020124)	(46.0, 3.1347250076565136)	(47.0, 3.0561839934400963)	(48.0, 3.040376996868239)	(49.0, 2.955414390294504)	(50.0, 2.9089813378646725)	(51.0, 2.9307159581509765)	(52.0, 2.860078442220488)	(53.0, 2.8704517837207693)	(54.0, 2.88922259214985)	(55.0, 2.8403196965056656)	(56.0, 2.737574218788591)	(57.0, 2.702008476501912)	(58.0, 2.6343347724286463)	(59.0, 2.3769771094930894)	(60.0, 2.156667094772824)	(61.0, 2.0395965264125033)	(62.0, 1.87510496833661)	(63.0, 1.65084320447338)	(64.0, 1.459677339682477)	(65.0, 1.3011134053210303)	(66.0, 1.1059957913871628)	(67.0, 0.8960591181671788)	(68.0, 0.7286037482340622)	(69.0, 0.5552207545864989)	(70.0, 0.43024668794024956)	(71.0, 0.3270072415803045)	(72.0, 0.23265923079202933)	(73.0, 0.15461218521848233)	(74.0, 0.10570928957429782)	(75.0, 0.07261339050197094)	(76.0, 0.0400114600725146)	(77.0, 0.024698432143527526)	(78.0, 0.013337153357504867)	(79.0, 0.00839746692879936)	(80.0, 0.004445717785834955)	(81.0, 0.0004939686428705505)	(82.0, 0.0004939686428705505)	(83.0, 0.0)	(84.0, 0.0)	(85.0, 0.0)	(86.0, 0.0)	(87.0, 0.0)	(88.0, 0.0)	(89.0, 0.0)	(90.0, 0.0)	(91.0, 0.0)	(92.0, 0.0)	(93.0, 0.0)	(94.0, 0.0)	(95.0, 0.0)	(96.0, 0.0)	(97.0, 0.0)	(98.0, 0.0)	(99.0, 0.0)	(100.0, 0.0)
SRR8865594_2	(0.0, 0.0)	(1.0, 0.0)	(2.0, 0.0)	(3.0, 0.0)	(4.0, 0.0)	(5.0, 0.0)	(6.0, 0.0)	(7.0, 0.0)	(8.0, 0.0)	(9.0, 0.0)	(10.0, 0.0)	(11.0, 0.0004940369737271138)	(12.0, 0.0004940369737271138)	(13.0, 0.0004940369737271138)	(14.0, 0.001976147894908455)	(15.0, 0.002964221842362682)	(16.0, 0.00395229578981691)	(17.0, 0.009880739474542275)	(18.0, 0.014327072238086297)	(19.0, 0.024207811712628573)	(20.0, 0.046933512504075806)	(21.0, 0.06718902842688747)	(22.0, 0.09436106198187873)	(23.0, 0.1437647593545901)	(24.0, 0.19119230883239302)	(25.0, 0.27468455739227526)	(26.0, 0.37645617398006065)	(27.0, 0.45451401582894463)	(28.0, 0.5765411483395417)	(29.0, 0.7514302370389401)	(30.0, 0.9441046567925144)	(31.0, 1.1827245151027101)	(32.0, 1.4223324473603605)	(33.0, 1.645143122511289)	(34.0, 1.9993676326736294)	(35.0, 2.380270139417234)	(36.0, 2.617901923779976)	(37.0, 2.8673905955121683)	(38.0, 3.1247838588239945)	(39.0, 3.2769472467319454)	(40.0, 3.4177477842441726)	(41.0, 3.5042042546464174)	(42.0, 3.459246890037251)	(43.0, 3.4434377068779822)	(44.0, 3.3890936397680003)	(45.0, 3.232483919096505)	(46.0, 3.1529439663264403)	(47.0, 3.154920114221348)	(48.0, 3.061547126186924)	(49.0, 2.914324108016244)	(50.0, 2.8476291165630836)	(51.0, 2.8614621518274426)	(52.0, 2.8960447399883407)	(53.0, 2.9083956643315187)	(54.0, 2.910371812226427)	(55.0, 2.81057634353355)	(56.0, 2.701394172339858)	(57.0, 2.6480381791773295)	(58.0, 2.5566413390378138)	(59.0, 2.413864653630678)	(60.0, 2.242433823747369)	(61.0, 2.0334561838608)	(62.0, 1.8353473573962276)	(63.0, 1.7064037072534506)	(64.0, 1.516199472368512)	(65.0, 1.2602883199778672)	(66.0, 1.0424180145642101)	(67.0, 0.8808679241554438)	(68.0, 0.7390793126957621)	(69.0, 0.5676484828124537)	(70.0, 0.421413538589228)	(71.0, 0.3166777001590799)	(72.0, 0.24109004317883148)	(73.0, 0.16649046014603733)	(74.0, 0.09930143171914985)	(75.0, 0.06916517632179593)	(76.0, 0.04347525368798601)	(77.0, 0.01877340500163032)	(78.0, 0.006916517632179593)	(79.0, 0.00395229578981691)	(80.0, 0.0034582588160897965)	(81.0, 0.0024701848686355687)	(82.0, 0.001482110921181341)	(83.0, 0.0)	(84.0, 0.0)	(85.0, 0.0)	(86.0, 0.0)	(87.0, 0.0)	(88.0, 0.0)	(89.0, 0.0)	(90.0, 0.0)	(91.0, 0.0)	(92.0, 0.0)	(93.0, 0.0)	(94.0, 0.0)	(95.0, 0.0)	(96.0, 0.0)	(97.0, 0.0)	(98.0, 0.0)	(99.0, 0.0)	(100.0, 0.0)
SRR8865595_1	(0.0, 0.0)	(1.0, 0.0)	(2.0, 0.0)	(3.0, 0.0)	(4.0, 0.0)	(5.0, 0.0)	(6.0, 0.0)	(7.0, 0.0)	(8.0, 0.0004948045522018803)	(9.0, 0.0004948045522018803)	(10.0, 0.0)	(11.0, 0.0014844136566056407)	(12.0, 0.002474022761009401)	(13.0, 0.004948045522018802)	(14.0, 0.009401286491835725)	(15.0, 0.014844136566056407)	(16.0, 0.01929737753587333)	(17.0, 0.020286986640277088)	(18.0, 0.03958436417615042)	(19.0, 0.06679861454725385)	(20.0, 0.0801583374567046)	(21.0, 0.09846610588817417)	(22.0, 0.14596734289955468)	(23.0, 0.21919841662543293)	(24.0, 0.3176645225136071)	(25.0, 0.44037605145967346)	(26.0, 0.5353785254824345)	(27.0, 0.6422563087580405)	(28.0, 0.8114794656110835)	(29.0, 1.003958436417615)	(30.0, 1.17367639782286)	(31.0, 1.2939139040079168)	(32.0, 1.4314695695200397)	(33.0, 1.6561108362196935)	(34.0, 1.8574962889658584)	(35.0, 2.012370113805047)	(36.0, 2.256308758040574)	(37.0, 2.515091538842157)	(38.0, 2.7545769421078674)	(39.0, 3.022266204849085)	(40.0, 3.3181593270658087)	(41.0, 3.549727857496289)	(42.0, 3.7461652647204358)	(43.0, 3.938149430974765)	(44.0, 4.1073725878278085)	(45.0, 4.194952993567541)	(46.0, 4.144977733795151)	(47.0, 4.182582879762494)	(48.0, 4.210786739238001)	(49.0, 4.088570014844136)	(50.0, 3.9970311726867886)	(51.0, 3.870361207323107)	(52.0, 3.728352300841168)	(53.0, 3.5353785254824346)	(54.0, 3.2538347352795647)	(55.0, 2.9980207817911926)	(56.0, 2.7026224641266703)	(57.0, 2.3236021771400295)	(58.0, 1.938149430974765)	(59.0, 1.657100445324097)	(60.0, 1.4121721919841663)	(61.0, 1.1479465611083621)	(62.0, 0.8807521029193469)	(63.0, 0.6630380999505195)	(64.0, 0.5239980207817913)	(65.0, 0.4106877783275606)	(66.0, 0.29193468579910936)	(67.0, 0.21177634834240477)	(68.0, 0.15982187036120732)	(69.0, 0.11380504700643246)	(70.0, 0.08164275111331024)	(71.0, 0.05739732805541811)	(72.0, 0.03908955962394854)	(73.0, 0.027214250371103414)	(74.0, 0.01583374567046017)	(75.0, 0.010885700148441365)	(76.0, 0.008906481939633844)	(77.0, 0.004948045522018802)	(78.0, 0.002474022761009401)	(79.0, 0.0009896091044037606)	(80.0, 0.0004948045522018803)	(81.0, 0.0)	(82.0, 0.0)	(83.0, 0.0)	(84.0, 0.0)	(85.0, 0.0)	(86.0, 0.0)	(87.0, 0.0)	(88.0, 0.0)	(89.0, 0.0)	(90.0, 0.0)	(91.0, 0.0)	(92.0, 0.0)	(93.0, 0.0)	(94.0, 0.0)	(95.0, 0.0)	(96.0, 0.0)	(97.0, 0.0)	(98.0, 0.0)	(99.0, 0.0)	(100.0, 0.0)
SRR8865595_2	(0.0, 0.0)	(1.0, 0.0)	(2.0, 0.0)	(3.0, 0.0)	(4.0, 0.0)	(5.0, 0.0)	(6.0, 0.0)	(7.0, 0.0)	(8.0, 0.0)	(9.0, 0.0)	(10.0, 0.0)	(11.0, 0.0)	(12.0, 0.0039582405620701595)	(13.0, 0.00692692098362278)	(14.0, 0.007916481124140319)	(15.0, 0.012369501756469248)	(16.0, 0.01632774231853941)	(17.0, 0.026223343723714806)	(18.0, 0.04304586611251299)	(19.0, 0.06234228885260502)	(20.0, 0.08460739201424966)	(21.0, 0.11528375637029341)	(22.0, 0.16377220325565287)	(23.0, 0.22809361238929296)	(24.0, 0.32408094601949433)	(25.0, 0.44381772302211664)	(26.0, 0.5630597199544802)	(27.0, 0.6793330364652911)	(28.0, 0.8208401365592994)	(29.0, 0.9930236010093513)	(30.0, 1.144426302508535)	(31.0, 1.3151254267478107)	(32.0, 1.5244173964672703)	(33.0, 1.6857156993716291)	(34.0, 1.8000098956014052)	(35.0, 1.9712037999109397)	(36.0, 2.2082034535648902)	(37.0, 2.5347582999356786)	(38.0, 2.8637870466577606)	(39.0, 3.0859432982039485)	(40.0, 3.314036910593241)	(41.0, 3.508980258275197)	(42.0, 3.6475186779476525)	(43.0, 3.787541437830884)	(44.0, 3.9953490673395673)	(45.0, 4.158626490524962)	(46.0, 4.185344614318935)	(47.0, 4.188808074810747)	(48.0, 4.136361387363317)	(49.0, 4.125971005887883)	(50.0, 4.077482559002523)	(51.0, 3.9038147543416954)	(52.0, 3.6979862451140466)	(53.0, 3.5248132205234777)	(54.0, 3.2610954430755528)	(55.0, 2.896937311365098)	(56.0, 2.648557716095196)	(57.0, 2.343278412745535)	(58.0, 2.004848844688536)	(59.0, 1.6961060808470634)	(60.0, 1.3710355746870515)	(61.0, 1.1043491168175747)	(62.0, 0.9103953292761366)	(63.0, 0.7327692840532384)	(64.0, 0.569986640938103)	(65.0, 0.41314135866607293)	(66.0, 0.28994112117163917)	(67.0, 0.23749443372420959)	(68.0, 0.1781208252931572)	(69.0, 0.1251793577754688)	(70.0, 0.07768047103062689)	(71.0, 0.04403542625303053)	(72.0, 0.037108505269407746)	(73.0, 0.029686804215526198)	(74.0, 0.01731730245905695)	(75.0, 0.012864281826728021)	(76.0, 0.007916481124140319)	(77.0, 0.0039582405620701595)	(78.0, 0.00247390035129385)	(79.0, 0.0014843402107763098)	(80.0, 0.0009895601405175399)	(81.0, 0.0)	(82.0, 0.0)	(83.0, 0.0)	(84.0, 0.0)	(85.0, 0.0)	(86.0, 0.0)	(87.0, 0.0)	(88.0, 0.0)	(89.0, 0.0)	(90.0, 0.0)	(91.0, 0.0)	(92.0, 0.0)	(93.0, 0.0)	(94.0, 0.0)	(95.0, 0.0)	(96.0, 0.0)	(97.0, 0.0)	(98.0, 0.0)	(99.0, 0.0)	(100.0, 0.0)
SRR8865596_1	(0.0, 0.0)	(1.0, 0.0)	(2.0, 0.0)	(3.0, 0.0)	(4.0, 0.0)	(5.0, 0.0)	(6.0, 0.0)	(7.0, 0.0)	(8.0, 0.0)	(9.0, 0.0)	(10.0, 0.0)	(11.0, 0.0)	(12.0, 0.0)	(13.0, 0.0)	(14.0, 0.0)	(15.0, 0.0004924604308043849)	(16.0, 0.003939683446435079)	(17.0, 0.0064019856004570025)	(18.0, 0.007879366892870159)	(19.0, 0.012311510770109623)	(20.0, 0.020683338093784163)	(21.0, 0.034964690587111324)	(22.0, 0.050230963942047256)	(23.0, 0.0812559710827235)	(24.0, 0.1236075681319006)	(25.0, 0.15610995656499)	(26.0, 0.19599925146014519)	(27.0, 0.26888339521919413)	(28.0, 0.3521092080251352)	(29.0, 0.42597827264579285)	(30.0, 0.5259477400990831)	(31.0, 0.6584195959854625)	(32.0, 0.802218041780343)	(33.0, 0.9538958544680934)	(34.0, 1.0878450916468863)	(35.0, 1.2799046596605963)	(36.0, 1.4286277097635205)	(37.0, 1.5345067023864634)	(38.0, 1.7068678531679977)	(39.0, 1.8649476514562053)	(40.0, 2.045680629561415)	(41.0, 2.2589159960997134)	(42.0, 2.426352542573204)	(43.0, 2.5662113049216497)	(44.0, 2.8217982685091254)	(45.0, 3.0010538653219214)	(46.0, 3.08624951985108)	(47.0, 3.2989924259585743)	(48.0, 3.559996454284898)	(49.0, 3.856457633629138)	(50.0, 4.157350956850617)	(51.0, 4.370586323388916)	(52.0, 4.497641114536447)	(53.0, 4.546394697186082)	(54.0, 4.519801833922645)	(55.0, 4.4547970570564654)	(56.0, 4.257320424303908)	(57.0, 3.9116132018792293)	(58.0, 3.533403591021461)	(59.0, 3.165535649210586)	(60.0, 2.807516916015798)	(61.0, 2.4667342978991638)	(62.0, 2.1643635933852714)	(63.0, 1.8373698673311598)	(64.0, 1.5192404290315273)	(65.0, 1.24887965251992)	(66.0, 1.023825235642316)	(67.0, 0.8376751927982586)	(68.0, 0.630841811860417)	(69.0, 0.46094296323290423)	(70.0, 0.3486619850095045)	(71.0, 0.26001910746471524)	(72.0, 0.1822103593976224)	(73.0, 0.11228097822339975)	(74.0, 0.07731628763628842)	(75.0, 0.04629128049561218)	(76.0, 0.02216071938619732)	(77.0, 0.01329643163171839)	(78.0, 0.008371827323674544)	(79.0, 0.007386906462065773)	(80.0, 0.003939683446435079)	(81.0, 0.0004924604308043849)	(82.0, 0.0)	(83.0, 0.0)	(84.0, 0.0)	(85.0, 0.0)	(86.0, 0.0)	(87.0, 0.0)	(88.0, 0.0)	(89.0, 0.0)	(90.0, 0.0)	(91.0, 0.0)	(92.0, 0.0)	(93.0, 0.0)	(94.0, 0.0)	(95.0, 0.0)	(96.0, 0.0)	(97.0, 0.0)	(98.0, 0.0)	(99.0, 0.0)	(100.0, 0.0)
SRR8865596_2	(0.0, 0.0)	(1.0, 0.0)	(2.0, 0.0)	(3.0, 0.0)	(4.0, 0.0)	(5.0, 0.0)	(6.0, 0.0)	(7.0, 0.0)	(8.0, 0.0)	(9.0, 0.0)	(10.0, 0.0)	(11.0, 0.0)	(12.0, 0.0)	(13.0, 0.0)	(14.0, 0.0004925137903861309)	(15.0, 0.0009850275807722617)	(16.0, 0.004432624113475178)	(17.0, 0.006895193065405832)	(18.0, 0.004925137903861308)	(19.0, 0.012312844759653269)	(20.0, 0.024625689519306538)	(21.0, 0.03644602048857368)	(22.0, 0.05368400315208826)	(23.0, 0.08421985815602837)	(24.0, 0.12263593380614657)	(25.0, 0.1585894405043341)	(26.0, 0.19651300236406619)	(27.0, 0.2565996847911741)	(28.0, 0.33786446020488575)	(29.0, 0.4422773837667455)	(30.0, 0.5565405831363278)	(31.0, 0.6629235618597321)	(32.0, 0.7702915681639085)	(33.0, 0.9037628053585499)	(34.0, 1.05397951142632)	(35.0, 1.2573877068557922)	(36.0, 1.4632584712371948)	(37.0, 1.5922970843183608)	(38.0, 1.7060677698975573)	(39.0, 1.8518518518518516)	(40.0, 2.055260047281324)	(41.0, 2.2271473601260836)	(42.0, 2.399527186761229)	(43.0, 2.5876674546887313)	(44.0, 2.7570921985815606)	(45.0, 2.9279944838455476)	(46.0, 3.116627265563436)	(47.0, 3.3934200157604413)	(48.0, 3.6180063041765167)	(49.0, 3.8031914893617023)	(50.0, 4.0785066981875495)	(51.0, 4.367612293144208)	(52.0, 4.459712371946415)	(53.0, 4.515366430260047)	(54.0, 4.587273443656422)	(55.0, 4.461189913317573)	(56.0, 4.232171000788022)	(57.0, 3.938632781717888)	(58.0, 3.574665090622538)	(59.0, 3.210697399527187)	(60.0, 2.8629826635145785)	(61.0, 2.5374310480693456)	(62.0, 2.127659574468085)	(63.0, 1.8016154452324666)	(64.0, 1.5455082742316784)	(65.0, 1.2529550827423168)	(66.0, 1.047084318360914)	(67.0, 0.8239755713159969)	(68.0, 0.6092395587076438)	(69.0, 0.4398148148148148)	(70.0, 0.338849487785658)	(71.0, 0.256107171000788)	(72.0, 0.17779747832939322)	(73.0, 0.11771079590228525)	(74.0, 0.07338455476753349)	(75.0, 0.04038613081166272)	(76.0, 0.027088258471237196)	(77.0, 0.021178092986603624)	(78.0, 0.010835303388494878)	(79.0, 0.006895193065405832)	(80.0, 0.004432624113475178)	(81.0, 0.002462568951930654)	(82.0, 0.0009850275807722617)	(83.0, 0.0)	(84.0, 0.0)	(85.0, 0.0)	(86.0, 0.0)	(87.0, 0.0)	(88.0, 0.0)	(89.0, 0.0)	(90.0, 0.0)	(91.0, 0.0)	(92.0, 0.0)	(93.0, 0.0)	(94.0, 0.0)	(95.0, 0.0)	(96.0, 0.0)	(97.0, 0.0)	(98.0, 0.0)	(99.0, 0.0)	(100.0, 0.0)
SRR8865597_1	(0.0, 0.0)	(1.0, 0.0)	(2.0, 0.0)	(3.0, 0.0)	(4.0, 0.0)	(5.0, 0.0)	(6.0, 0.0)	(7.0, 0.0)	(8.0, 0.0)	(9.0, 0.0014676098505973171)	(10.0, 0.0014676098505973171)	(11.0, 0.0029352197011946342)	(12.0, 0.0058704394023892685)	(13.0, 0.01027326895418122)	(14.0, 0.017611318207167805)	(15.0, 0.028373790444881468)	(16.0, 0.03864705939906268)	(17.0, 0.06555323999334683)	(18.0, 0.1164303814807205)	(19.0, 0.16437230326689953)	(20.0, 0.22894713669318148)	(21.0, 0.3277661999667342)	(22.0, 0.43783693876153296)	(23.0, 0.5934035829248485)	(24.0, 0.7734303912647862)	(25.0, 0.9084504975197394)	(26.0, 1.0527654661618089)	(27.0, 1.2714393339008092)	(28.0, 1.4881563885056797)	(29.0, 1.613392429089984)	(30.0, 1.6720968231138766)	(31.0, 1.7924408308628565)	(32.0, 1.8667997299597876)	(33.0, 1.8804974218986958)	(34.0, 1.9250149207001477)	(35.0, 1.9548563209956265)	(36.0, 1.986654534425235)	(37.0, 2.0507401645679844)	(38.0, 2.109444558591877)	(39.0, 2.12803428336611)	(40.0, 2.179400628137016)	(41.0, 2.2165800776854816)	(42.0, 2.24837829111509)	(43.0, 2.352089387223967)	(44.0, 2.479282240942401)	(45.0, 2.602561468392576)	(46.0, 2.742962810766386)	(47.0, 2.8672204447836256)	(48.0, 3.0467580498400304)	(49.0, 3.2654319175790305)	(50.0, 3.477746142632109)	(51.0, 3.6523917148531897)	(52.0, 3.6998444333558367)	(53.0, 3.7923038539434675)	(54.0, 3.8236128640895437)	(55.0, 3.7262614106665883)	(56.0, 3.53596133337247)	(57.0, 3.2879352686215233)	(58.0, 3.0257223086481355)	(59.0, 2.678877180623636)	(60.0, 2.296320212901269)	(61.0, 1.9122956353283043)	(62.0, 1.563004490886143)	(63.0, 1.2205621924134353)	(64.0, 0.9578600291565157)	(65.0, 0.7675599518623969)	(66.0, 0.5743246548670835)	(67.0, 0.4344125157768059)	(68.0, 0.33363663936912347)	(69.0, 0.22111988415666248)	(70.0, 0.15996947371510756)	(71.0, 0.11789799133131783)	(72.0, 0.07778332208165782)	(73.0, 0.05430156447210074)	(74.0, 0.03473343313080317)	(75.0, 0.022992554326024636)	(76.0, 0.01565450507303805)	(77.0, 0.009784065670648781)	(78.0, 0.004402829551791951)	(79.0, 0.0024460164176621953)	(80.0, 0.0009784065670648782)	(81.0, 0.0009784065670648782)	(82.0, 0.0004892032835324391)	(83.0, 0.0)	(84.0, 0.0)	(85.0, 0.0)	(86.0, 0.0)	(87.0, 0.0)	(88.0, 0.0)	(89.0, 0.0)	(90.0, 0.0)	(91.0, 0.0)	(92.0, 0.0)	(93.0, 0.0)	(94.0, 0.0)	(95.0, 0.0)	(96.0, 0.0)	(97.0, 0.0)	(98.0, 0.0)	(99.0, 0.0)	(100.0, 0.0)
SRR8865597_2	(0.0, 0.0)	(1.0, 0.0)	(2.0, 0.0)	(3.0, 0.0)	(4.0, 0.0)	(5.0, 0.0)	(6.0, 0.0)	(7.0, 0.0)	(8.0, 0.0)	(9.0, 0.0)	(10.0, 0.0004892894538551115)	(11.0, 0.001467868361565335)	(12.0, 0.003425026176985781)	(13.0, 0.009785789077102232)	(14.0, 0.014189394161798237)	(15.0, 0.022018025423480022)	(16.0, 0.04697178757009072)	(17.0, 0.09198641732476098)	(18.0, 0.12476881073305347)	(19.0, 0.16195480922604194)	(20.0, 0.2231159909579309)	(21.0, 0.3327168286214759)	(22.0, 0.46042137607766)	(23.0, 0.5866580551722788)	(24.0, 0.7334448913288123)	(25.0, 0.8968675689164195)	(26.0, 1.0764367984812455)	(27.0, 1.266770396030884)	(28.0, 1.4448717572341447)	(29.0, 1.5711084363287633)	(30.0, 1.696855825969527)	(31.0, 1.84168550431064)	(32.0, 1.8984430809578332)	(33.0, 1.9385648161739524)	(34.0, 1.9840687353824775)	(35.0, 2.0090224975290885)	(36.0, 2.0344655491295542)	(37.0, 2.065290784722426)	(38.0, 2.1729344645705506)	(39.0, 2.216970515417511)	(40.0, 2.2287134623100338)	(41.0, 2.261985145172181)	(42.0, 2.328528510896476)	(43.0, 2.4400865063754416)	(44.0, 2.5399015549618844)	(45.0, 2.578555421816438)	(46.0, 2.6940277329262448)	(47.0, 2.8647897523216783)	(48.0, 3.0805664014717826)	(49.0, 3.321786102222353)	(50.0, 3.5008660423333233)	(51.0, 3.6750530879057433)	(52.0, 3.7968861619156664)	(53.0, 3.898658368317529)	(54.0, 3.8291792658701036)	(55.0, 3.6461850101282915)	(56.0, 3.455362123124798)	(57.0, 3.242521210697825)	(58.0, 2.923504486784292)	(59.0, 2.5536016596698277)	(60.0, 2.204738279071133)	(61.0, 1.8661499770033958)	(62.0, 1.4747184139193064)	(63.0, 1.1185156915127852)	(64.0, 0.9066533579935218)	(65.0, 0.6908767088434176)	(66.0, 0.5025002691091995)	(67.0, 0.38409222127626264)	(68.0, 0.306784487567155)	(69.0, 0.23828396402743937)	(70.0, 0.17956922956482596)	(71.0, 0.11155799547896544)	(72.0, 0.07143626026284629)	(73.0, 0.061650471185744064)	(74.0, 0.03914315630840893)	(75.0, 0.020550157061914688)	(76.0, 0.01516797306950846)	(77.0, 0.008807210169392008)	(78.0, 0.005382183992406228)	(79.0, 0.003425026176985781)	(80.0, 0.001467868361565335)	(81.0, 0.0)	(82.0, 0.0)	(83.0, 0.0)	(84.0, 0.0)	(85.0, 0.0)	(86.0, 0.0)	(87.0, 0.0)	(88.0, 0.0)	(89.0, 0.0)	(90.0, 0.0)	(91.0, 0.0)	(92.0, 0.0)	(93.0, 0.0)	(94.0, 0.0)	(95.0, 0.0)	(96.0, 0.0)	(97.0, 0.0)	(98.0, 0.0)	(99.0, 0.0)	(100.0, 0.0)
SRR8865598_1	(0.0, 0.0)	(1.0, 0.0)	(2.0, 0.0)	(3.0, 0.0)	(4.0, 0.0)	(5.0, 0.0)	(6.0, 0.0)	(7.0, 0.0)	(8.0, 0.00048495194126262086)	(9.0, 0.00048495194126262086)	(10.0, 0.00048495194126262086)	(11.0, 0.0009699038825252417)	(12.0, 0.0009699038825252417)	(13.0, 0.0009699038825252417)	(14.0, 0.0009699038825252417)	(15.0, 0.002424759706313104)	(16.0, 0.004364567471363588)	(17.0, 0.007274279118939314)	(18.0, 0.01600341406166649)	(19.0, 0.024732549004393665)	(20.0, 0.04364567471363588)	(21.0, 0.07322774313065576)	(22.0, 0.10523457125398872)	(23.0, 0.13869625520110956)	(24.0, 0.20513467115408865)	(25.0, 0.2890313569925221)	(26.0, 0.39232612048146026)	(27.0, 0.5019252592068126)	(28.0, 0.6260729561700435)	(29.0, 0.7681638749599915)	(30.0, 0.9272281116941311)	(31.0, 1.1246035517880177)	(32.0, 1.3602901952416515)	(33.0, 1.6357428978788204)	(34.0, 1.8927674267480092)	(35.0, 2.183253639564319)	(36.0, 2.5125360076816388)	(37.0, 2.8520023665654737)	(38.0, 3.1774051191526915)	(39.0, 3.5265705168617787)	(40.0, 3.8136620660892504)	(41.0, 4.009097698418087)	(42.0, 4.096873999786621)	(43.0, 4.219081888984801)	(44.0, 4.356323288362123)	(45.0, 4.268062035052327)	(46.0, 4.144884241971621)	(47.0, 4.005703034829248)	(48.0, 3.887374761161169)	(49.0, 3.7258857647207164)	(50.0, 3.545968594512284)	(51.0, 3.357807241302387)	(52.0, 3.1681910322687026)	(53.0, 3.015916122712239)	(54.0, 2.7928382297314336)	(55.0, 2.5687904328681026)	(56.0, 2.323889702530479)	(57.0, 2.0804438280166435)	(58.0, 1.8607605986246765)	(59.0, 1.6386526095263958)	(60.0, 1.4092703413091763)	(61.0, 1.235657546337158)	(62.0, 1.0736835979554427)	(63.0, 0.9214086883989796)	(64.0, 0.8050202224959507)	(65.0, 0.6745681502963057)	(66.0, 0.5814573775738825)	(67.0, 0.49222622038156016)	(68.0, 0.3831120335974705)	(69.0, 0.3089143865842895)	(70.0, 0.24926529780898715)	(71.0, 0.1862215454448464)	(72.0, 0.13287683190595811)	(73.0, 0.09505058048747368)	(74.0, 0.06886317565929216)	(75.0, 0.04267577083111064)	(76.0, 0.02715730871070677)	(77.0, 0.01648836600292911)	(78.0, 0.007759231060201934)	(79.0, 0.00533447135388883)	(80.0, 0.003879615530100967)	(81.0, 0.0014548558237878625)	(82.0, 0.0009699038825252417)	(83.0, 0.00048495194126262086)	(84.0, 0.0)	(85.0, 0.0)	(86.0, 0.0)	(87.0, 0.0)	(88.0, 0.0)	(89.0, 0.0)	(90.0, 0.0)	(91.0, 0.0)	(92.0, 0.0)	(93.0, 0.0)	(94.0, 0.0)	(95.0, 0.0)	(96.0, 0.0)	(97.0, 0.0)	(98.0, 0.0)	(99.0, 0.0)	(100.0, 0.0)
SRR8865598_2	(0.0, 0.0)	(1.0, 0.0)	(2.0, 0.0)	(3.0, 0.0)	(4.0, 0.0)	(5.0, 0.0)	(6.0, 0.0)	(7.0, 0.0)	(8.0, 0.0004849613485805182)	(9.0, 0.0009699226971610364)	(10.0, 0.0004849613485805182)	(11.0, 0.0009699226971610364)	(12.0, 0.0019398453943220728)	(13.0, 0.0014548840457415542)	(14.0, 0.0009699226971610364)	(15.0, 0.002424806742902591)	(16.0, 0.004849613485805182)	(17.0, 0.007274420228707772)	(18.0, 0.013093956411673989)	(19.0, 0.022308222034703836)	(20.0, 0.04413148272082715)	(21.0, 0.07128931824133616)	(22.0, 0.10232684455048933)	(23.0, 0.13578917760254508)	(24.0, 0.2031988050552371)	(25.0, 0.29146177049689137)	(26.0, 0.375360083801321)	(27.0, 0.494175614203548)	(28.0, 0.6207505261830633)	(29.0, 0.7288969069165188)	(30.0, 0.8996033016168612)	(31.0, 1.1396591691642177)	(32.0, 1.3932939544718286)	(33.0, 1.6411092035964734)	(34.0, 1.8845598005838935)	(35.0, 2.1702020348978186)	(36.0, 2.5256787034073387)	(37.0, 2.880670410568278)	(38.0, 3.2322673882891535)	(39.0, 3.5562215691409396)	(40.0, 3.7434166496930197)	(41.0, 3.983957478588956)	(42.0, 4.283663592011717)	(43.0, 4.384535552516464)	(44.0, 4.321490577200997)	(45.0, 4.256505756491208)	(46.0, 4.170667597792456)	(47.0, 4.051852067390229)	(48.0, 3.908788469558976)	(49.0, 3.746326417784503)	(50.0, 3.5450674581235875)	(51.0, 3.3355641555368036)	(52.0, 3.2012298619800004)	(53.0, 3.0319783513253995)	(54.0, 2.750700769148699)	(55.0, 2.488821640915219)	(56.0, 2.313750594077652)	(57.0, 2.079029301364681)	(58.0, 1.8312140522400364)	(59.0, 1.6095867159387396)	(60.0, 1.3821398434544767)	(61.0, 1.2065838352683291)	(62.0, 1.0513962037225633)	(63.0, 0.8831146157651235)	(64.0, 0.7730283896373459)	(65.0, 0.6833105401499501)	(66.0, 0.5674047778392063)	(67.0, 0.4650779332887169)	(68.0, 0.36808566357261324)	(69.0, 0.29146177049689137)	(70.0, 0.23763106080445387)	(71.0, 0.18622515785491894)	(72.0, 0.13045460276815937)	(73.0, 0.09456746297320104)	(74.0, 0.06498482070978943)	(75.0, 0.046556289463729736)	(76.0, 0.034917217097797305)	(77.0, 0.018428531246059688)	(78.0, 0.010669149668771399)	(79.0, 0.008244342925868809)	(80.0, 0.004849613485805182)	(81.0, 0.002424806742902591)	(82.0, 0.0009699226971610364)	(83.0, 0.0009699226971610364)	(84.0, 0.0004849613485805182)	(85.0, 0.0)	(86.0, 0.0)	(87.0, 0.0)	(88.0, 0.0)	(89.0, 0.0)	(90.0, 0.0)	(91.0, 0.0)	(92.0, 0.0)	(93.0, 0.0)	(94.0, 0.0)	(95.0, 0.0)	(96.0, 0.0)	(97.0, 0.0)	(98.0, 0.0)	(99.0, 0.0)	(100.0, 0.0)
SRR8865599_1	(0.0, 0.0)	(1.0, 0.0)	(2.0, 0.0)	(3.0, 0.0)	(4.0, 0.0004923052686509851)	(5.0, 0.0004923052686509851)	(6.0, 0.0)	(7.0, 0.0)	(8.0, 0.0)	(9.0, 0.0004923052686509851)	(10.0, 0.0004923052686509851)	(11.0, 0.0004923052686509851)	(12.0, 0.0009846105373019702)	(13.0, 0.0004923052686509851)	(14.0, 0.0024615263432549257)	(15.0, 0.005907663223811821)	(16.0, 0.007876884298415762)	(17.0, 0.009353800104368717)	(18.0, 0.010338410641670686)	(19.0, 0.01919990547738842)	(20.0, 0.02953831611905911)	(21.0, 0.03987672676072979)	(22.0, 0.05907663223811822)	(23.0, 0.06744582180518495)	(24.0, 0.0891072536258283)	(25.0, 0.12947628565520908)	(26.0, 0.18264525466951548)	(27.0, 0.25550643442986126)	(28.0, 0.31901381408583834)	(29.0, 0.4209210046965923)	(30.0, 0.530705079605762)	(31.0, 0.6513198704252533)	(32.0, 0.7876884298415762)	(33.0, 0.9309492630190128)	(34.0, 1.1017791912409047)	(35.0, 1.2691629825822397)	(36.0, 1.4651004795053317)	(37.0, 1.6290381339661097)	(38.0, 1.8062680306804642)	(39.0, 2.04405147543889)	(40.0, 2.250327383003653)	(41.0, 2.46891092228469)	(42.0, 2.73377115681892)	(43.0, 2.9302009590106635)	(44.0, 3.10349241357581)	(45.0, 3.3018914368421566)	(46.0, 3.508659649675571)	(47.0, 3.796658231836397)	(48.0, 3.9793034865059127)	(49.0, 4.059056940027372)	(50.0, 4.2072408258913185)	(51.0, 4.231856089323868)	(52.0, 4.190010141488535)	(53.0, 4.159979520100824)	(54.0, 4.092533698295639)	(55.0, 4.049703139923003)	(56.0, 3.8025658950602086)	(57.0, 3.4328446383033193)	(58.0, 3.1620767405452774)	(59.0, 2.8735858531158)	(60.0, 2.5629412285970283)	(61.0, 2.3015271309433554)	(62.0, 2.012051632976576)	(63.0, 1.7353760719947227)	(64.0, 1.5005464588482027)	(65.0, 1.222393982060396)	(66.0, 1.018579600838888)	(67.0, 0.8379035672439767)	(68.0, 0.660673670529622)	(69.0, 0.5080590372478166)	(70.0, 0.3716904778314938)	(71.0, 0.29587546645924206)	(72.0, 0.22695272884810413)	(73.0, 0.16492226499808002)	(74.0, 0.11372251705837756)	(75.0, 0.08369189567066747)	(76.0, 0.06399968492462806)	(77.0, 0.041353642566682745)	(78.0, 0.027569095044455167)	(79.0, 0.01919990547738842)	(80.0, 0.011815326447623642)	(81.0, 0.009353800104368717)	(82.0, 0.004923052686509851)	(83.0, 0.0004923052686509851)	(84.0, 0.0004923052686509851)	(85.0, 0.0004923052686509851)	(86.0, 0.0004923052686509851)	(87.0, 0.0004923052686509851)	(88.0, 0.0)	(89.0, 0.0)	(90.0, 0.0)	(91.0, 0.0)	(92.0, 0.0)	(93.0, 0.0)	(94.0, 0.0)	(95.0, 0.0)	(96.0, 0.0)	(97.0, 0.0)	(98.0, 0.0)	(99.0, 0.0)	(100.0, 0.0)
SRR8865599_2	(0.0, 0.0)	(1.0, 0.0)	(2.0, 0.0)	(3.0, 0.0004922858802563825)	(4.0, 0.0014768576407691474)	(5.0, 0.000984571760512765)	(6.0, 0.0004922858802563825)	(7.0, 0.0004922858802563825)	(8.0, 0.0004922858802563825)	(9.0, 0.0004922858802563825)	(10.0, 0.0)	(11.0, 0.0004922858802563825)	(12.0, 0.00196914352102553)	(13.0, 0.0014768576407691474)	(14.0, 0.002953715281538295)	(15.0, 0.004430572922307443)	(16.0, 0.005415144682820208)	(17.0, 0.01181486112615318)	(18.0, 0.01575314816820424)	(19.0, 0.024614294012819126)	(20.0, 0.034460011617946776)	(21.0, 0.048244016265125485)	(22.0, 0.05316687506768931)	(23.0, 0.06055116327153505)	(24.0, 0.08467317140409779)	(25.0, 0.11125660893794244)	(26.0, 0.17919206041332322)	(27.0, 0.25254265657152425)	(28.0, 0.3382003997361348)	(29.0, 0.4351807181466421)	(30.0, 0.5415144682820208)	(31.0, 0.6468636466568866)	(32.0, 0.7807654060866226)	(33.0, 0.9461734618527671)	(34.0, 1.0894286530073745)	(35.0, 1.2720667145824922)	(36.0, 1.489164787775557)	(37.0, 1.6402965530142664)	(38.0, 1.795366605295027)	(39.0, 2.0213258243327066)	(40.0, 2.2482696151308987)	(41.0, 2.4835822658934497)	(42.0, 2.695265194403694)	(43.0, 2.8513198184449675)	(44.0, 3.0861401833272617)	(45.0, 3.3042228282808397)	(46.0, 3.48784546161647)	(47.0, 3.7615564110390185)	(48.0, 3.9673319089861865)	(49.0, 4.113048529542076)	(50.0, 4.1996908444672)	(51.0, 4.241535144288991)	(52.0, 4.22135142319848)	(53.0, 4.149477684681048)	(54.0, 4.083511376726693)	(55.0, 3.978162198351827)	(56.0, 3.735957545265687)	(57.0, 3.4538777358787796)	(58.0, 3.250071381452637)	(59.0, 2.8966101194285545)	(60.0, 2.571209152579086)	(61.0, 2.334911930056022)	(62.0, 1.989819527996298)	(63.0, 1.7146317209329802)	(64.0, 1.4807959278111986)	(65.0, 1.2144692665924957)	(66.0, 0.9978634792796873)	(67.0, 0.8309785658727735)	(68.0, 0.6931385194009866)	(69.0, 0.5518524717674047)	(70.0, 0.42090442761920704)	(71.0, 0.31801667864562305)	(72.0, 0.23974322368485826)	(73.0, 0.18608406273691258)	(74.0, 0.1265174712258903)	(75.0, 0.07679659731999568)	(76.0, 0.05415144682820207)	(77.0, 0.034460011617946776)	(78.0, 0.02362972225230636)	(79.0, 0.017230005808973388)	(80.0, 0.008368859964358502)	(81.0, 0.004922858802563825)	(82.0, 0.00196914352102553)	(83.0, 0.000984571760512765)	(84.0, 0.0014768576407691474)	(85.0, 0.0014768576407691474)	(86.0, 0.0004922858802563825)	(87.0, 0.0)	(88.0, 0.0)	(89.0, 0.0)	(90.0, 0.0)	(91.0, 0.0)	(92.0, 0.0)	(93.0, 0.0)	(94.0, 0.0)	(95.0, 0.0)	(96.0, 0.0)	(97.0, 0.0)	(98.0, 0.0)	(99.0, 0.0)	(100.0, 0.0)
SRR8865600_1	(0.0, 0.0)	(1.0, 0.0)	(2.0, 0.0)	(3.0, 0.0)	(4.0, 0.0)	(5.0, 0.0)	(6.0, 0.0)	(7.0, 0.0)	(8.0, 0.0)	(9.0, 0.0004947996556194397)	(10.0, 0.0014843989668583192)	(11.0, 0.0024739982780971983)	(12.0, 0.0014843989668583192)	(13.0, 0.0024739982780971983)	(14.0, 0.004453196900574957)	(15.0, 0.005937595867433277)	(16.0, 0.011875191734866553)	(17.0, 0.019297186569158145)	(18.0, 0.023750383469733106)	(19.0, 0.03809957348269685)	(20.0, 0.05838635936309388)	(21.0, 0.07372514868729652)	(22.0, 0.10935072389189618)	(23.0, 0.15536709186450406)	(24.0, 0.2167222491613146)	(25.0, 0.25927501954458637)	(26.0, 0.3102393840733887)	(27.0, 0.39831372277364896)	(28.0, 0.46907007352722885)	(29.0, 0.5487328180819586)	(30.0, 0.6610523399075714)	(31.0, 0.766444666554512)	(32.0, 0.8906393801149914)	(33.0, 1.005927699874321)	(34.0, 1.1132992251437392)	(35.0, 1.2632235207964295)	(36.0, 1.423538609217128)	(37.0, 1.5838536976378264)	(38.0, 1.7456531850253834)	(39.0, 1.9059682734460817)	(40.0, 2.0791481529128855)	(41.0, 2.2637084244589363)	(42.0, 2.4670710829185265)	(43.0, 2.6699389417224966)	(44.0, 2.8747859991489446)	(45.0, 3.023720695490396)	(46.0, 3.1899733797785275)	(47.0, 3.390367240304401)	(48.0, 3.5670107173605405)	(49.0, 3.7871965641111913)	(50.0, 4.026679597431)	(51.0, 4.167202699626921)	(52.0, 4.23004225589059)	(53.0, 4.267647029717668)	(54.0, 4.244886245559173)	(55.0, 4.20431267379838)	(56.0, 4.095951549217721)	(57.0, 3.8619113121097266)	(58.0, 3.5917507001415125)	(59.0, 3.2414325439629494)	(60.0, 2.8386656242887254)	(61.0, 2.4957694629444536)	(62.0, 2.104382935349477)	(63.0, 1.7263559984562253)	(64.0, 1.459658984077347)	(65.0, 1.2013735638439997)	(66.0, 0.9490257394780854)	(67.0, 0.7610018703426982)	(68.0, 0.603160780200097)	(69.0, 0.47698686801713985)	(70.0, 0.3453701596223689)	(71.0, 0.23601943573047274)	(72.0, 0.16427348566565397)	(73.0, 0.12221551493800162)	(74.0, 0.08213674283282699)	(75.0, 0.04552156831698845)	(76.0, 0.02919317968154694)	(77.0, 0.021771184847255345)	(78.0, 0.010885592423627672)	(79.0, 0.003463597589336078)	(80.0, 0.004453196900574957)	(81.0, 0.0024739982780971983)	(82.0, 0.0004947996556194397)	(83.0, 0.0)	(84.0, 0.0)	(85.0, 0.0)	(86.0, 0.0)	(87.0, 0.0)	(88.0, 0.0)	(89.0, 0.0)	(90.0, 0.0)	(91.0, 0.0)	(92.0, 0.0)	(93.0, 0.0)	(94.0, 0.0)	(95.0, 0.0)	(96.0, 0.0)	(97.0, 0.0)	(98.0, 0.0)	(99.0, 0.0)	(100.0, 0.0)
SRR8865600_2	(0.0, 0.0)	(1.0, 0.0)	(2.0, 0.0)	(3.0, 0.0)	(4.0, 0.0)	(5.0, 0.0)	(6.0, 0.0)	(7.0, 0.0)	(8.0, 0.0)	(9.0, 0.0)	(10.0, 0.0)	(11.0, 0.0009896580731357317)	(12.0, 0.0009896580731357317)	(13.0, 0.0019793161462714633)	(14.0, 0.006432777475382255)	(15.0, 0.006927606511950121)	(16.0, 0.011875896877628779)	(17.0, 0.01979316146271463)	(18.0, 0.02127764857241823)	(19.0, 0.03958632292542926)	(20.0, 0.06630709090009401)	(21.0, 0.08708991043594438)	(22.0, 0.10935721708149834)	(23.0, 0.15240734326290267)	(24.0, 0.2068385372853679)	(25.0, 0.2632490474541046)	(26.0, 0.3345044287198773)	(27.0, 0.4112029293878965)	(28.0, 0.4760255331782869)	(29.0, 0.5769706566381315)	(30.0, 0.6883071898659013)	(31.0, 0.7630263743876491)	(32.0, 0.8788163689445296)	(33.0, 1.047058241377604)	(34.0, 1.146518877727745)	(35.0, 1.2672571626503042)	(36.0, 1.4152110445840962)	(37.0, 1.5498045425305556)	(38.0, 1.7526844475233807)	(39.0, 1.9476470879311198)	(40.0, 2.1351872927903406)	(41.0, 2.331139591271216)	(42.0, 2.514226334801326)	(43.0, 2.655747439259736)	(44.0, 2.802216834083824)	(45.0, 2.9808501162848238)	(46.0, 3.1624523727052303)	(47.0, 3.415804839427978)	(48.0, 3.617695086347667)	(49.0, 3.7102281161858577)	(50.0, 3.850264733534564)	(51.0, 4.029392844772131)	(52.0, 4.152110445840962)	(53.0, 4.24315898856945)	(54.0, 4.249096937008264)	(55.0, 4.169924291157405)	(56.0, 4.090256816269979)	(57.0, 3.8774803305457963)	(58.0, 3.59839675392152)	(59.0, 3.2950665545054187)	(60.0, 2.939284477213123)	(61.0, 2.5859765451036667)	(62.0, 2.1727942995694987)	(63.0, 1.7596120540353306)	(64.0, 1.431045573754268)	(65.0, 1.1989707556039388)	(66.0, 0.9792666633678063)	(67.0, 0.7452125290712059)	(68.0, 0.5853827502597853)	(69.0, 0.4502944232767579)	(70.0, 0.3414320352318274)	(71.0, 0.2518679796130437)	(72.0, 0.15735563362858132)	(73.0, 0.09500717502103023)	(74.0, 0.06432777475382256)	(75.0, 0.04849324558365085)	(76.0, 0.02919491315750408)	(77.0, 0.01286555495076451)	(78.0, 0.008412093621653719)	(79.0, 0.005443119402246524)	(80.0, 0.002474145182839329)	(81.0, 0.0014844871097035974)	(82.0, 0.0019793161462714633)	(83.0, 0.0009896580731357317)	(84.0, 0.0)	(85.0, 0.0)	(86.0, 0.0)	(87.0, 0.0)	(88.0, 0.0)	(89.0, 0.0)	(90.0, 0.0)	(91.0, 0.0)	(92.0, 0.0)	(93.0, 0.0)	(94.0, 0.0)	(95.0, 0.0)	(96.0, 0.0)	(97.0, 0.0)	(98.0, 0.0)	(99.0, 0.0)	(100.0, 0.0)
SRR8865601_1	(0.0, 0.0)	(1.0, 0.0)	(2.0, 0.0)	(3.0, 0.0)	(4.0, 0.0)	(5.0, 0.0)	(6.0, 0.0)	(7.0, 0.0)	(8.0, 0.0004929459435478305)	(9.0, 0.0004929459435478305)	(10.0, 0.0)	(11.0, 0.0)	(12.0, 0.0014788378306434917)	(13.0, 0.0029576756612869834)	(14.0, 0.0029576756612869834)	(15.0, 0.008380081040313118)	(16.0, 0.012816594532243594)	(17.0, 0.01873194585481756)	(18.0, 0.025140243120939355)	(19.0, 0.031055594443513326)	(20.0, 0.03795683765318295)	(21.0, 0.04633691869349607)	(22.0, 0.07197010775798326)	(23.0, 0.10105391842730525)	(24.0, 0.1306306750401751)	(25.0, 0.18337589099979296)	(26.0, 0.25928956630615885)	(27.0, 0.3347102956689769)	(28.0, 0.42541234928177774)	(29.0, 0.5461841054509963)	(30.0, 0.6477309698218493)	(31.0, 0.7492778341927024)	(32.0, 0.8868097524425472)	(33.0, 1.0583549407971922)	(34.0, 1.2663781289743765)	(35.0, 1.4679930198854394)	(36.0, 1.6543265865465193)	(37.0, 1.8805887746349736)	(38.0, 2.105372124892784)	(39.0, 2.323747177884473)	(40.0, 2.5815579063599885)	(41.0, 2.7506383649968944)	(42.0, 2.8926067967386695)	(43.0, 3.1021088227464975)	(44.0, 3.2628092003430904)	(45.0, 3.2874564975204823)	(46.0, 3.3116108487543254)	(47.0, 3.3485817945204133)	(48.0, 3.354497145842987)	(49.0, 3.3574548215042737)	(50.0, 3.2983013082785337)	(51.0, 3.275625794875334)	(52.0, 3.296822470447891)	(53.0, 3.2741469570446906)	(54.0, 3.208585146552829)	(55.0, 3.2189370113673337)	(56.0, 3.2297818221253856)	(57.0, 3.1809801737141505)	(58.0, 3.118868984827124)	(59.0, 3.0010549043191923)	(60.0, 2.924155337125731)	(61.0, 2.8255661484161645)	(62.0, 2.5258550147390837)	(63.0, 2.2133272865297595)	(64.0, 1.9841074227800177)	(65.0, 1.736648559119007)	(66.0, 1.4433457227080477)	(67.0, 1.1653242105470716)	(68.0, 0.9696246709585826)	(69.0, 0.770967455708807)	(70.0, 0.5486488351687354)	(71.0, 0.38696256568504694)	(72.0, 0.2947816742416026)	(73.0, 0.21098086383847148)	(74.0, 0.1350671885321056)	(75.0, 0.08182902662893987)	(76.0, 0.053238161903165694)	(77.0, 0.036970945766087296)	(78.0, 0.02612613500803502)	(79.0, 0.014788378306434917)	(80.0, 0.0073941891532174585)	(81.0, 0.004436513491930475)	(82.0, 0.0024647297177391525)	(83.0, 0.0014788378306434917)	(84.0, 0.000985891887095661)	(85.0, 0.0004929459435478305)	(86.0, 0.0)	(87.0, 0.0)	(88.0, 0.0)	(89.0, 0.0)	(90.0, 0.0)	(91.0, 0.0)	(92.0, 0.0)	(93.0, 0.0)	(94.0, 0.0)	(95.0, 0.0)	(96.0, 0.0)	(97.0, 0.0)	(98.0, 0.0)	(99.0, 0.0)	(100.0, 0.0)
SRR8865601_2	(0.0, 0.0)	(1.0, 0.0)	(2.0, 0.0)	(3.0, 0.0)	(4.0, 0.0)	(5.0, 0.0)	(6.0, 0.0)	(7.0, 0.0)	(8.0, 0.0)	(9.0, 0.0004929994084007099)	(10.0, 0.0009859988168014198)	(11.0, 0.0009859988168014198)	(12.0, 0.0014789982252021298)	(13.0, 0.0009859988168014198)	(14.0, 0.00246499704200355)	(15.0, 0.005915992900808519)	(16.0, 0.008380989942812068)	(17.0, 0.016268980477223426)	(18.0, 0.026621968053638336)	(19.0, 0.03253796095444685)	(20.0, 0.04091895089725892)	(21.0, 0.058173930191283765)	(22.0, 0.0793729047525143)	(23.0, 0.10007887990534411)	(24.0, 0.13163084204298955)	(25.0, 0.18388877933346479)	(26.0, 0.26474068231118125)	(27.0, 0.3485505817393019)	(28.0, 0.40918950897258927)	(29.0, 0.5122263853283376)	(30.0, 0.6364622362453165)	(31.0, 0.7557680930782883)	(32.0, 0.9199368960757247)	(33.0, 1.0949516860579767)	(34.0, 1.2231315322421614)	(35.0, 1.420824295010846)	(36.0, 1.6761979885624136)	(37.0, 1.8388877933346481)	(38.0, 2.0533425359889566)	(39.0, 2.308716229540525)	(40.0, 2.557680930782883)	(41.0, 2.7607966870439755)	(42.0, 2.896371524354171)	(43.0, 3.1192072569512916)	(44.0, 3.2828830605403274)	(45.0, 3.3671859593768483)	(46.0, 3.3563399723920333)	(47.0, 3.309012029185565)	(48.0, 3.407118911457306)	(49.0, 3.4056399132321045)	(50.0, 3.3124630250443703)	(51.0, 3.253303096036285)	(52.0, 3.2335831197002562)	(53.0, 3.224216130940643)	(54.0, 3.2054821534214155)	(55.0, 3.2005521593374087)	(56.0, 3.2552750936698875)	(57.0, 3.1931571682113984)	(58.0, 3.055117333859199)	(59.0, 2.9989154013015185)	(60.0, 2.8648195622165256)	(61.0, 2.72184973378032)	(62.0, 2.554229934924078)	(63.0, 2.308223230132124)	(64.0, 1.9897456123052653)	(65.0, 1.697889962532045)	(66.0, 1.4785052257937292)	(67.0, 1.227075527509367)	(68.0, 0.9721948333662)	(69.0, 0.7680930782883061)	(70.0, 0.5837112995464405)	(71.0, 0.42693748767501477)	(72.0, 0.307631630842043)	(73.0, 0.20262275685269177)	(74.0, 0.13113784263458886)	(75.0, 0.0946558864129363)	(76.0, 0.05521593374087951)	(77.0, 0.028100966278840466)	(78.0, 0.019226976927627686)	(79.0, 0.00887398935121278)	(80.0, 0.0049299940840071)	(81.0, 0.0034509958588049695)	(82.0, 0.0004929994084007099)	(83.0, 0.0)	(84.0, 0.0004929994084007099)	(85.0, 0.0004929994084007099)	(86.0, 0.0)	(87.0, 0.0)	(88.0, 0.0004929994084007099)	(89.0, 0.0004929994084007099)	(90.0, 0.0)	(91.0, 0.0)	(92.0, 0.0)	(93.0, 0.0)	(94.0, 0.0)	(95.0, 0.0)	(96.0, 0.0)	(97.0, 0.0)	(98.0, 0.0)	(99.0, 0.0)	(100.0, 0.0)
