Sample	0	1	2	3	4	5	6	7	8	9	10	11	12	13	14	15	16	17	18	19	20	21	22	23	24	25	26	27	28	29	30	31	32	33	34	35	36	37	38	39	40	41	42	43	44	45	46	47	48	49	50	51	52	53	54	55	56	57	58	59	60	61	62	63	64	65	66	67	68	69	70	71	72	73	74	75	76	77	78	79	80	81	82	83	84	85	86	87	88	89	90	91	92	93	94	95	96	97	98	99	100
SRR5898908_1	(0.0, 0.0)	(1.0, 0.0)	(2.0, 0.0)	(3.0, 0.0)	(4.0, 0.0)	(5.0, 0.0)	(6.0, 0.0)	(7.0, 0.0)	(8.0, 0.5)	(9.0, 1.5)	(10.0, 1.5)	(11.0, 2.5)	(12.0, 6.5)	(13.0, 10.0)	(14.0, 14.0)	(15.0, 18.0)	(16.0, 24.0)	(17.0, 40.0)	(18.0, 60.5)	(19.0, 95.0)	(20.0, 140.5)	(21.0, 194.5)	(22.0, 262.0)	(23.0, 325.5)	(24.0, 408.0)	(25.0, 523.0)	(26.0, 668.5)	(27.0, 800.0)	(28.0, 944.5)	(29.0, 1135.5)	(30.0, 1295.5)	(31.0, 1474.5)	(32.0, 1652.5)	(33.0, 1808.0)	(34.0, 1993.0)	(35.0, 2200.5)	(36.0, 2418.5)	(37.0, 2631.0)	(38.0, 2812.5)	(39.0, 2979.5)	(40.0, 3226.0)	(41.0, 3435.5)	(42.0, 3628.5)	(43.0, 3886.5)	(44.0, 4198.0)	(45.0, 4510.0)	(46.0, 4632.5)	(47.0, 4709.0)	(48.0, 4777.0)	(49.0, 4861.5)	(50.0, 4897.5)	(51.0, 4725.5)	(52.0, 4411.5)	(53.0, 4048.5)	(54.0, 3713.0)	(55.0, 3298.0)	(56.0, 2877.0)	(57.0, 2536.5)	(58.0, 2157.0)	(59.0, 1841.0)	(60.0, 1603.5)	(61.0, 1348.0)	(62.0, 1108.0)	(63.0, 921.5)	(64.0, 759.0)	(65.0, 592.5)	(66.0, 488.0)	(67.0, 409.5)	(68.0, 353.5)	(69.0, 299.0)	(70.0, 225.0)	(71.0, 171.0)	(72.0, 136.5)	(73.0, 103.5)	(74.0, 78.5)	(75.0, 57.5)	(76.0, 33.0)	(77.0, 25.0)	(78.0, 20.0)	(79.0, 12.0)	(80.0, 9.0)	(81.0, 7.0)	(82.0, 6.0)	(83.0, 3.5)	(84.0, 1.5)	(85.0, 2.5)	(86.0, 2.5)	(87.0, 1.5)	(88.0, 0.5)	(89.0, 1.5)	(90.0, 1.5)	(91.0, 0.5)	(92.0, 1.0)	(93.0, 0.5)	(94.0, 0.0)	(95.0, 0.0)	(96.0, 1.0)	(97.0, 1.0)	(98.0, 0.0)	(99.0, 0.0)	(100.0, 0.0)
SRR5898908_2	(0.0, 0.0)	(1.0, 0.0)	(2.0, 0.0)	(3.0, 0.5)	(4.0, 0.5)	(5.0, 0.0)	(6.0, 0.5)	(7.0, 1.0)	(8.0, 2.0)	(9.0, 3.5)	(10.0, 3.5)	(11.0, 2.5)	(12.0, 5.0)	(13.0, 8.5)	(14.0, 13.0)	(15.0, 20.0)	(16.0, 32.5)	(17.0, 49.0)	(18.0, 63.5)	(19.0, 91.0)	(20.0, 138.5)	(21.0, 190.5)	(22.0, 259.5)	(23.0, 344.5)	(24.0, 426.0)	(25.0, 522.5)	(26.0, 655.0)	(27.0, 815.0)	(28.0, 965.5)	(29.0, 1142.5)	(30.0, 1321.0)	(31.0, 1465.5)	(32.0, 1644.5)	(33.0, 1840.0)	(34.0, 2019.0)	(35.0, 2210.0)	(36.0, 2409.5)	(37.0, 2613.0)	(38.0, 2802.0)	(39.0, 3013.5)	(40.0, 3249.5)	(41.0, 3495.5)	(42.0, 3684.0)	(43.0, 3843.5)	(44.0, 4121.0)	(45.0, 4413.5)	(46.0, 4602.5)	(47.0, 4661.5)	(48.0, 4707.5)	(49.0, 4758.5)	(50.0, 4744.0)	(51.0, 4607.0)	(52.0, 4359.0)	(53.0, 4077.0)	(54.0, 3716.5)	(55.0, 3331.5)	(56.0, 2906.0)	(57.0, 2478.5)	(58.0, 2140.0)	(59.0, 1848.5)	(60.0, 1566.5)	(61.0, 1278.0)	(62.0, 1090.5)	(63.0, 936.5)	(64.0, 764.5)	(65.0, 631.5)	(66.0, 500.5)	(67.0, 416.0)	(68.0, 363.5)	(69.0, 310.0)	(70.0, 251.5)	(71.0, 189.0)	(72.0, 137.0)	(73.0, 98.5)	(74.0, 74.0)	(75.0, 59.0)	(76.0, 45.5)	(77.0, 34.5)	(78.0, 24.5)	(79.0, 13.0)	(80.0, 12.0)	(81.0, 14.5)	(82.0, 14.0)	(83.0, 10.5)	(84.0, 9.0)	(85.0, 8.0)	(86.0, 5.5)	(87.0, 6.0)	(88.0, 6.5)	(89.0, 6.0)	(90.0, 4.0)	(91.0, 3.5)	(92.0, 6.0)	(93.0, 7.0)	(94.0, 4.5)	(95.0, 4.0)	(96.0, 5.5)	(97.0, 4.0)	(98.0, 2.5)	(99.0, 3.5)	(100.0, 13.0)
SRR5898909_1	(0.0, 0.0)	(1.0, 0.0)	(2.0, 0.0)	(3.0, 0.0)	(4.0, 0.0)	(5.0, 0.0)	(6.0, 0.0)	(7.0, 0.0)	(8.0, 0.0)	(9.0, 0.0)	(10.0, 1.0)	(11.0, 3.5)	(12.0, 5.0)	(13.0, 4.5)	(14.0, 4.5)	(15.0, 9.5)	(16.0, 20.0)	(17.0, 33.5)	(18.0, 62.0)	(19.0, 93.0)	(20.0, 123.0)	(21.0, 189.5)	(22.0, 266.0)	(23.0, 349.5)	(24.0, 448.0)	(25.0, 564.0)	(26.0, 715.5)	(27.0, 849.5)	(28.0, 987.5)	(29.0, 1170.0)	(30.0, 1385.5)	(31.0, 1634.0)	(32.0, 1858.0)	(33.0, 2053.0)	(34.0, 2254.5)	(35.0, 2466.0)	(36.0, 2710.5)	(37.0, 2960.0)	(38.0, 3198.5)	(39.0, 3430.5)	(40.0, 3682.0)	(41.0, 3956.0)	(42.0, 4123.0)	(43.0, 4204.5)	(44.0, 4219.0)	(45.0, 4234.0)	(46.0, 4236.5)	(47.0, 4219.0)	(48.0, 4185.5)	(49.0, 4100.0)	(50.0, 3990.0)	(51.0, 3726.0)	(52.0, 3492.5)	(53.0, 3274.0)	(54.0, 3005.5)	(55.0, 2839.0)	(56.0, 2676.0)	(57.0, 2508.0)	(58.0, 2334.5)	(59.0, 2158.0)	(60.0, 1975.5)	(61.0, 1740.0)	(62.0, 1587.5)	(63.0, 1444.5)	(64.0, 1220.0)	(65.0, 997.5)	(66.0, 811.0)	(67.0, 678.5)	(68.0, 547.5)	(69.0, 407.5)	(70.0, 303.5)	(71.0, 231.0)	(72.0, 172.0)	(73.0, 119.0)	(74.0, 81.5)	(75.0, 56.0)	(76.0, 32.0)	(77.0, 20.5)	(78.0, 16.0)	(79.0, 11.0)	(80.0, 6.0)	(81.0, 3.5)	(82.0, 1.0)	(83.0, 0.5)	(84.0, 1.5)	(85.0, 2.0)	(86.0, 1.0)	(87.0, 0.0)	(88.0, 0.0)	(89.0, 0.5)	(90.0, 1.0)	(91.0, 0.5)	(92.0, 0.0)	(93.0, 0.0)	(94.0, 0.0)	(95.0, 0.0)	(96.0, 0.0)	(97.0, 0.0)	(98.0, 0.0)	(99.0, 0.0)	(100.0, 0.0)
SRR5898909_2	(0.0, 0.0)	(1.0, 0.0)	(2.0, 0.0)	(3.0, 0.5)	(4.0, 0.5)	(5.0, 0.0)	(6.0, 0.0)	(7.0, 0.0)	(8.0, 0.0)	(9.0, 0.0)	(10.0, 1.0)	(11.0, 3.5)	(12.0, 7.0)	(13.0, 6.0)	(14.0, 5.5)	(15.0, 10.0)	(16.0, 18.0)	(17.0, 32.0)	(18.0, 62.0)	(19.0, 91.0)	(20.0, 127.5)	(21.0, 196.5)	(22.0, 277.0)	(23.0, 373.5)	(24.0, 475.5)	(25.0, 585.0)	(26.0, 733.0)	(27.0, 861.5)	(28.0, 997.5)	(29.0, 1198.5)	(30.0, 1389.0)	(31.0, 1629.5)	(32.0, 1848.0)	(33.0, 2007.0)	(34.0, 2211.5)	(35.0, 2482.5)	(36.0, 2739.5)	(37.0, 2986.0)	(38.0, 3235.5)	(39.0, 3439.0)	(40.0, 3664.5)	(41.0, 3903.0)	(42.0, 4056.0)	(43.0, 4091.0)	(44.0, 4196.0)	(45.0, 4300.0)	(46.0, 4279.0)	(47.0, 4217.5)	(48.0, 4117.5)	(49.0, 4036.5)	(50.0, 3853.5)	(51.0, 3614.5)	(52.0, 3436.0)	(53.0, 3283.5)	(54.0, 3080.5)	(55.0, 2849.5)	(56.0, 2723.0)	(57.0, 2520.0)	(58.0, 2299.5)	(59.0, 2142.5)	(60.0, 1951.0)	(61.0, 1735.0)	(62.0, 1550.0)	(63.0, 1393.0)	(64.0, 1232.5)	(65.0, 1037.5)	(66.0, 822.0)	(67.0, 658.0)	(68.0, 542.5)	(69.0, 425.5)	(70.0, 319.5)	(71.0, 239.5)	(72.0, 167.5)	(73.0, 116.0)	(74.0, 76.5)	(75.0, 55.5)	(76.0, 41.5)	(77.0, 31.5)	(78.0, 22.0)	(79.0, 13.0)	(80.0, 10.0)	(81.0, 9.0)	(82.0, 6.0)	(83.0, 8.5)	(84.0, 10.5)	(85.0, 5.0)	(86.0, 4.5)	(87.0, 5.0)	(88.0, 5.5)	(89.0, 5.5)	(90.0, 4.5)	(91.0, 4.0)	(92.0, 3.5)	(93.0, 3.0)	(94.0, 2.5)	(95.0, 4.0)	(96.0, 4.5)	(97.0, 4.0)	(98.0, 5.0)	(99.0, 4.5)	(100.0, 9.5)
SRR5898910_1	(0.0, 0.0)	(1.0, 0.0)	(2.0, 0.0)	(3.0, 0.0)	(4.0, 0.5)	(5.0, 1.0)	(6.0, 1.0)	(7.0, 0.5)	(8.0, 0.0)	(9.0, 0.0)	(10.0, 0.0)	(11.0, 1.0)	(12.0, 1.5)	(13.0, 1.5)	(14.0, 4.0)	(15.0, 7.5)	(16.0, 11.5)	(17.0, 16.5)	(18.0, 26.5)	(19.0, 38.5)	(20.0, 50.5)	(21.0, 79.5)	(22.0, 131.0)	(23.0, 190.5)	(24.0, 235.0)	(25.0, 291.5)	(26.0, 407.5)	(27.0, 529.0)	(28.0, 661.5)	(29.0, 818.5)	(30.0, 1017.5)	(31.0, 1223.5)	(32.0, 1328.0)	(33.0, 1457.5)	(34.0, 1692.5)	(35.0, 1900.5)	(36.0, 2132.0)	(37.0, 2350.5)	(38.0, 2501.0)	(39.0, 2803.5)	(40.0, 3095.5)	(41.0, 3304.5)	(42.0, 3626.5)	(43.0, 3958.0)	(44.0, 4315.5)	(45.0, 4698.0)	(46.0, 5011.5)	(47.0, 5291.5)	(48.0, 5461.0)	(49.0, 5565.5)	(50.0, 5617.0)	(51.0, 5458.5)	(52.0, 5167.0)	(53.0, 4821.0)	(54.0, 4344.0)	(55.0, 3795.0)	(56.0, 3264.5)	(57.0, 2766.0)	(58.0, 2335.5)	(59.0, 1973.0)	(60.0, 1616.5)	(61.0, 1260.0)	(62.0, 986.5)	(63.0, 815.0)	(64.0, 652.5)	(65.0, 490.0)	(66.0, 365.0)	(67.0, 269.5)	(68.0, 207.5)	(69.0, 150.0)	(70.0, 108.5)	(71.0, 83.5)	(72.0, 60.5)	(73.0, 44.5)	(74.0, 28.0)	(75.0, 21.0)	(76.0, 16.5)	(77.0, 8.5)	(78.0, 5.5)	(79.0, 3.5)	(80.0, 1.5)	(81.0, 1.0)	(82.0, 1.0)	(83.0, 0.5)	(84.0, 0.0)	(85.0, 0.0)	(86.0, 0.0)	(87.0, 0.0)	(88.0, 0.0)	(89.0, 0.0)	(90.0, 0.0)	(91.0, 0.0)	(92.0, 0.0)	(93.0, 0.0)	(94.0, 0.0)	(95.0, 0.0)	(96.0, 0.0)	(97.0, 0.0)	(98.0, 0.0)	(99.0, 0.0)	(100.0, 0.0)
SRR5898910_2	(0.0, 0.0)	(1.0, 0.0)	(2.0, 0.0)	(3.0, 0.0)	(4.0, 0.0)	(5.0, 0.0)	(6.0, 0.0)	(7.0, 0.5)	(8.0, 1.0)	(9.0, 0.5)	(10.0, 0.0)	(11.0, 0.5)	(12.0, 1.0)	(13.0, 3.0)	(14.0, 5.0)	(15.0, 8.0)	(16.0, 12.0)	(17.0, 17.0)	(18.0, 27.0)	(19.0, 41.5)	(20.0, 58.5)	(21.0, 83.5)	(22.0, 132.0)	(23.0, 175.0)	(24.0, 236.5)	(25.0, 308.5)	(26.0, 407.5)	(27.0, 535.5)	(28.0, 666.5)	(29.0, 856.0)	(30.0, 1032.0)	(31.0, 1145.0)	(32.0, 1293.5)	(33.0, 1503.0)	(34.0, 1728.5)	(35.0, 1934.0)	(36.0, 2135.5)	(37.0, 2331.0)	(38.0, 2538.5)	(39.0, 2809.5)	(40.0, 3089.0)	(41.0, 3407.5)	(42.0, 3735.5)	(43.0, 3987.5)	(44.0, 4363.0)	(45.0, 4701.0)	(46.0, 4935.5)	(47.0, 5194.0)	(48.0, 5396.0)	(49.0, 5551.5)	(50.0, 5538.0)	(51.0, 5331.0)	(52.0, 5062.5)	(53.0, 4804.5)	(54.0, 4369.5)	(55.0, 3748.0)	(56.0, 3220.0)	(57.0, 2785.0)	(58.0, 2334.0)	(59.0, 1923.5)	(60.0, 1570.0)	(61.0, 1271.5)	(62.0, 1010.0)	(63.0, 808.0)	(64.0, 668.0)	(65.0, 511.5)	(66.0, 369.0)	(67.0, 276.0)	(68.0, 197.5)	(69.0, 154.0)	(70.0, 117.5)	(71.0, 74.0)	(72.0, 58.0)	(73.0, 48.0)	(74.0, 32.5)	(75.0, 27.5)	(76.0, 23.0)	(77.0, 12.0)	(78.0, 7.5)	(79.0, 5.5)	(80.0, 5.5)	(81.0, 4.5)	(82.0, 2.5)	(83.0, 2.5)	(84.0, 2.5)	(85.0, 2.0)	(86.0, 2.5)	(87.0, 4.0)	(88.0, 4.0)	(89.0, 1.5)	(90.0, 0.5)	(91.0, 1.0)	(92.0, 2.0)	(93.0, 2.5)	(94.0, 2.0)	(95.0, 2.0)	(96.0, 2.0)	(97.0, 3.5)	(98.0, 4.0)	(99.0, 2.5)	(100.0, 2.5)
SRR5898911_1	(0.0, 0.0)	(1.0, 0.0)	(2.0, 0.0)	(3.0, 0.0)	(4.0, 0.0)	(5.0, 0.0)	(6.0, 0.0)	(7.0, 0.5)	(8.0, 1.0)	(9.0, 2.0)	(10.0, 3.0)	(11.0, 4.0)	(12.0, 6.0)	(13.0, 5.0)	(14.0, 3.5)	(15.0, 8.5)	(16.0, 14.0)	(17.0, 21.5)	(18.0, 34.0)	(19.0, 43.0)	(20.0, 66.0)	(21.0, 95.0)	(22.0, 129.5)	(23.0, 182.5)	(24.0, 267.0)	(25.0, 364.5)	(26.0, 461.0)	(27.0, 574.5)	(28.0, 702.0)	(29.0, 857.5)	(30.0, 1030.0)	(31.0, 1200.5)	(32.0, 1414.0)	(33.0, 1627.0)	(34.0, 1786.0)	(35.0, 2030.0)	(36.0, 2292.5)	(37.0, 2544.5)	(38.0, 2796.5)	(39.0, 3090.5)	(40.0, 3399.0)	(41.0, 3672.5)	(42.0, 4002.5)	(43.0, 4312.0)	(44.0, 4611.0)	(45.0, 4894.0)	(46.0, 5183.5)	(47.0, 5331.5)	(48.0, 5413.5)	(49.0, 5438.0)	(50.0, 5302.5)	(51.0, 5098.0)	(52.0, 4710.0)	(53.0, 4248.0)	(54.0, 3726.5)	(55.0, 3118.5)	(56.0, 2602.0)	(57.0, 2194.0)	(58.0, 1807.0)	(59.0, 1483.5)	(60.0, 1231.5)	(61.0, 984.0)	(62.0, 751.5)	(63.0, 586.5)	(64.0, 478.0)	(65.0, 371.5)	(66.0, 277.0)	(67.0, 211.0)	(68.0, 173.5)	(69.0, 147.5)	(70.0, 119.5)	(71.0, 92.5)	(72.0, 71.5)	(73.0, 50.0)	(74.0, 29.5)	(75.0, 20.0)	(76.0, 18.5)	(77.0, 17.0)	(78.0, 10.5)	(79.0, 4.5)	(80.0, 4.5)	(81.0, 7.0)	(82.0, 5.5)	(83.0, 2.5)	(84.0, 0.5)	(85.0, 0.5)	(86.0, 0.5)	(87.0, 1.0)	(88.0, 1.0)	(89.0, 0.0)	(90.0, 0.0)	(91.0, 0.5)	(92.0, 0.5)	(93.0, 0.0)	(94.0, 0.0)	(95.0, 0.0)	(96.0, 0.0)	(97.0, 0.0)	(98.0, 0.0)	(99.0, 0.0)	(100.0, 0.0)
SRR5898911_2	(0.0, 0.0)	(1.0, 0.0)	(2.0, 1.5)	(3.0, 1.5)	(4.0, 0.0)	(5.0, 2.5)	(6.0, 4.0)	(7.0, 3.0)	(8.0, 4.0)	(9.0, 4.5)	(10.0, 6.0)	(11.0, 12.0)	(12.0, 11.5)	(13.0, 7.5)	(14.0, 13.0)	(15.0, 20.0)	(16.0, 26.5)	(17.0, 36.0)	(18.0, 43.5)	(19.0, 55.0)	(20.0, 75.5)	(21.0, 103.0)	(22.0, 144.5)	(23.0, 202.5)	(24.0, 274.0)	(25.0, 357.5)	(26.0, 474.5)	(27.0, 606.5)	(28.0, 711.5)	(29.0, 879.5)	(30.0, 1045.0)	(31.0, 1223.0)	(32.0, 1452.5)	(33.0, 1654.0)	(34.0, 1881.5)	(35.0, 2117.5)	(36.0, 2325.5)	(37.0, 2573.0)	(38.0, 2875.0)	(39.0, 3146.0)	(40.0, 3395.0)	(41.0, 3701.5)	(42.0, 3992.0)	(43.0, 4294.5)	(44.0, 4635.0)	(45.0, 4918.0)	(46.0, 5094.0)	(47.0, 5224.5)	(48.0, 5348.0)	(49.0, 5326.0)	(50.0, 5173.5)	(51.0, 4907.5)	(52.0, 4568.0)	(53.0, 4159.0)	(54.0, 3653.0)	(55.0, 3132.5)	(56.0, 2580.0)	(57.0, 2134.5)	(58.0, 1800.5)	(59.0, 1455.5)	(60.0, 1176.5)	(61.0, 923.0)	(62.0, 724.0)	(63.0, 581.5)	(64.0, 470.0)	(65.0, 368.0)	(66.0, 287.0)	(67.0, 236.0)	(68.0, 189.0)	(69.0, 148.5)	(70.0, 115.0)	(71.0, 100.0)	(72.0, 81.5)	(73.0, 58.0)	(74.0, 40.5)	(75.0, 36.5)	(76.0, 29.5)	(77.0, 21.5)	(78.0, 15.0)	(79.0, 11.0)	(80.0, 11.0)	(81.0, 11.5)	(82.0, 12.0)	(83.0, 8.5)	(84.0, 5.5)	(85.0, 5.0)	(86.0, 4.5)	(87.0, 5.0)	(88.0, 6.5)	(89.0, 7.5)	(90.0, 7.0)	(91.0, 6.0)	(92.0, 5.5)	(93.0, 5.0)	(94.0, 3.5)	(95.0, 4.0)	(96.0, 4.0)	(97.0, 3.0)	(98.0, 2.5)	(99.0, 2.0)	(100.0, 6.0)
SRR5898912_1	(0.0, 0.0)	(1.0, 0.0)	(2.0, 0.0)	(3.0, 0.0)	(4.0, 0.0)	(5.0, 0.0)	(6.0, 0.0)	(7.0, 0.0)	(8.0, 0.0)	(9.0, 0.5)	(10.0, 1.5)	(11.0, 3.0)	(12.0, 5.0)	(13.0, 5.5)	(14.0, 8.0)	(15.0, 13.5)	(16.0, 20.5)	(17.0, 30.5)	(18.0, 37.5)	(19.0, 55.5)	(20.0, 85.0)	(21.0, 119.0)	(22.0, 168.5)	(23.0, 246.5)	(24.0, 361.0)	(25.0, 466.5)	(26.0, 575.5)	(27.0, 718.0)	(28.0, 856.5)	(29.0, 1010.5)	(30.0, 1169.0)	(31.0, 1292.5)	(32.0, 1488.0)	(33.0, 1756.0)	(34.0, 1946.0)	(35.0, 2127.5)	(36.0, 2300.5)	(37.0, 2480.0)	(38.0, 2772.0)	(39.0, 3081.0)	(40.0, 3330.5)	(41.0, 3605.5)	(42.0, 3928.5)	(43.0, 4270.0)	(44.0, 4630.5)	(45.0, 4925.5)	(46.0, 5232.0)	(47.0, 5463.0)	(48.0, 5513.0)	(49.0, 5442.0)	(50.0, 5311.5)	(51.0, 5077.5)	(52.0, 4626.5)	(53.0, 4141.5)	(54.0, 3678.5)	(55.0, 3133.5)	(56.0, 2608.5)	(57.0, 2123.5)	(58.0, 1719.5)	(59.0, 1402.5)	(60.0, 1117.0)	(61.0, 912.0)	(62.0, 724.5)	(63.0, 551.5)	(64.0, 436.0)	(65.0, 365.5)	(66.0, 293.0)	(67.0, 227.0)	(68.0, 176.5)	(69.0, 132.5)	(70.0, 93.5)	(71.0, 63.0)	(72.0, 58.5)	(73.0, 49.0)	(74.0, 27.0)	(75.0, 14.0)	(76.0, 10.0)	(77.0, 8.0)	(78.0, 5.5)	(79.0, 4.0)	(80.0, 4.0)	(81.0, 2.5)	(82.0, 3.0)	(83.0, 2.5)	(84.0, 0.5)	(85.0, 0.5)	(86.0, 0.0)	(87.0, 0.0)	(88.0, 0.0)	(89.0, 0.0)	(90.0, 0.0)	(91.0, 0.5)	(92.0, 0.5)	(93.0, 0.0)	(94.0, 0.0)	(95.0, 0.0)	(96.0, 0.0)	(97.0, 0.0)	(98.0, 0.0)	(99.0, 0.0)	(100.0, 0.5)
SRR5898912_2	(0.0, 0.0)	(1.0, 0.0)	(2.0, 0.0)	(3.0, 0.0)	(4.0, 0.0)	(5.0, 0.0)	(6.0, 0.0)	(7.0, 0.0)	(8.0, 0.0)	(9.0, 0.5)	(10.0, 2.0)	(11.0, 3.0)	(12.0, 3.0)	(13.0, 4.5)	(14.0, 9.5)	(15.0, 17.0)	(16.0, 22.5)	(17.0, 33.5)	(18.0, 44.0)	(19.0, 57.5)	(20.0, 92.5)	(21.0, 120.0)	(22.0, 166.5)	(23.0, 265.5)	(24.0, 359.5)	(25.0, 450.0)	(26.0, 584.5)	(27.0, 732.5)	(28.0, 860.5)	(29.0, 1020.5)	(30.0, 1177.0)	(31.0, 1327.0)	(32.0, 1541.5)	(33.0, 1745.5)	(34.0, 1958.5)	(35.0, 2183.0)	(36.0, 2357.5)	(37.0, 2539.5)	(38.0, 2822.0)	(39.0, 3141.5)	(40.0, 3405.0)	(41.0, 3649.0)	(42.0, 3939.0)	(43.0, 4267.5)	(44.0, 4575.5)	(45.0, 4857.0)	(46.0, 5158.5)	(47.0, 5372.5)	(48.0, 5441.5)	(49.0, 5338.0)	(50.0, 5198.5)	(51.0, 5005.5)	(52.0, 4620.5)	(53.0, 4123.5)	(54.0, 3573.0)	(55.0, 3053.5)	(56.0, 2542.0)	(57.0, 2074.0)	(58.0, 1691.0)	(59.0, 1373.5)	(60.0, 1102.5)	(61.0, 899.0)	(62.0, 715.0)	(63.0, 566.0)	(64.0, 460.0)	(65.0, 358.5)	(66.0, 306.0)	(67.0, 254.0)	(68.0, 175.5)	(69.0, 135.0)	(70.0, 110.0)	(71.0, 80.5)	(72.0, 56.0)	(73.0, 40.5)	(74.0, 32.5)	(75.0, 26.0)	(76.0, 18.5)	(77.0, 12.5)	(78.0, 16.5)	(79.0, 16.0)	(80.0, 6.5)	(81.0, 7.5)	(82.0, 7.5)	(83.0, 5.5)	(84.0, 7.5)	(85.0, 6.5)	(86.0, 9.5)	(87.0, 9.5)	(88.0, 6.5)	(89.0, 6.0)	(90.0, 5.0)	(91.0, 5.0)	(92.0, 4.0)	(93.0, 3.0)	(94.0, 4.0)	(95.0, 5.0)	(96.0, 3.5)	(97.0, 3.5)	(98.0, 5.0)	(99.0, 5.0)	(100.0, 10.0)
SRR5898920_1	(0.0, 0.0)	(1.0, 0.0)	(2.0, 0.0)	(3.0, 0.0)	(4.0, 0.0)	(5.0, 0.0)	(6.0, 0.0)	(7.0, 0.0)	(8.0, 0.0)	(9.0, 1.0)	(10.0, 1.0)	(11.0, 0.5)	(12.0, 1.0)	(13.0, 1.5)	(14.0, 3.5)	(15.0, 6.5)	(16.0, 13.0)	(17.0, 25.0)	(18.0, 38.5)	(19.0, 47.0)	(20.0, 66.0)	(21.0, 109.0)	(22.0, 173.5)	(23.0, 237.0)	(24.0, 302.0)	(25.0, 409.5)	(26.0, 535.0)	(27.0, 658.5)	(28.0, 818.0)	(29.0, 1010.0)	(30.0, 1190.0)	(31.0, 1385.5)	(32.0, 1613.0)	(33.0, 1786.5)	(34.0, 1945.0)	(35.0, 2159.0)	(36.0, 2406.0)	(37.0, 2593.0)	(38.0, 2763.0)	(39.0, 2983.0)	(40.0, 3196.0)	(41.0, 3383.5)	(42.0, 3527.5)	(43.0, 3741.0)	(44.0, 4019.5)	(45.0, 4169.5)	(46.0, 4292.5)	(47.0, 4446.0)	(48.0, 4585.0)	(49.0, 4638.0)	(50.0, 4611.0)	(51.0, 4460.5)	(52.0, 4258.0)	(53.0, 4036.5)	(54.0, 3683.5)	(55.0, 3276.5)	(56.0, 2878.5)	(57.0, 2513.5)	(58.0, 2161.0)	(59.0, 1869.5)	(60.0, 1612.5)	(61.0, 1364.5)	(62.0, 1157.0)	(63.0, 962.5)	(64.0, 779.5)	(65.0, 622.5)	(66.0, 487.5)	(67.0, 384.5)	(68.0, 288.5)	(69.0, 224.0)	(70.0, 177.0)	(71.0, 130.0)	(72.0, 82.5)	(73.0, 56.5)	(74.0, 40.5)	(75.0, 27.0)	(76.0, 23.0)	(77.0, 16.0)	(78.0, 10.5)	(79.0, 7.0)	(80.0, 3.5)	(81.0, 3.0)	(82.0, 3.0)	(83.0, 1.5)	(84.0, 0.5)	(85.0, 0.5)	(86.0, 0.0)	(87.0, 0.0)	(88.0, 0.5)	(89.0, 0.5)	(90.0, 0.0)	(91.0, 0.0)	(92.0, 0.0)	(93.0, 0.0)	(94.0, 0.0)	(95.0, 0.0)	(96.0, 0.0)	(97.0, 0.0)	(98.0, 0.0)	(99.0, 0.0)	(100.0, 0.0)
SRR5898920_2	(0.0, 0.0)	(1.0, 0.0)	(2.0, 0.0)	(3.0, 0.0)	(4.0, 0.0)	(5.0, 0.0)	(6.0, 0.0)	(7.0, 0.0)	(8.0, 0.0)	(9.0, 0.5)	(10.0, 1.5)	(11.0, 1.0)	(12.0, 1.5)	(13.0, 3.0)	(14.0, 3.5)	(15.0, 6.0)	(16.0, 15.0)	(17.0, 24.5)	(18.0, 32.0)	(19.0, 48.0)	(20.0, 72.5)	(21.0, 104.5)	(22.0, 168.5)	(23.0, 250.0)	(24.0, 338.0)	(25.0, 449.5)	(26.0, 545.0)	(27.0, 671.5)	(28.0, 839.5)	(29.0, 999.0)	(30.0, 1161.5)	(31.0, 1363.5)	(32.0, 1589.5)	(33.0, 1798.5)	(34.0, 2004.5)	(35.0, 2193.5)	(36.0, 2404.0)	(37.0, 2624.5)	(38.0, 2857.0)	(39.0, 3028.5)	(40.0, 3137.0)	(41.0, 3318.5)	(42.0, 3549.0)	(43.0, 3775.0)	(44.0, 4033.5)	(45.0, 4196.5)	(46.0, 4325.0)	(47.0, 4528.0)	(48.0, 4592.5)	(49.0, 4560.0)	(50.0, 4526.0)	(51.0, 4394.5)	(52.0, 4238.0)	(53.0, 4020.5)	(54.0, 3579.5)	(55.0, 3232.5)	(56.0, 2940.5)	(57.0, 2540.5)	(58.0, 2169.5)	(59.0, 1825.0)	(60.0, 1543.5)	(61.0, 1277.0)	(62.0, 1092.5)	(63.0, 970.0)	(64.0, 785.0)	(65.0, 608.0)	(66.0, 477.5)	(67.0, 386.5)	(68.0, 324.0)	(69.0, 245.5)	(70.0, 177.5)	(71.0, 134.5)	(72.0, 87.5)	(73.0, 49.5)	(74.0, 33.0)	(75.0, 29.0)	(76.0, 26.0)	(77.0, 23.5)	(78.0, 13.0)	(79.0, 6.5)	(80.0, 5.5)	(81.0, 5.0)	(82.0, 4.0)	(83.0, 2.0)	(84.0, 1.0)	(85.0, 0.5)	(86.0, 0.5)	(87.0, 0.5)	(88.0, 1.0)	(89.0, 1.5)	(90.0, 1.0)	(91.0, 0.5)	(92.0, 1.0)	(93.0, 1.5)	(94.0, 2.5)	(95.0, 3.0)	(96.0, 1.5)	(97.0, 1.5)	(98.0, 2.0)	(99.0, 2.5)	(100.0, 7.5)
SRR5898921_1	(0.0, 0.0)	(1.0, 0.0)	(2.0, 0.0)	(3.0, 0.0)	(4.0, 0.0)	(5.0, 0.0)	(6.0, 0.0)	(7.0, 0.0)	(8.0, 0.0)	(9.0, 0.5)	(10.0, 1.5)	(11.0, 2.5)	(12.0, 2.5)	(13.0, 2.5)	(14.0, 5.5)	(15.0, 9.5)	(16.0, 15.0)	(17.0, 24.5)	(18.0, 33.5)	(19.0, 56.5)	(20.0, 84.5)	(21.0, 105.5)	(22.0, 154.5)	(23.0, 229.0)	(24.0, 310.0)	(25.0, 393.0)	(26.0, 523.0)	(27.0, 654.5)	(28.0, 763.5)	(29.0, 903.5)	(30.0, 1003.0)	(31.0, 1109.0)	(32.0, 1228.5)	(33.0, 1348.5)	(34.0, 1483.5)	(35.0, 1601.0)	(36.0, 1744.5)	(37.0, 1882.0)	(38.0, 1969.0)	(39.0, 2133.5)	(40.0, 2330.5)	(41.0, 2481.5)	(42.0, 2572.5)	(43.0, 2731.5)	(44.0, 3015.0)	(45.0, 3225.5)	(46.0, 3430.5)	(47.0, 3650.0)	(48.0, 3779.0)	(49.0, 3940.5)	(50.0, 4146.0)	(51.0, 4196.0)	(52.0, 4219.5)	(53.0, 4210.0)	(54.0, 4075.0)	(55.0, 3996.5)	(56.0, 3849.5)	(57.0, 3641.0)	(58.0, 3445.0)	(59.0, 3128.5)	(60.0, 2805.5)	(61.0, 2523.0)	(62.0, 2230.5)	(63.0, 1924.0)	(64.0, 1631.0)	(65.0, 1356.0)	(66.0, 1089.0)	(67.0, 884.5)	(68.0, 724.0)	(69.0, 550.5)	(70.0, 390.0)	(71.0, 292.5)	(72.0, 226.0)	(73.0, 149.5)	(74.0, 100.0)	(75.0, 76.0)	(76.0, 51.0)	(77.0, 29.0)	(78.0, 16.5)	(79.0, 11.5)	(80.0, 7.0)	(81.0, 3.5)	(82.0, 4.0)	(83.0, 4.0)	(84.0, 1.5)	(85.0, 1.0)	(86.0, 1.0)	(87.0, 0.5)	(88.0, 0.5)	(89.0, 0.0)	(90.0, 0.5)	(91.0, 0.5)	(92.0, 0.0)	(93.0, 0.0)	(94.0, 0.0)	(95.0, 0.0)	(96.0, 0.0)	(97.0, 0.0)	(98.0, 0.0)	(99.0, 0.0)	(100.0, 0.0)
SRR5898921_2	(0.0, 0.0)	(1.0, 0.0)	(2.0, 0.0)	(3.0, 0.0)	(4.0, 0.0)	(5.0, 0.0)	(6.0, 0.0)	(7.0, 0.0)	(8.0, 1.0)	(9.0, 1.5)	(10.0, 1.5)	(11.0, 2.0)	(12.0, 2.0)	(13.0, 2.5)	(14.0, 6.5)	(15.0, 11.5)	(16.0, 14.5)	(17.0, 25.0)	(18.0, 44.5)	(19.0, 67.5)	(20.0, 93.5)	(21.0, 128.0)	(22.0, 177.0)	(23.0, 237.5)	(24.0, 312.5)	(25.0, 395.5)	(26.0, 504.0)	(27.0, 651.5)	(28.0, 783.0)	(29.0, 894.0)	(30.0, 1032.5)	(31.0, 1160.5)	(32.0, 1243.0)	(33.0, 1342.0)	(34.0, 1470.0)	(35.0, 1621.5)	(36.0, 1756.5)	(37.0, 1854.5)	(38.0, 1971.0)	(39.0, 2152.5)	(40.0, 2312.0)	(41.0, 2484.5)	(42.0, 2662.0)	(43.0, 2827.5)	(44.0, 2990.5)	(45.0, 3189.0)	(46.0, 3422.0)	(47.0, 3592.0)	(48.0, 3782.5)	(49.0, 3941.0)	(50.0, 4098.5)	(51.0, 4197.5)	(52.0, 4167.5)	(53.0, 4133.5)	(54.0, 4040.0)	(55.0, 3966.0)	(56.0, 3833.5)	(57.0, 3594.5)	(58.0, 3381.0)	(59.0, 3056.0)	(60.0, 2725.5)	(61.0, 2475.0)	(62.0, 2200.0)	(63.0, 1897.0)	(64.0, 1649.5)	(65.0, 1386.0)	(66.0, 1103.0)	(67.0, 883.0)	(68.0, 710.0)	(69.0, 572.0)	(70.0, 443.0)	(71.0, 324.0)	(72.0, 226.0)	(73.0, 164.5)	(74.0, 119.0)	(75.0, 79.5)	(76.0, 47.5)	(77.0, 31.0)	(78.0, 25.5)	(79.0, 15.5)	(80.0, 9.5)	(81.0, 7.0)	(82.0, 6.0)	(83.0, 5.5)	(84.0, 3.0)	(85.0, 3.0)	(86.0, 3.5)	(87.0, 3.0)	(88.0, 3.0)	(89.0, 2.0)	(90.0, 1.0)	(91.0, 0.5)	(92.0, 1.0)	(93.0, 4.0)	(94.0, 4.5)	(95.0, 2.0)	(96.0, 0.5)	(97.0, 1.5)	(98.0, 2.0)	(99.0, 1.0)	(100.0, 4.0)
SRR5898922_1	(0.0, 0.0)	(1.0, 0.0)	(2.0, 0.0)	(3.0, 0.0)	(4.0, 0.0)	(5.0, 0.0)	(6.0, 0.0)	(7.0, 0.0)	(8.0, 0.0)	(9.0, 0.0)	(10.0, 1.0)	(11.0, 1.5)	(12.0, 1.5)	(13.0, 2.0)	(14.0, 4.5)	(15.0, 7.5)	(16.0, 8.5)	(17.0, 10.0)	(18.0, 19.0)	(19.0, 31.5)	(20.0, 44.5)	(21.0, 79.5)	(22.0, 122.5)	(23.0, 169.0)	(24.0, 232.0)	(25.0, 321.0)	(26.0, 432.5)	(27.0, 572.0)	(28.0, 736.5)	(29.0, 931.0)	(30.0, 1148.0)	(31.0, 1378.5)	(32.0, 1603.5)	(33.0, 1849.0)	(34.0, 2122.0)	(35.0, 2413.0)	(36.0, 2740.5)	(37.0, 3112.0)	(38.0, 3505.5)	(39.0, 3853.0)	(40.0, 4125.5)	(41.0, 4392.5)	(42.0, 4610.0)	(43.0, 4669.5)	(44.0, 4729.5)	(45.0, 4745.0)	(46.0, 4697.5)	(47.0, 4568.5)	(48.0, 4346.0)	(49.0, 4065.5)	(50.0, 3782.5)	(51.0, 3580.0)	(52.0, 3306.5)	(53.0, 3001.0)	(54.0, 2691.0)	(55.0, 2419.0)	(56.0, 2219.0)	(57.0, 2064.0)	(58.0, 1889.5)	(59.0, 1653.0)	(60.0, 1535.0)	(61.0, 1425.5)	(62.0, 1236.5)	(63.0, 1073.0)	(64.0, 936.5)	(65.0, 775.0)	(66.0, 598.5)	(67.0, 475.0)	(68.0, 382.0)	(69.0, 298.0)	(70.0, 219.0)	(71.0, 158.0)	(72.0, 116.5)	(73.0, 79.0)	(74.0, 45.5)	(75.0, 27.5)	(76.0, 16.0)	(77.0, 7.5)	(78.0, 5.5)	(79.0, 5.5)	(80.0, 4.0)	(81.0, 3.0)	(82.0, 2.5)	(83.0, 1.0)	(84.0, 0.0)	(85.0, 0.0)	(86.0, 0.5)	(87.0, 0.5)	(88.0, 0.0)	(89.0, 0.0)	(90.0, 0.0)	(91.0, 0.0)	(92.0, 0.0)	(93.0, 0.0)	(94.0, 0.0)	(95.0, 0.5)	(96.0, 0.5)	(97.0, 0.0)	(98.0, 0.0)	(99.0, 0.0)	(100.0, 0.0)
SRR5898922_2	(0.0, 0.0)	(1.0, 0.0)	(2.0, 0.0)	(3.0, 0.0)	(4.0, 0.0)	(5.0, 0.0)	(6.0, 0.0)	(7.0, 0.0)	(8.0, 0.5)	(9.0, 0.5)	(10.0, 1.5)	(11.0, 2.5)	(12.0, 2.0)	(13.0, 1.5)	(14.0, 3.0)	(15.0, 7.0)	(16.0, 9.5)	(17.0, 11.5)	(18.0, 20.0)	(19.0, 37.5)	(20.0, 59.5)	(21.0, 85.0)	(22.0, 127.5)	(23.0, 189.5)	(24.0, 252.0)	(25.0, 340.5)	(26.0, 454.0)	(27.0, 582.5)	(28.0, 731.0)	(29.0, 954.0)	(30.0, 1164.0)	(31.0, 1364.5)	(32.0, 1604.0)	(33.0, 1831.0)	(34.0, 2128.0)	(35.0, 2467.5)	(36.0, 2802.5)	(37.0, 3149.0)	(38.0, 3478.5)	(39.0, 3802.5)	(40.0, 4075.0)	(41.0, 4310.0)	(42.0, 4592.0)	(43.0, 4719.5)	(44.0, 4725.5)	(45.0, 4701.0)	(46.0, 4652.5)	(47.0, 4582.0)	(48.0, 4331.0)	(49.0, 4024.0)	(50.0, 3780.0)	(51.0, 3507.0)	(52.0, 3263.0)	(53.0, 3002.5)	(54.0, 2686.0)	(55.0, 2454.5)	(56.0, 2248.5)	(57.0, 2005.5)	(58.0, 1798.0)	(59.0, 1679.0)	(60.0, 1551.5)	(61.0, 1393.5)	(62.0, 1240.0)	(63.0, 1089.0)	(64.0, 913.0)	(65.0, 756.5)	(66.0, 630.0)	(67.0, 489.0)	(68.0, 393.5)	(69.0, 316.5)	(70.0, 229.5)	(71.0, 158.5)	(72.0, 123.0)	(73.0, 90.0)	(74.0, 56.5)	(75.0, 34.0)	(76.0, 23.0)	(77.0, 14.0)	(78.0, 7.0)	(79.0, 6.5)	(80.0, 5.0)	(81.0, 4.0)	(82.0, 2.5)	(83.0, 2.5)	(84.0, 2.0)	(85.0, 2.5)	(86.0, 3.5)	(87.0, 2.0)	(88.0, 1.5)	(89.0, 1.5)	(90.0, 1.0)	(91.0, 1.5)	(92.0, 2.5)	(93.0, 1.0)	(94.0, 0.5)	(95.0, 1.0)	(96.0, 0.5)	(97.0, 2.5)	(98.0, 3.0)	(99.0, 2.0)	(100.0, 3.5)
SRR5898923_1	(0.0, 0.0)	(1.0, 0.0)	(2.0, 0.0)	(3.0, 0.0)	(4.0, 0.0)	(5.0, 0.0)	(6.0, 0.0)	(7.0, 0.0)	(8.0, 0.0)	(9.0, 0.0)	(10.0, 0.0)	(11.0, 0.0)	(12.0, 0.5)	(13.0, 1.5)	(14.0, 3.5)	(15.0, 3.0)	(16.0, 5.5)	(17.0, 18.0)	(18.0, 21.5)	(19.0, 28.5)	(20.0, 53.0)	(21.0, 84.0)	(22.0, 142.0)	(23.0, 204.5)	(24.0, 276.5)	(25.0, 354.0)	(26.0, 436.5)	(27.0, 579.5)	(28.0, 771.5)	(29.0, 940.5)	(30.0, 1089.5)	(31.0, 1288.0)	(32.0, 1521.5)	(33.0, 1764.5)	(34.0, 2015.5)	(35.0, 2239.0)	(36.0, 2488.5)	(37.0, 2726.0)	(38.0, 2945.5)	(39.0, 3233.5)	(40.0, 3474.0)	(41.0, 3660.5)	(42.0, 3903.5)	(43.0, 4112.0)	(44.0, 4347.5)	(45.0, 4613.0)	(46.0, 4846.5)	(47.0, 5022.5)	(48.0, 5052.5)	(49.0, 5021.0)	(50.0, 4997.0)	(51.0, 4851.5)	(52.0, 4548.0)	(53.0, 4246.5)	(54.0, 3896.0)	(55.0, 3449.0)	(56.0, 2938.0)	(57.0, 2476.5)	(58.0, 2104.0)	(59.0, 1740.0)	(60.0, 1421.5)	(61.0, 1158.5)	(62.0, 907.0)	(63.0, 705.0)	(64.0, 551.0)	(65.0, 433.5)	(66.0, 346.0)	(67.0, 252.0)	(68.0, 177.0)	(69.0, 127.5)	(70.0, 96.0)	(71.0, 82.5)	(72.0, 64.0)	(73.0, 46.5)	(74.0, 38.5)	(75.0, 28.0)	(76.0, 18.0)	(77.0, 11.0)	(78.0, 10.0)	(79.0, 7.0)	(80.0, 3.5)	(81.0, 2.5)	(82.0, 1.5)	(83.0, 1.5)	(84.0, 0.5)	(85.0, 0.0)	(86.0, 0.0)	(87.0, 0.0)	(88.0, 0.5)	(89.0, 0.5)	(90.0, 0.0)	(91.0, 0.0)	(92.0, 0.0)	(93.0, 0.0)	(94.0, 0.0)	(95.0, 0.0)	(96.0, 0.0)	(97.0, 0.0)	(98.0, 0.0)	(99.0, 0.0)	(100.0, 0.0)
SRR5898923_2	(0.0, 0.0)	(1.0, 0.0)	(2.0, 0.0)	(3.0, 0.0)	(4.0, 0.0)	(5.0, 0.5)	(6.0, 0.5)	(7.0, 0.0)	(8.0, 0.0)	(9.0, 0.0)	(10.0, 0.0)	(11.0, 0.5)	(12.0, 1.0)	(13.0, 1.5)	(14.0, 3.5)	(15.0, 4.5)	(16.0, 11.0)	(17.0, 22.5)	(18.0, 28.0)	(19.0, 35.5)	(20.0, 59.5)	(21.0, 84.5)	(22.0, 128.0)	(23.0, 196.5)	(24.0, 280.5)	(25.0, 362.5)	(26.0, 444.0)	(27.0, 570.5)	(28.0, 785.0)	(29.0, 971.0)	(30.0, 1087.0)	(31.0, 1319.5)	(32.0, 1568.0)	(33.0, 1800.0)	(34.0, 2064.0)	(35.0, 2255.0)	(36.0, 2451.5)	(37.0, 2730.0)	(38.0, 2981.0)	(39.0, 3208.0)	(40.0, 3488.5)	(41.0, 3698.0)	(42.0, 3877.0)	(43.0, 4178.0)	(44.0, 4406.5)	(45.0, 4648.0)	(46.0, 4902.5)	(47.0, 4961.5)	(48.0, 4948.5)	(49.0, 4964.5)	(50.0, 4950.5)	(51.0, 4820.5)	(52.0, 4595.0)	(53.0, 4229.5)	(54.0, 3802.5)	(55.0, 3307.5)	(56.0, 2802.5)	(57.0, 2431.5)	(58.0, 2119.0)	(59.0, 1759.5)	(60.0, 1399.5)	(61.0, 1149.5)	(62.0, 908.5)	(63.0, 688.0)	(64.0, 551.0)	(65.0, 431.0)	(66.0, 312.5)	(67.0, 243.5)	(68.0, 204.5)	(69.0, 150.0)	(70.0, 108.0)	(71.0, 77.0)	(72.0, 54.5)	(73.0, 42.5)	(74.0, 37.0)	(75.0, 32.0)	(76.0, 21.5)	(77.0, 14.5)	(78.0, 12.5)	(79.0, 8.0)	(80.0, 5.5)	(81.0, 4.0)	(82.0, 2.0)	(83.0, 3.5)	(84.0, 4.5)	(85.0, 2.5)	(86.0, 1.0)	(87.0, 1.0)	(88.0, 1.0)	(89.0, 1.5)	(90.0, 1.0)	(91.0, 0.0)	(92.0, 1.0)	(93.0, 2.5)	(94.0, 2.0)	(95.0, 1.5)	(96.0, 2.5)	(97.0, 2.5)	(98.0, 2.0)	(99.0, 2.0)	(100.0, 4.0)
SRR5898924_1	(0.0, 0.0)	(1.0, 0.0)	(2.0, 0.0)	(3.0, 0.0)	(4.0, 0.0)	(5.0, 0.0)	(6.0, 0.0)	(7.0, 0.0)	(8.0, 0.0)	(9.0, 0.0)	(10.0, 0.5)	(11.0, 0.5)	(12.0, 1.0)	(13.0, 2.5)	(14.0, 3.5)	(15.0, 5.5)	(16.0, 8.5)	(17.0, 15.5)	(18.0, 21.5)	(19.0, 28.5)	(20.0, 43.5)	(21.0, 81.0)	(22.0, 131.5)	(23.0, 181.0)	(24.0, 234.5)	(25.0, 315.0)	(26.0, 405.5)	(27.0, 499.0)	(28.0, 650.0)	(29.0, 815.5)	(30.0, 972.0)	(31.0, 1127.0)	(32.0, 1269.5)	(33.0, 1374.0)	(34.0, 1553.5)	(35.0, 1803.5)	(36.0, 1984.0)	(37.0, 2154.5)	(38.0, 2396.5)	(39.0, 2606.0)	(40.0, 2843.5)	(41.0, 3147.5)	(42.0, 3429.5)	(43.0, 3794.5)	(44.0, 4173.0)	(45.0, 4501.0)	(46.0, 4861.5)	(47.0, 5090.5)	(48.0, 5229.0)	(49.0, 5341.0)	(50.0, 5297.0)	(51.0, 5158.0)	(52.0, 4902.0)	(53.0, 4496.5)	(54.0, 4021.5)	(55.0, 3548.0)	(56.0, 3062.5)	(57.0, 2620.0)	(58.0, 2210.0)	(59.0, 1797.5)	(60.0, 1484.5)	(61.0, 1232.5)	(62.0, 1006.0)	(63.0, 837.0)	(64.0, 664.5)	(65.0, 519.5)	(66.0, 410.5)	(67.0, 320.0)	(68.0, 249.5)	(69.0, 187.5)	(70.0, 125.5)	(71.0, 82.5)	(72.0, 58.0)	(73.0, 33.0)	(74.0, 24.0)	(75.0, 19.5)	(76.0, 10.5)	(77.0, 4.0)	(78.0, 2.5)	(79.0, 3.0)	(80.0, 3.0)	(81.0, 3.0)	(82.0, 2.0)	(83.0, 0.5)	(84.0, 0.5)	(85.0, 1.0)	(86.0, 0.5)	(87.0, 0.0)	(88.0, 0.0)	(89.0, 0.0)	(90.0, 0.0)	(91.0, 0.0)	(92.0, 0.0)	(93.0, 0.0)	(94.0, 0.0)	(95.0, 0.0)	(96.0, 0.0)	(97.0, 0.0)	(98.0, 0.0)	(99.0, 0.0)	(100.0, 0.0)
SRR5898924_2	(0.0, 0.0)	(1.0, 0.0)	(2.0, 0.0)	(3.0, 0.0)	(4.0, 0.0)	(5.0, 0.0)	(6.0, 0.0)	(7.0, 0.0)	(8.0, 0.0)	(9.0, 0.0)	(10.0, 0.0)	(11.0, 0.0)	(12.0, 0.5)	(13.0, 2.5)	(14.0, 4.0)	(15.0, 3.5)	(16.0, 6.0)	(17.0, 15.5)	(18.0, 24.0)	(19.0, 32.5)	(20.0, 55.0)	(21.0, 87.0)	(22.0, 118.0)	(23.0, 176.5)	(24.0, 260.0)	(25.0, 340.5)	(26.0, 414.0)	(27.0, 508.5)	(28.0, 646.5)	(29.0, 810.0)	(30.0, 963.5)	(31.0, 1084.0)	(32.0, 1242.5)	(33.0, 1387.5)	(34.0, 1538.0)	(35.0, 1783.5)	(36.0, 2010.0)	(37.0, 2174.0)	(38.0, 2361.5)	(39.0, 2568.0)	(40.0, 2838.0)	(41.0, 3124.5)	(42.0, 3438.5)	(43.0, 3806.5)	(44.0, 4180.0)	(45.0, 4532.5)	(46.0, 4839.5)	(47.0, 5100.0)	(48.0, 5206.5)	(49.0, 5202.0)	(50.0, 5233.0)	(51.0, 5134.5)	(52.0, 4844.0)	(53.0, 4387.5)	(54.0, 3959.5)	(55.0, 3544.0)	(56.0, 3029.5)	(57.0, 2595.5)	(58.0, 2152.5)	(59.0, 1829.5)	(60.0, 1540.0)	(61.0, 1263.5)	(62.0, 1044.5)	(63.0, 856.5)	(64.0, 713.5)	(65.0, 583.0)	(66.0, 466.5)	(67.0, 335.0)	(68.0, 241.5)	(69.0, 180.0)	(70.0, 138.0)	(71.0, 112.0)	(72.0, 83.0)	(73.0, 50.5)	(74.0, 38.0)	(75.0, 27.5)	(76.0, 14.0)	(77.0, 10.5)	(78.0, 6.5)	(79.0, 5.0)	(80.0, 6.0)	(81.0, 4.0)	(82.0, 2.0)	(83.0, 1.0)	(84.0, 2.0)	(85.0, 3.0)	(86.0, 2.0)	(87.0, 4.0)	(88.0, 4.0)	(89.0, 1.5)	(90.0, 2.0)	(91.0, 1.5)	(92.0, 1.0)	(93.0, 1.5)	(94.0, 1.5)	(95.0, 2.0)	(96.0, 1.5)	(97.0, 1.0)	(98.0, 1.5)	(99.0, 0.5)	(100.0, 3.5)
SRR5898925_1	(0.0, 0.0)	(1.0, 0.0)	(2.0, 0.0)	(3.0, 0.0)	(4.0, 0.0)	(5.0, 0.0)	(6.0, 0.0)	(7.0, 0.0)	(8.0, 0.0)	(9.0, 0.0)	(10.0, 0.0)	(11.0, 0.0)	(12.0, 0.5)	(13.0, 2.5)	(14.0, 3.5)	(15.0, 5.5)	(16.0, 7.5)	(17.0, 8.0)	(18.0, 19.5)	(19.0, 27.0)	(20.0, 32.5)	(21.0, 49.0)	(22.0, 69.5)	(23.0, 124.0)	(24.0, 205.0)	(25.0, 269.5)	(26.0, 334.5)	(27.0, 445.5)	(28.0, 559.0)	(29.0, 681.0)	(30.0, 807.5)	(31.0, 928.0)	(32.0, 1094.5)	(33.0, 1270.5)	(34.0, 1438.5)	(35.0, 1626.5)	(36.0, 1838.0)	(37.0, 2015.5)	(38.0, 2263.0)	(39.0, 2548.0)	(40.0, 2828.0)	(41.0, 3216.5)	(42.0, 3534.5)	(43.0, 3900.5)	(44.0, 4376.0)	(45.0, 4843.0)	(46.0, 5177.5)	(47.0, 5587.5)	(48.0, 5938.0)	(49.0, 6059.0)	(50.0, 6086.5)	(51.0, 5839.0)	(52.0, 5497.5)	(53.0, 4994.5)	(54.0, 4373.5)	(55.0, 3774.0)	(56.0, 3048.0)	(57.0, 2419.0)	(58.0, 1909.0)	(59.0, 1414.5)	(60.0, 1013.5)	(61.0, 701.5)	(62.0, 480.0)	(63.0, 322.5)	(64.0, 224.5)	(65.0, 139.0)	(66.0, 83.0)	(67.0, 63.5)	(68.0, 47.0)	(69.0, 25.5)	(70.0, 19.0)	(71.0, 13.0)	(72.0, 8.5)	(73.0, 6.5)	(74.0, 3.5)	(75.0, 1.5)	(76.0, 2.5)	(77.0, 2.5)	(78.0, 0.5)	(79.0, 0.0)	(80.0, 0.0)	(81.0, 0.0)	(82.0, 0.0)	(83.0, 0.0)	(84.0, 0.0)	(85.0, 0.0)	(86.0, 0.0)	(87.0, 0.0)	(88.0, 0.0)	(89.0, 0.0)	(90.0, 0.0)	(91.0, 0.5)	(92.0, 0.5)	(93.0, 0.0)	(94.0, 0.0)	(95.0, 0.0)	(96.0, 0.0)	(97.0, 0.0)	(98.0, 0.0)	(99.0, 0.0)	(100.0, 0.0)
SRR5898925_2	(0.0, 0.0)	(1.0, 0.0)	(2.0, 0.0)	(3.0, 0.0)	(4.0, 0.5)	(5.0, 0.5)	(6.0, 0.0)	(7.0, 0.0)	(8.0, 0.0)	(9.0, 0.0)	(10.0, 1.0)	(11.0, 1.0)	(12.0, 0.5)	(13.0, 2.5)	(14.0, 4.0)	(15.0, 6.0)	(16.0, 9.5)	(17.0, 13.0)	(18.0, 18.5)	(19.0, 26.5)	(20.0, 38.5)	(21.0, 58.0)	(22.0, 85.5)	(23.0, 133.5)	(24.0, 195.0)	(25.0, 253.0)	(26.0, 327.5)	(27.0, 439.5)	(28.0, 548.0)	(29.0, 667.5)	(30.0, 807.5)	(31.0, 951.5)	(32.0, 1140.0)	(33.0, 1283.5)	(34.0, 1416.0)	(35.0, 1633.5)	(36.0, 1877.5)	(37.0, 2076.0)	(38.0, 2309.0)	(39.0, 2612.5)	(40.0, 2873.5)	(41.0, 3201.5)	(42.0, 3557.0)	(43.0, 3953.0)	(44.0, 4403.5)	(45.0, 4821.0)	(46.0, 5237.5)	(47.0, 5639.0)	(48.0, 5892.0)	(49.0, 5957.5)	(50.0, 5918.0)	(51.0, 5796.5)	(52.0, 5452.0)	(53.0, 4875.5)	(54.0, 4370.0)	(55.0, 3755.5)	(56.0, 2990.5)	(57.0, 2373.0)	(58.0, 1833.0)	(59.0, 1362.5)	(60.0, 1019.0)	(61.0, 705.5)	(62.0, 478.0)	(63.0, 339.0)	(64.0, 230.5)	(65.0, 157.0)	(66.0, 104.5)	(67.0, 74.0)	(68.0, 53.5)	(69.0, 41.5)	(70.0, 26.0)	(71.0, 14.0)	(72.0, 12.5)	(73.0, 12.5)	(74.0, 9.0)	(75.0, 4.0)	(76.0, 6.0)	(77.0, 7.0)	(78.0, 5.5)	(79.0, 3.5)	(80.0, 2.5)	(81.0, 3.0)	(82.0, 1.5)	(83.0, 0.5)	(84.0, 2.0)	(85.0, 2.0)	(86.0, 1.5)	(87.0, 2.0)	(88.0, 2.0)	(89.0, 2.5)	(90.0, 1.5)	(91.0, 0.5)	(92.0, 1.5)	(93.0, 1.0)	(94.0, 0.5)	(95.0, 1.0)	(96.0, 0.5)	(97.0, 2.0)	(98.0, 4.0)	(99.0, 5.0)	(100.0, 7.0)
SRR5898926_1	(0.0, 0.0)	(1.0, 0.0)	(2.0, 0.0)	(3.0, 0.0)	(4.0, 0.0)	(5.0, 0.0)	(6.0, 0.0)	(7.0, 0.0)	(8.0, 0.0)	(9.0, 0.5)	(10.0, 0.5)	(11.0, 0.5)	(12.0, 1.5)	(13.0, 2.5)	(14.0, 7.0)	(15.0, 10.5)	(16.0, 9.5)	(17.0, 14.0)	(18.0, 23.0)	(19.0, 27.5)	(20.0, 50.0)	(21.0, 80.5)	(22.0, 124.0)	(23.0, 184.5)	(24.0, 265.0)	(25.0, 366.5)	(26.0, 453.0)	(27.0, 570.0)	(28.0, 693.0)	(29.0, 821.0)	(30.0, 1009.0)	(31.0, 1182.0)	(32.0, 1280.5)	(33.0, 1442.5)	(34.0, 1685.5)	(35.0, 1882.0)	(36.0, 2053.0)	(37.0, 2214.5)	(38.0, 2446.5)	(39.0, 2700.5)	(40.0, 2882.0)	(41.0, 3105.0)	(42.0, 3414.5)	(43.0, 3805.5)	(44.0, 4216.5)	(45.0, 4490.5)	(46.0, 4669.5)	(47.0, 4914.5)	(48.0, 5103.5)	(49.0, 5194.5)	(50.0, 5198.0)	(51.0, 5032.5)	(52.0, 4740.5)	(53.0, 4392.0)	(54.0, 4009.5)	(55.0, 3461.5)	(56.0, 2954.0)	(57.0, 2541.0)	(58.0, 2100.0)	(59.0, 1719.5)	(60.0, 1404.5)	(61.0, 1152.5)	(62.0, 919.0)	(63.0, 712.0)	(64.0, 552.5)	(65.0, 430.5)	(66.0, 315.0)	(67.0, 248.0)	(68.0, 206.0)	(69.0, 156.0)	(70.0, 112.5)	(71.0, 76.5)	(72.0, 51.5)	(73.0, 32.0)	(74.0, 25.0)	(75.0, 17.5)	(76.0, 9.5)	(77.0, 8.5)	(78.0, 8.0)	(79.0, 4.5)	(80.0, 2.5)	(81.0, 1.5)	(82.0, 0.5)	(83.0, 0.5)	(84.0, 0.5)	(85.0, 1.0)	(86.0, 1.0)	(87.0, 0.5)	(88.0, 1.0)	(89.0, 0.5)	(90.0, 0.0)	(91.0, 0.0)	(92.0, 0.0)	(93.0, 0.5)	(94.0, 0.5)	(95.0, 0.0)	(96.0, 0.0)	(97.0, 0.0)	(98.0, 0.0)	(99.0, 0.0)	(100.0, 0.0)
SRR5898926_2	(0.0, 0.0)	(1.0, 0.0)	(2.0, 0.0)	(3.0, 0.0)	(4.0, 0.0)	(5.0, 0.0)	(6.0, 0.0)	(7.0, 0.5)	(8.0, 0.5)	(9.0, 0.0)	(10.0, 1.0)	(11.0, 2.5)	(12.0, 3.5)	(13.0, 4.5)	(14.0, 6.5)	(15.0, 8.5)	(16.0, 9.5)	(17.0, 15.0)	(18.0, 25.0)	(19.0, 42.5)	(20.0, 58.5)	(21.0, 75.0)	(22.0, 130.0)	(23.0, 201.0)	(24.0, 273.0)	(25.0, 363.0)	(26.0, 454.5)	(27.0, 563.5)	(28.0, 712.5)	(29.0, 849.0)	(30.0, 973.0)	(31.0, 1140.5)	(32.0, 1312.0)	(33.0, 1487.0)	(34.0, 1681.5)	(35.0, 1877.0)	(36.0, 2085.0)	(37.0, 2265.5)	(38.0, 2422.0)	(39.0, 2625.5)	(40.0, 2907.5)	(41.0, 3224.5)	(42.0, 3481.0)	(43.0, 3800.0)	(44.0, 4146.5)	(45.0, 4462.5)	(46.0, 4780.0)	(47.0, 4903.0)	(48.0, 5002.0)	(49.0, 5158.0)	(50.0, 5108.0)	(51.0, 4977.0)	(52.0, 4717.0)	(53.0, 4293.0)	(54.0, 3887.0)	(55.0, 3461.0)	(56.0, 2983.5)	(57.0, 2514.0)	(58.0, 2096.5)	(59.0, 1715.5)	(60.0, 1412.0)	(61.0, 1133.5)	(62.0, 899.0)	(63.0, 739.5)	(64.0, 579.0)	(65.0, 443.0)	(66.0, 360.5)	(67.0, 277.0)	(68.0, 201.0)	(69.0, 149.0)	(70.0, 117.0)	(71.0, 86.5)	(72.0, 54.5)	(73.0, 42.0)	(74.0, 33.5)	(75.0, 24.5)	(76.0, 18.0)	(77.0, 16.0)	(78.0, 16.0)	(79.0, 11.0)	(80.0, 7.0)	(81.0, 5.0)	(82.0, 2.5)	(83.0, 3.0)	(84.0, 3.5)	(85.0, 2.0)	(86.0, 1.0)	(87.0, 2.0)	(88.0, 2.5)	(89.0, 1.0)	(90.0, 1.5)	(91.0, 2.5)	(92.0, 2.0)	(93.0, 1.0)	(94.0, 2.0)	(95.0, 3.0)	(96.0, 1.5)	(97.0, 1.0)	(98.0, 2.0)	(99.0, 2.0)	(100.0, 5.0)
SRR5898948_1	(0.0, 0.0)	(1.0, 0.0)	(2.0, 0.0)	(3.0, 0.0)	(4.0, 0.0)	(5.0, 0.0)	(6.0, 0.0)	(7.0, 0.0)	(8.0, 0.0)	(9.0, 0.0)	(10.0, 0.0)	(11.0, 0.0)	(12.0, 0.0)	(13.0, 0.5)	(14.0, 1.0)	(15.0, 1.5)	(16.0, 2.5)	(17.0, 5.5)	(18.0, 9.5)	(19.0, 20.5)	(20.0, 37.0)	(21.0, 56.0)	(22.0, 84.5)	(23.0, 130.5)	(24.0, 199.0)	(25.0, 292.0)	(26.0, 399.0)	(27.0, 517.5)	(28.0, 670.5)	(29.0, 837.5)	(30.0, 954.0)	(31.0, 1152.0)	(32.0, 1398.5)	(33.0, 1646.0)	(34.0, 1936.0)	(35.0, 2212.0)	(36.0, 2523.5)	(37.0, 2839.5)	(38.0, 3173.5)	(39.0, 3510.5)	(40.0, 3838.5)	(41.0, 4133.0)	(42.0, 4415.5)	(43.0, 4602.0)	(44.0, 4670.5)	(45.0, 4709.5)	(46.0, 4676.0)	(47.0, 4566.5)	(48.0, 4356.5)	(49.0, 4039.5)	(50.0, 3720.0)	(51.0, 3457.0)	(52.0, 3134.5)	(53.0, 2794.5)	(54.0, 2533.5)	(55.0, 2319.0)	(56.0, 2131.0)	(57.0, 1923.0)	(58.0, 1686.0)	(59.0, 1551.0)	(60.0, 1417.0)	(61.0, 1260.0)	(62.0, 1109.0)	(63.0, 950.0)	(64.0, 857.5)	(65.0, 754.0)	(66.0, 621.0)	(67.0, 487.0)	(68.0, 388.0)	(69.0, 316.5)	(70.0, 245.5)	(71.0, 184.5)	(72.0, 130.0)	(73.0, 88.0)	(74.0, 68.0)	(75.0, 49.5)	(76.0, 30.5)	(77.0, 16.5)	(78.0, 9.0)	(79.0, 6.0)	(80.0, 3.5)	(81.0, 1.5)	(82.0, 1.5)	(83.0, 1.0)	(84.0, 0.0)	(85.0, 0.0)	(86.0, 0.0)	(87.0, 0.0)	(88.0, 0.0)	(89.0, 0.0)	(90.0, 0.0)	(91.0, 0.5)	(92.0, 0.5)	(93.0, 0.0)	(94.0, 0.0)	(95.0, 0.0)	(96.0, 0.0)	(97.0, 0.5)	(98.0, 0.5)	(99.0, 0.5)	(100.0, 0.5)
SRR5898948_2	(0.0, 0.0)	(1.0, 0.0)	(2.0, 0.0)	(3.0, 0.5)	(4.0, 0.5)	(5.0, 0.0)	(6.0, 0.0)	(7.0, 0.5)	(8.0, 1.0)	(9.0, 0.5)	(10.0, 0.5)	(11.0, 1.5)	(12.0, 2.0)	(13.0, 3.0)	(14.0, 4.0)	(15.0, 5.5)	(16.0, 6.5)	(17.0, 11.5)	(18.0, 21.5)	(19.0, 27.5)	(20.0, 35.5)	(21.0, 58.0)	(22.0, 98.0)	(23.0, 137.0)	(24.0, 199.0)	(25.0, 290.0)	(26.0, 382.0)	(27.0, 519.5)	(28.0, 664.5)	(29.0, 797.5)	(30.0, 972.5)	(31.0, 1203.0)	(32.0, 1417.0)	(33.0, 1591.5)	(34.0, 1868.0)	(35.0, 2170.0)	(36.0, 2460.0)	(37.0, 2783.5)	(38.0, 3160.0)	(39.0, 3467.0)	(40.0, 3800.5)	(41.0, 4156.0)	(42.0, 4396.0)	(43.0, 4594.5)	(44.0, 4628.5)	(45.0, 4622.0)	(46.0, 4652.0)	(47.0, 4517.5)	(48.0, 4275.0)	(49.0, 4051.5)	(50.0, 3790.5)	(51.0, 3487.5)	(52.0, 3171.5)	(53.0, 2905.5)	(54.0, 2668.0)	(55.0, 2364.5)	(56.0, 2099.0)	(57.0, 1916.5)	(58.0, 1727.5)	(59.0, 1547.0)	(60.0, 1376.0)	(61.0, 1242.0)	(62.0, 1128.5)	(63.0, 968.5)	(64.0, 838.5)	(65.0, 737.5)	(66.0, 619.0)	(67.0, 535.5)	(68.0, 436.0)	(69.0, 323.0)	(70.0, 245.0)	(71.0, 191.5)	(72.0, 135.5)	(73.0, 91.0)	(74.0, 68.5)	(75.0, 46.5)	(76.0, 29.0)	(77.0, 18.0)	(78.0, 12.5)	(79.0, 10.5)	(80.0, 7.0)	(81.0, 4.5)	(82.0, 4.0)	(83.0, 4.0)	(84.0, 4.5)	(85.0, 4.5)	(86.0, 4.0)	(87.0, 3.5)	(88.0, 1.5)	(89.0, 1.0)	(90.0, 1.5)	(91.0, 2.0)	(92.0, 2.0)	(93.0, 2.0)	(94.0, 3.0)	(95.0, 2.0)	(96.0, 1.0)	(97.0, 2.0)	(98.0, 4.5)	(99.0, 3.5)	(100.0, 1.5)
SRR5898950_1	(0.0, 0.0)	(1.0, 0.0)	(2.0, 0.0)	(3.0, 0.0)	(4.0, 0.0)	(5.0, 0.0)	(6.0, 0.0)	(7.0, 0.0)	(8.0, 0.0)	(9.0, 0.0)	(10.0, 0.5)	(11.0, 1.5)	(12.0, 3.5)	(13.0, 6.5)	(14.0, 10.5)	(15.0, 25.0)	(16.0, 41.5)	(17.0, 54.5)	(18.0, 75.0)	(19.0, 102.5)	(20.0, 148.0)	(21.0, 208.5)	(22.0, 276.0)	(23.0, 355.5)	(24.0, 468.5)	(25.0, 583.5)	(26.0, 673.5)	(27.0, 778.0)	(28.0, 918.0)	(29.0, 1069.0)	(30.0, 1154.5)	(31.0, 1227.5)	(32.0, 1344.0)	(33.0, 1459.5)	(34.0, 1576.0)	(35.0, 1734.0)	(36.0, 1897.5)	(37.0, 2015.5)	(38.0, 2191.5)	(39.0, 2385.5)	(40.0, 2468.5)	(41.0, 2656.5)	(42.0, 2920.0)	(43.0, 3111.5)	(44.0, 3242.5)	(45.0, 3466.5)	(46.0, 3746.0)	(47.0, 3842.0)	(48.0, 3958.5)	(49.0, 4086.5)	(50.0, 4027.0)	(51.0, 3872.0)	(52.0, 3714.5)	(53.0, 3511.0)	(54.0, 3324.5)	(55.0, 3120.0)	(56.0, 2852.0)	(57.0, 2631.5)	(58.0, 2450.5)	(59.0, 2216.5)	(60.0, 2033.5)	(61.0, 1862.0)	(62.0, 1690.0)	(63.0, 1574.5)	(64.0, 1426.0)	(65.0, 1245.5)	(66.0, 1074.0)	(67.0, 914.5)	(68.0, 739.5)	(69.0, 573.5)	(70.0, 442.0)	(71.0, 333.0)	(72.0, 230.5)	(73.0, 157.5)	(74.0, 116.0)	(75.0, 88.0)	(76.0, 58.0)	(77.0, 34.5)	(78.0, 24.0)	(79.0, 17.5)	(80.0, 8.5)	(81.0, 5.5)	(82.0, 5.5)	(83.0, 5.0)	(84.0, 3.5)	(85.0, 2.0)	(86.0, 0.0)	(87.0, 0.5)	(88.0, 0.5)	(89.0, 0.5)	(90.0, 1.0)	(91.0, 0.5)	(92.0, 0.0)	(93.0, 0.5)	(94.0, 0.5)	(95.0, 0.0)	(96.0, 0.0)	(97.0, 0.0)	(98.0, 0.0)	(99.0, 0.0)	(100.0, 0.0)
SRR5898950_2	(0.0, 0.0)	(1.0, 0.0)	(2.0, 0.0)	(3.0, 0.5)	(4.0, 1.0)	(5.0, 0.5)	(6.0, 1.0)	(7.0, 2.5)	(8.0, 3.0)	(9.0, 3.5)	(10.0, 3.5)	(11.0, 2.5)	(12.0, 3.5)	(13.0, 9.0)	(14.0, 14.0)	(15.0, 21.0)	(16.0, 35.5)	(17.0, 57.0)	(18.0, 77.5)	(19.0, 104.0)	(20.0, 152.0)	(21.0, 218.0)	(22.0, 282.5)	(23.0, 359.0)	(24.0, 479.5)	(25.0, 568.0)	(26.0, 675.5)	(27.0, 796.0)	(28.0, 885.5)	(29.0, 1016.5)	(30.0, 1145.0)	(31.0, 1230.5)	(32.0, 1330.5)	(33.0, 1454.5)	(34.0, 1554.0)	(35.0, 1698.5)	(36.0, 1853.5)	(37.0, 2010.0)	(38.0, 2157.0)	(39.0, 2283.5)	(40.0, 2443.0)	(41.0, 2599.5)	(42.0, 2806.0)	(43.0, 3105.5)	(44.0, 3277.5)	(45.0, 3413.0)	(46.0, 3627.0)	(47.0, 3782.5)	(48.0, 3904.5)	(49.0, 3960.5)	(50.0, 3955.0)	(51.0, 3904.5)	(52.0, 3827.5)	(53.0, 3600.5)	(54.0, 3300.5)	(55.0, 3067.0)	(56.0, 2845.5)	(57.0, 2671.0)	(58.0, 2465.0)	(59.0, 2248.0)	(60.0, 2074.5)	(61.0, 1909.5)	(62.0, 1755.5)	(63.0, 1628.5)	(64.0, 1462.5)	(65.0, 1227.5)	(66.0, 1062.5)	(67.0, 925.0)	(68.0, 735.5)	(69.0, 609.5)	(70.0, 501.0)	(71.0, 367.5)	(72.0, 281.0)	(73.0, 217.5)	(74.0, 161.0)	(75.0, 112.0)	(76.0, 78.0)	(77.0, 58.0)	(78.0, 44.0)	(79.0, 34.5)	(80.0, 26.5)	(81.0, 19.5)	(82.0, 12.5)	(83.0, 10.0)	(84.0, 10.0)	(85.0, 8.5)	(86.0, 7.5)	(87.0, 7.5)	(88.0, 6.5)	(89.0, 4.5)	(90.0, 6.0)	(91.0, 5.5)	(92.0, 3.5)	(93.0, 3.5)	(94.0, 3.0)	(95.0, 3.0)	(96.0, 3.5)	(97.0, 3.0)	(98.0, 2.5)	(99.0, 2.5)	(100.0, 4.5)
SRR5898954_1	(0.0, 0.0)	(1.0, 0.0)	(2.0, 0.0)	(3.0, 0.0)	(4.0, 0.0)	(5.0, 0.0)	(6.0, 0.0)	(7.0, 0.0)	(8.0, 0.0)	(9.0, 0.0)	(10.0, 0.0)	(11.0, 0.0)	(12.0, 0.5)	(13.0, 1.0)	(14.0, 3.5)	(15.0, 7.0)	(16.0, 12.5)	(17.0, 21.0)	(18.0, 27.5)	(19.0, 43.5)	(20.0, 80.0)	(21.0, 107.0)	(22.0, 120.5)	(23.0, 159.5)	(24.0, 247.5)	(25.0, 402.0)	(26.0, 565.5)	(27.0, 741.5)	(28.0, 1006.0)	(29.0, 1300.5)	(30.0, 1621.0)	(31.0, 2043.5)	(32.0, 2405.5)	(33.0, 2794.5)	(34.0, 3235.0)	(35.0, 3512.5)	(36.0, 3694.5)	(37.0, 3845.5)	(38.0, 3865.0)	(39.0, 3833.0)	(40.0, 3819.0)	(41.0, 3746.5)	(42.0, 3717.5)	(43.0, 3607.0)	(44.0, 3604.5)	(45.0, 3808.0)	(46.0, 3891.5)	(47.0, 4017.5)	(48.0, 4110.0)	(49.0, 4011.0)	(50.0, 3923.0)	(51.0, 3633.0)	(52.0, 3242.5)	(53.0, 2984.0)	(54.0, 2686.0)	(55.0, 2372.5)	(56.0, 1987.5)	(57.0, 1622.0)	(58.0, 1332.0)	(59.0, 1032.5)	(60.0, 791.5)	(61.0, 643.0)	(62.0, 534.0)	(63.0, 412.0)	(64.0, 316.0)	(65.0, 254.0)	(66.0, 215.5)	(67.0, 163.0)	(68.0, 108.0)	(69.0, 83.5)	(70.0, 65.0)	(71.0, 50.5)	(72.0, 43.5)	(73.0, 33.5)	(74.0, 21.0)	(75.0, 12.0)	(76.0, 7.5)	(77.0, 5.5)	(78.0, 5.0)	(79.0, 3.0)	(80.0, 2.0)	(81.0, 1.5)	(82.0, 1.0)	(83.0, 0.5)	(84.0, 0.0)	(85.0, 0.0)	(86.0, 0.0)	(87.0, 0.0)	(88.0, 0.0)	(89.0, 0.0)	(90.0, 0.0)	(91.0, 0.0)	(92.0, 0.0)	(93.0, 0.0)	(94.0, 0.0)	(95.0, 0.0)	(96.0, 0.0)	(97.0, 0.0)	(98.0, 0.0)	(99.0, 0.0)	(100.0, 0.0)
SRR5898954_2	(0.0, 0.0)	(1.0, 0.0)	(2.0, 0.0)	(3.0, 0.0)	(4.0, 0.0)	(5.0, 0.5)	(6.0, 0.5)	(7.0, 0.0)	(8.0, 1.0)	(9.0, 1.5)	(10.0, 0.5)	(11.0, 0.5)	(12.0, 1.0)	(13.0, 2.5)	(14.0, 7.0)	(15.0, 14.0)	(16.0, 20.0)	(17.0, 29.0)	(18.0, 38.0)	(19.0, 52.0)	(20.0, 82.0)	(21.0, 101.5)	(22.0, 126.0)	(23.0, 189.0)	(24.0, 276.0)	(25.0, 388.5)	(26.0, 562.0)	(27.0, 755.5)	(28.0, 940.0)	(29.0, 1255.5)	(30.0, 1628.5)	(31.0, 2002.5)	(32.0, 2397.0)	(33.0, 2783.0)	(34.0, 3203.0)	(35.0, 3542.5)	(36.0, 3725.0)	(37.0, 3832.0)	(38.0, 3822.0)	(39.0, 3833.0)	(40.0, 3904.5)	(41.0, 3815.0)	(42.0, 3721.5)	(43.0, 3675.5)	(44.0, 3678.5)	(45.0, 3749.0)	(46.0, 3737.0)	(47.0, 3860.5)	(48.0, 4017.5)	(49.0, 3902.0)	(50.0, 3765.5)	(51.0, 3557.5)	(52.0, 3227.0)	(53.0, 2930.5)	(54.0, 2657.5)	(55.0, 2386.0)	(56.0, 2051.0)	(57.0, 1711.5)	(58.0, 1355.0)	(59.0, 1063.0)	(60.0, 867.0)	(61.0, 680.5)	(62.0, 553.0)	(63.0, 457.5)	(64.0, 371.0)	(65.0, 296.0)	(66.0, 234.0)	(67.0, 185.5)	(68.0, 136.5)	(69.0, 97.5)	(70.0, 83.0)	(71.0, 62.5)	(72.0, 52.5)	(73.0, 41.0)	(74.0, 21.0)	(75.0, 17.5)	(76.0, 17.5)	(77.0, 15.5)	(78.0, 10.5)	(79.0, 8.0)	(80.0, 7.5)	(81.0, 4.0)	(82.0, 5.0)	(83.0, 6.5)	(84.0, 5.0)	(85.0, 4.0)	(86.0, 2.0)	(87.0, 1.5)	(88.0, 2.0)	(89.0, 2.0)	(90.0, 1.5)	(91.0, 2.0)	(92.0, 3.0)	(93.0, 2.5)	(94.0, 2.0)	(95.0, 3.0)	(96.0, 2.5)	(97.0, 2.0)	(98.0, 2.0)	(99.0, 0.5)	(100.0, 0.5)
SRR5898966_1	(0.0, 0.0)	(1.0, 0.0)	(2.0, 0.0)	(3.0, 0.0)	(4.0, 0.0)	(5.0, 0.0)	(6.0, 0.0)	(7.0, 0.0)	(8.0, 0.0)	(9.0, 0.0)	(10.0, 0.5)	(11.0, 1.0)	(12.0, 1.5)	(13.0, 1.0)	(14.0, 0.5)	(15.0, 1.5)	(16.0, 2.5)	(17.0, 5.5)	(18.0, 9.5)	(19.0, 14.5)	(20.0, 21.5)	(21.0, 35.5)	(22.0, 57.5)	(23.0, 96.0)	(24.0, 144.0)	(25.0, 199.5)	(26.0, 255.5)	(27.0, 315.0)	(28.0, 413.5)	(29.0, 495.5)	(30.0, 580.5)	(31.0, 702.5)	(32.0, 836.5)	(33.0, 944.0)	(34.0, 1024.5)	(35.0, 1176.5)	(36.0, 1383.0)	(37.0, 1568.5)	(38.0, 1734.0)	(39.0, 1939.5)	(40.0, 2194.5)	(41.0, 2534.0)	(42.0, 2854.5)	(43.0, 3134.5)	(44.0, 3552.0)	(45.0, 4041.0)	(46.0, 4525.5)	(47.0, 4929.0)	(48.0, 5214.0)	(49.0, 5512.5)	(50.0, 5681.5)	(51.0, 5698.5)	(52.0, 5597.5)	(53.0, 5271.0)	(54.0, 4792.5)	(55.0, 4269.0)	(56.0, 3762.0)	(57.0, 3254.5)	(58.0, 2741.0)	(59.0, 2265.5)	(60.0, 1860.0)	(61.0, 1491.5)	(62.0, 1172.5)	(63.0, 943.5)	(64.0, 742.5)	(65.0, 547.5)	(66.0, 415.5)	(67.0, 302.5)	(68.0, 217.5)	(69.0, 160.5)	(70.0, 114.0)	(71.0, 86.5)	(72.0, 57.0)	(73.0, 35.5)	(74.0, 22.0)	(75.0, 11.0)	(76.0, 4.0)	(77.0, 6.0)	(78.0, 5.5)	(79.0, 1.5)	(80.0, 2.0)	(81.0, 1.5)	(82.0, 0.5)	(83.0, 0.0)	(84.0, 1.0)	(85.0, 1.0)	(86.0, 0.0)	(87.0, 0.0)	(88.0, 0.0)	(89.0, 0.0)	(90.0, 0.0)	(91.0, 0.0)	(92.0, 0.0)	(93.0, 0.0)	(94.0, 0.5)	(95.0, 0.5)	(96.0, 0.5)	(97.0, 0.5)	(98.0, 0.0)	(99.0, 0.0)	(100.0, 0.0)
SRR5898966_2	(0.0, 0.0)	(1.0, 0.0)	(2.0, 0.0)	(3.0, 0.0)	(4.0, 0.0)	(5.0, 0.0)	(6.0, 0.0)	(7.0, 0.0)	(8.0, 1.5)	(9.0, 2.0)	(10.0, 1.0)	(11.0, 0.5)	(12.0, 0.0)	(13.0, 2.0)	(14.0, 3.0)	(15.0, 2.0)	(16.0, 3.5)	(17.0, 6.5)	(18.0, 12.0)	(19.0, 20.0)	(20.0, 28.0)	(21.0, 38.0)	(22.0, 56.5)	(23.0, 83.0)	(24.0, 126.5)	(25.0, 186.0)	(26.0, 250.5)	(27.0, 314.0)	(28.0, 396.0)	(29.0, 484.0)	(30.0, 577.0)	(31.0, 698.0)	(32.0, 815.5)	(33.0, 933.5)	(34.0, 1060.5)	(35.0, 1186.0)	(36.0, 1362.0)	(37.0, 1561.5)	(38.0, 1706.0)	(39.0, 1910.0)	(40.0, 2179.5)	(41.0, 2506.0)	(42.0, 2858.5)	(43.0, 3117.0)	(44.0, 3583.0)	(45.0, 4056.5)	(46.0, 4362.5)	(47.0, 4800.5)	(48.0, 5229.5)	(49.0, 5463.0)	(50.0, 5583.0)	(51.0, 5591.5)	(52.0, 5430.0)	(53.0, 5140.5)	(54.0, 4703.0)	(55.0, 4278.0)	(56.0, 3838.5)	(57.0, 3283.0)	(58.0, 2755.0)	(59.0, 2310.5)	(60.0, 1926.0)	(61.0, 1597.5)	(62.0, 1280.0)	(63.0, 997.0)	(64.0, 778.0)	(65.0, 596.5)	(66.0, 462.0)	(67.0, 360.5)	(68.0, 259.0)	(69.0, 191.5)	(70.0, 148.0)	(71.0, 107.0)	(72.0, 86.5)	(73.0, 61.0)	(74.0, 42.5)	(75.0, 33.0)	(76.0, 20.5)	(77.0, 12.5)	(78.0, 12.0)	(79.0, 16.0)	(80.0, 15.5)	(81.0, 9.0)	(82.0, 4.0)	(83.0, 3.5)	(84.0, 5.5)	(85.0, 4.5)	(86.0, 5.5)	(87.0, 6.0)	(88.0, 3.5)	(89.0, 2.0)	(90.0, 1.5)	(91.0, 2.5)	(92.0, 3.5)	(93.0, 3.0)	(94.0, 2.0)	(95.0, 1.5)	(96.0, 1.5)	(97.0, 2.0)	(98.0, 1.5)	(99.0, 1.0)	(100.0, 2.5)
SRR5898978_1	(0.0, 0.0)	(1.0, 0.0)	(2.0, 0.0)	(3.0, 0.0)	(4.0, 0.0)	(5.0, 0.0)	(6.0, 0.0)	(7.0, 0.0)	(8.0, 0.0)	(9.0, 0.0)	(10.0, 0.0)	(11.0, 0.0)	(12.0, 0.0)	(13.0, 0.5)	(14.0, 1.0)	(15.0, 2.0)	(16.0, 3.5)	(17.0, 6.0)	(18.0, 8.5)	(19.0, 12.5)	(20.0, 17.5)	(21.0, 30.0)	(22.0, 51.5)	(23.0, 58.0)	(24.0, 67.5)	(25.0, 124.5)	(26.0, 185.0)	(27.0, 218.0)	(28.0, 264.5)	(29.0, 354.5)	(30.0, 457.5)	(31.0, 551.5)	(32.0, 674.0)	(33.0, 804.0)	(34.0, 915.5)	(35.0, 1039.5)	(36.0, 1168.5)	(37.0, 1269.5)	(38.0, 1372.5)	(39.0, 1522.5)	(40.0, 1719.5)	(41.0, 1936.5)	(42.0, 2156.0)	(43.0, 2376.5)	(44.0, 2636.5)	(45.0, 2936.0)	(46.0, 3260.5)	(47.0, 3624.5)	(48.0, 4000.0)	(49.0, 4365.0)	(50.0, 4657.0)	(51.0, 4837.0)	(52.0, 4944.0)	(53.0, 5049.5)	(54.0, 5100.0)	(55.0, 4993.0)	(56.0, 4822.0)	(57.0, 4610.0)	(58.0, 4315.5)	(59.0, 3929.0)	(60.0, 3587.5)	(61.0, 3162.0)	(62.0, 2635.0)	(63.0, 2227.0)	(64.0, 1828.5)	(65.0, 1466.0)	(66.0, 1153.0)	(67.0, 897.5)	(68.0, 707.5)	(69.0, 537.5)	(70.0, 392.0)	(71.0, 267.5)	(72.0, 184.5)	(73.0, 137.0)	(74.0, 87.5)	(75.0, 51.0)	(76.0, 38.5)	(77.0, 26.0)	(78.0, 16.0)	(79.0, 9.5)	(80.0, 7.5)	(81.0, 6.5)	(82.0, 2.5)	(83.0, 1.5)	(84.0, 2.0)	(85.0, 1.5)	(86.0, 0.5)	(87.0, 0.0)	(88.0, 0.0)	(89.0, 0.0)	(90.0, 0.0)	(91.0, 0.0)	(92.0, 0.0)	(93.0, 0.0)	(94.0, 0.0)	(95.0, 0.0)	(96.0, 0.0)	(97.0, 0.0)	(98.0, 0.0)	(99.0, 0.0)	(100.0, 0.0)
SRR5898978_2	(0.0, 0.0)	(1.0, 0.0)	(2.0, 0.0)	(3.0, 0.0)	(4.0, 0.0)	(5.0, 0.5)	(6.0, 0.5)	(7.0, 0.0)	(8.0, 0.0)	(9.0, 0.5)	(10.0, 0.5)	(11.0, 0.5)	(12.0, 0.5)	(13.0, 0.5)	(14.0, 1.0)	(15.0, 2.5)	(16.0, 4.0)	(17.0, 5.5)	(18.0, 8.5)	(19.0, 12.5)	(20.0, 19.0)	(21.0, 37.0)	(22.0, 58.0)	(23.0, 59.5)	(24.0, 74.0)	(25.0, 125.0)	(26.0, 174.5)	(27.0, 217.0)	(28.0, 292.5)	(29.0, 385.0)	(30.0, 455.5)	(31.0, 549.0)	(32.0, 660.5)	(33.0, 779.0)	(34.0, 922.0)	(35.0, 1046.5)	(36.0, 1165.5)	(37.0, 1323.5)	(38.0, 1424.5)	(39.0, 1553.5)	(40.0, 1775.5)	(41.0, 1954.5)	(42.0, 2130.0)	(43.0, 2347.0)	(44.0, 2682.0)	(45.0, 3020.5)	(46.0, 3254.5)	(47.0, 3616.5)	(48.0, 3988.0)	(49.0, 4338.5)	(50.0, 4661.0)	(51.0, 4816.5)	(52.0, 4915.5)	(53.0, 4946.5)	(54.0, 4951.5)	(55.0, 4976.0)	(56.0, 4834.5)	(57.0, 4565.0)	(58.0, 4298.0)	(59.0, 3909.0)	(60.0, 3498.0)	(61.0, 3088.5)	(62.0, 2646.0)	(63.0, 2255.0)	(64.0, 1848.0)	(65.0, 1487.0)	(66.0, 1166.0)	(67.0, 877.5)	(68.0, 700.5)	(69.0, 553.0)	(70.0, 394.0)	(71.0, 274.5)	(72.0, 191.5)	(73.0, 139.0)	(74.0, 101.0)	(75.0, 59.5)	(76.0, 37.0)	(77.0, 22.5)	(78.0, 19.5)	(79.0, 15.0)	(80.0, 11.5)	(81.0, 11.0)	(82.0, 7.0)	(83.0, 3.5)	(84.0, 3.0)	(85.0, 1.0)	(86.0, 1.0)	(87.0, 1.5)	(88.0, 1.5)	(89.0, 2.0)	(90.0, 2.0)	(91.0, 1.5)	(92.0, 1.0)	(93.0, 1.5)	(94.0, 1.5)	(95.0, 1.5)	(96.0, 1.5)	(97.0, 1.0)	(98.0, 1.0)	(99.0, 2.0)	(100.0, 5.0)
SRR5898979_1	(0.0, 0.0)	(1.0, 0.0)	(2.0, 0.0)	(3.0, 0.0)	(4.0, 0.0)	(5.0, 0.0)	(6.0, 0.0)	(7.0, 0.0)	(8.0, 0.0)	(9.0, 0.0)	(10.0, 0.0)	(11.0, 0.0)	(12.0, 0.0)	(13.0, 0.0)	(14.0, 2.0)	(15.0, 5.5)	(16.0, 6.5)	(17.0, 5.5)	(18.0, 9.5)	(19.0, 15.5)	(20.0, 29.5)	(21.0, 50.0)	(22.0, 78.5)	(23.0, 122.5)	(24.0, 166.5)	(25.0, 209.0)	(26.0, 260.0)	(27.0, 335.0)	(28.0, 434.5)	(29.0, 515.0)	(30.0, 597.0)	(31.0, 700.0)	(32.0, 810.0)	(33.0, 922.0)	(34.0, 1014.0)	(35.0, 1132.0)	(36.0, 1283.5)	(37.0, 1408.0)	(38.0, 1528.5)	(39.0, 1754.5)	(40.0, 1997.5)	(41.0, 2269.0)	(42.0, 2601.0)	(43.0, 2930.5)	(44.0, 3334.0)	(45.0, 3776.0)	(46.0, 4230.5)	(47.0, 4756.5)	(48.0, 5259.5)	(49.0, 5517.5)	(50.0, 5661.5)	(51.0, 5747.0)	(52.0, 5642.0)	(53.0, 5346.5)	(54.0, 4922.5)	(55.0, 4435.0)	(56.0, 3885.5)	(57.0, 3335.5)	(58.0, 2831.5)	(59.0, 2360.0)	(60.0, 1960.5)	(61.0, 1595.5)	(62.0, 1287.5)	(63.0, 1076.5)	(64.0, 875.0)	(65.0, 700.0)	(66.0, 547.5)	(67.0, 427.5)	(68.0, 344.5)	(69.0, 275.0)	(70.0, 212.0)	(71.0, 147.5)	(72.0, 99.0)	(73.0, 72.5)	(74.0, 53.0)	(75.0, 35.0)	(76.0, 22.5)	(77.0, 17.0)	(78.0, 13.5)	(79.0, 8.5)	(80.0, 3.5)	(81.0, 1.0)	(82.0, 1.0)	(83.0, 1.0)	(84.0, 0.5)	(85.0, 0.5)	(86.0, 0.0)	(87.0, 0.0)	(88.0, 0.0)	(89.0, 0.0)	(90.0, 0.0)	(91.0, 0.0)	(92.0, 0.0)	(93.0, 0.0)	(94.0, 0.5)	(95.0, 0.5)	(96.0, 0.0)	(97.0, 0.0)	(98.0, 0.5)	(99.0, 1.5)	(100.0, 1.0)
SRR5898979_2	(0.0, 0.0)	(1.0, 0.0)	(2.0, 0.0)	(3.0, 0.5)	(4.0, 0.5)	(5.0, 0.0)	(6.0, 0.0)	(7.0, 0.5)	(8.0, 2.0)	(9.0, 1.5)	(10.0, 0.0)	(11.0, 0.0)	(12.0, 0.5)	(13.0, 1.5)	(14.0, 4.5)	(15.0, 7.0)	(16.0, 6.5)	(17.0, 6.0)	(18.0, 14.5)	(19.0, 27.0)	(20.0, 36.5)	(21.0, 56.0)	(22.0, 86.5)	(23.0, 118.5)	(24.0, 155.5)	(25.0, 220.5)	(26.0, 286.0)	(27.0, 360.5)	(28.0, 441.5)	(29.0, 508.0)	(30.0, 599.5)	(31.0, 724.0)	(32.0, 843.5)	(33.0, 910.5)	(34.0, 1010.5)	(35.0, 1120.0)	(36.0, 1230.0)	(37.0, 1404.0)	(38.0, 1603.5)	(39.0, 1806.5)	(40.0, 2006.0)	(41.0, 2214.0)	(42.0, 2526.0)	(43.0, 2900.0)	(44.0, 3282.0)	(45.0, 3706.0)	(46.0, 4125.5)	(47.0, 4610.0)	(48.0, 5176.5)	(49.0, 5575.5)	(50.0, 5742.5)	(51.0, 5709.0)	(52.0, 5578.5)	(53.0, 5364.5)	(54.0, 4922.5)	(55.0, 4419.5)	(56.0, 3902.0)	(57.0, 3384.5)	(58.0, 2857.0)	(59.0, 2331.5)	(60.0, 1923.5)	(61.0, 1585.0)	(62.0, 1280.5)	(63.0, 1072.0)	(64.0, 909.0)	(65.0, 735.0)	(66.0, 580.0)	(67.0, 439.5)	(68.0, 354.0)	(69.0, 294.0)	(70.0, 228.5)	(71.0, 173.5)	(72.0, 129.0)	(73.0, 95.0)	(74.0, 63.5)	(75.0, 47.5)	(76.0, 31.5)	(77.0, 24.5)	(78.0, 25.0)	(79.0, 16.5)	(80.0, 8.0)	(81.0, 6.0)	(82.0, 5.0)	(83.0, 3.5)	(84.0, 4.0)	(85.0, 4.5)	(86.0, 3.5)	(87.0, 2.0)	(88.0, 2.0)	(89.0, 3.0)	(90.0, 4.0)	(91.0, 4.0)	(92.0, 3.0)	(93.0, 2.0)	(94.0, 2.5)	(95.0, 4.5)	(96.0, 3.5)	(97.0, 2.0)	(98.0, 2.0)	(99.0, 3.0)	(100.0, 4.0)
SRR5898980_1	(0.0, 0.0)	(1.0, 0.0)	(2.0, 0.0)	(3.0, 0.0)	(4.0, 0.0)	(5.0, 0.0)	(6.0, 0.0)	(7.0, 0.0)	(8.0, 0.0)	(9.0, 0.0)	(10.0, 0.0)	(11.0, 0.0)	(12.0, 0.0)	(13.0, 0.5)	(14.0, 1.0)	(15.0, 1.5)	(16.0, 2.0)	(17.0, 4.5)	(18.0, 7.0)	(19.0, 9.0)	(20.0, 15.5)	(21.0, 24.0)	(22.0, 32.5)	(23.0, 50.5)	(24.0, 85.5)	(25.0, 116.0)	(26.0, 148.5)	(27.0, 201.5)	(28.0, 274.0)	(29.0, 336.0)	(30.0, 394.5)	(31.0, 493.5)	(32.0, 598.5)	(33.0, 714.0)	(34.0, 835.0)	(35.0, 964.0)	(36.0, 1122.0)	(37.0, 1309.0)	(38.0, 1465.5)	(39.0, 1676.5)	(40.0, 1974.0)	(41.0, 2234.0)	(42.0, 2480.0)	(43.0, 2732.0)	(44.0, 3002.0)	(45.0, 3278.0)	(46.0, 3527.5)	(47.0, 3810.5)	(48.0, 3979.5)	(49.0, 4053.0)	(50.0, 4229.5)	(51.0, 4321.5)	(52.0, 4311.0)	(53.0, 4284.5)	(54.0, 4235.0)	(55.0, 4118.5)	(56.0, 3980.0)	(57.0, 3825.0)	(58.0, 3589.0)	(59.0, 3322.0)	(60.0, 3104.0)	(61.0, 2846.5)	(62.0, 2506.0)	(63.0, 2216.5)	(64.0, 1944.0)	(65.0, 1666.0)	(66.0, 1417.0)	(67.0, 1185.0)	(68.0, 951.5)	(69.0, 753.0)	(70.0, 572.5)	(71.0, 418.5)	(72.0, 306.5)	(73.0, 213.0)	(74.0, 159.0)	(75.0, 106.5)	(76.0, 68.0)	(77.0, 49.5)	(78.0, 30.0)	(79.0, 19.0)	(80.0, 9.5)	(81.0, 6.5)	(82.0, 4.0)	(83.0, 2.5)	(84.0, 1.5)	(85.0, 1.5)	(86.0, 1.0)	(87.0, 0.0)	(88.0, 0.0)	(89.0, 0.5)	(90.0, 0.5)	(91.0, 0.0)	(92.0, 0.0)	(93.0, 0.5)	(94.0, 0.5)	(95.0, 0.0)	(96.0, 0.0)	(97.0, 0.5)	(98.0, 0.5)	(99.0, 0.0)	(100.0, 0.0)
SRR5898980_2	(0.0, 0.0)	(1.0, 0.0)	(2.0, 0.0)	(3.0, 1.0)	(4.0, 1.0)	(5.0, 0.0)	(6.0, 0.0)	(7.0, 0.0)	(8.0, 1.0)	(9.0, 1.0)	(10.0, 0.0)	(11.0, 0.5)	(12.0, 2.0)	(13.0, 2.5)	(14.0, 2.0)	(15.0, 1.0)	(16.0, 1.5)	(17.0, 4.0)	(18.0, 6.0)	(19.0, 9.5)	(20.0, 16.0)	(21.0, 27.5)	(22.0, 35.5)	(23.0, 54.0)	(24.0, 86.0)	(25.0, 124.0)	(26.0, 166.5)	(27.0, 210.5)	(28.0, 269.0)	(29.0, 342.0)	(30.0, 415.0)	(31.0, 486.0)	(32.0, 586.5)	(33.0, 737.5)	(34.0, 859.5)	(35.0, 944.0)	(36.0, 1087.0)	(37.0, 1266.5)	(38.0, 1459.0)	(39.0, 1659.5)	(40.0, 1919.0)	(41.0, 2183.5)	(42.0, 2434.0)	(43.0, 2669.5)	(44.0, 2901.5)	(45.0, 3197.5)	(46.0, 3475.0)	(47.0, 3701.5)	(48.0, 3927.5)	(49.0, 4089.5)	(50.0, 4133.0)	(51.0, 4246.5)	(52.0, 4334.5)	(53.0, 4308.0)	(54.0, 4223.5)	(55.0, 4084.0)	(56.0, 3961.5)	(57.0, 3856.5)	(58.0, 3628.0)	(59.0, 3359.0)	(60.0, 3129.5)	(61.0, 2858.5)	(62.0, 2588.0)	(63.0, 2273.5)	(64.0, 1983.0)	(65.0, 1738.5)	(66.0, 1478.0)	(67.0, 1217.5)	(68.0, 981.5)	(69.0, 781.5)	(70.0, 591.5)	(71.0, 427.0)	(72.0, 314.0)	(73.0, 234.0)	(74.0, 168.5)	(75.0, 113.5)	(76.0, 74.0)	(77.0, 57.0)	(78.0, 44.5)	(79.0, 28.5)	(80.0, 22.0)	(81.0, 16.5)	(82.0, 10.5)	(83.0, 8.5)	(84.0, 8.0)	(85.0, 7.5)	(86.0, 6.5)	(87.0, 3.5)	(88.0, 4.0)	(89.0, 4.5)	(90.0, 3.5)	(91.0, 3.0)	(92.0, 2.0)	(93.0, 1.5)	(94.0, 1.5)	(95.0, 3.0)	(96.0, 3.0)	(97.0, 4.0)	(98.0, 4.5)	(99.0, 1.5)	(100.0, 2.5)
SRR5898981_1	(0.0, 0.0)	(1.0, 0.0)	(2.0, 0.0)	(3.0, 0.0)	(4.0, 0.0)	(5.0, 0.0)	(6.0, 0.0)	(7.0, 0.0)	(8.0, 0.0)	(9.0, 0.0)	(10.0, 0.0)	(11.0, 0.0)	(12.0, 0.5)	(13.0, 1.5)	(14.0, 2.0)	(15.0, 3.0)	(16.0, 6.0)	(17.0, 8.0)	(18.0, 13.0)	(19.0, 21.0)	(20.0, 23.0)	(21.0, 28.5)	(22.0, 52.5)	(23.0, 86.0)	(24.0, 109.0)	(25.0, 145.0)	(26.0, 196.5)	(27.0, 247.5)	(28.0, 339.0)	(29.0, 430.5)	(30.0, 537.0)	(31.0, 712.5)	(32.0, 825.0)	(33.0, 945.0)	(34.0, 1107.0)	(35.0, 1241.0)	(36.0, 1453.5)	(37.0, 1706.0)	(38.0, 1928.5)	(39.0, 2184.0)	(40.0, 2445.0)	(41.0, 2664.0)	(42.0, 2998.5)	(43.0, 3316.0)	(44.0, 3576.5)	(45.0, 3882.5)	(46.0, 4110.5)	(47.0, 4386.5)	(48.0, 4638.0)	(49.0, 4764.0)	(50.0, 4882.0)	(51.0, 4952.0)	(52.0, 4833.0)	(53.0, 4655.0)	(54.0, 4353.0)	(55.0, 3980.5)	(56.0, 3651.5)	(57.0, 3281.0)	(58.0, 2907.5)	(59.0, 2476.5)	(60.0, 2154.5)	(61.0, 1856.0)	(62.0, 1529.5)	(63.0, 1247.0)	(64.0, 1036.0)	(65.0, 869.5)	(66.0, 713.0)	(67.0, 569.0)	(68.0, 421.0)	(69.0, 321.5)	(70.0, 276.0)	(71.0, 225.0)	(72.0, 151.5)	(73.0, 115.5)	(74.0, 85.0)	(75.0, 56.0)	(76.0, 31.0)	(77.0, 18.5)	(78.0, 13.0)	(79.0, 7.0)	(80.0, 7.0)	(81.0, 5.0)	(82.0, 2.0)	(83.0, 0.5)	(84.0, 0.5)	(85.0, 1.0)	(86.0, 1.5)	(87.0, 0.5)	(88.0, 0.0)	(89.0, 1.0)	(90.0, 1.0)	(91.0, 0.0)	(92.0, 0.0)	(93.0, 0.0)	(94.0, 0.0)	(95.0, 0.0)	(96.0, 0.0)	(97.0, 0.0)	(98.0, 0.0)	(99.0, 0.0)	(100.0, 0.0)
SRR5898981_2	(0.0, 0.0)	(1.0, 0.0)	(2.0, 0.0)	(3.0, 0.5)	(4.0, 0.5)	(5.0, 0.0)	(6.0, 0.0)	(7.0, 0.0)	(8.0, 0.5)	(9.0, 0.5)	(10.0, 0.0)	(11.0, 0.0)	(12.0, 0.0)	(13.0, 0.0)	(14.0, 0.5)	(15.0, 2.0)	(16.0, 5.0)	(17.0, 9.0)	(18.0, 15.0)	(19.0, 21.5)	(20.0, 27.0)	(21.0, 47.5)	(22.0, 61.0)	(23.0, 82.0)	(24.0, 114.5)	(25.0, 149.5)	(26.0, 209.0)	(27.0, 276.0)	(28.0, 348.5)	(29.0, 437.0)	(30.0, 554.5)	(31.0, 661.0)	(32.0, 777.5)	(33.0, 943.5)	(34.0, 1090.5)	(35.0, 1310.0)	(36.0, 1531.0)	(37.0, 1690.5)	(38.0, 1947.0)	(39.0, 2221.5)	(40.0, 2440.0)	(41.0, 2702.5)	(42.0, 3003.5)	(43.0, 3275.0)	(44.0, 3560.0)	(45.0, 3864.0)	(46.0, 4097.0)	(47.0, 4370.5)	(48.0, 4641.5)	(49.0, 4733.0)	(50.0, 4903.0)	(51.0, 4933.0)	(52.0, 4755.0)	(53.0, 4573.0)	(54.0, 4348.5)	(55.0, 4008.0)	(56.0, 3611.0)	(57.0, 3297.5)	(58.0, 2912.5)	(59.0, 2487.5)	(60.0, 2081.0)	(61.0, 1767.0)	(62.0, 1506.0)	(63.0, 1253.0)	(64.0, 1046.5)	(65.0, 834.0)	(66.0, 690.5)	(67.0, 585.5)	(68.0, 454.0)	(69.0, 366.5)	(70.0, 298.0)	(71.0, 229.0)	(72.0, 166.5)	(73.0, 118.0)	(74.0, 88.5)	(75.0, 58.5)	(76.0, 41.5)	(77.0, 36.0)	(78.0, 23.0)	(79.0, 12.5)	(80.0, 10.0)	(81.0, 7.0)	(82.0, 7.0)	(83.0, 5.0)	(84.0, 2.5)	(85.0, 2.5)	(86.0, 2.0)	(87.0, 1.5)	(88.0, 1.5)	(89.0, 1.5)	(90.0, 4.0)	(91.0, 3.5)	(92.0, 3.0)	(93.0, 3.5)	(94.0, 2.5)	(95.0, 2.5)	(96.0, 1.5)	(97.0, 1.0)	(98.0, 0.5)	(99.0, 1.5)	(100.0, 5.0)
SRR5898982_1	(0.0, 0.0)	(1.0, 0.0)	(2.0, 0.0)	(3.0, 0.0)	(4.0, 0.0)	(5.0, 0.0)	(6.0, 0.0)	(7.0, 0.0)	(8.0, 0.0)	(9.0, 0.5)	(10.0, 1.0)	(11.0, 0.5)	(12.0, 0.5)	(13.0, 1.0)	(14.0, 1.0)	(15.0, 2.0)	(16.0, 6.0)	(17.0, 7.5)	(18.0, 9.0)	(19.0, 14.0)	(20.0, 21.0)	(21.0, 34.5)	(22.0, 61.5)	(23.0, 102.0)	(24.0, 132.5)	(25.0, 175.0)	(26.0, 243.0)	(27.0, 307.5)	(28.0, 384.0)	(29.0, 479.5)	(30.0, 580.0)	(31.0, 678.0)	(32.0, 792.0)	(33.0, 894.0)	(34.0, 1042.5)	(35.0, 1208.0)	(36.0, 1333.0)	(37.0, 1482.0)	(38.0, 1651.5)	(39.0, 1810.5)	(40.0, 1986.0)	(41.0, 2275.5)	(42.0, 2530.0)	(43.0, 2758.0)	(44.0, 3112.5)	(45.0, 3427.5)	(46.0, 3788.5)	(47.0, 4235.5)	(48.0, 4589.5)	(49.0, 4833.5)	(50.0, 4971.5)	(51.0, 5088.0)	(52.0, 5085.0)	(53.0, 4925.0)	(54.0, 4710.5)	(55.0, 4474.5)	(56.0, 4115.0)	(57.0, 3659.0)	(58.0, 3251.5)	(59.0, 2848.5)	(60.0, 2416.0)	(61.0, 2036.5)	(62.0, 1747.5)	(63.0, 1490.0)	(64.0, 1240.5)	(65.0, 1039.0)	(66.0, 887.5)	(67.0, 723.0)	(68.0, 587.0)	(69.0, 480.0)	(70.0, 369.0)	(71.0, 282.5)	(72.0, 213.0)	(73.0, 162.5)	(74.0, 121.5)	(75.0, 84.0)	(76.0, 66.0)	(77.0, 42.0)	(78.0, 26.5)	(79.0, 17.0)	(80.0, 14.5)	(81.0, 15.0)	(82.0, 7.0)	(83.0, 3.5)	(84.0, 2.0)	(85.0, 0.5)	(86.0, 1.5)	(87.0, 2.0)	(88.0, 1.0)	(89.0, 0.0)	(90.0, 0.5)	(91.0, 2.0)	(92.0, 1.5)	(93.0, 0.0)	(94.0, 0.0)	(95.0, 1.0)	(96.0, 1.0)	(97.0, 0.0)	(98.0, 0.0)	(99.0, 0.0)	(100.0, 0.5)
SRR5898982_2	(0.0, 0.0)	(1.0, 0.0)	(2.0, 0.0)	(3.0, 0.0)	(4.0, 0.0)	(5.0, 0.0)	(6.0, 0.0)	(7.0, 0.0)	(8.0, 0.0)	(9.0, 0.5)	(10.0, 1.0)	(11.0, 0.5)	(12.0, 0.5)	(13.0, 2.5)	(14.0, 3.0)	(15.0, 3.0)	(16.0, 6.5)	(17.0, 8.5)	(18.0, 10.5)	(19.0, 14.5)	(20.0, 22.0)	(21.0, 37.0)	(22.0, 53.0)	(23.0, 79.5)	(24.0, 132.0)	(25.0, 188.5)	(26.0, 248.5)	(27.0, 335.0)	(28.0, 410.5)	(29.0, 486.0)	(30.0, 560.0)	(31.0, 623.0)	(32.0, 760.5)	(33.0, 936.0)	(34.0, 1068.0)	(35.0, 1179.0)	(36.0, 1345.0)	(37.0, 1517.0)	(38.0, 1653.0)	(39.0, 1825.5)	(40.0, 2048.5)	(41.0, 2281.5)	(42.0, 2461.5)	(43.0, 2740.5)	(44.0, 3136.5)	(45.0, 3447.5)	(46.0, 3777.5)	(47.0, 4138.5)	(48.0, 4460.0)	(49.0, 4771.5)	(50.0, 5039.5)	(51.0, 5129.0)	(52.0, 5076.0)	(53.0, 4958.5)	(54.0, 4697.5)	(55.0, 4320.5)	(56.0, 3980.0)	(57.0, 3667.5)	(58.0, 3246.0)	(59.0, 2812.5)	(60.0, 2428.0)	(61.0, 2104.0)	(62.0, 1793.5)	(63.0, 1487.0)	(64.0, 1244.0)	(65.0, 1021.0)	(66.0, 859.5)	(67.0, 773.5)	(68.0, 641.5)	(69.0, 489.0)	(70.0, 382.5)	(71.0, 293.5)	(72.0, 230.5)	(73.0, 176.0)	(74.0, 128.5)	(75.0, 102.5)	(76.0, 74.5)	(77.0, 50.5)	(78.0, 32.0)	(79.0, 24.5)	(80.0, 20.0)	(81.0, 13.0)	(82.0, 12.0)	(83.0, 8.0)	(84.0, 5.5)	(85.0, 6.5)	(86.0, 7.5)	(87.0, 5.5)	(88.0, 4.0)	(89.0, 4.0)	(90.0, 2.0)	(91.0, 2.0)	(92.0, 4.5)	(93.0, 4.5)	(94.0, 2.5)	(95.0, 1.0)	(96.0, 0.5)	(97.0, 1.5)	(98.0, 2.5)	(99.0, 3.0)	(100.0, 7.5)
SRR5898983_1	(0.0, 0.0)	(1.0, 0.0)	(2.0, 0.0)	(3.0, 0.0)	(4.0, 0.0)	(5.0, 0.0)	(6.0, 0.0)	(7.0, 0.0)	(8.0, 0.0)	(9.0, 0.0)	(10.0, 0.0)	(11.0, 0.0)	(12.0, 0.5)	(13.0, 0.5)	(14.0, 0.0)	(15.0, 0.0)	(16.0, 1.0)	(17.0, 1.0)	(18.0, 0.5)	(19.0, 2.5)	(20.0, 5.5)	(21.0, 12.0)	(22.0, 18.0)	(23.0, 27.0)	(24.0, 51.0)	(25.0, 69.5)	(26.0, 73.0)	(27.0, 92.0)	(28.0, 132.5)	(29.0, 185.0)	(30.0, 225.0)	(31.0, 275.0)	(32.0, 355.0)	(33.0, 411.0)	(34.0, 479.5)	(35.0, 573.0)	(36.0, 630.5)	(37.0, 725.0)	(38.0, 858.5)	(39.0, 962.0)	(40.0, 1061.0)	(41.0, 1193.5)	(42.0, 1347.0)	(43.0, 1485.5)	(44.0, 1632.0)	(45.0, 1783.5)	(46.0, 2007.0)	(47.0, 2311.5)	(48.0, 2574.0)	(49.0, 2869.0)	(50.0, 3245.0)	(51.0, 3617.0)	(52.0, 4031.5)	(53.0, 4372.0)	(54.0, 4627.0)	(55.0, 4973.0)	(56.0, 5250.0)	(57.0, 5397.0)	(58.0, 5415.5)	(59.0, 5353.0)	(60.0, 5058.5)	(61.0, 4560.5)	(62.0, 4136.0)	(63.0, 3695.0)	(64.0, 3207.0)	(65.0, 2686.5)	(66.0, 2133.0)	(67.0, 1647.5)	(68.0, 1254.0)	(69.0, 903.5)	(70.0, 646.5)	(71.0, 467.0)	(72.0, 310.5)	(73.0, 189.0)	(74.0, 117.0)	(75.0, 70.0)	(76.0, 41.5)	(77.0, 24.0)	(78.0, 14.0)	(79.0, 8.5)	(80.0, 5.0)	(81.0, 2.0)	(82.0, 1.0)	(83.0, 1.0)	(84.0, 1.5)	(85.0, 1.5)	(86.0, 1.0)	(87.0, 1.5)	(88.0, 2.5)	(89.0, 1.5)	(90.0, 0.0)	(91.0, 0.0)	(92.0, 0.0)	(93.0, 0.0)	(94.0, 0.0)	(95.0, 0.0)	(96.0, 0.0)	(97.0, 0.0)	(98.0, 0.0)	(99.0, 0.0)	(100.0, 0.0)
SRR5898983_2	(0.0, 0.0)	(1.0, 0.0)	(2.0, 0.0)	(3.0, 0.0)	(4.0, 0.0)	(5.0, 0.0)	(6.0, 0.0)	(7.0, 0.0)	(8.0, 0.0)	(9.0, 0.0)	(10.0, 0.0)	(11.0, 0.0)	(12.0, 1.0)	(13.0, 1.0)	(14.0, 0.0)	(15.0, 0.0)	(16.0, 1.0)	(17.0, 2.5)	(18.0, 2.5)	(19.0, 4.0)	(20.0, 6.0)	(21.0, 13.0)	(22.0, 24.0)	(23.0, 36.0)	(24.0, 49.5)	(25.0, 66.5)	(26.0, 77.0)	(27.0, 97.5)	(28.0, 138.5)	(29.0, 195.5)	(30.0, 242.5)	(31.0, 301.0)	(32.0, 372.5)	(33.0, 413.5)	(34.0, 473.5)	(35.0, 568.5)	(36.0, 661.0)	(37.0, 761.5)	(38.0, 849.0)	(39.0, 941.0)	(40.0, 1099.5)	(41.0, 1226.0)	(42.0, 1327.0)	(43.0, 1466.0)	(44.0, 1612.5)	(45.0, 1777.5)	(46.0, 1970.0)	(47.0, 2265.0)	(48.0, 2585.5)	(49.0, 2895.5)	(50.0, 3220.5)	(51.0, 3537.0)	(52.0, 3955.0)	(53.0, 4301.5)	(54.0, 4606.5)	(55.0, 4938.0)	(56.0, 5281.5)	(57.0, 5442.0)	(58.0, 5292.0)	(59.0, 5216.0)	(60.0, 5059.5)	(61.0, 4593.5)	(62.0, 4053.0)	(63.0, 3642.0)	(64.0, 3222.5)	(65.0, 2683.5)	(66.0, 2163.5)	(67.0, 1721.5)	(68.0, 1328.5)	(69.0, 965.0)	(70.0, 681.0)	(71.0, 476.0)	(72.0, 324.5)	(73.0, 203.0)	(74.0, 123.5)	(75.0, 94.5)	(76.0, 60.5)	(77.0, 30.5)	(78.0, 21.0)	(79.0, 15.5)	(80.0, 8.0)	(81.0, 4.0)	(82.0, 5.5)	(83.0, 7.0)	(84.0, 7.0)	(85.0, 6.0)	(86.0, 3.5)	(87.0, 4.0)	(88.0, 4.0)	(89.0, 3.0)	(90.0, 2.0)	(91.0, 1.5)	(92.0, 2.0)	(93.0, 1.5)	(94.0, 2.5)	(95.0, 3.0)	(96.0, 2.0)	(97.0, 2.5)	(98.0, 2.0)	(99.0, 1.0)	(100.0, 5.5)
SRR5898984_1	(0.0, 0.0)	(1.0, 0.0)	(2.0, 0.0)	(3.0, 0.0)	(4.0, 0.0)	(5.0, 0.0)	(6.0, 0.0)	(7.0, 0.0)	(8.0, 0.5)	(9.0, 0.5)	(10.0, 0.0)	(11.0, 0.0)	(12.0, 0.0)	(13.0, 0.0)	(14.0, 0.0)	(15.0, 0.0)	(16.0, 1.5)	(17.0, 7.0)	(18.0, 12.5)	(19.0, 16.5)	(20.0, 30.5)	(21.0, 49.5)	(22.0, 75.0)	(23.0, 103.5)	(24.0, 143.5)	(25.0, 210.0)	(26.0, 268.5)	(27.0, 332.0)	(28.0, 423.0)	(29.0, 531.5)	(30.0, 655.5)	(31.0, 783.5)	(32.0, 883.0)	(33.0, 992.0)	(34.0, 1155.5)	(35.0, 1330.5)	(36.0, 1494.5)	(37.0, 1693.5)	(38.0, 1885.5)	(39.0, 2109.5)	(40.0, 2338.0)	(41.0, 2646.5)	(42.0, 3026.0)	(43.0, 3362.5)	(44.0, 3714.5)	(45.0, 4084.0)	(46.0, 4521.0)	(47.0, 4929.0)	(48.0, 5269.0)	(49.0, 5484.5)	(50.0, 5533.5)	(51.0, 5394.0)	(52.0, 5138.5)	(53.0, 4832.5)	(54.0, 4406.5)	(55.0, 3897.5)	(56.0, 3357.5)	(57.0, 2881.0)	(58.0, 2484.0)	(59.0, 2125.0)	(60.0, 1761.0)	(61.0, 1447.5)	(62.0, 1218.0)	(63.0, 1009.0)	(64.0, 850.5)	(65.0, 704.0)	(66.0, 568.5)	(67.0, 486.0)	(68.0, 404.5)	(69.0, 316.5)	(70.0, 239.5)	(71.0, 177.0)	(72.0, 128.0)	(73.0, 92.5)	(74.0, 67.5)	(75.0, 52.5)	(76.0, 35.0)	(77.0, 18.5)	(78.0, 12.0)	(79.0, 4.5)	(80.0, 2.5)	(81.0, 2.0)	(82.0, 2.0)	(83.0, 1.0)	(84.0, 1.0)	(85.0, 0.5)	(86.0, 0.0)	(87.0, 0.0)	(88.0, 0.0)	(89.0, 0.0)	(90.0, 0.0)	(91.0, 0.0)	(92.0, 0.0)	(93.0, 0.0)	(94.0, 0.0)	(95.0, 0.0)	(96.0, 0.0)	(97.0, 0.0)	(98.0, 0.5)	(99.0, 1.0)	(100.0, 1.5)
SRR5898984_2	(0.0, 0.0)	(1.0, 0.0)	(2.0, 0.0)	(3.0, 0.0)	(4.0, 0.5)	(5.0, 0.5)	(6.0, 0.0)	(7.0, 1.0)	(8.0, 1.5)	(9.0, 0.5)	(10.0, 0.5)	(11.0, 1.5)	(12.0, 3.0)	(13.0, 2.0)	(14.0, 1.5)	(15.0, 4.5)	(16.0, 4.0)	(17.0, 5.0)	(18.0, 12.0)	(19.0, 20.5)	(20.0, 27.0)	(21.0, 43.0)	(22.0, 73.5)	(23.0, 109.0)	(24.0, 139.0)	(25.0, 185.0)	(26.0, 266.5)	(27.0, 331.0)	(28.0, 394.0)	(29.0, 517.0)	(30.0, 640.5)	(31.0, 752.0)	(32.0, 850.5)	(33.0, 974.0)	(34.0, 1115.5)	(35.0, 1259.0)	(36.0, 1427.5)	(37.0, 1598.0)	(38.0, 1827.5)	(39.0, 2088.5)	(40.0, 2269.0)	(41.0, 2523.0)	(42.0, 2900.0)	(43.0, 3245.0)	(44.0, 3685.5)	(45.0, 4069.0)	(46.0, 4402.0)	(47.0, 4778.5)	(48.0, 5169.5)	(49.0, 5397.0)	(50.0, 5380.0)	(51.0, 5284.0)	(52.0, 5173.5)	(53.0, 4856.5)	(54.0, 4425.5)	(55.0, 4005.5)	(56.0, 3475.0)	(57.0, 3000.0)	(58.0, 2594.5)	(59.0, 2241.5)	(60.0, 1918.5)	(61.0, 1577.5)	(62.0, 1259.0)	(63.0, 1045.0)	(64.0, 922.5)	(65.0, 818.0)	(66.0, 665.0)	(67.0, 538.5)	(68.0, 431.0)	(69.0, 330.0)	(70.0, 254.5)	(71.0, 209.5)	(72.0, 169.5)	(73.0, 124.5)	(74.0, 102.0)	(75.0, 77.5)	(76.0, 52.0)	(77.0, 32.5)	(78.0, 21.0)	(79.0, 15.0)	(80.0, 13.0)	(81.0, 14.0)	(82.0, 11.0)	(83.0, 9.0)	(84.0, 8.5)	(85.0, 5.5)	(86.0, 3.5)	(87.0, 4.0)	(88.0, 4.5)	(89.0, 3.5)	(90.0, 3.0)	(91.0, 2.5)	(92.0, 3.0)	(93.0, 3.0)	(94.0, 3.5)	(95.0, 5.0)	(96.0, 4.0)	(97.0, 3.0)	(98.0, 2.0)	(99.0, 2.0)	(100.0, 3.0)
SRR5898985_1	(0.0, 0.0)	(1.0, 0.0)	(2.0, 0.0)	(3.0, 0.0)	(4.0, 0.0)	(5.0, 0.0)	(6.0, 0.0)	(7.0, 0.0)	(8.0, 0.5)	(9.0, 2.5)	(10.0, 4.0)	(11.0, 6.5)	(12.0, 8.5)	(13.0, 13.5)	(14.0, 23.0)	(15.0, 38.0)	(16.0, 61.5)	(17.0, 95.0)	(18.0, 130.0)	(19.0, 201.0)	(20.0, 264.5)	(21.0, 334.5)	(22.0, 455.5)	(23.0, 612.0)	(24.0, 778.5)	(25.0, 925.5)	(26.0, 1113.0)	(27.0, 1332.0)	(28.0, 1607.5)	(29.0, 1834.5)	(30.0, 2035.5)	(31.0, 2239.5)	(32.0, 2408.0)	(33.0, 2491.0)	(34.0, 2651.5)	(35.0, 2892.0)	(36.0, 3004.0)	(37.0, 3062.5)	(38.0, 3130.0)	(39.0, 3302.0)	(40.0, 3456.0)	(41.0, 3528.0)	(42.0, 3549.5)	(43.0, 3656.5)	(44.0, 3769.0)	(45.0, 3795.5)	(46.0, 3839.0)	(47.0, 3790.0)	(48.0, 3742.0)	(49.0, 3669.5)	(50.0, 3474.5)	(51.0, 3331.0)	(52.0, 3124.5)	(53.0, 2836.0)	(54.0, 2512.5)	(55.0, 2201.0)	(56.0, 1989.0)	(57.0, 1748.5)	(58.0, 1546.0)	(59.0, 1427.5)	(60.0, 1328.0)	(61.0, 1188.5)	(62.0, 1046.5)	(63.0, 955.0)	(64.0, 869.5)	(65.0, 775.0)	(66.0, 664.5)	(67.0, 559.5)	(68.0, 482.0)	(69.0, 400.5)	(70.0, 299.0)	(71.0, 223.5)	(72.0, 167.5)	(73.0, 109.0)	(74.0, 80.5)	(75.0, 62.5)	(76.0, 42.0)	(77.0, 28.5)	(78.0, 17.5)	(79.0, 14.0)	(80.0, 10.5)	(81.0, 5.0)	(82.0, 3.0)	(83.0, 2.0)	(84.0, 1.5)	(85.0, 2.0)	(86.0, 2.0)	(87.0, 1.5)	(88.0, 0.5)	(89.0, 0.0)	(90.0, 0.0)	(91.0, 0.5)	(92.0, 0.5)	(93.0, 0.0)	(94.0, 0.0)	(95.0, 0.0)	(96.0, 0.0)	(97.0, 0.0)	(98.0, 0.0)	(99.0, 0.0)	(100.0, 0.0)
SRR5898985_2	(0.0, 1.0)	(1.0, 0.5)	(2.0, 0.0)	(3.0, 0.0)	(4.0, 0.0)	(5.0, 0.5)	(6.0, 0.5)	(7.0, 0.0)	(8.0, 1.5)	(9.0, 4.0)	(10.0, 7.5)	(11.0, 8.5)	(12.0, 8.5)	(13.0, 15.5)	(14.0, 25.5)	(15.0, 39.5)	(16.0, 66.0)	(17.0, 104.0)	(18.0, 129.0)	(19.0, 172.5)	(20.0, 262.5)	(21.0, 382.5)	(22.0, 499.0)	(23.0, 624.0)	(24.0, 766.0)	(25.0, 921.5)	(26.0, 1140.0)	(27.0, 1361.0)	(28.0, 1611.5)	(29.0, 1868.0)	(30.0, 2023.0)	(31.0, 2207.5)	(32.0, 2414.5)	(33.0, 2581.0)	(34.0, 2725.0)	(35.0, 2899.5)	(36.0, 2993.5)	(37.0, 3054.0)	(38.0, 3162.0)	(39.0, 3267.5)	(40.0, 3389.0)	(41.0, 3493.0)	(42.0, 3596.5)	(43.0, 3680.5)	(44.0, 3784.5)	(45.0, 3804.0)	(46.0, 3754.5)	(47.0, 3700.0)	(48.0, 3721.5)	(49.0, 3719.5)	(50.0, 3503.0)	(51.0, 3220.0)	(52.0, 3047.0)	(53.0, 2824.5)	(54.0, 2458.0)	(55.0, 2146.5)	(56.0, 1959.5)	(57.0, 1784.5)	(58.0, 1601.0)	(59.0, 1442.5)	(60.0, 1280.5)	(61.0, 1165.5)	(62.0, 1089.5)	(63.0, 1000.0)	(64.0, 868.5)	(65.0, 752.0)	(66.0, 659.5)	(67.0, 557.0)	(68.0, 460.0)	(69.0, 367.0)	(70.0, 294.0)	(71.0, 236.0)	(72.0, 172.0)	(73.0, 118.5)	(74.0, 81.5)	(75.0, 63.5)	(76.0, 46.0)	(77.0, 29.5)	(78.0, 21.5)	(79.0, 14.0)	(80.0, 9.0)	(81.0, 4.0)	(82.0, 3.5)	(83.0, 4.0)	(84.0, 5.0)	(85.0, 5.0)	(86.0, 2.0)	(87.0, 2.5)	(88.0, 5.5)	(89.0, 5.5)	(90.0, 2.5)	(91.0, 1.0)	(92.0, 1.5)	(93.0, 1.5)	(94.0, 1.0)	(95.0, 0.5)	(96.0, 0.5)	(97.0, 0.5)	(98.0, 0.5)	(99.0, 1.0)	(100.0, 2.5)
SRR5898986_1	(0.0, 0.0)	(1.0, 0.0)	(2.0, 0.0)	(3.0, 0.0)	(4.0, 0.0)	(5.0, 0.0)	(6.0, 0.0)	(7.0, 0.0)	(8.0, 0.0)	(9.0, 0.0)	(10.0, 0.5)	(11.0, 0.5)	(12.0, 0.0)	(13.0, 0.0)	(14.0, 0.0)	(15.0, 2.0)	(16.0, 4.5)	(17.0, 6.0)	(18.0, 10.5)	(19.0, 14.0)	(20.0, 21.0)	(21.0, 33.5)	(22.0, 67.5)	(23.0, 106.0)	(24.0, 153.5)	(25.0, 219.0)	(26.0, 259.0)	(27.0, 329.0)	(28.0, 416.0)	(29.0, 483.0)	(30.0, 538.0)	(31.0, 626.0)	(32.0, 779.5)	(33.0, 889.5)	(34.0, 965.5)	(35.0, 1076.5)	(36.0, 1213.5)	(37.0, 1370.0)	(38.0, 1567.5)	(39.0, 1754.0)	(40.0, 1927.0)	(41.0, 2202.0)	(42.0, 2528.5)	(43.0, 2873.0)	(44.0, 3335.5)	(45.0, 3848.0)	(46.0, 4281.0)	(47.0, 4767.5)	(48.0, 5287.0)	(49.0, 5658.5)	(50.0, 5906.5)	(51.0, 5904.0)	(52.0, 5659.0)	(53.0, 5365.0)	(54.0, 4951.5)	(55.0, 4479.5)	(56.0, 3983.0)	(57.0, 3445.0)	(58.0, 2897.0)	(59.0, 2409.0)	(60.0, 1995.0)	(61.0, 1613.0)	(62.0, 1326.0)	(63.0, 1083.0)	(64.0, 875.0)	(65.0, 703.0)	(66.0, 579.5)	(67.0, 468.5)	(68.0, 373.0)	(69.0, 300.0)	(70.0, 224.0)	(71.0, 165.5)	(72.0, 121.0)	(73.0, 91.5)	(74.0, 65.0)	(75.0, 43.0)	(76.0, 30.5)	(77.0, 21.5)	(78.0, 13.5)	(79.0, 8.5)	(80.0, 5.5)	(81.0, 3.5)	(82.0, 1.5)	(83.0, 0.5)	(84.0, 0.0)	(85.0, 0.5)	(86.0, 1.5)	(87.0, 1.0)	(88.0, 0.0)	(89.0, 0.0)	(90.0, 0.0)	(91.0, 0.0)	(92.0, 0.0)	(93.0, 0.5)	(94.0, 0.5)	(95.0, 0.0)	(96.0, 0.0)	(97.0, 0.0)	(98.0, 0.5)	(99.0, 0.5)	(100.0, 0.5)
SRR5898986_2	(0.0, 0.0)	(1.0, 0.0)	(2.0, 0.0)	(3.0, 0.5)	(4.0, 0.5)	(5.0, 0.0)	(6.0, 0.0)	(7.0, 0.0)	(8.0, 0.0)	(9.0, 0.0)	(10.0, 0.5)	(11.0, 1.0)	(12.0, 0.5)	(13.0, 0.5)	(14.0, 1.0)	(15.0, 2.0)	(16.0, 6.5)	(17.0, 8.0)	(18.0, 8.5)	(19.0, 17.0)	(20.0, 28.5)	(21.0, 41.0)	(22.0, 60.0)	(23.0, 101.5)	(24.0, 151.0)	(25.0, 210.0)	(26.0, 267.0)	(27.0, 354.0)	(28.0, 411.5)	(29.0, 459.0)	(30.0, 556.0)	(31.0, 659.5)	(32.0, 787.5)	(33.0, 880.5)	(34.0, 952.0)	(35.0, 1073.5)	(36.0, 1249.0)	(37.0, 1385.5)	(38.0, 1535.0)	(39.0, 1722.5)	(40.0, 1985.0)	(41.0, 2325.5)	(42.0, 2583.5)	(43.0, 2905.5)	(44.0, 3286.5)	(45.0, 3732.0)	(46.0, 4263.0)	(47.0, 4776.5)	(48.0, 5257.0)	(49.0, 5581.0)	(50.0, 5704.5)	(51.0, 5779.0)	(52.0, 5722.5)	(53.0, 5446.5)	(54.0, 5001.0)	(55.0, 4438.5)	(56.0, 3881.5)	(57.0, 3334.5)	(58.0, 2832.5)	(59.0, 2442.0)	(60.0, 2033.0)	(61.0, 1618.5)	(62.0, 1343.5)	(63.0, 1128.5)	(64.0, 934.0)	(65.0, 743.0)	(66.0, 597.5)	(67.0, 503.5)	(68.0, 404.5)	(69.0, 318.5)	(70.0, 242.0)	(71.0, 173.0)	(72.0, 128.5)	(73.0, 91.0)	(74.0, 67.5)	(75.0, 52.0)	(76.0, 34.0)	(77.0, 23.5)	(78.0, 21.5)	(79.0, 11.5)	(80.0, 6.5)	(81.0, 7.5)	(82.0, 8.0)	(83.0, 7.5)	(84.0, 4.0)	(85.0, 3.0)	(86.0, 4.0)	(87.0, 4.5)	(88.0, 2.5)	(89.0, 1.5)	(90.0, 3.0)	(91.0, 3.0)	(92.0, 1.0)	(93.0, 2.0)	(94.0, 2.5)	(95.0, 1.5)	(96.0, 1.0)	(97.0, 0.0)	(98.0, 0.0)	(99.0, 2.0)	(100.0, 3.5)
SRR5898987_1	(0.0, 0.0)	(1.0, 0.0)	(2.0, 0.0)	(3.0, 0.0)	(4.0, 0.0)	(5.0, 0.0)	(6.0, 0.0)	(7.0, 0.0)	(8.0, 0.0)	(9.0, 0.0)	(10.0, 0.0)	(11.0, 0.5)	(12.0, 1.5)	(13.0, 1.5)	(14.0, 2.5)	(15.0, 4.5)	(16.0, 10.0)	(17.0, 15.0)	(18.0, 17.5)	(19.0, 25.5)	(20.0, 41.0)	(21.0, 64.5)	(22.0, 87.0)	(23.0, 119.0)	(24.0, 157.0)	(25.0, 186.0)	(26.0, 226.5)	(27.0, 291.5)	(28.0, 365.0)	(29.0, 447.0)	(30.0, 519.0)	(31.0, 578.0)	(32.0, 660.0)	(33.0, 786.0)	(34.0, 904.5)	(35.0, 1009.5)	(36.0, 1147.5)	(37.0, 1273.0)	(38.0, 1407.5)	(39.0, 1563.5)	(40.0, 1695.5)	(41.0, 1826.5)	(42.0, 2005.5)	(43.0, 2226.5)	(44.0, 2398.0)	(45.0, 2620.0)	(46.0, 2820.5)	(47.0, 2925.0)	(48.0, 3133.5)	(49.0, 3326.5)	(50.0, 3443.5)	(51.0, 3612.5)	(52.0, 3793.5)	(53.0, 3922.5)	(54.0, 4046.0)	(55.0, 4032.5)	(56.0, 4018.5)	(57.0, 4066.0)	(58.0, 3984.0)	(59.0, 3879.0)	(60.0, 3692.5)	(61.0, 3427.0)	(62.0, 3244.5)	(63.0, 2999.5)	(64.0, 2657.0)	(65.0, 2368.0)	(66.0, 2040.0)	(67.0, 1735.0)	(68.0, 1489.5)	(69.0, 1211.0)	(70.0, 952.0)	(71.0, 743.0)	(72.0, 564.0)	(73.0, 411.0)	(74.0, 294.0)	(75.0, 199.5)	(76.0, 136.5)	(77.0, 98.5)	(78.0, 65.0)	(79.0, 44.0)	(80.0, 28.5)	(81.0, 20.0)	(82.0, 16.0)	(83.0, 10.0)	(84.0, 8.5)	(85.0, 9.5)	(86.0, 6.5)	(87.0, 2.5)	(88.0, 1.5)	(89.0, 1.5)	(90.0, 1.5)	(91.0, 1.0)	(92.0, 1.5)	(93.0, 1.5)	(94.0, 0.5)	(95.0, 0.5)	(96.0, 1.0)	(97.0, 0.5)	(98.0, 0.0)	(99.0, 0.0)	(100.0, 0.0)
SRR5898987_2	(0.0, 0.0)	(1.0, 0.0)	(2.0, 0.0)	(3.0, 0.0)	(4.0, 0.0)	(5.0, 0.0)	(6.0, 0.0)	(7.0, 0.0)	(8.0, 0.0)	(9.0, 0.0)	(10.0, 0.5)	(11.0, 2.5)	(12.0, 2.5)	(13.0, 2.0)	(14.0, 2.5)	(15.0, 4.5)	(16.0, 10.0)	(17.0, 16.5)	(18.0, 21.0)	(19.0, 23.5)	(20.0, 39.5)	(21.0, 58.0)	(22.0, 74.0)	(23.0, 109.0)	(24.0, 148.0)	(25.0, 193.5)	(26.0, 246.0)	(27.0, 282.5)	(28.0, 357.5)	(29.0, 445.0)	(30.0, 531.0)	(31.0, 622.0)	(32.0, 693.0)	(33.0, 772.5)	(34.0, 875.0)	(35.0, 1018.0)	(36.0, 1158.5)	(37.0, 1264.5)	(38.0, 1365.5)	(39.0, 1534.5)	(40.0, 1701.0)	(41.0, 1818.0)	(42.0, 2022.0)	(43.0, 2228.5)	(44.0, 2425.0)	(45.0, 2619.5)	(46.0, 2777.5)	(47.0, 2941.5)	(48.0, 3119.5)	(49.0, 3312.5)	(50.0, 3484.0)	(51.0, 3655.0)	(52.0, 3770.0)	(53.0, 3853.0)	(54.0, 3915.5)	(55.0, 4002.0)	(56.0, 4068.0)	(57.0, 4050.5)	(58.0, 3983.5)	(59.0, 3794.0)	(60.0, 3643.0)	(61.0, 3436.5)	(62.0, 3215.0)	(63.0, 2988.0)	(64.0, 2649.5)	(65.0, 2355.5)	(66.0, 2077.5)	(67.0, 1787.5)	(68.0, 1504.5)	(69.0, 1234.5)	(70.0, 953.0)	(71.0, 758.5)	(72.0, 627.5)	(73.0, 460.0)	(74.0, 301.0)	(75.0, 197.5)	(76.0, 137.0)	(77.0, 111.5)	(78.0, 87.0)	(79.0, 52.5)	(80.0, 30.5)	(81.0, 21.0)	(82.0, 16.0)	(83.0, 13.5)	(84.0, 10.5)	(85.0, 7.5)	(86.0, 7.5)	(87.0, 6.0)	(88.0, 5.5)	(89.0, 5.0)	(90.0, 3.5)	(91.0, 2.0)	(92.0, 3.0)	(93.0, 3.0)	(94.0, 3.5)	(95.0, 3.5)	(96.0, 1.0)	(97.0, 1.0)	(98.0, 2.0)	(99.0, 4.0)	(100.0, 7.5)
SRR5899005_1	(0.0, 0.0)	(1.0, 0.0)	(2.0, 0.0)	(3.0, 0.0)	(4.0, 0.0)	(5.0, 0.0)	(6.0, 0.0)	(7.0, 0.5)	(8.0, 0.5)	(9.0, 0.0)	(10.0, 0.0)	(11.0, 0.0)	(12.0, 1.0)	(13.0, 3.5)	(14.0, 5.5)	(15.0, 8.5)	(16.0, 14.5)	(17.0, 23.0)	(18.0, 33.5)	(19.0, 49.5)	(20.0, 73.5)	(21.0, 113.5)	(22.0, 168.5)	(23.0, 220.0)	(24.0, 293.0)	(25.0, 402.5)	(26.0, 496.0)	(27.0, 590.0)	(28.0, 725.5)	(29.0, 898.5)	(30.0, 1094.0)	(31.0, 1282.0)	(32.0, 1450.0)	(33.0, 1629.0)	(34.0, 1842.5)	(35.0, 2122.5)	(36.0, 2352.0)	(37.0, 2515.5)	(38.0, 2778.5)	(39.0, 3075.0)	(40.0, 3318.5)	(41.0, 3606.0)	(42.0, 3891.5)	(43.0, 4125.5)	(44.0, 4448.0)	(45.0, 4727.5)	(46.0, 5000.0)	(47.0, 5164.5)	(48.0, 5186.5)	(49.0, 5258.0)	(50.0, 5204.0)	(51.0, 4935.0)	(52.0, 4656.0)	(53.0, 4360.0)	(54.0, 3926.5)	(55.0, 3488.0)	(56.0, 3072.5)	(57.0, 2641.5)	(58.0, 2253.0)	(59.0, 1865.5)	(60.0, 1506.0)	(61.0, 1236.5)	(62.0, 1005.5)	(63.0, 837.0)	(64.0, 691.0)	(65.0, 554.0)	(66.0, 411.0)	(67.0, 304.5)	(68.0, 241.0)	(69.0, 180.0)	(70.0, 143.5)	(71.0, 115.5)	(72.0, 88.5)	(73.0, 66.5)	(74.0, 53.5)	(75.0, 47.5)	(76.0, 36.5)	(77.0, 25.0)	(78.0, 16.5)	(79.0, 12.5)	(80.0, 8.5)	(81.0, 6.5)	(82.0, 5.0)	(83.0, 2.5)	(84.0, 2.5)	(85.0, 3.0)	(86.0, 3.0)	(87.0, 2.5)	(88.0, 1.5)	(89.0, 0.0)	(90.0, 0.0)	(91.0, 0.0)	(92.0, 0.0)	(93.0, 0.0)	(94.0, 0.0)	(95.0, 0.0)	(96.0, 0.0)	(97.0, 0.0)	(98.0, 0.0)	(99.0, 0.0)	(100.0, 0.0)
SRR5899005_2	(0.0, 0.0)	(1.0, 0.0)	(2.0, 0.0)	(3.0, 0.0)	(4.0, 0.0)	(5.0, 0.0)	(6.0, 0.0)	(7.0, 0.5)	(8.0, 1.0)	(9.0, 0.5)	(10.0, 0.0)	(11.0, 0.0)	(12.0, 1.5)	(13.0, 4.0)	(14.0, 7.5)	(15.0, 13.0)	(16.0, 17.0)	(17.0, 22.0)	(18.0, 32.5)	(19.0, 53.5)	(20.0, 90.5)	(21.0, 138.5)	(22.0, 182.5)	(23.0, 234.5)	(24.0, 318.0)	(25.0, 398.0)	(26.0, 492.5)	(27.0, 623.5)	(28.0, 754.0)	(29.0, 886.5)	(30.0, 1084.0)	(31.0, 1299.5)	(32.0, 1441.5)	(33.0, 1630.0)	(34.0, 1900.0)	(35.0, 2151.0)	(36.0, 2304.0)	(37.0, 2493.0)	(38.0, 2781.0)	(39.0, 3050.5)	(40.0, 3285.0)	(41.0, 3591.5)	(42.0, 3913.0)	(43.0, 4178.0)	(44.0, 4491.0)	(45.0, 4729.0)	(46.0, 4970.0)	(47.0, 5150.0)	(48.0, 5163.5)	(49.0, 5139.0)	(50.0, 5005.0)	(51.0, 4828.0)	(52.0, 4621.5)	(53.0, 4303.5)	(54.0, 3849.5)	(55.0, 3397.5)	(56.0, 3002.0)	(57.0, 2629.0)	(58.0, 2274.5)	(59.0, 1882.5)	(60.0, 1562.5)	(61.0, 1280.0)	(62.0, 1007.5)	(63.0, 796.5)	(64.0, 659.0)	(65.0, 539.5)	(66.0, 407.0)	(67.0, 308.5)	(68.0, 255.0)	(69.0, 203.0)	(70.0, 145.5)	(71.0, 127.0)	(72.0, 112.0)	(73.0, 88.0)	(74.0, 63.5)	(75.0, 46.5)	(76.0, 40.5)	(77.0, 38.5)	(78.0, 30.0)	(79.0, 19.5)	(80.0, 14.5)	(81.0, 10.0)	(82.0, 6.5)	(83.0, 6.5)	(84.0, 8.0)	(85.0, 8.0)	(86.0, 6.0)	(87.0, 6.0)	(88.0, 7.5)	(89.0, 5.5)	(90.0, 6.0)	(91.0, 5.0)	(92.0, 4.0)	(93.0, 4.5)	(94.0, 3.0)	(95.0, 3.0)	(96.0, 3.0)	(97.0, 1.5)	(98.0, 3.0)	(99.0, 4.0)	(100.0, 8.0)
SRR5899006_1	(0.0, 0.0)	(1.0, 0.0)	(2.0, 0.0)	(3.0, 0.0)	(4.0, 0.0)	(5.0, 0.0)	(6.0, 0.0)	(7.0, 0.0)	(8.0, 0.0)	(9.0, 1.0)	(10.0, 1.5)	(11.0, 0.5)	(12.0, 1.0)	(13.0, 3.0)	(14.0, 4.5)	(15.0, 6.5)	(16.0, 9.5)	(17.0, 11.0)	(18.0, 19.5)	(19.0, 40.5)	(20.0, 64.0)	(21.0, 84.0)	(22.0, 122.0)	(23.0, 194.0)	(24.0, 257.5)	(25.0, 300.0)	(26.0, 391.5)	(27.0, 512.5)	(28.0, 648.5)	(29.0, 833.0)	(30.0, 999.5)	(31.0, 1198.0)	(32.0, 1457.0)	(33.0, 1660.0)	(34.0, 1876.0)	(35.0, 2145.0)	(36.0, 2405.5)	(37.0, 2641.0)	(38.0, 2834.0)	(39.0, 3062.5)	(40.0, 3350.0)	(41.0, 3672.5)	(42.0, 3963.5)	(43.0, 4156.5)	(44.0, 4353.5)	(45.0, 4482.0)	(46.0, 4644.0)	(47.0, 4866.5)	(48.0, 4903.0)	(49.0, 4859.5)	(50.0, 4805.0)	(51.0, 4639.0)	(52.0, 4316.5)	(53.0, 3946.0)	(54.0, 3616.0)	(55.0, 3177.0)	(56.0, 2785.0)	(57.0, 2489.5)	(58.0, 2184.0)	(59.0, 1918.0)	(60.0, 1639.0)	(61.0, 1406.0)	(62.0, 1207.0)	(63.0, 1063.5)	(64.0, 913.5)	(65.0, 725.0)	(66.0, 604.0)	(67.0, 501.0)	(68.0, 406.5)	(69.0, 333.5)	(70.0, 261.0)	(71.0, 189.0)	(72.0, 132.0)	(73.0, 103.0)	(74.0, 73.5)	(75.0, 46.0)	(76.0, 29.0)	(77.0, 20.5)	(78.0, 15.0)	(79.0, 9.0)	(80.0, 3.5)	(81.0, 0.5)	(82.0, 3.0)	(83.0, 3.5)	(84.0, 1.0)	(85.0, 1.0)	(86.0, 0.5)	(87.0, 1.0)	(88.0, 2.0)	(89.0, 1.0)	(90.0, 0.0)	(91.0, 0.0)	(92.0, 0.0)	(93.0, 0.0)	(94.0, 0.0)	(95.0, 0.0)	(96.0, 0.0)	(97.0, 0.0)	(98.0, 0.0)	(99.0, 0.0)	(100.0, 0.0)
SRR5899006_2	(0.0, 0.0)	(1.0, 0.0)	(2.0, 0.0)	(3.0, 0.0)	(4.0, 0.0)	(5.0, 0.0)	(6.0, 0.0)	(7.0, 0.0)	(8.0, 0.0)	(9.0, 0.5)	(10.0, 1.5)	(11.0, 1.5)	(12.0, 3.0)	(13.0, 5.0)	(14.0, 7.0)	(15.0, 10.0)	(16.0, 15.0)	(17.0, 20.0)	(18.0, 23.5)	(19.0, 40.5)	(20.0, 62.0)	(21.0, 86.5)	(22.0, 135.5)	(23.0, 193.0)	(24.0, 251.0)	(25.0, 322.5)	(26.0, 409.5)	(27.0, 539.0)	(28.0, 677.5)	(29.0, 842.5)	(30.0, 1024.0)	(31.0, 1212.0)	(32.0, 1443.5)	(33.0, 1657.0)	(34.0, 1904.0)	(35.0, 2204.5)	(36.0, 2438.0)	(37.0, 2678.0)	(38.0, 2912.5)	(39.0, 3128.5)	(40.0, 3389.0)	(41.0, 3668.5)	(42.0, 3954.0)	(43.0, 4164.0)	(44.0, 4322.0)	(45.0, 4516.5)	(46.0, 4684.0)	(47.0, 4788.5)	(48.0, 4823.5)	(49.0, 4770.0)	(50.0, 4670.0)	(51.0, 4475.0)	(52.0, 4255.5)	(53.0, 3962.0)	(54.0, 3544.5)	(55.0, 3144.5)	(56.0, 2751.0)	(57.0, 2391.5)	(58.0, 2110.0)	(59.0, 1828.5)	(60.0, 1560.0)	(61.0, 1363.5)	(62.0, 1214.0)	(63.0, 1038.0)	(64.0, 869.5)	(65.0, 745.0)	(66.0, 617.0)	(67.0, 509.5)	(68.0, 417.0)	(69.0, 348.0)	(70.0, 285.5)	(71.0, 197.0)	(72.0, 137.0)	(73.0, 102.5)	(74.0, 72.0)	(75.0, 49.5)	(76.0, 36.0)	(77.0, 30.0)	(78.0, 25.0)	(79.0, 19.0)	(80.0, 11.5)	(81.0, 8.0)	(82.0, 8.5)	(83.0, 5.5)	(84.0, 8.5)	(85.0, 9.0)	(86.0, 5.5)	(87.0, 7.5)	(88.0, 5.5)	(89.0, 4.0)	(90.0, 4.0)	(91.0, 2.0)	(92.0, 1.5)	(93.0, 5.0)	(94.0, 4.5)	(95.0, 2.5)	(96.0, 4.0)	(97.0, 2.0)	(98.0, 2.5)	(99.0, 3.5)	(100.0, 6.5)
SRR5899007_1	(0.0, 0.0)	(1.0, 0.0)	(2.0, 0.0)	(3.0, 0.0)	(4.0, 0.0)	(5.0, 0.0)	(6.0, 0.0)	(7.0, 0.0)	(8.0, 0.0)	(9.0, 0.0)	(10.0, 0.5)	(11.0, 1.5)	(12.0, 2.0)	(13.0, 3.0)	(14.0, 8.0)	(15.0, 12.5)	(16.0, 17.0)	(17.0, 29.5)	(18.0, 46.5)	(19.0, 67.5)	(20.0, 110.5)	(21.0, 162.0)	(22.0, 193.0)	(23.0, 267.0)	(24.0, 384.0)	(25.0, 488.5)	(26.0, 624.5)	(27.0, 797.0)	(28.0, 960.5)	(29.0, 1147.0)	(30.0, 1322.5)	(31.0, 1487.0)	(32.0, 1648.5)	(33.0, 1825.0)	(34.0, 2017.0)	(35.0, 2203.5)	(36.0, 2418.5)	(37.0, 2639.5)	(38.0, 2910.0)	(39.0, 3196.0)	(40.0, 3447.0)	(41.0, 3711.5)	(42.0, 4032.0)	(43.0, 4387.5)	(44.0, 4647.0)	(45.0, 4842.5)	(46.0, 5109.0)	(47.0, 5287.5)	(48.0, 5367.0)	(49.0, 5412.0)	(50.0, 5237.0)	(51.0, 4772.5)	(52.0, 4352.0)	(53.0, 3981.0)	(54.0, 3481.5)	(55.0, 2914.0)	(56.0, 2406.0)	(57.0, 2015.0)	(58.0, 1609.5)	(59.0, 1259.0)	(60.0, 1015.5)	(61.0, 829.0)	(62.0, 648.5)	(63.0, 490.0)	(64.0, 398.5)	(65.0, 301.0)	(66.0, 223.0)	(67.0, 190.5)	(68.0, 152.0)	(69.0, 115.5)	(70.0, 84.5)	(71.0, 60.0)	(72.0, 48.5)	(73.0, 43.5)	(74.0, 30.5)	(75.0, 19.0)	(76.0, 9.5)	(77.0, 7.0)	(78.0, 4.5)	(79.0, 2.0)	(80.0, 2.0)	(81.0, 2.5)	(82.0, 1.0)	(83.0, 0.0)	(84.0, 0.0)	(85.0, 0.0)	(86.0, 0.5)	(87.0, 0.5)	(88.0, 0.0)	(89.0, 0.0)	(90.0, 0.0)	(91.0, 0.5)	(92.0, 1.0)	(93.0, 0.5)	(94.0, 0.0)	(95.0, 0.0)	(96.0, 0.0)	(97.0, 0.0)	(98.0, 0.0)	(99.0, 0.0)	(100.0, 0.0)
SRR5899007_2	(0.0, 0.0)	(1.0, 0.0)	(2.0, 0.0)	(3.0, 0.0)	(4.0, 0.0)	(5.0, 1.0)	(6.0, 1.0)	(7.0, 0.0)	(8.0, 0.0)	(9.0, 0.5)	(10.0, 1.5)	(11.0, 3.0)	(12.0, 4.0)	(13.0, 5.0)	(14.0, 9.5)	(15.0, 15.5)	(16.0, 22.0)	(17.0, 34.0)	(18.0, 43.5)	(19.0, 61.0)	(20.0, 98.0)	(21.0, 138.0)	(22.0, 191.5)	(23.0, 271.0)	(24.0, 374.0)	(25.0, 502.0)	(26.0, 634.0)	(27.0, 791.5)	(28.0, 954.0)	(29.0, 1134.5)	(30.0, 1354.0)	(31.0, 1508.5)	(32.0, 1627.0)	(33.0, 1845.5)	(34.0, 2059.5)	(35.0, 2218.0)	(36.0, 2438.5)	(37.0, 2696.5)	(38.0, 2943.0)	(39.0, 3221.0)	(40.0, 3518.0)	(41.0, 3771.5)	(42.0, 4006.5)	(43.0, 4285.0)	(44.0, 4566.5)	(45.0, 4852.0)	(46.0, 5122.5)	(47.0, 5223.5)	(48.0, 5261.5)	(49.0, 5245.5)	(50.0, 5061.0)	(51.0, 4735.0)	(52.0, 4361.5)	(53.0, 3916.5)	(54.0, 3407.5)	(55.0, 2902.0)	(56.0, 2397.0)	(57.0, 1960.5)	(58.0, 1619.0)	(59.0, 1314.0)	(60.0, 1012.5)	(61.0, 785.5)	(62.0, 640.0)	(63.0, 532.5)	(64.0, 429.0)	(65.0, 323.0)	(66.0, 237.0)	(67.0, 186.0)	(68.0, 156.0)	(69.0, 118.0)	(70.0, 87.0)	(71.0, 85.0)	(72.0, 75.0)	(73.0, 54.0)	(74.0, 37.5)	(75.0, 26.0)	(76.0, 21.0)	(77.0, 16.5)	(78.0, 15.0)	(79.0, 13.0)	(80.0, 9.5)	(81.0, 8.5)	(82.0, 5.5)	(83.0, 6.5)	(84.0, 9.5)	(85.0, 6.0)	(86.0, 6.5)	(87.0, 6.0)	(88.0, 2.5)	(89.0, 3.5)	(90.0, 3.5)	(91.0, 3.0)	(92.0, 6.5)	(93.0, 6.0)	(94.0, 3.5)	(95.0, 4.5)	(96.0, 3.5)	(97.0, 2.5)	(98.0, 2.5)	(99.0, 3.5)	(100.0, 10.5)
SRR5899017_1	(0.0, 0.0)	(1.0, 0.0)	(2.0, 0.0)	(3.0, 0.0)	(4.0, 0.0)	(5.0, 0.0)	(6.0, 0.0)	(7.0, 0.0)	(8.0, 0.0)	(9.0, 0.0)	(10.0, 0.0)	(11.0, 1.0)	(12.0, 5.5)	(13.0, 6.0)	(14.0, 6.5)	(15.0, 18.5)	(16.0, 28.0)	(17.0, 42.5)	(18.0, 62.0)	(19.0, 79.0)	(20.0, 121.5)	(21.0, 182.5)	(22.0, 260.5)	(23.0, 351.5)	(24.0, 429.5)	(25.0, 511.5)	(26.0, 616.0)	(27.0, 718.0)	(28.0, 814.5)	(29.0, 951.5)	(30.0, 1059.5)	(31.0, 1154.5)	(32.0, 1294.5)	(33.0, 1415.0)	(34.0, 1534.0)	(35.0, 1630.5)	(36.0, 1757.0)	(37.0, 1953.0)	(38.0, 2103.5)	(39.0, 2220.5)	(40.0, 2388.5)	(41.0, 2593.5)	(42.0, 2790.0)	(43.0, 2951.0)	(44.0, 3208.0)	(45.0, 3437.5)	(46.0, 3560.0)	(47.0, 3675.0)	(48.0, 3748.5)	(49.0, 3822.5)	(50.0, 3829.0)	(51.0, 3737.5)	(52.0, 3617.0)	(53.0, 3457.5)	(54.0, 3249.5)	(55.0, 3095.0)	(56.0, 2885.5)	(57.0, 2647.5)	(58.0, 2515.5)	(59.0, 2376.0)	(60.0, 2225.5)	(61.0, 2045.0)	(62.0, 1857.5)	(63.0, 1781.5)	(64.0, 1658.0)	(65.0, 1446.5)	(66.0, 1220.0)	(67.0, 1010.5)	(68.0, 841.5)	(69.0, 661.0)	(70.0, 519.0)	(71.0, 403.0)	(72.0, 288.5)	(73.0, 215.5)	(74.0, 156.0)	(75.0, 100.0)	(76.0, 65.5)	(77.0, 44.5)	(78.0, 34.5)	(79.0, 20.5)	(80.0, 10.0)	(81.0, 6.0)	(82.0, 3.5)	(83.0, 2.0)	(84.0, 2.0)	(85.0, 4.5)	(86.0, 4.0)	(87.0, 2.0)	(88.0, 1.5)	(89.0, 0.0)	(90.0, 0.0)	(91.0, 0.5)	(92.0, 0.5)	(93.0, 0.0)	(94.0, 0.0)	(95.0, 0.0)	(96.0, 0.0)	(97.0, 0.0)	(98.0, 0.0)	(99.0, 0.0)	(100.0, 0.0)
SRR5899017_2	(0.0, 0.0)	(1.0, 0.0)	(2.0, 0.0)	(3.0, 0.0)	(4.0, 0.0)	(5.0, 0.5)	(6.0, 1.0)	(7.0, 1.5)	(8.0, 1.0)	(9.0, 0.0)	(10.0, 0.0)	(11.0, 1.0)	(12.0, 5.0)	(13.0, 6.5)	(14.0, 7.0)	(15.0, 15.0)	(16.0, 28.0)	(17.0, 43.5)	(18.0, 61.0)	(19.0, 87.0)	(20.0, 135.5)	(21.0, 199.5)	(22.0, 248.0)	(23.0, 320.0)	(24.0, 394.5)	(25.0, 491.0)	(26.0, 591.5)	(27.0, 667.5)	(28.0, 786.5)	(29.0, 886.0)	(30.0, 991.0)	(31.0, 1137.0)	(32.0, 1247.0)	(33.0, 1357.0)	(34.0, 1472.5)	(35.0, 1571.5)	(36.0, 1712.5)	(37.0, 1882.5)	(38.0, 2002.0)	(39.0, 2134.5)	(40.0, 2340.5)	(41.0, 2535.0)	(42.0, 2740.5)	(43.0, 2939.0)	(44.0, 3149.0)	(45.0, 3270.5)	(46.0, 3424.5)	(47.0, 3603.0)	(48.0, 3735.0)	(49.0, 3796.5)	(50.0, 3827.0)	(51.0, 3814.0)	(52.0, 3633.5)	(53.0, 3481.5)	(54.0, 3336.0)	(55.0, 3125.0)	(56.0, 2924.5)	(57.0, 2732.5)	(58.0, 2538.0)	(59.0, 2430.5)	(60.0, 2287.0)	(61.0, 2135.5)	(62.0, 1968.5)	(63.0, 1754.5)	(64.0, 1610.5)	(65.0, 1469.0)	(66.0, 1289.5)	(67.0, 1102.5)	(68.0, 930.5)	(69.0, 772.5)	(70.0, 611.0)	(71.0, 486.5)	(72.0, 366.0)	(73.0, 246.5)	(74.0, 179.5)	(75.0, 130.0)	(76.0, 93.0)	(77.0, 73.0)	(78.0, 48.5)	(79.0, 28.0)	(80.0, 23.0)	(81.0, 20.5)	(82.0, 17.0)	(83.0, 14.0)	(84.0, 9.0)	(85.0, 6.0)	(86.0, 5.0)	(87.0, 4.5)	(88.0, 4.0)	(89.0, 4.5)	(90.0, 3.5)	(91.0, 3.5)	(92.0, 4.0)	(93.0, 3.0)	(94.0, 1.0)	(95.0, 1.0)	(96.0, 3.0)	(97.0, 2.5)	(98.0, 2.0)	(99.0, 2.0)	(100.0, 2.5)
SRR8865572_1	(0.0, 0.0)	(1.0, 0.0)	(2.0, 0.0)	(3.0, 0.0)	(4.0, 0.0)	(5.0, 0.0)	(6.0, 0.0)	(7.0, 0.0)	(8.0, 0.5)	(9.0, 1.5)	(10.0, 1.5)	(11.0, 2.5)	(12.0, 5.0)	(13.0, 7.5)	(14.0, 7.0)	(15.0, 12.0)	(16.0, 28.5)	(17.0, 38.5)	(18.0, 47.0)	(19.0, 59.0)	(20.0, 92.0)	(21.0, 140.5)	(22.0, 181.0)	(23.0, 255.5)	(24.0, 347.0)	(25.0, 443.5)	(26.0, 547.0)	(27.0, 683.0)	(28.0, 831.0)	(29.0, 963.0)	(30.0, 1116.0)	(31.0, 1252.5)	(32.0, 1377.0)	(33.0, 1473.5)	(34.0, 1618.5)	(35.0, 1747.0)	(36.0, 1846.0)	(37.0, 1989.0)	(38.0, 2161.0)	(39.0, 2345.0)	(40.0, 2551.5)	(41.0, 2745.0)	(42.0, 2960.0)	(43.0, 3150.5)	(44.0, 3334.0)	(45.0, 3581.5)	(46.0, 3794.0)	(47.0, 3906.0)	(48.0, 3960.5)	(49.0, 4067.0)	(50.0, 4205.5)	(51.0, 4184.5)	(52.0, 4021.0)	(53.0, 3865.5)	(54.0, 3681.5)	(55.0, 3512.5)	(56.0, 3296.5)	(57.0, 2993.0)	(58.0, 2670.0)	(59.0, 2359.0)	(60.0, 2049.5)	(61.0, 1750.0)	(62.0, 1447.0)	(63.0, 1176.5)	(64.0, 957.0)	(65.0, 794.0)	(66.0, 646.5)	(67.0, 498.0)	(68.0, 381.0)	(69.0, 292.5)	(70.0, 219.0)	(71.0, 160.5)	(72.0, 118.0)	(73.0, 79.0)	(74.0, 50.0)	(75.0, 32.5)	(76.0, 21.0)	(77.0, 14.5)	(78.0, 11.5)	(79.0, 9.5)	(80.0, 5.0)	(81.0, 1.0)	(82.0, 0.5)	(83.0, 0.5)	(84.0, 0.0)	(85.0, 0.0)	(86.0, 0.0)	(87.0, 0.0)	(88.0, 0.0)	(89.0, 0.0)	(90.0, 0.0)	(91.0, 0.0)	(92.0, 0.0)	(93.0, 0.0)	(94.0, 0.0)	(95.0, 0.0)	(96.0, 0.0)	(97.0, 0.0)	(98.0, 0.0)	(99.0, 0.0)	(100.0, 0.0)
SRR8865572_2	(0.0, 0.0)	(1.0, 0.0)	(2.0, 0.0)	(3.0, 0.0)	(4.0, 0.0)	(5.0, 0.0)	(6.0, 0.5)	(7.0, 0.5)	(8.0, 0.5)	(9.0, 0.5)	(10.0, 0.5)	(11.0, 1.0)	(12.0, 2.5)	(13.0, 5.5)	(14.0, 9.0)	(15.0, 12.0)	(16.0, 20.0)	(17.0, 33.5)	(18.0, 47.5)	(19.0, 65.0)	(20.0, 90.0)	(21.0, 128.0)	(22.0, 190.5)	(23.0, 271.5)	(24.0, 349.5)	(25.0, 452.0)	(26.0, 559.0)	(27.0, 677.5)	(28.0, 810.0)	(29.0, 935.5)	(30.0, 1103.5)	(31.0, 1241.0)	(32.0, 1350.0)	(33.0, 1494.0)	(34.0, 1602.5)	(35.0, 1692.5)	(36.0, 1848.5)	(37.0, 2012.0)	(38.0, 2166.5)	(39.0, 2373.5)	(40.0, 2595.0)	(41.0, 2768.0)	(42.0, 2982.5)	(43.0, 3204.5)	(44.0, 3353.5)	(45.0, 3564.5)	(46.0, 3810.0)	(47.0, 3944.0)	(48.0, 4039.0)	(49.0, 4089.5)	(50.0, 4081.5)	(51.0, 4089.0)	(52.0, 3957.0)	(53.0, 3835.0)	(54.0, 3711.0)	(55.0, 3486.0)	(56.0, 3305.5)	(57.0, 2985.0)	(58.0, 2644.5)	(59.0, 2385.5)	(60.0, 2063.5)	(61.0, 1761.5)	(62.0, 1481.0)	(63.0, 1217.0)	(64.0, 979.0)	(65.0, 788.0)	(66.0, 641.0)	(67.0, 490.5)	(68.0, 370.0)	(69.0, 291.0)	(70.0, 219.5)	(71.0, 158.5)	(72.0, 117.0)	(73.0, 80.0)	(74.0, 52.5)	(75.0, 36.5)	(76.0, 24.0)	(77.0, 13.5)	(78.0, 9.0)	(79.0, 6.5)	(80.0, 3.5)	(81.0, 0.5)	(82.0, 0.0)	(83.0, 0.5)	(84.0, 0.5)	(85.0, 0.0)	(86.0, 0.0)	(87.0, 0.0)	(88.0, 0.0)	(89.0, 0.0)	(90.0, 0.0)	(91.0, 0.0)	(92.0, 0.0)	(93.0, 0.0)	(94.0, 0.0)	(95.0, 0.0)	(96.0, 0.0)	(97.0, 0.0)	(98.0, 0.0)	(99.0, 0.0)	(100.0, 0.0)
SRR8865573_1	(0.0, 0.0)	(1.0, 0.0)	(2.0, 0.0)	(3.0, 0.0)	(4.0, 0.0)	(5.0, 0.0)	(6.0, 0.0)	(7.0, 0.5)	(8.0, 0.5)	(9.0, 0.0)	(10.0, 0.0)	(11.0, 1.0)	(12.0, 3.0)	(13.0, 5.0)	(14.0, 7.5)	(15.0, 11.0)	(16.0, 18.5)	(17.0, 29.0)	(18.0, 42.0)	(19.0, 68.5)	(20.0, 113.5)	(21.0, 161.0)	(22.0, 201.5)	(23.0, 255.0)	(24.0, 316.0)	(25.0, 405.5)	(26.0, 505.5)	(27.0, 598.0)	(28.0, 731.0)	(29.0, 840.0)	(30.0, 929.0)	(31.0, 1049.0)	(32.0, 1156.5)	(33.0, 1328.0)	(34.0, 1469.5)	(35.0, 1547.0)	(36.0, 1684.0)	(37.0, 1830.5)	(38.0, 1996.0)	(39.0, 2153.5)	(40.0, 2304.5)	(41.0, 2510.5)	(42.0, 2718.0)	(43.0, 2933.5)	(44.0, 3161.0)	(45.0, 3319.0)	(46.0, 3488.0)	(47.0, 3710.0)	(48.0, 3845.0)	(49.0, 3988.5)	(50.0, 4074.0)	(51.0, 4110.5)	(52.0, 4108.5)	(53.0, 4006.0)	(54.0, 3856.0)	(55.0, 3587.5)	(56.0, 3394.5)	(57.0, 3226.5)	(58.0, 2938.5)	(59.0, 2619.0)	(60.0, 2363.5)	(61.0, 2098.0)	(62.0, 1786.0)	(63.0, 1539.0)	(64.0, 1339.0)	(65.0, 1164.5)	(66.0, 959.5)	(67.0, 755.5)	(68.0, 583.5)	(69.0, 437.0)	(70.0, 342.0)	(71.0, 241.0)	(72.0, 153.0)	(73.0, 115.0)	(74.0, 93.0)	(75.0, 60.0)	(76.0, 40.0)	(77.0, 25.0)	(78.0, 13.5)	(79.0, 8.0)	(80.0, 2.0)	(81.0, 1.0)	(82.0, 1.5)	(83.0, 1.0)	(84.0, 0.0)	(85.0, 0.0)	(86.0, 0.0)	(87.0, 0.0)	(88.0, 0.0)	(89.0, 0.0)	(90.0, 0.0)	(91.0, 0.0)	(92.0, 0.0)	(93.0, 0.0)	(94.0, 0.0)	(95.0, 0.0)	(96.0, 0.0)	(97.0, 0.0)	(98.0, 0.0)	(99.0, 0.0)	(100.0, 0.0)
SRR8865573_2	(0.0, 0.0)	(1.0, 0.0)	(2.0, 0.0)	(3.0, 0.0)	(4.0, 0.0)	(5.0, 0.0)	(6.0, 0.0)	(7.0, 0.0)	(8.0, 0.5)	(9.0, 1.5)	(10.0, 2.5)	(11.0, 2.0)	(12.0, 1.0)	(13.0, 2.0)	(14.0, 5.0)	(15.0, 11.5)	(16.0, 18.5)	(17.0, 35.0)	(18.0, 51.0)	(19.0, 63.0)	(20.0, 91.5)	(21.0, 147.5)	(22.0, 205.5)	(23.0, 262.5)	(24.0, 327.5)	(25.0, 431.0)	(26.0, 528.0)	(27.0, 596.5)	(28.0, 742.5)	(29.0, 871.5)	(30.0, 954.0)	(31.0, 1064.5)	(32.0, 1194.5)	(33.0, 1314.5)	(34.0, 1403.0)	(35.0, 1510.5)	(36.0, 1665.5)	(37.0, 1849.0)	(38.0, 2052.0)	(39.0, 2190.0)	(40.0, 2308.5)	(41.0, 2476.5)	(42.0, 2693.5)	(43.0, 2912.5)	(44.0, 3125.0)	(45.0, 3344.5)	(46.0, 3494.0)	(47.0, 3661.0)	(48.0, 3886.0)	(49.0, 4025.0)	(50.0, 4052.0)	(51.0, 4039.0)	(52.0, 4041.5)	(53.0, 3970.5)	(54.0, 3792.0)	(55.0, 3599.5)	(56.0, 3418.5)	(57.0, 3248.5)	(58.0, 2956.0)	(59.0, 2612.5)	(60.0, 2368.0)	(61.0, 2116.0)	(62.0, 1842.5)	(63.0, 1567.5)	(64.0, 1323.0)	(65.0, 1128.0)	(66.0, 930.0)	(67.0, 757.5)	(68.0, 575.0)	(69.0, 437.0)	(70.0, 348.5)	(71.0, 262.0)	(72.0, 192.0)	(73.0, 138.0)	(74.0, 97.0)	(75.0, 58.5)	(76.0, 34.5)	(77.0, 25.0)	(78.0, 17.0)	(79.0, 6.0)	(80.0, 0.5)	(81.0, 1.0)	(82.0, 1.5)	(83.0, 1.0)	(84.0, 0.5)	(85.0, 0.0)	(86.0, 0.0)	(87.0, 0.0)	(88.0, 0.0)	(89.0, 0.0)	(90.0, 0.0)	(91.0, 0.0)	(92.0, 0.0)	(93.0, 0.0)	(94.0, 0.0)	(95.0, 0.0)	(96.0, 0.0)	(97.0, 0.0)	(98.0, 0.0)	(99.0, 0.0)	(100.0, 0.0)
SRR8865574_1	(0.0, 0.0)	(1.0, 0.0)	(2.0, 0.0)	(3.0, 0.0)	(4.0, 0.0)	(5.0, 0.0)	(6.0, 0.0)	(7.0, 0.0)	(8.0, 0.5)	(9.0, 0.5)	(10.0, 2.0)	(11.0, 4.5)	(12.0, 6.5)	(13.0, 14.0)	(14.0, 23.0)	(15.0, 31.5)	(16.0, 54.0)	(17.0, 72.0)	(18.0, 103.0)	(19.0, 166.0)	(20.0, 220.0)	(21.0, 286.0)	(22.0, 380.5)	(23.0, 527.0)	(24.0, 721.5)	(25.0, 950.5)	(26.0, 1174.5)	(27.0, 1383.0)	(28.0, 1588.0)	(29.0, 1859.5)	(30.0, 2085.5)	(31.0, 2172.0)	(32.0, 2299.5)	(33.0, 2458.0)	(34.0, 2617.5)	(35.0, 2743.5)	(36.0, 2852.0)	(37.0, 3092.0)	(38.0, 3436.0)	(39.0, 3633.5)	(40.0, 3761.0)	(41.0, 3913.5)	(42.0, 4051.5)	(43.0, 4134.5)	(44.0, 4147.0)	(45.0, 4155.5)	(46.0, 4020.5)	(47.0, 3822.0)	(48.0, 3646.5)	(49.0, 3487.0)	(50.0, 3298.5)	(51.0, 3001.5)	(52.0, 2726.0)	(53.0, 2504.0)	(54.0, 2264.5)	(55.0, 2035.0)	(56.0, 1835.0)	(57.0, 1568.5)	(58.0, 1293.0)	(59.0, 1103.0)	(60.0, 907.5)	(61.0, 715.0)	(62.0, 585.0)	(63.0, 481.0)	(64.0, 377.5)	(65.0, 283.0)	(66.0, 205.0)	(67.0, 147.0)	(68.0, 109.0)	(69.0, 80.5)	(70.0, 63.0)	(71.0, 47.0)	(72.0, 24.5)	(73.0, 16.0)	(74.0, 16.0)	(75.0, 10.5)	(76.0, 6.5)	(77.0, 6.0)	(78.0, 2.5)	(79.0, 0.0)	(80.0, 1.0)	(81.0, 1.5)	(82.0, 0.5)	(83.0, 0.0)	(84.0, 0.0)	(85.0, 0.0)	(86.0, 0.0)	(87.0, 0.0)	(88.0, 0.0)	(89.0, 0.0)	(90.0, 0.0)	(91.0, 0.0)	(92.0, 0.0)	(93.0, 0.0)	(94.0, 0.0)	(95.0, 0.0)	(96.0, 0.0)	(97.0, 0.0)	(98.0, 0.0)	(99.0, 0.0)	(100.0, 0.0)
SRR8865574_2	(0.0, 0.0)	(1.0, 0.0)	(2.0, 0.0)	(3.0, 0.0)	(4.0, 0.0)	(5.0, 0.0)	(6.0, 0.0)	(7.0, 0.0)	(8.0, 0.0)	(9.0, 0.5)	(10.0, 1.5)	(11.0, 4.0)	(12.0, 10.0)	(13.0, 21.0)	(14.0, 27.5)	(15.0, 29.5)	(16.0, 45.0)	(17.0, 73.0)	(18.0, 108.5)	(19.0, 159.5)	(20.0, 229.5)	(21.0, 304.5)	(22.0, 382.0)	(23.0, 539.0)	(24.0, 737.5)	(25.0, 940.5)	(26.0, 1132.0)	(27.0, 1328.5)	(28.0, 1637.5)	(29.0, 1906.0)	(30.0, 2049.5)	(31.0, 2194.5)	(32.0, 2303.5)	(33.0, 2476.0)	(34.0, 2653.0)	(35.0, 2740.0)	(36.0, 2943.0)	(37.0, 3237.5)	(38.0, 3424.5)	(39.0, 3559.5)	(40.0, 3761.5)	(41.0, 3982.0)	(42.0, 4119.0)	(43.0, 4172.0)	(44.0, 4180.0)	(45.0, 4127.5)	(46.0, 3962.0)	(47.0, 3820.5)	(48.0, 3613.0)	(49.0, 3373.5)	(50.0, 3230.0)	(51.0, 3036.5)	(52.0, 2799.0)	(53.0, 2494.0)	(54.0, 2247.5)	(55.0, 1993.0)	(56.0, 1740.5)	(57.0, 1540.5)	(58.0, 1310.5)	(59.0, 1113.5)	(60.0, 897.5)	(61.0, 694.0)	(62.0, 561.0)	(63.0, 457.5)	(64.0, 369.0)	(65.0, 285.5)	(66.0, 205.5)	(67.0, 139.5)	(68.0, 119.0)	(69.0, 87.0)	(70.0, 53.0)	(71.0, 42.0)	(72.0, 28.0)	(73.0, 12.5)	(74.0, 10.0)	(75.0, 8.5)	(76.0, 4.0)	(77.0, 2.5)	(78.0, 1.5)	(79.0, 2.0)	(80.0, 2.0)	(81.0, 0.5)	(82.0, 0.0)	(83.0, 0.0)	(84.0, 0.0)	(85.0, 0.0)	(86.0, 0.0)	(87.0, 0.0)	(88.0, 0.0)	(89.0, 0.0)	(90.0, 0.0)	(91.0, 0.0)	(92.0, 0.0)	(93.0, 0.0)	(94.0, 0.0)	(95.0, 0.0)	(96.0, 0.0)	(97.0, 0.0)	(98.0, 0.0)	(99.0, 0.0)	(100.0, 0.0)
SRR8865575_1	(0.0, 0.0)	(1.0, 0.0)	(2.0, 0.0)	(3.0, 0.0)	(4.0, 0.0)	(5.0, 0.0)	(6.0, 0.0)	(7.0, 0.0)	(8.0, 0.0)	(9.0, 0.0)	(10.0, 0.0)	(11.0, 1.0)	(12.0, 1.5)	(13.0, 1.5)	(14.0, 2.0)	(15.0, 2.0)	(16.0, 5.5)	(17.0, 7.0)	(18.0, 6.5)	(19.0, 15.5)	(20.0, 33.5)	(21.0, 54.0)	(22.0, 76.0)	(23.0, 112.5)	(24.0, 165.5)	(25.0, 250.0)	(26.0, 349.5)	(27.0, 463.0)	(28.0, 594.5)	(29.0, 758.0)	(30.0, 957.5)	(31.0, 1151.0)	(32.0, 1392.0)	(33.0, 1611.0)	(34.0, 1820.5)	(35.0, 2066.5)	(36.0, 2319.0)	(37.0, 2632.5)	(38.0, 2831.5)	(39.0, 3053.5)	(40.0, 3275.5)	(41.0, 3486.0)	(42.0, 3709.5)	(43.0, 3853.0)	(44.0, 3960.5)	(45.0, 3964.5)	(46.0, 3998.5)	(47.0, 3999.0)	(48.0, 3900.5)	(49.0, 3778.0)	(50.0, 3643.5)	(51.0, 3502.5)	(52.0, 3325.5)	(53.0, 3113.5)	(54.0, 2972.5)	(55.0, 2846.0)	(56.0, 2664.0)	(57.0, 2478.5)	(58.0, 2315.0)	(59.0, 2128.5)	(60.0, 1933.0)	(61.0, 1719.0)	(62.0, 1480.5)	(63.0, 1276.5)	(64.0, 1110.0)	(65.0, 920.0)	(66.0, 720.5)	(67.0, 590.0)	(68.0, 477.0)	(69.0, 374.5)	(70.0, 286.0)	(71.0, 205.5)	(72.0, 160.0)	(73.0, 118.5)	(74.0, 69.0)	(75.0, 43.5)	(76.0, 30.0)	(77.0, 17.0)	(78.0, 13.0)	(79.0, 8.5)	(80.0, 6.0)	(81.0, 5.0)	(82.0, 1.5)	(83.0, 0.5)	(84.0, 0.5)	(85.0, 0.0)	(86.0, 0.0)	(87.0, 0.0)	(88.0, 0.0)	(89.0, 0.0)	(90.0, 0.0)	(91.0, 0.0)	(92.0, 0.0)	(93.0, 0.0)	(94.0, 0.0)	(95.0, 0.0)	(96.0, 0.0)	(97.0, 0.0)	(98.0, 0.0)	(99.0, 0.0)	(100.0, 0.0)
SRR8865575_2	(0.0, 0.0)	(1.0, 0.0)	(2.0, 0.0)	(3.0, 0.0)	(4.0, 0.0)	(5.0, 0.0)	(6.0, 0.0)	(7.0, 0.0)	(8.0, 0.0)	(9.0, 0.5)	(10.0, 0.5)	(11.0, 0.0)	(12.0, 1.0)	(13.0, 1.5)	(14.0, 1.0)	(15.0, 1.5)	(16.0, 2.0)	(17.0, 3.5)	(18.0, 8.0)	(19.0, 18.0)	(20.0, 31.5)	(21.0, 50.0)	(22.0, 81.5)	(23.0, 127.0)	(24.0, 176.5)	(25.0, 254.5)	(26.0, 369.5)	(27.0, 474.5)	(28.0, 606.0)	(29.0, 742.0)	(30.0, 896.5)	(31.0, 1130.5)	(32.0, 1363.5)	(33.0, 1577.0)	(34.0, 1840.5)	(35.0, 2121.0)	(36.0, 2390.0)	(37.0, 2649.5)	(38.0, 2901.5)	(39.0, 3141.5)	(40.0, 3289.0)	(41.0, 3476.0)	(42.0, 3695.0)	(43.0, 3802.5)	(44.0, 3917.5)	(45.0, 3964.0)	(46.0, 3982.0)	(47.0, 3936.5)	(48.0, 3846.5)	(49.0, 3787.5)	(50.0, 3577.0)	(51.0, 3398.0)	(52.0, 3308.5)	(53.0, 3167.5)	(54.0, 2936.5)	(55.0, 2757.5)	(56.0, 2682.5)	(57.0, 2575.5)	(58.0, 2382.5)	(59.0, 2173.0)	(60.0, 1972.5)	(61.0, 1738.0)	(62.0, 1500.0)	(63.0, 1283.0)	(64.0, 1108.0)	(65.0, 911.0)	(66.0, 717.0)	(67.0, 585.0)	(68.0, 469.5)	(69.0, 367.0)	(70.0, 295.0)	(71.0, 213.5)	(72.0, 144.5)	(73.0, 104.5)	(74.0, 66.5)	(75.0, 45.5)	(76.0, 32.0)	(77.0, 19.5)	(78.0, 9.0)	(79.0, 5.0)	(80.0, 3.5)	(81.0, 2.0)	(82.0, 0.5)	(83.0, 0.0)	(84.0, 0.5)	(85.0, 1.0)	(86.0, 0.5)	(87.0, 0.0)	(88.0, 0.0)	(89.0, 0.0)	(90.0, 0.0)	(91.0, 0.0)	(92.0, 0.0)	(93.0, 0.0)	(94.0, 0.0)	(95.0, 0.0)	(96.0, 0.0)	(97.0, 0.0)	(98.0, 0.0)	(99.0, 0.0)	(100.0, 0.0)
SRR8865576_1	(0.0, 0.0)	(1.0, 0.0)	(2.0, 0.0)	(3.0, 0.0)	(4.0, 0.0)	(5.0, 0.0)	(6.0, 0.0)	(7.0, 0.0)	(8.0, 0.0)	(9.0, 0.0)	(10.0, 0.5)	(11.0, 2.5)	(12.0, 8.0)	(13.0, 17.0)	(14.0, 20.0)	(15.0, 27.0)	(16.0, 44.5)	(17.0, 64.0)	(18.0, 99.5)	(19.0, 166.5)	(20.0, 225.5)	(21.0, 274.0)	(22.0, 363.5)	(23.0, 526.5)	(24.0, 692.0)	(25.0, 856.0)	(26.0, 1067.0)	(27.0, 1283.5)	(28.0, 1516.5)	(29.0, 1806.5)	(30.0, 2094.0)	(31.0, 2208.5)	(32.0, 2296.5)	(33.0, 2457.5)	(34.0, 2523.5)	(35.0, 2654.0)	(36.0, 2865.0)	(37.0, 3053.0)	(38.0, 3310.0)	(39.0, 3559.5)	(40.0, 3760.0)	(41.0, 3966.5)	(42.0, 4100.0)	(43.0, 4167.0)	(44.0, 4196.0)	(45.0, 4092.5)	(46.0, 3994.5)	(47.0, 3876.0)	(48.0, 3696.0)	(49.0, 3583.0)	(50.0, 3385.5)	(51.0, 3090.0)	(52.0, 2809.5)	(53.0, 2567.5)	(54.0, 2313.0)	(55.0, 2043.5)	(56.0, 1785.0)	(57.0, 1588.5)	(58.0, 1357.5)	(59.0, 1087.5)	(60.0, 929.5)	(61.0, 780.0)	(62.0, 605.5)	(63.0, 466.0)	(64.0, 363.0)	(65.0, 272.5)	(66.0, 203.0)	(67.0, 156.5)	(68.0, 114.5)	(69.0, 76.0)	(70.0, 56.5)	(71.0, 39.0)	(72.0, 24.5)	(73.0, 18.5)	(74.0, 10.5)	(75.0, 7.5)	(76.0, 6.5)	(77.0, 5.5)	(78.0, 4.0)	(79.0, 2.0)	(80.0, 1.0)	(81.0, 0.0)	(82.0, 0.0)	(83.0, 0.0)	(84.0, 0.0)	(85.0, 0.0)	(86.0, 0.0)	(87.0, 0.0)	(88.0, 0.0)	(89.0, 0.0)	(90.0, 0.0)	(91.0, 0.0)	(92.0, 0.0)	(93.0, 0.0)	(94.0, 0.0)	(95.0, 0.0)	(96.0, 0.0)	(97.0, 0.0)	(98.0, 0.0)	(99.0, 0.0)	(100.0, 0.0)
SRR8865576_2	(0.0, 0.0)	(1.0, 0.0)	(2.0, 0.0)	(3.0, 0.0)	(4.0, 0.0)	(5.0, 0.0)	(6.0, 0.0)	(7.0, 0.5)	(8.0, 1.5)	(9.0, 1.0)	(10.0, 0.5)	(11.0, 3.0)	(12.0, 10.5)	(13.0, 17.0)	(14.0, 23.0)	(15.0, 29.0)	(16.0, 41.5)	(17.0, 72.0)	(18.0, 111.5)	(19.0, 157.5)	(20.0, 212.0)	(21.0, 271.0)	(22.0, 363.0)	(23.0, 511.0)	(24.0, 671.0)	(25.0, 870.0)	(26.0, 1120.5)	(27.0, 1343.0)	(28.0, 1542.5)	(29.0, 1834.5)	(30.0, 2066.0)	(31.0, 2150.0)	(32.0, 2295.0)	(33.0, 2416.5)	(34.0, 2518.0)	(35.0, 2676.0)	(36.0, 2905.0)	(37.0, 3147.0)	(38.0, 3294.5)	(39.0, 3539.5)	(40.0, 3787.5)	(41.0, 3934.5)	(42.0, 4061.5)	(43.0, 4151.5)	(44.0, 4186.0)	(45.0, 4121.0)	(46.0, 4031.0)	(47.0, 3894.0)	(48.0, 3681.5)	(49.0, 3452.5)	(50.0, 3271.0)	(51.0, 3069.5)	(52.0, 2847.0)	(53.0, 2622.5)	(54.0, 2341.5)	(55.0, 2087.0)	(56.0, 1808.0)	(57.0, 1556.5)	(58.0, 1314.0)	(59.0, 1093.0)	(60.0, 931.5)	(61.0, 746.0)	(62.0, 621.0)	(63.0, 503.5)	(64.0, 361.5)	(65.0, 266.0)	(66.0, 192.0)	(67.0, 142.5)	(68.0, 117.5)	(69.0, 84.0)	(70.0, 64.0)	(71.0, 48.5)	(72.0, 28.5)	(73.0, 20.5)	(74.0, 13.5)	(75.0, 6.0)	(76.0, 6.0)	(77.0, 5.5)	(78.0, 3.5)	(79.0, 1.5)	(80.0, 0.5)	(81.0, 0.0)	(82.0, 0.0)	(83.0, 0.0)	(84.0, 0.0)	(85.0, 0.0)	(86.0, 0.0)	(87.0, 0.0)	(88.0, 0.0)	(89.0, 0.0)	(90.0, 0.0)	(91.0, 0.0)	(92.0, 0.0)	(93.0, 0.0)	(94.0, 0.0)	(95.0, 0.0)	(96.0, 0.0)	(97.0, 0.0)	(98.0, 0.0)	(99.0, 0.0)	(100.0, 0.0)
SRR8865577_1	(0.0, 0.0)	(1.0, 0.0)	(2.0, 0.0)	(3.0, 0.0)	(4.0, 0.0)	(5.0, 0.0)	(6.0, 0.0)	(7.0, 0.0)	(8.0, 0.0)	(9.0, 0.0)	(10.0, 0.0)	(11.0, 0.0)	(12.0, 0.0)	(13.0, 0.0)	(14.0, 0.0)	(15.0, 1.0)	(16.0, 3.0)	(17.0, 5.0)	(18.0, 8.5)	(19.0, 14.0)	(20.0, 23.0)	(21.0, 29.5)	(22.0, 36.0)	(23.0, 67.5)	(24.0, 109.0)	(25.0, 150.0)	(26.0, 201.5)	(27.0, 271.5)	(28.0, 365.5)	(29.0, 456.5)	(30.0, 559.0)	(31.0, 698.0)	(32.0, 866.0)	(33.0, 1050.5)	(34.0, 1240.5)	(35.0, 1414.5)	(36.0, 1558.0)	(37.0, 1744.5)	(38.0, 1977.5)	(39.0, 2193.0)	(40.0, 2384.5)	(41.0, 2596.0)	(42.0, 2795.5)	(43.0, 2973.5)	(44.0, 3217.0)	(45.0, 3398.0)	(46.0, 3556.5)	(47.0, 3725.5)	(48.0, 3836.5)	(49.0, 4050.0)	(50.0, 4264.5)	(51.0, 4342.0)	(52.0, 4288.5)	(53.0, 4255.0)	(54.0, 4274.0)	(55.0, 4062.5)	(56.0, 3819.0)	(57.0, 3639.0)	(58.0, 3392.0)	(59.0, 3052.0)	(60.0, 2722.5)	(61.0, 2448.5)	(62.0, 2150.5)	(63.0, 1850.5)	(64.0, 1565.0)	(65.0, 1338.5)	(66.0, 1098.5)	(67.0, 933.5)	(68.0, 784.5)	(69.0, 569.0)	(70.0, 414.5)	(71.0, 333.0)	(72.0, 254.5)	(73.0, 164.5)	(74.0, 109.0)	(75.0, 82.5)	(76.0, 57.0)	(77.0, 41.5)	(78.0, 25.0)	(79.0, 9.0)	(80.0, 5.5)	(81.0, 2.5)	(82.0, 2.0)	(83.0, 2.5)	(84.0, 0.5)	(85.0, 0.0)	(86.0, 0.0)	(87.0, 0.5)	(88.0, 0.5)	(89.0, 0.0)	(90.0, 0.0)	(91.0, 0.0)	(92.0, 0.0)	(93.0, 0.0)	(94.0, 0.0)	(95.0, 0.0)	(96.0, 0.0)	(97.0, 0.0)	(98.0, 0.0)	(99.0, 0.0)	(100.0, 0.0)
SRR8865577_2	(0.0, 0.0)	(1.0, 0.0)	(2.0, 0.0)	(3.0, 0.0)	(4.0, 0.0)	(5.0, 0.0)	(6.0, 0.0)	(7.0, 0.0)	(8.0, 0.0)	(9.0, 0.0)	(10.0, 0.0)	(11.0, 0.0)	(12.0, 0.0)	(13.0, 0.0)	(14.0, 0.0)	(15.0, 0.0)	(16.0, 1.0)	(17.0, 2.0)	(18.0, 6.0)	(19.0, 12.0)	(20.0, 19.5)	(21.0, 34.0)	(22.0, 52.5)	(23.0, 74.5)	(24.0, 102.5)	(25.0, 155.0)	(26.0, 206.5)	(27.0, 282.0)	(28.0, 373.0)	(29.0, 456.5)	(30.0, 580.0)	(31.0, 722.0)	(32.0, 906.0)	(33.0, 1079.0)	(34.0, 1224.5)	(35.0, 1412.0)	(36.0, 1603.0)	(37.0, 1780.0)	(38.0, 2008.0)	(39.0, 2230.0)	(40.0, 2412.0)	(41.0, 2652.0)	(42.0, 2856.5)	(43.0, 3050.0)	(44.0, 3220.0)	(45.0, 3389.0)	(46.0, 3634.5)	(47.0, 3827.5)	(48.0, 3974.0)	(49.0, 4134.0)	(50.0, 4240.0)	(51.0, 4260.0)	(52.0, 4251.5)	(53.0, 4280.0)	(54.0, 4212.0)	(55.0, 4042.5)	(56.0, 3897.0)	(57.0, 3550.5)	(58.0, 3227.0)	(59.0, 2966.5)	(60.0, 2629.0)	(61.0, 2350.0)	(62.0, 2079.5)	(63.0, 1803.5)	(64.0, 1543.5)	(65.0, 1298.5)	(66.0, 1074.5)	(67.0, 888.5)	(68.0, 717.5)	(69.0, 555.5)	(70.0, 429.0)	(71.0, 329.0)	(72.0, 249.5)	(73.0, 187.5)	(74.0, 120.0)	(75.0, 81.5)	(76.0, 57.0)	(77.0, 37.5)	(78.0, 23.5)	(79.0, 11.5)	(80.0, 6.0)	(81.0, 2.5)	(82.0, 1.5)	(83.0, 2.0)	(84.0, 1.0)	(85.0, 0.0)	(86.0, 0.0)	(87.0, 0.0)	(88.0, 0.0)	(89.0, 0.0)	(90.0, 0.0)	(91.0, 0.0)	(92.0, 0.0)	(93.0, 0.0)	(94.0, 0.0)	(95.0, 0.0)	(96.0, 0.0)	(97.0, 0.0)	(98.0, 0.0)	(99.0, 0.0)	(100.0, 0.0)
SRR8865578_1	(0.0, 0.0)	(1.0, 0.0)	(2.0, 0.0)	(3.0, 0.0)	(4.0, 0.0)	(5.0, 0.0)	(6.0, 0.0)	(7.0, 0.0)	(8.0, 0.0)	(9.0, 0.5)	(10.0, 1.5)	(11.0, 1.0)	(12.0, 4.0)	(13.0, 9.5)	(14.0, 11.5)	(15.0, 12.0)	(16.0, 20.5)	(17.0, 31.5)	(18.0, 43.5)	(19.0, 69.0)	(20.0, 92.0)	(21.0, 117.5)	(22.0, 170.5)	(23.0, 224.0)	(24.0, 277.0)	(25.0, 361.0)	(26.0, 438.5)	(27.0, 523.5)	(28.0, 649.0)	(29.0, 771.0)	(30.0, 884.5)	(31.0, 1004.0)	(32.0, 1138.0)	(33.0, 1281.0)	(34.0, 1414.5)	(35.0, 1538.0)	(36.0, 1635.5)	(37.0, 1798.5)	(38.0, 1887.0)	(39.0, 1957.0)	(40.0, 2123.5)	(41.0, 2265.5)	(42.0, 2451.5)	(43.0, 2614.5)	(44.0, 2782.0)	(45.0, 3030.0)	(46.0, 3177.5)	(47.0, 3263.0)	(48.0, 3419.0)	(49.0, 3572.0)	(50.0, 3756.0)	(51.0, 3978.5)	(52.0, 4130.5)	(53.0, 4140.0)	(54.0, 4055.0)	(55.0, 3902.0)	(56.0, 3730.5)	(57.0, 3632.5)	(58.0, 3442.5)	(59.0, 3097.0)	(60.0, 2822.0)	(61.0, 2517.0)	(62.0, 2139.0)	(63.0, 1808.0)	(64.0, 1505.0)	(65.0, 1298.5)	(66.0, 1084.5)	(67.0, 865.0)	(68.0, 674.0)	(69.0, 510.0)	(70.0, 428.5)	(71.0, 342.5)	(72.0, 244.0)	(73.0, 176.0)	(74.0, 126.0)	(75.0, 78.5)	(76.0, 50.5)	(77.0, 33.5)	(78.0, 22.5)	(79.0, 11.5)	(80.0, 5.5)	(81.0, 3.5)	(82.0, 1.5)	(83.0, 0.5)	(84.0, 0.0)	(85.0, 0.0)	(86.0, 0.0)	(87.0, 0.0)	(88.0, 0.0)	(89.0, 0.0)	(90.0, 0.0)	(91.0, 0.0)	(92.0, 0.0)	(93.0, 0.0)	(94.0, 0.0)	(95.0, 0.0)	(96.0, 0.0)	(97.0, 0.0)	(98.0, 0.0)	(99.0, 0.0)	(100.0, 0.0)
SRR8865578_2	(0.0, 0.0)	(1.0, 0.0)	(2.0, 0.0)	(3.0, 0.0)	(4.0, 0.0)	(5.0, 0.0)	(6.0, 0.0)	(7.0, 0.0)	(8.0, 0.0)	(9.0, 1.0)	(10.0, 1.5)	(11.0, 1.0)	(12.0, 3.0)	(13.0, 8.0)	(14.0, 9.5)	(15.0, 13.0)	(16.0, 24.5)	(17.0, 31.5)	(18.0, 45.5)	(19.0, 73.5)	(20.0, 96.5)	(21.0, 124.0)	(22.0, 166.0)	(23.0, 227.5)	(24.0, 297.0)	(25.0, 362.0)	(26.0, 436.0)	(27.0, 558.0)	(28.0, 658.0)	(29.0, 746.0)	(30.0, 875.0)	(31.0, 1021.0)	(32.0, 1159.0)	(33.0, 1234.5)	(34.0, 1362.0)	(35.0, 1538.0)	(36.0, 1704.0)	(37.0, 1819.5)	(38.0, 1882.5)	(39.0, 1994.5)	(40.0, 2120.0)	(41.0, 2273.0)	(42.0, 2403.5)	(43.0, 2534.0)	(44.0, 2743.5)	(45.0, 2967.0)	(46.0, 3161.0)	(47.0, 3300.5)	(48.0, 3393.5)	(49.0, 3511.0)	(50.0, 3699.5)	(51.0, 3909.5)	(52.0, 4087.0)	(53.0, 4087.5)	(54.0, 4033.5)	(55.0, 3981.5)	(56.0, 3863.0)	(57.0, 3632.0)	(58.0, 3377.5)	(59.0, 3117.0)	(60.0, 2770.5)	(61.0, 2478.5)	(62.0, 2191.0)	(63.0, 1868.0)	(64.0, 1585.5)	(65.0, 1353.0)	(66.0, 1090.5)	(67.0, 875.5)	(68.0, 713.5)	(69.0, 564.5)	(70.0, 438.0)	(71.0, 325.0)	(72.0, 234.0)	(73.0, 171.0)	(74.0, 128.0)	(75.0, 97.5)	(76.0, 63.5)	(77.0, 26.5)	(78.0, 17.0)	(79.0, 11.5)	(80.0, 6.0)	(81.0, 4.0)	(82.0, 2.5)	(83.0, 1.0)	(84.0, 0.0)	(85.0, 0.0)	(86.0, 0.0)	(87.0, 0.0)	(88.0, 0.0)	(89.0, 0.0)	(90.0, 0.0)	(91.0, 0.0)	(92.0, 0.0)	(93.0, 0.0)	(94.0, 0.0)	(95.0, 0.0)	(96.0, 0.0)	(97.0, 0.0)	(98.0, 0.0)	(99.0, 0.0)	(100.0, 0.0)
SRR8865579_1	(0.0, 0.0)	(1.0, 0.0)	(2.0, 0.0)	(3.0, 0.0)	(4.0, 0.0)	(5.0, 0.0)	(6.0, 0.0)	(7.0, 0.0)	(8.0, 0.0)	(9.0, 0.0)	(10.0, 0.0)	(11.0, 0.0)	(12.0, 0.0)	(13.0, 0.0)	(14.0, 0.5)	(15.0, 1.5)	(16.0, 3.0)	(17.0, 7.0)	(18.0, 9.5)	(19.0, 11.0)	(20.0, 27.0)	(21.0, 43.5)	(22.0, 62.5)	(23.0, 103.5)	(24.0, 161.0)	(25.0, 229.5)	(26.0, 335.5)	(27.0, 458.0)	(28.0, 588.0)	(29.0, 733.0)	(30.0, 898.5)	(31.0, 1055.0)	(32.0, 1236.5)	(33.0, 1451.5)	(34.0, 1662.5)	(35.0, 1907.5)	(36.0, 2129.0)	(37.0, 2342.0)	(38.0, 2570.5)	(39.0, 2785.5)	(40.0, 3038.5)	(41.0, 3301.5)	(42.0, 3456.5)	(43.0, 3550.0)	(44.0, 3628.5)	(45.0, 3677.5)	(46.0, 3736.0)	(47.0, 3739.0)	(48.0, 3703.5)	(49.0, 3685.5)	(50.0, 3648.0)	(51.0, 3570.5)	(52.0, 3420.0)	(53.0, 3315.0)	(54.0, 3304.0)	(55.0, 3173.0)	(56.0, 3005.0)	(57.0, 2866.5)	(58.0, 2658.5)	(59.0, 2416.5)	(60.0, 2204.0)	(61.0, 2024.5)	(62.0, 1790.5)	(63.0, 1521.0)	(64.0, 1279.5)	(65.0, 1102.5)	(66.0, 915.5)	(67.0, 705.0)	(68.0, 549.0)	(69.0, 433.0)	(70.0, 320.0)	(71.0, 236.5)	(72.0, 179.5)	(73.0, 123.0)	(74.0, 91.0)	(75.0, 65.0)	(76.0, 34.5)	(77.0, 22.0)	(78.0, 14.0)	(79.0, 4.0)	(80.0, 4.0)	(81.0, 5.0)	(82.0, 2.0)	(83.0, 1.5)	(84.0, 0.5)	(85.0, 0.0)	(86.0, 0.0)	(87.0, 0.0)	(88.0, 0.0)	(89.0, 0.0)	(90.0, 0.0)	(91.0, 0.0)	(92.0, 0.0)	(93.0, 0.0)	(94.0, 0.0)	(95.0, 0.0)	(96.0, 0.0)	(97.0, 0.0)	(98.0, 0.0)	(99.0, 0.0)	(100.0, 0.0)
SRR8865579_2	(0.0, 0.0)	(1.0, 0.0)	(2.0, 0.0)	(3.0, 0.0)	(4.0, 0.0)	(5.0, 0.0)	(6.0, 0.0)	(7.0, 0.0)	(8.0, 0.0)	(9.0, 0.5)	(10.0, 0.5)	(11.0, 0.0)	(12.0, 0.5)	(13.0, 0.5)	(14.0, 1.0)	(15.0, 3.0)	(16.0, 5.0)	(17.0, 6.0)	(18.0, 10.0)	(19.0, 18.0)	(20.0, 26.5)	(21.0, 43.5)	(22.0, 74.5)	(23.0, 124.0)	(24.0, 166.0)	(25.0, 223.0)	(26.0, 315.5)	(27.0, 445.0)	(28.0, 562.5)	(29.0, 705.5)	(30.0, 873.0)	(31.0, 1049.0)	(32.0, 1274.0)	(33.0, 1461.5)	(34.0, 1661.0)	(35.0, 1876.5)	(36.0, 2107.0)	(37.0, 2362.5)	(38.0, 2595.0)	(39.0, 2823.5)	(40.0, 3025.5)	(41.0, 3277.5)	(42.0, 3458.5)	(43.0, 3543.5)	(44.0, 3640.0)	(45.0, 3718.5)	(46.0, 3715.0)	(47.0, 3689.5)	(48.0, 3709.0)	(49.0, 3664.0)	(50.0, 3617.0)	(51.0, 3568.0)	(52.0, 3456.0)	(53.0, 3354.0)	(54.0, 3206.5)	(55.0, 3109.5)	(56.0, 3030.0)	(57.0, 2844.5)	(58.0, 2702.5)	(59.0, 2498.0)	(60.0, 2199.0)	(61.0, 1972.0)	(62.0, 1802.5)	(63.0, 1531.5)	(64.0, 1287.0)	(65.0, 1084.0)	(66.0, 875.0)	(67.0, 736.0)	(68.0, 586.0)	(69.0, 458.5)	(70.0, 346.5)	(71.0, 243.0)	(72.0, 190.0)	(73.0, 131.5)	(74.0, 85.0)	(75.0, 60.0)	(76.0, 40.0)	(77.0, 30.5)	(78.0, 17.5)	(79.0, 7.5)	(80.0, 5.0)	(81.0, 2.0)	(82.0, 1.0)	(83.0, 1.0)	(84.0, 0.5)	(85.0, 0.5)	(86.0, 0.0)	(87.0, 0.0)	(88.0, 0.0)	(89.0, 0.0)	(90.0, 0.0)	(91.0, 0.0)	(92.0, 0.0)	(93.0, 0.0)	(94.0, 0.0)	(95.0, 0.0)	(96.0, 0.0)	(97.0, 0.0)	(98.0, 0.0)	(99.0, 0.0)	(100.0, 0.0)
SRR8865580_1	(0.0, 0.0)	(1.0, 0.0)	(2.0, 0.0)	(3.0, 0.0)	(4.0, 0.0)	(5.0, 0.0)	(6.0, 0.0)	(7.0, 0.0)	(8.0, 0.0)	(9.0, 0.0)	(10.0, 0.5)	(11.0, 0.5)	(12.0, 0.0)	(13.0, 0.5)	(14.0, 1.5)	(15.0, 2.0)	(16.0, 3.5)	(17.0, 7.0)	(18.0, 8.5)	(19.0, 11.5)	(20.0, 20.5)	(21.0, 41.0)	(22.0, 52.0)	(23.0, 65.5)	(24.0, 110.0)	(25.0, 164.0)	(26.0, 225.5)	(27.0, 310.5)	(28.0, 410.0)	(29.0, 494.0)	(30.0, 612.5)	(31.0, 714.5)	(32.0, 843.5)	(33.0, 1039.5)	(34.0, 1224.0)	(35.0, 1351.5)	(36.0, 1513.0)	(37.0, 1699.5)	(38.0, 1886.0)	(39.0, 2070.0)	(40.0, 2239.0)	(41.0, 2475.5)	(42.0, 2642.5)	(43.0, 2800.5)	(44.0, 3043.0)	(45.0, 3229.0)	(46.0, 3373.5)	(47.0, 3562.5)	(48.0, 3786.5)	(49.0, 3959.5)	(50.0, 4064.5)	(51.0, 4147.0)	(52.0, 4131.0)	(53.0, 4118.0)	(54.0, 4099.0)	(55.0, 3878.5)	(56.0, 3704.0)	(57.0, 3552.5)	(58.0, 3281.0)	(59.0, 2979.0)	(60.0, 2716.0)	(61.0, 2458.5)	(62.0, 2125.5)	(63.0, 1875.5)	(64.0, 1613.0)	(65.0, 1342.0)	(66.0, 1129.0)	(67.0, 936.5)	(68.0, 791.0)	(69.0, 629.5)	(70.0, 480.5)	(71.0, 387.0)	(72.0, 290.0)	(73.0, 204.0)	(74.0, 146.5)	(75.0, 98.0)	(76.0, 58.5)	(77.0, 37.5)	(78.0, 29.5)	(79.0, 19.5)	(80.0, 11.0)	(81.0, 6.5)	(82.0, 3.5)	(83.0, 1.0)	(84.0, 0.0)	(85.0, 0.0)	(86.0, 0.0)	(87.0, 0.0)	(88.0, 0.5)	(89.0, 0.5)	(90.0, 0.0)	(91.0, 0.0)	(92.0, 0.0)	(93.0, 0.0)	(94.0, 0.0)	(95.0, 0.0)	(96.0, 0.0)	(97.0, 0.0)	(98.0, 0.0)	(99.0, 0.0)	(100.0, 0.0)
SRR8865580_2	(0.0, 0.0)	(1.0, 0.0)	(2.0, 0.0)	(3.0, 0.0)	(4.0, 0.0)	(5.0, 0.0)	(6.0, 0.5)	(7.0, 0.5)	(8.0, 0.0)	(9.0, 0.0)	(10.0, 0.0)	(11.0, 0.0)	(12.0, 0.5)	(13.0, 1.5)	(14.0, 2.5)	(15.0, 2.0)	(16.0, 4.0)	(17.0, 8.5)	(18.0, 8.0)	(19.0, 11.0)	(20.0, 22.0)	(21.0, 43.5)	(22.0, 58.5)	(23.0, 73.5)	(24.0, 110.0)	(25.0, 160.0)	(26.0, 244.0)	(27.0, 309.0)	(28.0, 375.5)	(29.0, 482.5)	(30.0, 605.5)	(31.0, 730.0)	(32.0, 879.5)	(33.0, 1031.5)	(34.0, 1149.0)	(35.0, 1322.0)	(36.0, 1544.5)	(37.0, 1733.0)	(38.0, 1891.5)	(39.0, 2109.5)	(40.0, 2306.5)	(41.0, 2510.0)	(42.0, 2679.0)	(43.0, 2866.5)	(44.0, 3054.5)	(45.0, 3212.5)	(46.0, 3405.0)	(47.0, 3547.5)	(48.0, 3747.5)	(49.0, 3865.5)	(50.0, 3941.5)	(51.0, 4086.5)	(52.0, 4129.0)	(53.0, 4100.0)	(54.0, 4036.0)	(55.0, 3916.0)	(56.0, 3781.0)	(57.0, 3551.5)	(58.0, 3330.5)	(59.0, 3045.5)	(60.0, 2693.5)	(61.0, 2398.0)	(62.0, 2074.5)	(63.0, 1813.0)	(64.0, 1614.5)	(65.0, 1387.5)	(66.0, 1133.5)	(67.0, 956.5)	(68.0, 818.0)	(69.0, 642.0)	(70.0, 509.0)	(71.0, 391.5)	(72.0, 266.5)	(73.0, 192.0)	(74.0, 139.0)	(75.0, 86.5)	(76.0, 61.5)	(77.0, 46.5)	(78.0, 30.0)	(79.0, 22.0)	(80.0, 14.0)	(81.0, 7.0)	(82.0, 2.5)	(83.0, 1.0)	(84.0, 0.5)	(85.0, 0.5)	(86.0, 0.5)	(87.0, 0.0)	(88.0, 0.0)	(89.0, 0.5)	(90.0, 0.5)	(91.0, 0.0)	(92.0, 0.0)	(93.0, 0.0)	(94.0, 0.0)	(95.0, 0.0)	(96.0, 0.0)	(97.0, 0.0)	(98.0, 0.0)	(99.0, 0.0)	(100.0, 0.0)
SRR8865581_1	(0.0, 0.0)	(1.0, 0.0)	(2.0, 0.0)	(3.0, 0.0)	(4.0, 0.0)	(5.0, 0.0)	(6.0, 0.0)	(7.0, 0.0)	(8.0, 0.0)	(9.0, 0.5)	(10.0, 0.5)	(11.0, 1.0)	(12.0, 1.0)	(13.0, 0.5)	(14.0, 2.5)	(15.0, 3.0)	(16.0, 2.5)	(17.0, 4.5)	(18.0, 10.5)	(19.0, 18.0)	(20.0, 32.5)	(21.0, 53.5)	(22.0, 86.5)	(23.0, 130.5)	(24.0, 176.5)	(25.0, 239.5)	(26.0, 338.5)	(27.0, 453.0)	(28.0, 576.5)	(29.0, 733.5)	(30.0, 901.0)	(31.0, 1105.5)	(32.0, 1283.5)	(33.0, 1419.5)	(34.0, 1655.0)	(35.0, 1874.5)	(36.0, 2057.0)	(37.0, 2344.5)	(38.0, 2552.5)	(39.0, 2715.5)	(40.0, 3007.0)	(41.0, 3242.0)	(42.0, 3423.0)	(43.0, 3566.5)	(44.0, 3631.5)	(45.0, 3667.0)	(46.0, 3676.5)	(47.0, 3702.5)	(48.0, 3709.5)	(49.0, 3655.0)	(50.0, 3565.5)	(51.0, 3504.0)	(52.0, 3440.5)	(53.0, 3351.0)	(54.0, 3253.0)	(55.0, 3157.0)	(56.0, 3020.0)	(57.0, 2834.0)	(58.0, 2654.0)	(59.0, 2477.5)	(60.0, 2223.5)	(61.0, 2015.0)	(62.0, 1816.0)	(63.0, 1561.0)	(64.0, 1309.5)	(65.0, 1091.0)	(66.0, 923.5)	(67.0, 739.0)	(68.0, 574.5)	(69.0, 448.5)	(70.0, 347.5)	(71.0, 260.5)	(72.0, 196.5)	(73.0, 133.5)	(74.0, 102.0)	(75.0, 68.5)	(76.0, 43.0)	(77.0, 32.0)	(78.0, 16.0)	(79.0, 9.0)	(80.0, 6.0)	(81.0, 5.0)	(82.0, 1.5)	(83.0, 0.5)	(84.0, 1.0)	(85.0, 0.5)	(86.0, 0.0)	(87.0, 0.5)	(88.0, 0.5)	(89.0, 0.0)	(90.0, 0.0)	(91.0, 0.0)	(92.0, 0.0)	(93.0, 0.0)	(94.0, 0.0)	(95.0, 0.0)	(96.0, 0.0)	(97.0, 0.0)	(98.0, 0.0)	(99.0, 0.0)	(100.0, 0.0)
SRR8865581_2	(0.0, 0.0)	(1.0, 0.0)	(2.0, 0.0)	(3.0, 0.0)	(4.0, 0.0)	(5.0, 0.0)	(6.0, 0.0)	(7.0, 0.5)	(8.0, 0.5)	(9.0, 0.0)	(10.0, 1.0)	(11.0, 1.5)	(12.0, 1.0)	(13.0, 0.5)	(14.0, 0.0)	(15.0, 0.5)	(16.0, 3.0)	(17.0, 8.0)	(18.0, 14.0)	(19.0, 22.5)	(20.0, 26.0)	(21.0, 42.0)	(22.0, 76.5)	(23.0, 121.5)	(24.0, 181.5)	(25.0, 253.5)	(26.0, 337.5)	(27.0, 431.0)	(28.0, 556.5)	(29.0, 707.5)	(30.0, 889.0)	(31.0, 1066.5)	(32.0, 1288.5)	(33.0, 1497.5)	(34.0, 1664.0)	(35.0, 1858.5)	(36.0, 2089.5)	(37.0, 2334.5)	(38.0, 2518.0)	(39.0, 2770.5)	(40.0, 3040.5)	(41.0, 3251.5)	(42.0, 3349.0)	(43.0, 3441.5)	(44.0, 3547.5)	(45.0, 3625.5)	(46.0, 3712.0)	(47.0, 3743.5)	(48.0, 3732.5)	(49.0, 3645.5)	(50.0, 3559.5)	(51.0, 3540.0)	(52.0, 3451.5)	(53.0, 3283.5)	(54.0, 3239.0)	(55.0, 3216.0)	(56.0, 3031.0)	(57.0, 2852.0)	(58.0, 2733.5)	(59.0, 2537.0)	(60.0, 2288.5)	(61.0, 2041.5)	(62.0, 1825.5)	(63.0, 1578.5)	(64.0, 1326.0)	(65.0, 1115.0)	(66.0, 897.0)	(67.0, 703.0)	(68.0, 547.0)	(69.0, 443.5)	(70.0, 345.0)	(71.0, 234.5)	(72.0, 177.5)	(73.0, 144.0)	(74.0, 100.0)	(75.0, 54.5)	(76.0, 38.0)	(77.0, 30.5)	(78.0, 17.5)	(79.0, 11.5)	(80.0, 6.5)	(81.0, 3.5)	(82.0, 2.5)	(83.0, 1.0)	(84.0, 0.5)	(85.0, 0.5)	(86.0, 0.0)	(87.0, 0.0)	(88.0, 0.0)	(89.0, 0.0)	(90.0, 0.0)	(91.0, 0.0)	(92.0, 0.0)	(93.0, 0.0)	(94.0, 0.0)	(95.0, 0.0)	(96.0, 0.0)	(97.0, 0.0)	(98.0, 0.0)	(99.0, 0.0)	(100.0, 0.0)
SRR8865582_1	(0.0, 0.0)	(1.0, 0.0)	(2.0, 0.0)	(3.0, 0.0)	(4.0, 0.0)	(5.0, 0.0)	(6.0, 0.0)	(7.0, 0.0)	(8.0, 0.0)	(9.0, 0.0)	(10.0, 0.0)	(11.0, 0.0)	(12.0, 0.0)	(13.0, 1.5)	(14.0, 4.0)	(15.0, 7.5)	(16.0, 12.5)	(17.0, 17.5)	(18.0, 21.5)	(19.0, 34.5)	(20.0, 62.0)	(21.0, 96.0)	(22.0, 134.5)	(23.0, 181.5)	(24.0, 222.5)	(25.0, 298.5)	(26.0, 412.5)	(27.0, 545.5)	(28.0, 668.5)	(29.0, 806.5)	(30.0, 927.5)	(31.0, 1070.5)	(32.0, 1300.5)	(33.0, 1460.0)	(34.0, 1592.0)	(35.0, 1758.5)	(36.0, 1887.0)	(37.0, 2055.0)	(38.0, 2243.5)	(39.0, 2406.5)	(40.0, 2581.0)	(41.0, 2669.0)	(42.0, 2806.0)	(43.0, 3045.0)	(44.0, 3217.5)	(45.0, 3378.0)	(46.0, 3511.0)	(47.0, 3644.0)	(48.0, 3829.5)	(49.0, 3893.5)	(50.0, 3973.5)	(51.0, 4057.0)	(52.0, 4123.5)	(53.0, 4115.0)	(54.0, 3967.5)	(55.0, 3879.5)	(56.0, 3726.0)	(57.0, 3473.0)	(58.0, 3156.0)	(59.0, 2841.5)	(60.0, 2558.5)	(61.0, 2241.5)	(62.0, 1928.5)	(63.0, 1628.0)	(64.0, 1363.0)	(65.0, 1086.0)	(66.0, 833.5)	(67.0, 700.0)	(68.0, 576.0)	(69.0, 419.5)	(70.0, 304.5)	(71.0, 232.5)	(72.0, 177.5)	(73.0, 125.5)	(74.0, 78.0)	(75.0, 49.0)	(76.0, 30.5)	(77.0, 18.5)	(78.0, 9.5)	(79.0, 5.5)	(80.0, 3.0)	(81.0, 2.5)	(82.0, 1.0)	(83.0, 0.0)	(84.0, 0.0)	(85.0, 0.5)	(86.0, 0.5)	(87.0, 0.0)	(88.0, 0.0)	(89.0, 0.0)	(90.0, 0.0)	(91.0, 0.0)	(92.0, 0.0)	(93.0, 0.0)	(94.0, 0.0)	(95.0, 0.0)	(96.0, 0.0)	(97.0, 0.0)	(98.0, 0.0)	(99.0, 0.0)	(100.0, 0.0)
SRR8865582_2	(0.0, 0.0)	(1.0, 0.0)	(2.0, 0.0)	(3.0, 0.0)	(4.0, 0.0)	(5.0, 0.0)	(6.0, 0.0)	(7.0, 0.0)	(8.0, 0.0)	(9.0, 0.0)	(10.0, 0.0)	(11.0, 0.0)	(12.0, 0.0)	(13.0, 2.0)	(14.0, 6.5)	(15.0, 8.0)	(16.0, 9.0)	(17.0, 15.0)	(18.0, 33.0)	(19.0, 44.5)	(20.0, 59.5)	(21.0, 94.0)	(22.0, 123.0)	(23.0, 169.5)	(24.0, 241.5)	(25.0, 313.0)	(26.0, 413.0)	(27.0, 546.0)	(28.0, 667.5)	(29.0, 812.5)	(30.0, 971.0)	(31.0, 1102.5)	(32.0, 1282.5)	(33.0, 1464.0)	(34.0, 1632.0)	(35.0, 1794.0)	(36.0, 1942.5)	(37.0, 2092.5)	(38.0, 2280.0)	(39.0, 2469.5)	(40.0, 2618.5)	(41.0, 2751.5)	(42.0, 2899.5)	(43.0, 3086.0)	(44.0, 3218.0)	(45.0, 3365.5)	(46.0, 3537.0)	(47.0, 3670.0)	(48.0, 3826.5)	(49.0, 3992.5)	(50.0, 4066.0)	(51.0, 4041.5)	(52.0, 4064.0)	(53.0, 4057.5)	(54.0, 3958.0)	(55.0, 3857.5)	(56.0, 3665.5)	(57.0, 3384.5)	(58.0, 3071.0)	(59.0, 2781.0)	(60.0, 2506.5)	(61.0, 2149.5)	(62.0, 1795.0)	(63.0, 1544.5)	(64.0, 1309.0)	(65.0, 1069.5)	(66.0, 867.5)	(67.0, 694.5)	(68.0, 545.0)	(69.0, 400.0)	(70.0, 307.5)	(71.0, 243.5)	(72.0, 168.0)	(73.0, 118.5)	(74.0, 79.5)	(75.0, 49.5)	(76.0, 33.5)	(77.0, 20.5)	(78.0, 14.0)	(79.0, 10.5)	(80.0, 7.0)	(81.0, 2.5)	(82.0, 0.5)	(83.0, 0.5)	(84.0, 0.0)	(85.0, 0.0)	(86.0, 0.0)	(87.0, 0.0)	(88.0, 0.0)	(89.0, 0.0)	(90.0, 0.0)	(91.0, 0.0)	(92.0, 0.0)	(93.0, 0.0)	(94.0, 0.0)	(95.0, 0.0)	(96.0, 0.0)	(97.0, 0.0)	(98.0, 0.0)	(99.0, 0.0)	(100.0, 0.0)
SRR8865583_1	(0.0, 0.0)	(1.0, 0.0)	(2.0, 0.0)	(3.0, 0.0)	(4.0, 0.0)	(5.0, 0.0)	(6.0, 0.0)	(7.0, 0.0)	(8.0, 0.5)	(9.0, 0.5)	(10.0, 0.0)	(11.0, 0.0)	(12.0, 1.0)	(13.0, 3.5)	(14.0, 5.5)	(15.0, 8.0)	(16.0, 14.5)	(17.0, 32.0)	(18.0, 49.0)	(19.0, 58.0)	(20.0, 81.0)	(21.0, 115.5)	(22.0, 154.5)	(23.0, 217.0)	(24.0, 299.0)	(25.0, 388.0)	(26.0, 479.5)	(27.0, 550.0)	(28.0, 676.5)	(29.0, 833.5)	(30.0, 991.0)	(31.0, 1160.5)	(32.0, 1277.5)	(33.0, 1385.0)	(34.0, 1509.0)	(35.0, 1638.5)	(36.0, 1811.5)	(37.0, 2015.5)	(38.0, 2169.5)	(39.0, 2327.0)	(40.0, 2540.0)	(41.0, 2766.5)	(42.0, 2993.5)	(43.0, 3219.0)	(44.0, 3401.5)	(45.0, 3574.5)	(46.0, 3825.5)	(47.0, 4017.0)	(48.0, 4082.0)	(49.0, 4153.5)	(50.0, 4225.5)	(51.0, 4214.5)	(52.0, 4135.5)	(53.0, 4024.0)	(54.0, 3873.0)	(55.0, 3654.5)	(56.0, 3376.5)	(57.0, 3118.5)	(58.0, 2859.5)	(59.0, 2565.5)	(60.0, 2292.0)	(61.0, 2021.0)	(62.0, 1745.0)	(63.0, 1479.5)	(64.0, 1218.0)	(65.0, 1021.0)	(66.0, 822.5)	(67.0, 641.5)	(68.0, 533.0)	(69.0, 418.5)	(70.0, 311.0)	(71.0, 233.0)	(72.0, 177.5)	(73.0, 112.5)	(74.0, 71.0)	(75.0, 50.5)	(76.0, 29.5)	(77.0, 21.5)	(78.0, 12.0)	(79.0, 6.0)	(80.0, 3.5)	(81.0, 3.0)	(82.0, 2.0)	(83.0, 1.5)	(84.0, 0.5)	(85.0, 0.0)	(86.0, 0.5)	(87.0, 1.0)	(88.0, 0.5)	(89.0, 0.0)	(90.0, 0.0)	(91.0, 0.0)	(92.0, 0.0)	(93.0, 0.0)	(94.0, 0.0)	(95.0, 0.0)	(96.0, 0.0)	(97.0, 0.0)	(98.0, 0.0)	(99.0, 0.0)	(100.0, 0.0)
SRR8865583_2	(0.0, 0.0)	(1.0, 0.0)	(2.0, 0.0)	(3.0, 0.0)	(4.0, 0.0)	(5.0, 0.0)	(6.0, 0.0)	(7.0, 0.0)	(8.0, 0.5)	(9.0, 0.5)	(10.0, 0.0)	(11.0, 0.0)	(12.0, 1.0)	(13.0, 3.0)	(14.0, 5.0)	(15.0, 12.5)	(16.0, 17.0)	(17.0, 24.0)	(18.0, 35.0)	(19.0, 51.5)	(20.0, 80.0)	(21.0, 114.5)	(22.0, 152.0)	(23.0, 214.0)	(24.0, 310.5)	(25.0, 403.5)	(26.0, 500.0)	(27.0, 609.0)	(28.0, 725.0)	(29.0, 845.0)	(30.0, 955.5)	(31.0, 1113.5)	(32.0, 1290.0)	(33.0, 1424.0)	(34.0, 1544.0)	(35.0, 1697.0)	(36.0, 1865.5)	(37.0, 2038.0)	(38.0, 2172.5)	(39.0, 2343.0)	(40.0, 2652.0)	(41.0, 2888.5)	(42.0, 3066.5)	(43.0, 3296.0)	(44.0, 3493.0)	(45.0, 3662.5)	(46.0, 3859.5)	(47.0, 3965.0)	(48.0, 4017.5)	(49.0, 4137.0)	(50.0, 4204.0)	(51.0, 4217.5)	(52.0, 4093.0)	(53.0, 3996.0)	(54.0, 3909.0)	(55.0, 3669.0)	(56.0, 3363.0)	(57.0, 3042.0)	(58.0, 2728.0)	(59.0, 2421.5)	(60.0, 2230.5)	(61.0, 1961.0)	(62.0, 1623.0)	(63.0, 1428.0)	(64.0, 1219.5)	(65.0, 995.5)	(66.0, 821.0)	(67.0, 656.5)	(68.0, 511.5)	(69.0, 385.0)	(70.0, 291.5)	(71.0, 218.0)	(72.0, 169.5)	(73.0, 120.5)	(74.0, 76.0)	(75.0, 47.0)	(76.0, 32.5)	(77.0, 24.0)	(78.0, 14.0)	(79.0, 8.0)	(80.0, 4.0)	(81.0, 0.5)	(82.0, 0.5)	(83.0, 1.0)	(84.0, 0.5)	(85.0, 0.0)	(86.0, 0.0)	(87.0, 0.0)	(88.0, 0.0)	(89.0, 0.0)	(90.0, 0.0)	(91.0, 0.0)	(92.0, 0.0)	(93.0, 0.0)	(94.0, 0.0)	(95.0, 0.0)	(96.0, 0.0)	(97.0, 0.0)	(98.0, 0.0)	(99.0, 0.0)	(100.0, 0.0)
SRR8865584_1	(0.0, 0.0)	(1.0, 0.0)	(2.0, 0.0)	(3.0, 0.0)	(4.0, 0.0)	(5.0, 0.0)	(6.0, 0.0)	(7.0, 0.0)	(8.0, 0.0)	(9.0, 0.0)	(10.0, 0.0)	(11.0, 0.5)	(12.0, 0.5)	(13.0, 1.0)	(14.0, 1.0)	(15.0, 0.5)	(16.0, 3.0)	(17.0, 4.5)	(18.0, 8.0)	(19.0, 14.0)	(20.0, 20.5)	(21.0, 26.5)	(22.0, 35.0)	(23.0, 64.5)	(24.0, 99.5)	(25.0, 125.0)	(26.0, 168.5)	(27.0, 245.5)	(28.0, 337.0)	(29.0, 415.0)	(30.0, 506.0)	(31.0, 636.0)	(32.0, 735.5)	(33.0, 819.0)	(34.0, 949.5)	(35.0, 1123.0)	(36.0, 1247.5)	(37.0, 1321.5)	(38.0, 1499.5)	(39.0, 1672.5)	(40.0, 1805.5)	(41.0, 2032.0)	(42.0, 2242.5)	(43.0, 2454.0)	(44.0, 2646.0)	(45.0, 2857.0)	(46.0, 3105.0)	(47.0, 3344.0)	(48.0, 3505.5)	(49.0, 3655.5)	(50.0, 3914.0)	(51.0, 4068.5)	(52.0, 4195.5)	(53.0, 4348.0)	(54.0, 4331.5)	(55.0, 4255.0)	(56.0, 4198.0)	(57.0, 4011.5)	(58.0, 3813.5)	(59.0, 3560.5)	(60.0, 3217.0)	(61.0, 2946.0)	(62.0, 2638.5)	(63.0, 2365.0)	(64.0, 2130.5)	(65.0, 1814.0)	(66.0, 1533.5)	(67.0, 1281.5)	(68.0, 1018.5)	(69.0, 796.5)	(70.0, 608.0)	(71.0, 468.5)	(72.0, 355.0)	(73.0, 242.0)	(74.0, 179.0)	(75.0, 125.5)	(76.0, 80.5)	(77.0, 49.0)	(78.0, 24.5)	(79.0, 17.5)	(80.0, 10.0)	(81.0, 4.0)	(82.0, 3.0)	(83.0, 2.5)	(84.0, 1.0)	(85.0, 0.0)	(86.0, 0.5)	(87.0, 1.0)	(88.0, 0.5)	(89.0, 0.0)	(90.0, 0.0)	(91.0, 0.0)	(92.0, 0.0)	(93.0, 0.0)	(94.0, 0.0)	(95.0, 0.0)	(96.0, 0.0)	(97.0, 0.0)	(98.0, 0.0)	(99.0, 0.0)	(100.0, 0.0)
SRR8865584_2	(0.0, 0.0)	(1.0, 0.0)	(2.0, 0.0)	(3.0, 0.0)	(4.0, 0.0)	(5.0, 0.0)	(6.0, 0.0)	(7.0, 0.0)	(8.0, 0.0)	(9.0, 0.0)	(10.0, 0.0)	(11.0, 0.0)	(12.0, 0.0)	(13.0, 1.0)	(14.0, 1.0)	(15.0, 0.0)	(16.0, 1.5)	(17.0, 5.5)	(18.0, 8.5)	(19.0, 14.5)	(20.0, 20.0)	(21.0, 26.5)	(22.0, 38.0)	(23.0, 56.5)	(24.0, 89.5)	(25.0, 128.5)	(26.0, 175.5)	(27.0, 236.5)	(28.0, 335.5)	(29.0, 428.0)	(30.0, 487.0)	(31.0, 606.5)	(32.0, 728.0)	(33.0, 844.0)	(34.0, 968.5)	(35.0, 1115.5)	(36.0, 1269.5)	(37.0, 1405.0)	(38.0, 1607.5)	(39.0, 1806.0)	(40.0, 1969.5)	(41.0, 2111.5)	(42.0, 2287.0)	(43.0, 2464.0)	(44.0, 2646.5)	(45.0, 2876.5)	(46.0, 3105.5)	(47.0, 3352.0)	(48.0, 3582.0)	(49.0, 3734.5)	(50.0, 3905.0)	(51.0, 4046.0)	(52.0, 4174.5)	(53.0, 4298.5)	(54.0, 4328.5)	(55.0, 4270.5)	(56.0, 4174.5)	(57.0, 3986.5)	(58.0, 3705.5)	(59.0, 3456.0)	(60.0, 3209.5)	(61.0, 2917.5)	(62.0, 2609.0)	(63.0, 2339.0)	(64.0, 2006.5)	(65.0, 1723.0)	(66.0, 1520.0)	(67.0, 1237.5)	(68.0, 977.0)	(69.0, 803.5)	(70.0, 609.0)	(71.0, 428.5)	(72.0, 345.0)	(73.0, 267.5)	(74.0, 168.0)	(75.0, 110.5)	(76.0, 71.0)	(77.0, 44.5)	(78.0, 27.5)	(79.0, 14.5)	(80.0, 7.0)	(81.0, 2.5)	(82.0, 2.0)	(83.0, 2.5)	(84.0, 1.0)	(85.0, 0.0)	(86.0, 0.0)	(87.0, 0.0)	(88.0, 0.0)	(89.0, 0.0)	(90.0, 0.0)	(91.0, 0.0)	(92.0, 0.0)	(93.0, 0.0)	(94.0, 0.0)	(95.0, 0.0)	(96.0, 0.0)	(97.0, 0.0)	(98.0, 0.0)	(99.0, 0.0)	(100.0, 0.0)
SRR8865585_1	(0.0, 0.0)	(1.0, 0.0)	(2.0, 0.0)	(3.0, 0.0)	(4.0, 0.0)	(5.0, 0.0)	(6.0, 0.0)	(7.0, 0.0)	(8.0, 0.0)	(9.0, 0.0)	(10.0, 0.0)	(11.0, 0.0)	(12.0, 0.0)	(13.0, 0.0)	(14.0, 0.5)	(15.0, 0.5)	(16.0, 1.0)	(17.0, 2.5)	(18.0, 2.5)	(19.0, 6.0)	(20.0, 17.5)	(21.0, 28.5)	(22.0, 45.0)	(23.0, 70.0)	(24.0, 112.5)	(25.0, 168.0)	(26.0, 220.0)	(27.0, 281.5)	(28.0, 380.5)	(29.0, 481.5)	(30.0, 599.0)	(31.0, 720.0)	(32.0, 864.5)	(33.0, 1047.0)	(34.0, 1218.5)	(35.0, 1365.5)	(36.0, 1522.5)	(37.0, 1741.5)	(38.0, 1954.5)	(39.0, 2228.5)	(40.0, 2502.5)	(41.0, 2704.0)	(42.0, 2963.5)	(43.0, 3202.5)	(44.0, 3377.0)	(45.0, 3568.0)	(46.0, 3757.0)	(47.0, 3832.0)	(48.0, 3926.0)	(49.0, 3976.0)	(50.0, 3967.0)	(51.0, 3936.0)	(52.0, 3800.0)	(53.0, 3762.0)	(54.0, 3728.0)	(55.0, 3586.0)	(56.0, 3407.5)	(57.0, 3266.0)	(58.0, 3095.5)	(59.0, 2907.0)	(60.0, 2755.0)	(61.0, 2552.5)	(62.0, 2341.5)	(63.0, 2145.5)	(64.0, 1913.5)	(65.0, 1640.5)	(66.0, 1374.5)	(67.0, 1103.5)	(68.0, 856.5)	(69.0, 689.5)	(70.0, 534.5)	(71.0, 371.5)	(72.0, 257.5)	(73.0, 192.0)	(74.0, 127.5)	(75.0, 75.5)	(76.0, 50.5)	(77.0, 30.5)	(78.0, 14.5)	(79.0, 11.5)	(80.0, 6.0)	(81.0, 1.5)	(82.0, 0.5)	(83.0, 0.5)	(84.0, 0.5)	(85.0, 0.0)	(86.0, 0.0)	(87.0, 0.0)	(88.0, 0.0)	(89.0, 0.0)	(90.0, 0.5)	(91.0, 0.5)	(92.0, 0.0)	(93.0, 0.0)	(94.0, 0.0)	(95.0, 0.0)	(96.0, 0.0)	(97.0, 0.0)	(98.0, 0.0)	(99.0, 0.0)	(100.0, 0.0)
SRR8865585_2	(0.0, 0.0)	(1.0, 0.0)	(2.0, 0.0)	(3.0, 0.0)	(4.0, 0.0)	(5.0, 0.0)	(6.0, 0.0)	(7.0, 0.0)	(8.0, 0.0)	(9.0, 0.0)	(10.0, 0.0)	(11.0, 0.0)	(12.0, 0.0)	(13.0, 0.0)	(14.0, 0.0)	(15.0, 0.5)	(16.0, 0.5)	(17.0, 2.5)	(18.0, 6.0)	(19.0, 9.5)	(20.0, 16.0)	(21.0, 26.0)	(22.0, 50.0)	(23.0, 77.0)	(24.0, 111.0)	(25.0, 159.5)	(26.0, 220.0)	(27.0, 297.5)	(28.0, 378.5)	(29.0, 513.5)	(30.0, 663.0)	(31.0, 760.0)	(32.0, 876.0)	(33.0, 1037.0)	(34.0, 1220.5)	(35.0, 1388.0)	(36.0, 1535.0)	(37.0, 1784.0)	(38.0, 2043.0)	(39.0, 2303.0)	(40.0, 2595.5)	(41.0, 2764.5)	(42.0, 2931.0)	(43.0, 3232.0)	(44.0, 3505.0)	(45.0, 3658.5)	(46.0, 3735.5)	(47.0, 3789.0)	(48.0, 3934.0)	(49.0, 3961.5)	(50.0, 3917.0)	(51.0, 3966.0)	(52.0, 3845.0)	(53.0, 3647.0)	(54.0, 3529.5)	(55.0, 3510.5)	(56.0, 3434.0)	(57.0, 3258.5)	(58.0, 3102.5)	(59.0, 2905.5)	(60.0, 2695.0)	(61.0, 2510.5)	(62.0, 2305.5)	(63.0, 2073.5)	(64.0, 1845.0)	(65.0, 1603.0)	(66.0, 1330.0)	(67.0, 1075.0)	(68.0, 854.5)	(69.0, 656.0)	(70.0, 513.5)	(71.0, 385.5)	(72.0, 284.0)	(73.0, 196.0)	(74.0, 122.5)	(75.0, 77.0)	(76.0, 45.0)	(77.0, 30.5)	(78.0, 22.0)	(79.0, 11.0)	(80.0, 4.0)	(81.0, 0.5)	(82.0, 0.0)	(83.0, 0.0)	(84.0, 0.0)	(85.0, 0.0)	(86.0, 0.0)	(87.0, 0.0)	(88.0, 0.5)	(89.0, 0.5)	(90.0, 0.0)	(91.0, 0.0)	(92.0, 0.0)	(93.0, 0.0)	(94.0, 0.0)	(95.0, 0.0)	(96.0, 0.0)	(97.0, 0.0)	(98.0, 0.0)	(99.0, 0.0)	(100.0, 0.0)
SRR8865586_1	(0.0, 0.0)	(1.0, 0.0)	(2.0, 0.0)	(3.0, 0.0)	(4.0, 0.0)	(5.0, 0.0)	(6.0, 0.0)	(7.0, 0.0)	(8.0, 0.0)	(9.0, 0.0)	(10.0, 0.0)	(11.0, 0.0)	(12.0, 0.0)	(13.0, 0.5)	(14.0, 1.0)	(15.0, 0.5)	(16.0, 1.0)	(17.0, 3.0)	(18.0, 8.5)	(19.0, 13.0)	(20.0, 12.5)	(21.0, 15.0)	(22.0, 30.0)	(23.0, 47.0)	(24.0, 71.5)	(25.0, 89.0)	(26.0, 117.0)	(27.0, 168.5)	(28.0, 221.5)	(29.0, 282.0)	(30.0, 338.0)	(31.0, 429.0)	(32.0, 540.0)	(33.0, 634.5)	(34.0, 740.0)	(35.0, 842.5)	(36.0, 994.0)	(37.0, 1137.0)	(38.0, 1285.0)	(39.0, 1513.0)	(40.0, 1747.5)	(41.0, 2031.0)	(42.0, 2317.0)	(43.0, 2625.0)	(44.0, 2968.0)	(45.0, 3295.5)	(46.0, 3656.0)	(47.0, 4003.5)	(48.0, 4290.5)	(49.0, 4532.5)	(50.0, 4845.5)	(51.0, 5042.5)	(52.0, 5035.0)	(53.0, 5007.0)	(54.0, 4851.5)	(55.0, 4617.5)	(56.0, 4371.5)	(57.0, 4062.5)	(58.0, 3790.0)	(59.0, 3467.5)	(60.0, 3071.5)	(61.0, 2730.0)	(62.0, 2405.0)	(63.0, 2057.5)	(64.0, 1750.5)	(65.0, 1491.0)	(66.0, 1203.5)	(67.0, 949.0)	(68.0, 788.0)	(69.0, 638.5)	(70.0, 469.0)	(71.0, 349.0)	(72.0, 245.0)	(73.0, 160.0)	(74.0, 115.0)	(75.0, 69.0)	(76.0, 42.0)	(77.0, 30.0)	(78.0, 15.5)	(79.0, 7.5)	(80.0, 4.0)	(81.0, 2.5)	(82.0, 2.0)	(83.0, 1.0)	(84.0, 1.0)	(85.0, 0.5)	(86.0, 0.0)	(87.0, 0.0)	(88.0, 0.0)	(89.0, 0.0)	(90.0, 0.0)	(91.0, 0.0)	(92.0, 0.0)	(93.0, 0.0)	(94.0, 0.0)	(95.0, 0.0)	(96.0, 0.0)	(97.0, 0.0)	(98.0, 0.0)	(99.0, 0.0)	(100.0, 0.0)
SRR8865586_2	(0.0, 0.0)	(1.0, 0.0)	(2.0, 0.0)	(3.0, 0.0)	(4.0, 0.0)	(5.0, 0.0)	(6.0, 0.0)	(7.0, 0.0)	(8.0, 0.0)	(9.0, 0.0)	(10.0, 0.0)	(11.0, 0.0)	(12.0, 0.0)	(13.0, 0.0)	(14.0, 0.0)	(15.0, 0.5)	(16.0, 1.0)	(17.0, 2.5)	(18.0, 5.5)	(19.0, 7.0)	(20.0, 11.0)	(21.0, 18.5)	(22.0, 25.0)	(23.0, 41.5)	(24.0, 64.0)	(25.0, 80.5)	(26.0, 114.5)	(27.0, 169.0)	(28.0, 222.0)	(29.0, 283.5)	(30.0, 354.5)	(31.0, 434.5)	(32.0, 528.5)	(33.0, 646.5)	(34.0, 760.0)	(35.0, 854.5)	(36.0, 956.5)	(37.0, 1117.0)	(38.0, 1321.0)	(39.0, 1541.0)	(40.0, 1774.5)	(41.0, 1975.5)	(42.0, 2259.5)	(43.0, 2617.0)	(44.0, 2945.0)	(45.0, 3321.0)	(46.0, 3661.0)	(47.0, 3914.0)	(48.0, 4288.5)	(49.0, 4635.5)	(50.0, 4892.5)	(51.0, 5026.0)	(52.0, 5046.5)	(53.0, 5038.5)	(54.0, 4863.0)	(55.0, 4612.0)	(56.0, 4316.0)	(57.0, 4073.0)	(58.0, 3764.5)	(59.0, 3377.0)	(60.0, 3053.5)	(61.0, 2732.5)	(62.0, 2357.0)	(63.0, 2029.5)	(64.0, 1804.0)	(65.0, 1483.0)	(66.0, 1217.5)	(67.0, 1026.0)	(68.0, 814.0)	(69.0, 639.0)	(70.0, 480.0)	(71.0, 356.0)	(72.0, 248.5)	(73.0, 167.0)	(74.0, 122.5)	(75.0, 84.5)	(76.0, 49.5)	(77.0, 28.0)	(78.0, 14.0)	(79.0, 6.5)	(80.0, 5.5)	(81.0, 5.0)	(82.0, 4.0)	(83.0, 2.0)	(84.0, 1.5)	(85.0, 1.0)	(86.0, 0.0)	(87.0, 0.0)	(88.0, 0.0)	(89.0, 0.0)	(90.0, 0.0)	(91.0, 0.0)	(92.0, 0.0)	(93.0, 0.0)	(94.0, 0.0)	(95.0, 0.0)	(96.0, 0.0)	(97.0, 0.0)	(98.0, 0.0)	(99.0, 0.0)	(100.0, 0.0)
SRR8865587_1	(0.0, 0.0)	(1.0, 0.0)	(2.0, 0.0)	(3.0, 0.0)	(4.0, 0.0)	(5.0, 0.0)	(6.0, 0.0)	(7.0, 0.0)	(8.0, 0.0)	(9.0, 0.0)	(10.0, 0.0)	(11.0, 0.0)	(12.0, 0.0)	(13.0, 0.5)	(14.0, 1.5)	(15.0, 1.0)	(16.0, 0.5)	(17.0, 3.5)	(18.0, 6.0)	(19.0, 8.0)	(20.0, 11.5)	(21.0, 24.0)	(22.0, 38.0)	(23.0, 49.5)	(24.0, 67.5)	(25.0, 94.5)	(26.0, 143.0)	(27.0, 205.5)	(28.0, 284.5)	(29.0, 373.5)	(30.0, 437.0)	(31.0, 519.0)	(32.0, 651.0)	(33.0, 784.0)	(34.0, 942.0)	(35.0, 1112.5)	(36.0, 1267.0)	(37.0, 1402.5)	(38.0, 1549.5)	(39.0, 1762.5)	(40.0, 1974.0)	(41.0, 2110.5)	(42.0, 2278.0)	(43.0, 2526.0)	(44.0, 2760.5)	(45.0, 2933.5)	(46.0, 3149.0)	(47.0, 3524.5)	(48.0, 3885.5)	(49.0, 4185.5)	(50.0, 4437.5)	(51.0, 4670.0)	(52.0, 4860.0)	(53.0, 4889.5)	(54.0, 4890.0)	(55.0, 4801.0)	(56.0, 4489.0)	(57.0, 4135.0)	(58.0, 3803.0)	(59.0, 3414.5)	(60.0, 3076.5)	(61.0, 2720.0)	(62.0, 2327.0)	(63.0, 1987.5)	(64.0, 1666.5)	(65.0, 1378.5)	(66.0, 1066.5)	(67.0, 815.0)	(68.0, 665.0)	(69.0, 504.5)	(70.0, 346.5)	(71.0, 240.5)	(72.0, 174.5)	(73.0, 112.0)	(74.0, 67.0)	(75.0, 45.0)	(76.0, 27.5)	(77.0, 12.5)	(78.0, 6.5)	(79.0, 6.5)	(80.0, 3.5)	(81.0, 0.5)	(82.0, 1.0)	(83.0, 0.5)	(84.0, 0.0)	(85.0, 0.0)	(86.0, 0.0)	(87.0, 0.5)	(88.0, 0.5)	(89.0, 0.0)	(90.0, 0.0)	(91.0, 0.0)	(92.0, 0.0)	(93.0, 0.0)	(94.0, 0.0)	(95.0, 0.0)	(96.0, 0.0)	(97.0, 0.0)	(98.0, 0.0)	(99.0, 0.0)	(100.0, 0.0)
SRR8865587_2	(0.0, 0.0)	(1.0, 0.0)	(2.0, 0.0)	(3.0, 0.0)	(4.0, 0.0)	(5.0, 0.0)	(6.0, 0.0)	(7.0, 0.0)	(8.0, 0.0)	(9.0, 0.0)	(10.0, 0.0)	(11.0, 0.0)	(12.0, 0.0)	(13.0, 0.5)	(14.0, 1.0)	(15.0, 0.5)	(16.0, 0.5)	(17.0, 2.0)	(18.0, 6.0)	(19.0, 10.0)	(20.0, 15.0)	(21.0, 28.0)	(22.0, 37.0)	(23.0, 49.5)	(24.0, 79.0)	(25.0, 114.5)	(26.0, 152.0)	(27.0, 196.5)	(28.0, 270.5)	(29.0, 359.5)	(30.0, 439.0)	(31.0, 538.5)	(32.0, 667.0)	(33.0, 791.5)	(34.0, 929.0)	(35.0, 1095.0)	(36.0, 1257.5)	(37.0, 1423.0)	(38.0, 1614.0)	(39.0, 1761.0)	(40.0, 1906.0)	(41.0, 2128.0)	(42.0, 2298.0)	(43.0, 2499.0)	(44.0, 2799.0)	(45.0, 2980.5)	(46.0, 3172.5)	(47.0, 3543.5)	(48.0, 3850.0)	(49.0, 4087.5)	(50.0, 4361.5)	(51.0, 4693.5)	(52.0, 4908.0)	(53.0, 4936.5)	(54.0, 4918.5)	(55.0, 4822.0)	(56.0, 4520.5)	(57.0, 4181.0)	(58.0, 3782.5)	(59.0, 3351.5)	(60.0, 3008.0)	(61.0, 2631.0)	(62.0, 2303.0)	(63.0, 1999.0)	(64.0, 1686.0)	(65.0, 1392.0)	(66.0, 1080.5)	(67.0, 818.5)	(68.0, 662.5)	(69.0, 497.0)	(70.0, 341.5)	(71.0, 244.5)	(72.0, 176.5)	(73.0, 113.5)	(74.0, 74.0)	(75.0, 44.5)	(76.0, 23.5)	(77.0, 13.5)	(78.0, 9.5)	(79.0, 7.0)	(80.0, 4.5)	(81.0, 0.0)	(82.0, 0.5)	(83.0, 0.5)	(84.0, 0.0)	(85.0, 0.0)	(86.0, 0.0)	(87.0, 0.0)	(88.0, 0.0)	(89.0, 0.0)	(90.0, 0.0)	(91.0, 0.0)	(92.0, 0.0)	(93.0, 0.0)	(94.0, 0.0)	(95.0, 0.0)	(96.0, 0.0)	(97.0, 0.0)	(98.0, 0.0)	(99.0, 0.0)	(100.0, 0.0)
SRR8865588_1	(0.0, 0.0)	(1.0, 0.0)	(2.0, 0.0)	(3.0, 0.0)	(4.0, 0.0)	(5.0, 0.0)	(6.0, 0.0)	(7.0, 0.0)	(8.0, 0.0)	(9.0, 0.0)	(10.0, 0.0)	(11.0, 0.0)	(12.0, 0.0)	(13.0, 0.0)	(14.0, 0.0)	(15.0, 0.0)	(16.0, 0.5)	(17.0, 2.5)	(18.0, 4.0)	(19.0, 5.5)	(20.0, 15.5)	(21.0, 22.0)	(22.0, 31.0)	(23.0, 60.0)	(24.0, 84.5)	(25.0, 114.5)	(26.0, 179.5)	(27.0, 254.0)	(28.0, 331.0)	(29.0, 399.5)	(30.0, 489.0)	(31.0, 586.5)	(32.0, 732.5)	(33.0, 877.5)	(34.0, 995.0)	(35.0, 1180.5)	(36.0, 1385.0)	(37.0, 1615.5)	(38.0, 1848.5)	(39.0, 2096.5)	(40.0, 2315.0)	(41.0, 2602.5)	(42.0, 2973.0)	(43.0, 3289.0)	(44.0, 3583.5)	(45.0, 3854.5)	(46.0, 4077.5)	(47.0, 4210.5)	(48.0, 4310.5)	(49.0, 4361.0)	(50.0, 4335.0)	(51.0, 4264.0)	(52.0, 4107.5)	(53.0, 3958.0)	(54.0, 3866.5)	(55.0, 3725.5)	(56.0, 3557.0)	(57.0, 3355.0)	(58.0, 3133.0)	(59.0, 2868.0)	(60.0, 2587.5)	(61.0, 2324.5)	(62.0, 2026.0)	(63.0, 1763.5)	(64.0, 1498.0)	(65.0, 1213.5)	(66.0, 1010.5)	(67.0, 816.5)	(68.0, 603.0)	(69.0, 442.0)	(70.0, 329.0)	(71.0, 238.5)	(72.0, 150.0)	(73.0, 101.5)	(74.0, 68.5)	(75.0, 34.5)	(76.0, 18.0)	(77.0, 14.5)	(78.0, 12.5)	(79.0, 7.5)	(80.0, 3.0)	(81.0, 2.0)	(82.0, 1.0)	(83.0, 0.5)	(84.0, 0.0)	(85.0, 0.0)	(86.0, 0.0)	(87.0, 0.0)	(88.0, 0.0)	(89.0, 0.0)	(90.0, 0.0)	(91.0, 0.0)	(92.0, 0.0)	(93.0, 0.0)	(94.0, 0.0)	(95.0, 0.0)	(96.0, 0.0)	(97.0, 0.0)	(98.0, 0.0)	(99.0, 0.0)	(100.0, 0.0)
SRR8865588_2	(0.0, 0.0)	(1.0, 0.0)	(2.0, 0.0)	(3.0, 0.0)	(4.0, 0.0)	(5.0, 0.0)	(6.0, 0.0)	(7.0, 0.0)	(8.0, 0.0)	(9.0, 0.0)	(10.0, 0.0)	(11.0, 0.0)	(12.0, 0.0)	(13.0, 0.0)	(14.0, 0.0)	(15.0, 0.0)	(16.0, 0.5)	(17.0, 1.5)	(18.0, 2.5)	(19.0, 3.0)	(20.0, 13.5)	(21.0, 25.0)	(22.0, 37.5)	(23.0, 63.5)	(24.0, 93.0)	(25.0, 125.5)	(26.0, 177.0)	(27.0, 244.5)	(28.0, 324.0)	(29.0, 393.0)	(30.0, 508.0)	(31.0, 645.0)	(32.0, 740.0)	(33.0, 884.5)	(34.0, 1050.5)	(35.0, 1204.5)	(36.0, 1368.0)	(37.0, 1539.0)	(38.0, 1805.0)	(39.0, 2104.5)	(40.0, 2391.5)	(41.0, 2680.5)	(42.0, 2947.5)	(43.0, 3230.5)	(44.0, 3539.0)	(45.0, 3851.0)	(46.0, 4020.0)	(47.0, 4106.5)	(48.0, 4196.0)	(49.0, 4246.5)	(50.0, 4234.0)	(51.0, 4189.5)	(52.0, 4178.5)	(53.0, 4081.5)	(54.0, 3932.0)	(55.0, 3775.5)	(56.0, 3540.5)	(57.0, 3319.0)	(58.0, 3042.0)	(59.0, 2819.5)	(60.0, 2623.0)	(61.0, 2324.0)	(62.0, 2045.5)	(63.0, 1814.0)	(64.0, 1580.5)	(65.0, 1310.0)	(66.0, 1087.0)	(67.0, 844.5)	(68.0, 606.0)	(69.0, 437.0)	(70.0, 309.5)	(71.0, 220.5)	(72.0, 165.5)	(73.0, 120.5)	(74.0, 73.5)	(75.0, 44.5)	(76.0, 23.0)	(77.0, 8.0)	(78.0, 4.5)	(79.0, 3.5)	(80.0, 1.5)	(81.0, 0.0)	(82.0, 0.0)	(83.0, 0.0)	(84.0, 0.5)	(85.0, 0.5)	(86.0, 0.0)	(87.0, 0.0)	(88.0, 0.0)	(89.0, 0.0)	(90.0, 0.0)	(91.0, 0.0)	(92.0, 0.0)	(93.0, 0.0)	(94.0, 0.0)	(95.0, 0.0)	(96.0, 0.0)	(97.0, 0.0)	(98.0, 0.0)	(99.0, 0.0)	(100.0, 0.0)
SRR8865589_1	(0.0, 0.0)	(1.0, 0.0)	(2.0, 0.0)	(3.0, 0.0)	(4.0, 0.0)	(5.0, 0.0)	(6.0, 0.0)	(7.0, 0.0)	(8.0, 0.0)	(9.0, 0.0)	(10.0, 0.0)	(11.0, 0.5)	(12.0, 1.0)	(13.0, 1.5)	(14.0, 2.0)	(15.0, 3.5)	(16.0, 11.5)	(17.0, 17.0)	(18.0, 20.5)	(19.0, 31.5)	(20.0, 51.0)	(21.0, 75.0)	(22.0, 114.0)	(23.0, 171.5)	(24.0, 227.5)	(25.0, 318.5)	(26.0, 448.0)	(27.0, 570.0)	(28.0, 706.0)	(29.0, 873.5)	(30.0, 1040.0)	(31.0, 1210.0)	(32.0, 1359.0)	(33.0, 1484.0)	(34.0, 1663.5)	(35.0, 1871.0)	(36.0, 2023.5)	(37.0, 2180.5)	(38.0, 2353.0)	(39.0, 2519.0)	(40.0, 2793.0)	(41.0, 3023.5)	(42.0, 3207.5)	(43.0, 3451.0)	(44.0, 3721.0)	(45.0, 3939.0)	(46.0, 4056.0)	(47.0, 4179.5)	(48.0, 4264.0)	(49.0, 4281.5)	(50.0, 4311.5)	(51.0, 4297.5)	(52.0, 4130.5)	(53.0, 3970.5)	(54.0, 3812.5)	(55.0, 3568.5)	(56.0, 3272.5)	(57.0, 2956.0)	(58.0, 2627.5)	(59.0, 2305.0)	(60.0, 1971.5)	(61.0, 1635.5)	(62.0, 1322.5)	(63.0, 1039.0)	(64.0, 845.0)	(65.0, 672.5)	(66.0, 532.0)	(67.0, 424.5)	(68.0, 327.0)	(69.0, 242.0)	(70.0, 171.0)	(71.0, 124.0)	(72.0, 88.5)	(73.0, 68.0)	(74.0, 50.5)	(75.0, 28.0)	(76.0, 11.5)	(77.0, 6.5)	(78.0, 7.5)	(79.0, 5.0)	(80.0, 2.0)	(81.0, 1.5)	(82.0, 0.5)	(83.0, 0.5)	(84.0, 0.0)	(85.0, 0.0)	(86.0, 0.0)	(87.0, 0.0)	(88.0, 0.0)	(89.0, 0.0)	(90.0, 0.0)	(91.0, 0.0)	(92.0, 0.0)	(93.0, 0.0)	(94.0, 0.0)	(95.0, 0.0)	(96.0, 0.0)	(97.0, 0.0)	(98.0, 0.0)	(99.0, 0.0)	(100.0, 0.0)
SRR8865589_2	(0.0, 0.0)	(1.0, 0.0)	(2.0, 0.0)	(3.0, 0.0)	(4.0, 0.0)	(5.0, 0.0)	(6.0, 0.0)	(7.0, 0.0)	(8.0, 0.0)	(9.0, 0.0)	(10.0, 0.0)	(11.0, 0.0)	(12.0, 0.0)	(13.0, 1.5)	(14.0, 4.0)	(15.0, 6.5)	(16.0, 9.5)	(17.0, 16.5)	(18.0, 20.0)	(19.0, 24.5)	(20.0, 37.5)	(21.0, 67.5)	(22.0, 107.5)	(23.0, 147.0)	(24.0, 229.0)	(25.0, 330.5)	(26.0, 436.5)	(27.0, 571.5)	(28.0, 697.0)	(29.0, 854.0)	(30.0, 1037.5)	(31.0, 1200.0)	(32.0, 1376.0)	(33.0, 1547.5)	(34.0, 1681.5)	(35.0, 1861.5)	(36.0, 2059.5)	(37.0, 2259.0)	(38.0, 2423.0)	(39.0, 2581.5)	(40.0, 2835.5)	(41.0, 3059.0)	(42.0, 3280.0)	(43.0, 3514.5)	(44.0, 3737.0)	(45.0, 3957.5)	(46.0, 4095.5)	(47.0, 4175.0)	(48.0, 4314.0)	(49.0, 4371.0)	(50.0, 4307.5)	(51.0, 4303.0)	(52.0, 4130.5)	(53.0, 3957.5)	(54.0, 3767.0)	(55.0, 3458.5)	(56.0, 3197.5)	(57.0, 2920.0)	(58.0, 2593.0)	(59.0, 2224.5)	(60.0, 1905.5)	(61.0, 1562.0)	(62.0, 1261.5)	(63.0, 1042.5)	(64.0, 834.0)	(65.0, 661.0)	(66.0, 521.0)	(67.0, 390.5)	(68.0, 298.5)	(69.0, 234.5)	(70.0, 172.5)	(71.0, 117.0)	(72.0, 92.0)	(73.0, 75.0)	(74.0, 48.5)	(75.0, 25.0)	(76.0, 14.5)	(77.0, 12.0)	(78.0, 6.5)	(79.0, 3.0)	(80.0, 2.5)	(81.0, 1.5)	(82.0, 1.0)	(83.0, 0.5)	(84.0, 0.0)	(85.0, 0.0)	(86.0, 0.0)	(87.0, 0.0)	(88.0, 0.0)	(89.0, 0.0)	(90.0, 0.0)	(91.0, 0.0)	(92.0, 0.0)	(93.0, 0.0)	(94.0, 0.0)	(95.0, 0.0)	(96.0, 0.0)	(97.0, 0.0)	(98.0, 0.0)	(99.0, 0.0)	(100.0, 0.0)
SRR8865590_1	(0.0, 0.0)	(1.0, 0.0)	(2.0, 0.0)	(3.0, 0.0)	(4.0, 0.0)	(5.0, 0.0)	(6.0, 0.0)	(7.0, 0.0)	(8.0, 0.0)	(9.0, 0.5)	(10.0, 1.0)	(11.0, 0.5)	(12.0, 0.0)	(13.0, 1.5)	(14.0, 3.0)	(15.0, 4.0)	(16.0, 7.0)	(17.0, 9.5)	(18.0, 13.0)	(19.0, 22.5)	(20.0, 35.0)	(21.0, 54.0)	(22.0, 78.0)	(23.0, 114.0)	(24.0, 176.0)	(25.0, 260.0)	(26.0, 365.0)	(27.0, 486.0)	(28.0, 595.5)	(29.0, 766.0)	(30.0, 924.0)	(31.0, 1035.5)	(32.0, 1230.0)	(33.0, 1422.5)	(34.0, 1620.5)	(35.0, 1815.0)	(36.0, 2013.5)	(37.0, 2244.5)	(38.0, 2504.5)	(39.0, 2714.5)	(40.0, 2866.0)	(41.0, 3117.0)	(42.0, 3404.5)	(43.0, 3694.5)	(44.0, 3954.5)	(45.0, 4136.0)	(46.0, 4284.5)	(47.0, 4497.0)	(48.0, 4638.0)	(49.0, 4685.0)	(50.0, 4668.5)	(51.0, 4562.5)	(52.0, 4360.5)	(53.0, 4024.5)	(54.0, 3683.5)	(55.0, 3373.5)	(56.0, 3022.5)	(57.0, 2671.5)	(58.0, 2334.5)	(59.0, 1947.5)	(60.0, 1640.0)	(61.0, 1352.5)	(62.0, 1084.5)	(63.0, 915.0)	(64.0, 757.5)	(65.0, 596.5)	(66.0, 451.0)	(67.0, 352.5)	(68.0, 270.0)	(69.0, 190.5)	(70.0, 147.5)	(71.0, 108.5)	(72.0, 69.0)	(73.0, 49.5)	(74.0, 33.0)	(75.0, 21.0)	(76.0, 12.0)	(77.0, 4.0)	(78.0, 4.5)	(79.0, 3.0)	(80.0, 2.0)	(81.0, 2.0)	(82.0, 0.5)	(83.0, 0.0)	(84.0, 0.5)	(85.0, 0.5)	(86.0, 0.0)	(87.0, 0.0)	(88.0, 0.0)	(89.0, 0.0)	(90.0, 0.0)	(91.0, 0.0)	(92.0, 0.0)	(93.0, 0.0)	(94.0, 0.0)	(95.0, 0.0)	(96.0, 0.0)	(97.0, 0.0)	(98.0, 0.0)	(99.0, 0.0)	(100.0, 0.0)
SRR8865590_2	(0.0, 0.0)	(1.0, 0.0)	(2.0, 0.0)	(3.0, 0.0)	(4.0, 0.0)	(5.0, 0.0)	(6.0, 0.0)	(7.0, 0.0)	(8.0, 0.0)	(9.0, 0.0)	(10.0, 0.0)	(11.0, 0.5)	(12.0, 1.0)	(13.0, 3.5)	(14.0, 4.5)	(15.0, 4.5)	(16.0, 7.0)	(17.0, 11.5)	(18.0, 20.5)	(19.0, 27.0)	(20.0, 37.5)	(21.0, 61.5)	(22.0, 83.5)	(23.0, 116.5)	(24.0, 180.0)	(25.0, 250.5)	(26.0, 341.0)	(27.0, 471.5)	(28.0, 602.0)	(29.0, 752.5)	(30.0, 901.5)	(31.0, 1033.0)	(32.0, 1219.0)	(33.0, 1417.0)	(34.0, 1589.5)	(35.0, 1798.0)	(36.0, 1981.0)	(37.0, 2234.0)	(38.0, 2480.5)	(39.0, 2650.5)	(40.0, 2913.0)	(41.0, 3192.0)	(42.0, 3504.5)	(43.0, 3812.5)	(44.0, 3972.0)	(45.0, 4148.0)	(46.0, 4343.5)	(47.0, 4514.5)	(48.0, 4648.0)	(49.0, 4654.0)	(50.0, 4588.0)	(51.0, 4422.5)	(52.0, 4263.0)	(53.0, 4076.5)	(54.0, 3761.5)	(55.0, 3395.0)	(56.0, 3011.0)	(57.0, 2654.0)	(58.0, 2329.5)	(59.0, 2016.5)	(60.0, 1666.5)	(61.0, 1350.0)	(62.0, 1093.5)	(63.0, 873.5)	(64.0, 733.0)	(65.0, 585.0)	(66.0, 444.5)	(67.0, 336.0)	(68.0, 258.5)	(69.0, 198.5)	(70.0, 149.5)	(71.0, 104.0)	(72.0, 65.0)	(73.0, 55.0)	(74.0, 40.5)	(75.0, 22.0)	(76.0, 15.5)	(77.0, 11.0)	(78.0, 4.5)	(79.0, 1.0)	(80.0, 1.0)	(81.0, 1.0)	(82.0, 0.0)	(83.0, 0.0)	(84.0, 0.0)	(85.0, 0.0)	(86.0, 0.0)	(87.0, 0.0)	(88.0, 0.0)	(89.0, 0.0)	(90.0, 0.0)	(91.0, 0.0)	(92.0, 0.0)	(93.0, 0.0)	(94.0, 0.0)	(95.0, 0.0)	(96.0, 0.0)	(97.0, 0.0)	(98.0, 0.0)	(99.0, 0.0)	(100.0, 0.0)
SRR8865591_1	(0.0, 0.0)	(1.0, 0.0)	(2.0, 0.0)	(3.0, 0.0)	(4.0, 0.0)	(5.0, 0.0)	(6.0, 0.0)	(7.0, 0.0)	(8.0, 0.0)	(9.0, 0.0)	(10.0, 0.0)	(11.0, 0.0)	(12.0, 0.0)	(13.0, 0.0)	(14.0, 0.0)	(15.0, 0.5)	(16.0, 1.0)	(17.0, 2.5)	(18.0, 6.5)	(19.0, 14.0)	(20.0, 23.0)	(21.0, 33.0)	(22.0, 60.0)	(23.0, 101.5)	(24.0, 148.0)	(25.0, 216.5)	(26.0, 303.5)	(27.0, 441.5)	(28.0, 592.0)	(29.0, 737.5)	(30.0, 932.0)	(31.0, 1135.0)	(32.0, 1352.5)	(33.0, 1594.0)	(34.0, 1879.0)	(35.0, 2155.5)	(36.0, 2433.0)	(37.0, 2675.5)	(38.0, 2942.5)	(39.0, 3304.5)	(40.0, 3555.0)	(41.0, 3741.5)	(42.0, 3956.5)	(43.0, 4092.0)	(44.0, 4177.5)	(45.0, 4184.5)	(46.0, 4167.5)	(47.0, 4191.0)	(48.0, 4067.0)	(49.0, 3961.0)	(50.0, 3824.5)	(51.0, 3569.0)	(52.0, 3411.5)	(53.0, 3260.5)	(54.0, 3083.0)	(55.0, 2889.0)	(56.0, 2639.5)	(57.0, 2453.0)	(58.0, 2344.5)	(59.0, 2149.5)	(60.0, 1907.5)	(61.0, 1666.5)	(62.0, 1416.0)	(63.0, 1218.0)	(64.0, 1020.5)	(65.0, 840.5)	(66.0, 680.5)	(67.0, 534.0)	(68.0, 417.0)	(69.0, 328.0)	(70.0, 252.0)	(71.0, 176.5)	(72.0, 125.0)	(73.0, 92.5)	(74.0, 62.0)	(75.0, 40.0)	(76.0, 26.0)	(77.0, 15.0)	(78.0, 12.5)	(79.0, 7.5)	(80.0, 4.0)	(81.0, 1.5)	(82.0, 0.0)	(83.0, 0.5)	(84.0, 0.5)	(85.0, 0.0)	(86.0, 0.0)	(87.0, 0.0)	(88.0, 0.0)	(89.0, 0.0)	(90.0, 0.0)	(91.0, 0.0)	(92.0, 0.0)	(93.0, 0.0)	(94.0, 0.0)	(95.0, 0.0)	(96.0, 0.0)	(97.0, 0.0)	(98.0, 0.0)	(99.0, 0.0)	(100.0, 0.0)
SRR8865591_2	(0.0, 0.0)	(1.0, 0.0)	(2.0, 0.0)	(3.0, 0.0)	(4.0, 0.0)	(5.0, 0.0)	(6.0, 0.0)	(7.0, 0.0)	(8.0, 0.0)	(9.0, 0.0)	(10.0, 0.0)	(11.0, 0.0)	(12.0, 0.0)	(13.0, 0.0)	(14.0, 0.0)	(15.0, 0.0)	(16.0, 2.5)	(17.0, 4.5)	(18.0, 6.0)	(19.0, 13.5)	(20.0, 21.5)	(21.0, 32.5)	(22.0, 54.5)	(23.0, 100.5)	(24.0, 171.0)	(25.0, 249.5)	(26.0, 336.5)	(27.0, 449.5)	(28.0, 589.0)	(29.0, 762.5)	(30.0, 1009.0)	(31.0, 1201.5)	(32.0, 1380.0)	(33.0, 1660.5)	(34.0, 1916.5)	(35.0, 2153.0)	(36.0, 2422.0)	(37.0, 2708.0)	(38.0, 3052.0)	(39.0, 3358.5)	(40.0, 3562.5)	(41.0, 3796.5)	(42.0, 4027.0)	(43.0, 4138.0)	(44.0, 4181.5)	(45.0, 4181.5)	(46.0, 4167.0)	(47.0, 4147.5)	(48.0, 4066.5)	(49.0, 3974.0)	(50.0, 3803.5)	(51.0, 3574.0)	(52.0, 3378.0)	(53.0, 3243.5)	(54.0, 3017.0)	(55.0, 2767.0)	(56.0, 2605.5)	(57.0, 2447.5)	(58.0, 2288.0)	(59.0, 2067.5)	(60.0, 1817.0)	(61.0, 1599.0)	(62.0, 1400.0)	(63.0, 1208.0)	(64.0, 1010.5)	(65.0, 805.0)	(66.0, 644.5)	(67.0, 520.5)	(68.0, 417.0)	(69.0, 323.5)	(70.0, 244.0)	(71.0, 177.5)	(72.0, 125.0)	(73.0, 80.0)	(74.0, 54.5)	(75.0, 38.0)	(76.0, 23.0)	(77.0, 16.5)	(78.0, 13.5)	(79.0, 10.0)	(80.0, 4.0)	(81.0, 1.0)	(82.0, 1.5)	(83.0, 1.5)	(84.0, 0.0)	(85.0, 0.0)	(86.0, 0.0)	(87.0, 0.0)	(88.0, 0.0)	(89.0, 0.0)	(90.0, 0.0)	(91.0, 0.0)	(92.0, 0.0)	(93.0, 0.0)	(94.0, 0.0)	(95.0, 0.0)	(96.0, 0.0)	(97.0, 0.0)	(98.0, 0.0)	(99.0, 0.0)	(100.0, 0.0)
SRR8865592_1	(0.0, 0.0)	(1.0, 0.0)	(2.0, 0.0)	(3.0, 0.0)	(4.0, 0.0)	(5.0, 0.0)	(6.0, 0.0)	(7.0, 0.0)	(8.0, 0.0)	(9.0, 0.0)	(10.0, 0.5)	(11.0, 1.5)	(12.0, 2.0)	(13.0, 3.0)	(14.0, 4.0)	(15.0, 10.5)	(16.0, 16.0)	(17.0, 14.0)	(18.0, 26.5)	(19.0, 47.5)	(20.0, 64.5)	(21.0, 89.0)	(22.0, 133.5)	(23.0, 180.0)	(24.0, 245.0)	(25.0, 324.5)	(26.0, 440.0)	(27.0, 595.5)	(28.0, 754.0)	(29.0, 999.0)	(30.0, 1203.5)	(31.0, 1422.5)	(32.0, 1728.0)	(33.0, 2025.5)	(34.0, 2287.5)	(35.0, 2577.0)	(36.0, 2987.0)	(37.0, 3381.5)	(38.0, 3683.5)	(39.0, 3917.5)	(40.0, 4151.5)	(41.0, 4390.5)	(42.0, 4440.0)	(43.0, 4416.5)	(44.0, 4382.0)	(45.0, 4304.0)	(46.0, 4148.0)	(47.0, 3961.5)	(48.0, 3706.0)	(49.0, 3369.5)	(50.0, 3092.0)	(51.0, 2886.0)	(52.0, 2667.0)	(53.0, 2361.5)	(54.0, 2130.0)	(55.0, 1975.0)	(56.0, 1786.5)	(57.0, 1575.5)	(58.0, 1509.5)	(59.0, 1441.0)	(60.0, 1307.0)	(61.0, 1234.0)	(62.0, 1136.0)	(63.0, 998.5)	(64.0, 884.5)	(65.0, 780.5)	(66.0, 656.0)	(67.0, 544.0)	(68.0, 456.0)	(69.0, 383.0)	(70.0, 298.0)	(71.0, 208.0)	(72.0, 148.5)	(73.0, 102.0)	(74.0, 69.5)	(75.0, 54.5)	(76.0, 45.0)	(77.0, 21.5)	(78.0, 11.5)	(79.0, 5.5)	(80.0, 4.0)	(81.0, 4.5)	(82.0, 2.0)	(83.0, 1.5)	(84.0, 2.5)	(85.0, 1.5)	(86.0, 0.0)	(87.0, 0.0)	(88.0, 0.0)	(89.0, 0.0)	(90.0, 0.0)	(91.0, 0.0)	(92.0, 0.0)	(93.0, 0.0)	(94.0, 0.0)	(95.0, 0.0)	(96.0, 0.0)	(97.0, 0.0)	(98.0, 0.0)	(99.0, 0.0)	(100.0, 0.0)
SRR8865592_2	(0.0, 0.0)	(1.0, 0.0)	(2.0, 0.0)	(3.0, 0.0)	(4.0, 0.0)	(5.0, 0.0)	(6.0, 0.0)	(7.0, 0.0)	(8.0, 0.0)	(9.0, 0.5)	(10.0, 1.0)	(11.0, 1.5)	(12.0, 1.5)	(13.0, 2.0)	(14.0, 5.0)	(15.0, 7.0)	(16.0, 11.0)	(17.0, 16.0)	(18.0, 27.0)	(19.0, 43.0)	(20.0, 61.5)	(21.0, 81.5)	(22.0, 104.0)	(23.0, 153.5)	(24.0, 237.5)	(25.0, 319.5)	(26.0, 432.5)	(27.0, 589.5)	(28.0, 767.5)	(29.0, 979.0)	(30.0, 1208.0)	(31.0, 1429.5)	(32.0, 1745.0)	(33.0, 2069.5)	(34.0, 2350.5)	(35.0, 2673.0)	(36.0, 3078.5)	(37.0, 3406.0)	(38.0, 3667.0)	(39.0, 3973.0)	(40.0, 4212.5)	(41.0, 4396.0)	(42.0, 4458.0)	(43.0, 4517.0)	(44.0, 4470.0)	(45.0, 4314.5)	(46.0, 4184.5)	(47.0, 3982.5)	(48.0, 3709.5)	(49.0, 3439.0)	(50.0, 3132.0)	(51.0, 2842.0)	(52.0, 2592.0)	(53.0, 2314.0)	(54.0, 2075.0)	(55.0, 1886.5)	(56.0, 1760.5)	(57.0, 1631.5)	(58.0, 1504.5)	(59.0, 1397.0)	(60.0, 1278.0)	(61.0, 1157.5)	(62.0, 1058.0)	(63.0, 968.0)	(64.0, 830.0)	(65.0, 715.0)	(66.0, 620.5)	(67.0, 529.5)	(68.0, 461.5)	(69.0, 353.5)	(70.0, 264.5)	(71.0, 207.0)	(72.0, 154.5)	(73.0, 120.5)	(74.0, 87.5)	(75.0, 56.5)	(76.0, 35.0)	(77.0, 23.0)	(78.0, 13.5)	(79.0, 9.0)	(80.0, 7.0)	(81.0, 3.0)	(82.0, 1.5)	(83.0, 1.0)	(84.0, 0.0)	(85.0, 0.5)	(86.0, 0.5)	(87.0, 0.0)	(88.0, 0.0)	(89.0, 0.0)	(90.0, 0.0)	(91.0, 0.0)	(92.0, 0.0)	(93.0, 0.0)	(94.0, 0.0)	(95.0, 0.0)	(96.0, 0.0)	(97.0, 0.0)	(98.0, 0.0)	(99.0, 0.0)	(100.0, 0.0)
SRR8865593_1	(0.0, 0.0)	(1.0, 0.0)	(2.0, 0.0)	(3.0, 0.5)	(4.0, 0.5)	(5.0, 0.0)	(6.0, 0.0)	(7.0, 0.0)	(8.0, 0.5)	(9.0, 1.5)	(10.0, 3.0)	(11.0, 3.5)	(12.0, 3.5)	(13.0, 8.5)	(14.0, 18.5)	(15.0, 27.5)	(16.0, 43.0)	(17.0, 65.0)	(18.0, 96.5)	(19.0, 138.0)	(20.0, 196.0)	(21.0, 290.0)	(22.0, 358.0)	(23.0, 449.5)	(24.0, 592.5)	(25.0, 726.5)	(26.0, 842.0)	(27.0, 962.5)	(28.0, 1105.0)	(29.0, 1298.5)	(30.0, 1459.0)	(31.0, 1535.5)	(32.0, 1635.0)	(33.0, 1751.5)	(34.0, 1872.5)	(35.0, 1973.5)	(36.0, 2078.5)	(37.0, 2224.5)	(38.0, 2365.0)	(39.0, 2487.5)	(40.0, 2550.0)	(41.0, 2678.5)	(42.0, 2841.5)	(43.0, 2973.5)	(44.0, 3114.5)	(45.0, 3213.5)	(46.0, 3315.5)	(47.0, 3399.0)	(48.0, 3418.0)	(49.0, 3448.0)	(50.0, 3467.0)	(51.0, 3391.0)	(52.0, 3257.5)	(53.0, 3095.0)	(54.0, 2997.5)	(55.0, 2902.5)	(56.0, 2761.0)	(57.0, 2702.5)	(58.0, 2601.5)	(59.0, 2396.0)	(60.0, 2192.0)	(61.0, 2057.0)	(62.0, 1895.5)	(63.0, 1633.5)	(64.0, 1436.5)	(65.0, 1263.5)	(66.0, 1048.5)	(67.0, 864.5)	(68.0, 673.0)	(69.0, 484.0)	(70.0, 384.0)	(71.0, 294.0)	(72.0, 188.5)	(73.0, 134.0)	(74.0, 104.0)	(75.0, 63.0)	(76.0, 36.0)	(77.0, 23.5)	(78.0, 14.0)	(79.0, 5.5)	(80.0, 3.5)	(81.0, 2.5)	(82.0, 1.5)	(83.0, 1.5)	(84.0, 0.0)	(85.0, 0.0)	(86.0, 0.0)	(87.0, 0.0)	(88.0, 0.0)	(89.0, 0.0)	(90.0, 0.0)	(91.0, 0.0)	(92.0, 0.0)	(93.0, 0.0)	(94.0, 0.0)	(95.0, 0.0)	(96.0, 0.0)	(97.0, 0.0)	(98.0, 0.0)	(99.0, 0.0)	(100.0, 0.0)
SRR8865593_2	(0.0, 0.0)	(1.0, 0.0)	(2.0, 0.0)	(3.0, 0.5)	(4.0, 1.0)	(5.0, 1.0)	(6.0, 0.5)	(7.0, 0.5)	(8.0, 0.5)	(9.0, 1.0)	(10.0, 1.0)	(11.0, 2.5)	(12.0, 4.0)	(13.0, 8.0)	(14.0, 16.0)	(15.0, 31.5)	(16.0, 49.5)	(17.0, 61.5)	(18.0, 91.0)	(19.0, 145.5)	(20.0, 213.0)	(21.0, 267.0)	(22.0, 335.0)	(23.0, 448.0)	(24.0, 579.5)	(25.0, 734.0)	(26.0, 871.5)	(27.0, 988.0)	(28.0, 1112.0)	(29.0, 1251.5)	(30.0, 1399.5)	(31.0, 1531.0)	(32.0, 1649.5)	(33.0, 1743.0)	(34.0, 1878.0)	(35.0, 1973.0)	(36.0, 2038.5)	(37.0, 2205.5)	(38.0, 2358.0)	(39.0, 2451.5)	(40.0, 2579.0)	(41.0, 2714.5)	(42.0, 2857.0)	(43.0, 2993.5)	(44.0, 3170.0)	(45.0, 3295.0)	(46.0, 3301.5)	(47.0, 3355.0)	(48.0, 3367.0)	(49.0, 3389.5)	(50.0, 3435.5)	(51.0, 3397.5)	(52.0, 3254.0)	(53.0, 3125.0)	(54.0, 3048.5)	(55.0, 2961.5)	(56.0, 2827.5)	(57.0, 2636.5)	(58.0, 2506.0)	(59.0, 2351.5)	(60.0, 2198.5)	(61.0, 2050.0)	(62.0, 1873.5)	(63.0, 1692.5)	(64.0, 1472.0)	(65.0, 1258.0)	(66.0, 1040.5)	(67.0, 845.5)	(68.0, 693.5)	(69.0, 521.0)	(70.0, 373.5)	(71.0, 289.5)	(72.0, 215.0)	(73.0, 157.0)	(74.0, 100.0)	(75.0, 60.0)	(76.0, 42.5)	(77.0, 24.0)	(78.0, 12.0)	(79.0, 6.5)	(80.0, 3.5)	(81.0, 2.0)	(82.0, 1.5)	(83.0, 0.0)	(84.0, 0.0)	(85.0, 0.0)	(86.0, 0.0)	(87.0, 0.0)	(88.0, 0.0)	(89.0, 0.0)	(90.0, 0.0)	(91.0, 0.0)	(92.0, 0.0)	(93.0, 0.0)	(94.0, 0.0)	(95.0, 0.0)	(96.0, 0.0)	(97.0, 0.0)	(98.0, 0.0)	(99.0, 0.0)	(100.0, 0.0)
SRR8865594_1	(0.0, 0.0)	(1.0, 0.0)	(2.0, 0.0)	(3.0, 0.0)	(4.0, 0.0)	(5.0, 0.0)	(6.0, 0.0)	(7.0, 0.0)	(8.0, 0.0)	(9.0, 0.0)	(10.0, 0.0)	(11.0, 0.0)	(12.0, 0.0)	(13.0, 0.0)	(14.0, 2.0)	(15.0, 5.5)	(16.0, 8.5)	(17.0, 12.0)	(18.0, 18.0)	(19.0, 29.0)	(20.0, 34.5)	(21.0, 63.0)	(22.0, 105.5)	(23.0, 139.5)	(24.0, 184.0)	(25.0, 250.5)	(26.0, 339.0)	(27.0, 454.0)	(28.0, 588.5)	(29.0, 750.5)	(30.0, 970.0)	(31.0, 1244.5)	(32.0, 1466.0)	(33.0, 1717.0)	(34.0, 2048.0)	(35.0, 2347.5)	(36.0, 2686.0)	(37.0, 2944.5)	(38.0, 3140.0)	(39.0, 3320.5)	(40.0, 3461.0)	(41.0, 3538.0)	(42.0, 3468.5)	(43.0, 3433.5)	(44.0, 3386.5)	(45.0, 3271.5)	(46.0, 3173.0)	(47.0, 3093.5)	(48.0, 3077.5)	(49.0, 2991.5)	(50.0, 2944.5)	(51.0, 2966.5)	(52.0, 2895.0)	(53.0, 2905.5)	(54.0, 2924.5)	(55.0, 2875.0)	(56.0, 2771.0)	(57.0, 2735.0)	(58.0, 2666.5)	(59.0, 2406.0)	(60.0, 2183.0)	(61.0, 2064.5)	(62.0, 1898.0)	(63.0, 1671.0)	(64.0, 1477.5)	(65.0, 1317.0)	(66.0, 1119.5)	(67.0, 907.0)	(68.0, 737.5)	(69.0, 562.0)	(70.0, 435.5)	(71.0, 331.0)	(72.0, 235.5)	(73.0, 156.5)	(74.0, 107.0)	(75.0, 73.5)	(76.0, 40.5)	(77.0, 25.0)	(78.0, 13.5)	(79.0, 8.5)	(80.0, 4.5)	(81.0, 0.5)	(82.0, 0.5)	(83.0, 0.0)	(84.0, 0.0)	(85.0, 0.0)	(86.0, 0.0)	(87.0, 0.0)	(88.0, 0.0)	(89.0, 0.0)	(90.0, 0.0)	(91.0, 0.0)	(92.0, 0.0)	(93.0, 0.0)	(94.0, 0.0)	(95.0, 0.0)	(96.0, 0.0)	(97.0, 0.0)	(98.0, 0.0)	(99.0, 0.0)	(100.0, 0.0)
SRR8865594_2	(0.0, 0.0)	(1.0, 0.0)	(2.0, 0.0)	(3.0, 0.0)	(4.0, 0.0)	(5.0, 0.0)	(6.0, 0.0)	(7.0, 0.0)	(8.0, 0.0)	(9.0, 0.0)	(10.0, 0.0)	(11.0, 0.5)	(12.0, 0.5)	(13.0, 0.5)	(14.0, 2.0)	(15.0, 3.0)	(16.0, 4.0)	(17.0, 10.0)	(18.0, 14.5)	(19.0, 24.5)	(20.0, 47.5)	(21.0, 68.0)	(22.0, 95.5)	(23.0, 145.5)	(24.0, 193.5)	(25.0, 278.0)	(26.0, 381.0)	(27.0, 460.0)	(28.0, 583.5)	(29.0, 760.5)	(30.0, 955.5)	(31.0, 1197.0)	(32.0, 1439.5)	(33.0, 1665.0)	(34.0, 2023.5)	(35.0, 2409.0)	(36.0, 2649.5)	(37.0, 2902.0)	(38.0, 3162.5)	(39.0, 3316.5)	(40.0, 3459.0)	(41.0, 3546.5)	(42.0, 3501.0)	(43.0, 3485.0)	(44.0, 3430.0)	(45.0, 3271.5)	(46.0, 3191.0)	(47.0, 3193.0)	(48.0, 3098.5)	(49.0, 2949.5)	(50.0, 2882.0)	(51.0, 2896.0)	(52.0, 2931.0)	(53.0, 2943.5)	(54.0, 2945.5)	(55.0, 2844.5)	(56.0, 2734.0)	(57.0, 2680.0)	(58.0, 2587.5)	(59.0, 2443.0)	(60.0, 2269.5)	(61.0, 2058.0)	(62.0, 1857.5)	(63.0, 1727.0)	(64.0, 1534.5)	(65.0, 1275.5)	(66.0, 1055.0)	(67.0, 891.5)	(68.0, 748.0)	(69.0, 574.5)	(70.0, 426.5)	(71.0, 320.5)	(72.0, 244.0)	(73.0, 168.5)	(74.0, 100.5)	(75.0, 70.0)	(76.0, 44.0)	(77.0, 19.0)	(78.0, 7.0)	(79.0, 4.0)	(80.0, 3.5)	(81.0, 2.5)	(82.0, 1.5)	(83.0, 0.0)	(84.0, 0.0)	(85.0, 0.0)	(86.0, 0.0)	(87.0, 0.0)	(88.0, 0.0)	(89.0, 0.0)	(90.0, 0.0)	(91.0, 0.0)	(92.0, 0.0)	(93.0, 0.0)	(94.0, 0.0)	(95.0, 0.0)	(96.0, 0.0)	(97.0, 0.0)	(98.0, 0.0)	(99.0, 0.0)	(100.0, 0.0)
SRR8865595_1	(0.0, 0.0)	(1.0, 0.0)	(2.0, 0.0)	(3.0, 0.0)	(4.0, 0.0)	(5.0, 0.0)	(6.0, 0.0)	(7.0, 0.0)	(8.0, 0.5)	(9.0, 0.5)	(10.0, 0.0)	(11.0, 1.5)	(12.0, 2.5)	(13.0, 5.0)	(14.0, 9.5)	(15.0, 15.0)	(16.0, 19.5)	(17.0, 20.5)	(18.0, 40.0)	(19.0, 67.5)	(20.0, 81.0)	(21.0, 99.5)	(22.0, 147.5)	(23.0, 221.5)	(24.0, 321.0)	(25.0, 445.0)	(26.0, 541.0)	(27.0, 649.0)	(28.0, 820.0)	(29.0, 1014.5)	(30.0, 1186.0)	(31.0, 1307.5)	(32.0, 1446.5)	(33.0, 1673.5)	(34.0, 1877.0)	(35.0, 2033.5)	(36.0, 2280.0)	(37.0, 2541.5)	(38.0, 2783.5)	(39.0, 3054.0)	(40.0, 3353.0)	(41.0, 3587.0)	(42.0, 3785.5)	(43.0, 3979.5)	(44.0, 4150.5)	(45.0, 4239.0)	(46.0, 4188.5)	(47.0, 4226.5)	(48.0, 4255.0)	(49.0, 4131.5)	(50.0, 4039.0)	(51.0, 3911.0)	(52.0, 3767.5)	(53.0, 3572.5)	(54.0, 3288.0)	(55.0, 3029.5)	(56.0, 2731.0)	(57.0, 2348.0)	(58.0, 1958.5)	(59.0, 1674.5)	(60.0, 1427.0)	(61.0, 1160.0)	(62.0, 890.0)	(63.0, 670.0)	(64.0, 529.5)	(65.0, 415.0)	(66.0, 295.0)	(67.0, 214.0)	(68.0, 161.5)	(69.0, 115.0)	(70.0, 82.5)	(71.0, 58.0)	(72.0, 39.5)	(73.0, 27.5)	(74.0, 16.0)	(75.0, 11.0)	(76.0, 9.0)	(77.0, 5.0)	(78.0, 2.5)	(79.0, 1.0)	(80.0, 0.5)	(81.0, 0.0)	(82.0, 0.0)	(83.0, 0.0)	(84.0, 0.0)	(85.0, 0.0)	(86.0, 0.0)	(87.0, 0.0)	(88.0, 0.0)	(89.0, 0.0)	(90.0, 0.0)	(91.0, 0.0)	(92.0, 0.0)	(93.0, 0.0)	(94.0, 0.0)	(95.0, 0.0)	(96.0, 0.0)	(97.0, 0.0)	(98.0, 0.0)	(99.0, 0.0)	(100.0, 0.0)
SRR8865595_2	(0.0, 0.0)	(1.0, 0.0)	(2.0, 0.0)	(3.0, 0.0)	(4.0, 0.0)	(5.0, 0.0)	(6.0, 0.0)	(7.0, 0.0)	(8.0, 0.0)	(9.0, 0.0)	(10.0, 0.0)	(11.0, 0.0)	(12.0, 4.0)	(13.0, 7.0)	(14.0, 8.0)	(15.0, 12.5)	(16.0, 16.5)	(17.0, 26.5)	(18.0, 43.5)	(19.0, 63.0)	(20.0, 85.5)	(21.0, 116.5)	(22.0, 165.5)	(23.0, 230.5)	(24.0, 327.5)	(25.0, 448.5)	(26.0, 569.0)	(27.0, 686.5)	(28.0, 829.5)	(29.0, 1003.5)	(30.0, 1156.5)	(31.0, 1329.0)	(32.0, 1540.5)	(33.0, 1703.5)	(34.0, 1819.0)	(35.0, 1992.0)	(36.0, 2231.5)	(37.0, 2561.5)	(38.0, 2894.0)	(39.0, 3118.5)	(40.0, 3349.0)	(41.0, 3546.0)	(42.0, 3686.0)	(43.0, 3827.5)	(44.0, 4037.5)	(45.0, 4202.5)	(46.0, 4229.5)	(47.0, 4233.0)	(48.0, 4180.0)	(49.0, 4169.5)	(50.0, 4120.5)	(51.0, 3945.0)	(52.0, 3737.0)	(53.0, 3562.0)	(54.0, 3295.5)	(55.0, 2927.5)	(56.0, 2676.5)	(57.0, 2368.0)	(58.0, 2026.0)	(59.0, 1714.0)	(60.0, 1385.5)	(61.0, 1116.0)	(62.0, 920.0)	(63.0, 740.5)	(64.0, 576.0)	(65.0, 417.5)	(66.0, 293.0)	(67.0, 240.0)	(68.0, 180.0)	(69.0, 126.5)	(70.0, 78.5)	(71.0, 44.5)	(72.0, 37.5)	(73.0, 30.0)	(74.0, 17.5)	(75.0, 13.0)	(76.0, 8.0)	(77.0, 4.0)	(78.0, 2.5)	(79.0, 1.5)	(80.0, 1.0)	(81.0, 0.0)	(82.0, 0.0)	(83.0, 0.0)	(84.0, 0.0)	(85.0, 0.0)	(86.0, 0.0)	(87.0, 0.0)	(88.0, 0.0)	(89.0, 0.0)	(90.0, 0.0)	(91.0, 0.0)	(92.0, 0.0)	(93.0, 0.0)	(94.0, 0.0)	(95.0, 0.0)	(96.0, 0.0)	(97.0, 0.0)	(98.0, 0.0)	(99.0, 0.0)	(100.0, 0.0)
SRR8865596_1	(0.0, 0.0)	(1.0, 0.0)	(2.0, 0.0)	(3.0, 0.0)	(4.0, 0.0)	(5.0, 0.0)	(6.0, 0.0)	(7.0, 0.0)	(8.0, 0.0)	(9.0, 0.0)	(10.0, 0.0)	(11.0, 0.0)	(12.0, 0.0)	(13.0, 0.0)	(14.0, 0.0)	(15.0, 0.5)	(16.0, 4.0)	(17.0, 6.5)	(18.0, 8.0)	(19.0, 12.5)	(20.0, 21.0)	(21.0, 35.5)	(22.0, 51.0)	(23.0, 82.5)	(24.0, 125.5)	(25.0, 158.5)	(26.0, 199.0)	(27.0, 273.0)	(28.0, 357.5)	(29.0, 432.5)	(30.0, 534.0)	(31.0, 668.5)	(32.0, 814.5)	(33.0, 968.5)	(34.0, 1104.5)	(35.0, 1299.5)	(36.0, 1450.5)	(37.0, 1558.0)	(38.0, 1733.0)	(39.0, 1893.5)	(40.0, 2077.0)	(41.0, 2293.5)	(42.0, 2463.5)	(43.0, 2605.5)	(44.0, 2865.0)	(45.0, 3047.0)	(46.0, 3133.5)	(47.0, 3349.5)	(48.0, 3614.5)	(49.0, 3915.5)	(50.0, 4221.0)	(51.0, 4437.5)	(52.0, 4566.5)	(53.0, 4616.0)	(54.0, 4589.0)	(55.0, 4523.0)	(56.0, 4322.5)	(57.0, 3971.5)	(58.0, 3587.5)	(59.0, 3214.0)	(60.0, 2850.5)	(61.0, 2504.5)	(62.0, 2197.5)	(63.0, 1865.5)	(64.0, 1542.5)	(65.0, 1268.0)	(66.0, 1039.5)	(67.0, 850.5)	(68.0, 640.5)	(69.0, 468.0)	(70.0, 354.0)	(71.0, 264.0)	(72.0, 185.0)	(73.0, 114.0)	(74.0, 78.5)	(75.0, 47.0)	(76.0, 22.5)	(77.0, 13.5)	(78.0, 8.5)	(79.0, 7.5)	(80.0, 4.0)	(81.0, 0.5)	(82.0, 0.0)	(83.0, 0.0)	(84.0, 0.0)	(85.0, 0.0)	(86.0, 0.0)	(87.0, 0.0)	(88.0, 0.0)	(89.0, 0.0)	(90.0, 0.0)	(91.0, 0.0)	(92.0, 0.0)	(93.0, 0.0)	(94.0, 0.0)	(95.0, 0.0)	(96.0, 0.0)	(97.0, 0.0)	(98.0, 0.0)	(99.0, 0.0)	(100.0, 0.0)
SRR8865596_2	(0.0, 0.0)	(1.0, 0.0)	(2.0, 0.0)	(3.0, 0.0)	(4.0, 0.0)	(5.0, 0.0)	(6.0, 0.0)	(7.0, 0.0)	(8.0, 0.0)	(9.0, 0.0)	(10.0, 0.0)	(11.0, 0.0)	(12.0, 0.0)	(13.0, 0.0)	(14.0, 0.5)	(15.0, 1.0)	(16.0, 4.5)	(17.0, 7.0)	(18.0, 5.0)	(19.0, 12.5)	(20.0, 25.0)	(21.0, 37.0)	(22.0, 54.5)	(23.0, 85.5)	(24.0, 124.5)	(25.0, 161.0)	(26.0, 199.5)	(27.0, 260.5)	(28.0, 343.0)	(29.0, 449.0)	(30.0, 565.0)	(31.0, 673.0)	(32.0, 782.0)	(33.0, 917.5)	(34.0, 1070.0)	(35.0, 1276.5)	(36.0, 1485.5)	(37.0, 1616.5)	(38.0, 1732.0)	(39.0, 1880.0)	(40.0, 2086.5)	(41.0, 2261.0)	(42.0, 2436.0)	(43.0, 2627.0)	(44.0, 2799.0)	(45.0, 2972.5)	(46.0, 3164.0)	(47.0, 3445.0)	(48.0, 3673.0)	(49.0, 3861.0)	(50.0, 4140.5)	(51.0, 4434.0)	(52.0, 4527.5)	(53.0, 4584.0)	(54.0, 4657.0)	(55.0, 4529.0)	(56.0, 4296.5)	(57.0, 3998.5)	(58.0, 3629.0)	(59.0, 3259.5)	(60.0, 2906.5)	(61.0, 2576.0)	(62.0, 2160.0)	(63.0, 1829.0)	(64.0, 1569.0)	(65.0, 1272.0)	(66.0, 1063.0)	(67.0, 836.5)	(68.0, 618.5)	(69.0, 446.5)	(70.0, 344.0)	(71.0, 260.0)	(72.0, 180.5)	(73.0, 119.5)	(74.0, 74.5)	(75.0, 41.0)	(76.0, 27.5)	(77.0, 21.5)	(78.0, 11.0)	(79.0, 7.0)	(80.0, 4.5)	(81.0, 2.5)	(82.0, 1.0)	(83.0, 0.0)	(84.0, 0.0)	(85.0, 0.0)	(86.0, 0.0)	(87.0, 0.0)	(88.0, 0.0)	(89.0, 0.0)	(90.0, 0.0)	(91.0, 0.0)	(92.0, 0.0)	(93.0, 0.0)	(94.0, 0.0)	(95.0, 0.0)	(96.0, 0.0)	(97.0, 0.0)	(98.0, 0.0)	(99.0, 0.0)	(100.0, 0.0)
SRR8865597_1	(0.0, 0.0)	(1.0, 0.0)	(2.0, 0.0)	(3.0, 0.0)	(4.0, 0.0)	(5.0, 0.0)	(6.0, 0.0)	(7.0, 0.0)	(8.0, 0.0)	(9.0, 1.5)	(10.0, 1.5)	(11.0, 3.0)	(12.0, 6.0)	(13.0, 10.5)	(14.0, 18.0)	(15.0, 29.0)	(16.0, 39.5)	(17.0, 67.0)	(18.0, 119.0)	(19.0, 168.0)	(20.0, 234.0)	(21.0, 335.0)	(22.0, 447.5)	(23.0, 606.5)	(24.0, 790.5)	(25.0, 928.5)	(26.0, 1076.0)	(27.0, 1299.5)	(28.0, 1521.0)	(29.0, 1649.0)	(30.0, 1709.0)	(31.0, 1832.0)	(32.0, 1908.0)	(33.0, 1922.0)	(34.0, 1967.5)	(35.0, 1998.0)	(36.0, 2030.5)	(37.0, 2096.0)	(38.0, 2156.0)	(39.0, 2175.0)	(40.0, 2227.5)	(41.0, 2265.5)	(42.0, 2298.0)	(43.0, 2404.0)	(44.0, 2534.0)	(45.0, 2660.0)	(46.0, 2803.5)	(47.0, 2930.5)	(48.0, 3114.0)	(49.0, 3337.5)	(50.0, 3554.5)	(51.0, 3733.0)	(52.0, 3781.5)	(53.0, 3876.0)	(54.0, 3908.0)	(55.0, 3808.5)	(56.0, 3614.0)	(57.0, 3360.5)	(58.0, 3092.5)	(59.0, 2738.0)	(60.0, 2347.0)	(61.0, 1954.5)	(62.0, 1597.5)	(63.0, 1247.5)	(64.0, 979.0)	(65.0, 784.5)	(66.0, 587.0)	(67.0, 444.0)	(68.0, 341.0)	(69.0, 226.0)	(70.0, 163.5)	(71.0, 120.5)	(72.0, 79.5)	(73.0, 55.5)	(74.0, 35.5)	(75.0, 23.5)	(76.0, 16.0)	(77.0, 10.0)	(78.0, 4.5)	(79.0, 2.5)	(80.0, 1.0)	(81.0, 1.0)	(82.0, 0.5)	(83.0, 0.0)	(84.0, 0.0)	(85.0, 0.0)	(86.0, 0.0)	(87.0, 0.0)	(88.0, 0.0)	(89.0, 0.0)	(90.0, 0.0)	(91.0, 0.0)	(92.0, 0.0)	(93.0, 0.0)	(94.0, 0.0)	(95.0, 0.0)	(96.0, 0.0)	(97.0, 0.0)	(98.0, 0.0)	(99.0, 0.0)	(100.0, 0.0)
SRR8865597_2	(0.0, 0.0)	(1.0, 0.0)	(2.0, 0.0)	(3.0, 0.0)	(4.0, 0.0)	(5.0, 0.0)	(6.0, 0.0)	(7.0, 0.0)	(8.0, 0.0)	(9.0, 0.0)	(10.0, 0.5)	(11.0, 1.5)	(12.0, 3.5)	(13.0, 10.0)	(14.0, 14.5)	(15.0, 22.5)	(16.0, 48.0)	(17.0, 94.0)	(18.0, 127.5)	(19.0, 165.5)	(20.0, 228.0)	(21.0, 340.0)	(22.0, 470.5)	(23.0, 599.5)	(24.0, 749.5)	(25.0, 916.5)	(26.0, 1100.0)	(27.0, 1294.5)	(28.0, 1476.5)	(29.0, 1605.5)	(30.0, 1734.0)	(31.0, 1882.0)	(32.0, 1940.0)	(33.0, 1981.0)	(34.0, 2027.5)	(35.0, 2053.0)	(36.0, 2079.0)	(37.0, 2110.5)	(38.0, 2220.5)	(39.0, 2265.5)	(40.0, 2277.5)	(41.0, 2311.5)	(42.0, 2379.5)	(43.0, 2493.5)	(44.0, 2595.5)	(45.0, 2635.0)	(46.0, 2753.0)	(47.0, 2927.5)	(48.0, 3148.0)	(49.0, 3394.5)	(50.0, 3577.5)	(51.0, 3755.5)	(52.0, 3880.0)	(53.0, 3984.0)	(54.0, 3913.0)	(55.0, 3726.0)	(56.0, 3531.0)	(57.0, 3313.5)	(58.0, 2987.5)	(59.0, 2609.5)	(60.0, 2253.0)	(61.0, 1907.0)	(62.0, 1507.0)	(63.0, 1143.0)	(64.0, 926.5)	(65.0, 706.0)	(66.0, 513.5)	(67.0, 392.5)	(68.0, 313.5)	(69.0, 243.5)	(70.0, 183.5)	(71.0, 114.0)	(72.0, 73.0)	(73.0, 63.0)	(74.0, 40.0)	(75.0, 21.0)	(76.0, 15.5)	(77.0, 9.0)	(78.0, 5.5)	(79.0, 3.5)	(80.0, 1.5)	(81.0, 0.0)	(82.0, 0.0)	(83.0, 0.0)	(84.0, 0.0)	(85.0, 0.0)	(86.0, 0.0)	(87.0, 0.0)	(88.0, 0.0)	(89.0, 0.0)	(90.0, 0.0)	(91.0, 0.0)	(92.0, 0.0)	(93.0, 0.0)	(94.0, 0.0)	(95.0, 0.0)	(96.0, 0.0)	(97.0, 0.0)	(98.0, 0.0)	(99.0, 0.0)	(100.0, 0.0)
SRR8865598_1	(0.0, 0.0)	(1.0, 0.0)	(2.0, 0.0)	(3.0, 0.0)	(4.0, 0.0)	(5.0, 0.0)	(6.0, 0.0)	(7.0, 0.0)	(8.0, 0.5)	(9.0, 0.5)	(10.0, 0.5)	(11.0, 1.0)	(12.0, 1.0)	(13.0, 1.0)	(14.0, 1.0)	(15.0, 2.5)	(16.0, 4.5)	(17.0, 7.5)	(18.0, 16.5)	(19.0, 25.5)	(20.0, 45.0)	(21.0, 75.5)	(22.0, 108.5)	(23.0, 143.0)	(24.0, 211.5)	(25.0, 298.0)	(26.0, 404.5)	(27.0, 517.5)	(28.0, 645.5)	(29.0, 792.0)	(30.0, 956.0)	(31.0, 1159.5)	(32.0, 1402.5)	(33.0, 1686.5)	(34.0, 1951.5)	(35.0, 2251.0)	(36.0, 2590.5)	(37.0, 2940.5)	(38.0, 3276.0)	(39.0, 3636.0)	(40.0, 3932.0)	(41.0, 4133.5)	(42.0, 4224.0)	(43.0, 4350.0)	(44.0, 4491.5)	(45.0, 4400.5)	(46.0, 4273.5)	(47.0, 4130.0)	(48.0, 4008.0)	(49.0, 3841.5)	(50.0, 3656.0)	(51.0, 3462.0)	(52.0, 3266.5)	(53.0, 3109.5)	(54.0, 2879.5)	(55.0, 2648.5)	(56.0, 2396.0)	(57.0, 2145.0)	(58.0, 1918.5)	(59.0, 1689.5)	(60.0, 1453.0)	(61.0, 1274.0)	(62.0, 1107.0)	(63.0, 950.0)	(64.0, 830.0)	(65.0, 695.5)	(66.0, 599.5)	(67.0, 507.5)	(68.0, 395.0)	(69.0, 318.5)	(70.0, 257.0)	(71.0, 192.0)	(72.0, 137.0)	(73.0, 98.0)	(74.0, 71.0)	(75.0, 44.0)	(76.0, 28.0)	(77.0, 17.0)	(78.0, 8.0)	(79.0, 5.5)	(80.0, 4.0)	(81.0, 1.5)	(82.0, 1.0)	(83.0, 0.5)	(84.0, 0.0)	(85.0, 0.0)	(86.0, 0.0)	(87.0, 0.0)	(88.0, 0.0)	(89.0, 0.0)	(90.0, 0.0)	(91.0, 0.0)	(92.0, 0.0)	(93.0, 0.0)	(94.0, 0.0)	(95.0, 0.0)	(96.0, 0.0)	(97.0, 0.0)	(98.0, 0.0)	(99.0, 0.0)	(100.0, 0.0)
SRR8865598_2	(0.0, 0.0)	(1.0, 0.0)	(2.0, 0.0)	(3.0, 0.0)	(4.0, 0.0)	(5.0, 0.0)	(6.0, 0.0)	(7.0, 0.0)	(8.0, 0.5)	(9.0, 1.0)	(10.0, 0.5)	(11.0, 1.0)	(12.0, 2.0)	(13.0, 1.5)	(14.0, 1.0)	(15.0, 2.5)	(16.0, 5.0)	(17.0, 7.5)	(18.0, 13.5)	(19.0, 23.0)	(20.0, 45.5)	(21.0, 73.5)	(22.0, 105.5)	(23.0, 140.0)	(24.0, 209.5)	(25.0, 300.5)	(26.0, 387.0)	(27.0, 509.5)	(28.0, 640.0)	(29.0, 751.5)	(30.0, 927.5)	(31.0, 1175.0)	(32.0, 1436.5)	(33.0, 1692.0)	(34.0, 1943.0)	(35.0, 2237.5)	(36.0, 2604.0)	(37.0, 2970.0)	(38.0, 3332.5)	(39.0, 3666.5)	(40.0, 3859.5)	(41.0, 4107.5)	(42.0, 4416.5)	(43.0, 4520.5)	(44.0, 4455.5)	(45.0, 4388.5)	(46.0, 4300.0)	(47.0, 4177.5)	(48.0, 4030.0)	(49.0, 3862.5)	(50.0, 3655.0)	(51.0, 3439.0)	(52.0, 3300.5)	(53.0, 3126.0)	(54.0, 2836.0)	(55.0, 2566.0)	(56.0, 2385.5)	(57.0, 2143.5)	(58.0, 1888.0)	(59.0, 1659.5)	(60.0, 1425.0)	(61.0, 1244.0)	(62.0, 1084.0)	(63.0, 910.5)	(64.0, 797.0)	(65.0, 704.5)	(66.0, 585.0)	(67.0, 479.5)	(68.0, 379.5)	(69.0, 300.5)	(70.0, 245.0)	(71.0, 192.0)	(72.0, 134.5)	(73.0, 97.5)	(74.0, 67.0)	(75.0, 48.0)	(76.0, 36.0)	(77.0, 19.0)	(78.0, 11.0)	(79.0, 8.5)	(80.0, 5.0)	(81.0, 2.5)	(82.0, 1.0)	(83.0, 1.0)	(84.0, 0.5)	(85.0, 0.0)	(86.0, 0.0)	(87.0, 0.0)	(88.0, 0.0)	(89.0, 0.0)	(90.0, 0.0)	(91.0, 0.0)	(92.0, 0.0)	(93.0, 0.0)	(94.0, 0.0)	(95.0, 0.0)	(96.0, 0.0)	(97.0, 0.0)	(98.0, 0.0)	(99.0, 0.0)	(100.0, 0.0)
SRR8865599_1	(0.0, 0.0)	(1.0, 0.0)	(2.0, 0.0)	(3.0, 0.0)	(4.0, 0.5)	(5.0, 0.5)	(6.0, 0.0)	(7.0, 0.0)	(8.0, 0.0)	(9.0, 0.5)	(10.0, 0.5)	(11.0, 0.5)	(12.0, 1.0)	(13.0, 0.5)	(14.0, 2.5)	(15.0, 6.0)	(16.0, 8.0)	(17.0, 9.5)	(18.0, 10.5)	(19.0, 19.5)	(20.0, 30.0)	(21.0, 40.5)	(22.0, 60.0)	(23.0, 68.5)	(24.0, 90.5)	(25.0, 131.5)	(26.0, 185.5)	(27.0, 259.5)	(28.0, 324.0)	(29.0, 427.5)	(30.0, 539.0)	(31.0, 661.5)	(32.0, 800.0)	(33.0, 945.5)	(34.0, 1119.0)	(35.0, 1289.0)	(36.0, 1488.0)	(37.0, 1654.5)	(38.0, 1834.5)	(39.0, 2076.0)	(40.0, 2285.5)	(41.0, 2507.5)	(42.0, 2776.5)	(43.0, 2976.0)	(44.0, 3152.0)	(45.0, 3353.5)	(46.0, 3563.5)	(47.0, 3856.0)	(48.0, 4041.5)	(49.0, 4122.5)	(50.0, 4273.0)	(51.0, 4298.0)	(52.0, 4255.5)	(53.0, 4225.0)	(54.0, 4156.5)	(55.0, 4113.0)	(56.0, 3862.0)	(57.0, 3486.5)	(58.0, 3211.5)	(59.0, 2918.5)	(60.0, 2603.0)	(61.0, 2337.5)	(62.0, 2043.5)	(63.0, 1762.5)	(64.0, 1524.0)	(65.0, 1241.5)	(66.0, 1034.5)	(67.0, 851.0)	(68.0, 671.0)	(69.0, 516.0)	(70.0, 377.5)	(71.0, 300.5)	(72.0, 230.5)	(73.0, 167.5)	(74.0, 115.5)	(75.0, 85.0)	(76.0, 65.0)	(77.0, 42.0)	(78.0, 28.0)	(79.0, 19.5)	(80.0, 12.0)	(81.0, 9.5)	(82.0, 5.0)	(83.0, 0.5)	(84.0, 0.5)	(85.0, 0.5)	(86.0, 0.5)	(87.0, 0.5)	(88.0, 0.0)	(89.0, 0.0)	(90.0, 0.0)	(91.0, 0.0)	(92.0, 0.0)	(93.0, 0.0)	(94.0, 0.0)	(95.0, 0.0)	(96.0, 0.0)	(97.0, 0.0)	(98.0, 0.0)	(99.0, 0.0)	(100.0, 0.0)
SRR8865599_2	(0.0, 0.0)	(1.0, 0.0)	(2.0, 0.0)	(3.0, 0.5)	(4.0, 1.5)	(5.0, 1.0)	(6.0, 0.5)	(7.0, 0.5)	(8.0, 0.5)	(9.0, 0.5)	(10.0, 0.0)	(11.0, 0.5)	(12.0, 2.0)	(13.0, 1.5)	(14.0, 3.0)	(15.0, 4.5)	(16.0, 5.5)	(17.0, 12.0)	(18.0, 16.0)	(19.0, 25.0)	(20.0, 35.0)	(21.0, 49.0)	(22.0, 54.0)	(23.0, 61.5)	(24.0, 86.0)	(25.0, 113.0)	(26.0, 182.0)	(27.0, 256.5)	(28.0, 343.5)	(29.0, 442.0)	(30.0, 550.0)	(31.0, 657.0)	(32.0, 793.0)	(33.0, 961.0)	(34.0, 1106.5)	(35.0, 1292.0)	(36.0, 1512.5)	(37.0, 1666.0)	(38.0, 1823.5)	(39.0, 2053.0)	(40.0, 2283.5)	(41.0, 2522.5)	(42.0, 2737.5)	(43.0, 2896.0)	(44.0, 3134.5)	(45.0, 3356.0)	(46.0, 3542.5)	(47.0, 3820.5)	(48.0, 4029.5)	(49.0, 4177.5)	(50.0, 4265.5)	(51.0, 4308.0)	(52.0, 4287.5)	(53.0, 4214.5)	(54.0, 4147.5)	(55.0, 4040.5)	(56.0, 3794.5)	(57.0, 3508.0)	(58.0, 3301.0)	(59.0, 2942.0)	(60.0, 2611.5)	(61.0, 2371.5)	(62.0, 2021.0)	(63.0, 1741.5)	(64.0, 1504.0)	(65.0, 1233.5)	(66.0, 1013.5)	(67.0, 844.0)	(68.0, 704.0)	(69.0, 560.5)	(70.0, 427.5)	(71.0, 323.0)	(72.0, 243.5)	(73.0, 189.0)	(74.0, 128.5)	(75.0, 78.0)	(76.0, 55.0)	(77.0, 35.0)	(78.0, 24.0)	(79.0, 17.5)	(80.0, 8.5)	(81.0, 5.0)	(82.0, 2.0)	(83.0, 1.0)	(84.0, 1.5)	(85.0, 1.5)	(86.0, 0.5)	(87.0, 0.0)	(88.0, 0.0)	(89.0, 0.0)	(90.0, 0.0)	(91.0, 0.0)	(92.0, 0.0)	(93.0, 0.0)	(94.0, 0.0)	(95.0, 0.0)	(96.0, 0.0)	(97.0, 0.0)	(98.0, 0.0)	(99.0, 0.0)	(100.0, 0.0)
SRR8865600_1	(0.0, 0.0)	(1.0, 0.0)	(2.0, 0.0)	(3.0, 0.0)	(4.0, 0.0)	(5.0, 0.0)	(6.0, 0.0)	(7.0, 0.0)	(8.0, 0.0)	(9.0, 0.5)	(10.0, 1.5)	(11.0, 2.5)	(12.0, 1.5)	(13.0, 2.5)	(14.0, 4.5)	(15.0, 6.0)	(16.0, 12.0)	(17.0, 19.5)	(18.0, 24.0)	(19.0, 38.5)	(20.0, 59.0)	(21.0, 74.5)	(22.0, 110.5)	(23.0, 157.0)	(24.0, 219.0)	(25.0, 262.0)	(26.0, 313.5)	(27.0, 402.5)	(28.0, 474.0)	(29.0, 554.5)	(30.0, 668.0)	(31.0, 774.5)	(32.0, 900.0)	(33.0, 1016.5)	(34.0, 1125.0)	(35.0, 1276.5)	(36.0, 1438.5)	(37.0, 1600.5)	(38.0, 1764.0)	(39.0, 1926.0)	(40.0, 2101.0)	(41.0, 2287.5)	(42.0, 2493.0)	(43.0, 2698.0)	(44.0, 2905.0)	(45.0, 3055.5)	(46.0, 3223.5)	(47.0, 3426.0)	(48.0, 3604.5)	(49.0, 3827.0)	(50.0, 4069.0)	(51.0, 4211.0)	(52.0, 4274.5)	(53.0, 4312.5)	(54.0, 4289.5)	(55.0, 4248.5)	(56.0, 4139.0)	(57.0, 3902.5)	(58.0, 3629.5)	(59.0, 3275.5)	(60.0, 2868.5)	(61.0, 2522.0)	(62.0, 2126.5)	(63.0, 1744.5)	(64.0, 1475.0)	(65.0, 1214.0)	(66.0, 959.0)	(67.0, 769.0)	(68.0, 609.5)	(69.0, 482.0)	(70.0, 349.0)	(71.0, 238.5)	(72.0, 166.0)	(73.0, 123.5)	(74.0, 83.0)	(75.0, 46.0)	(76.0, 29.5)	(77.0, 22.0)	(78.0, 11.0)	(79.0, 3.5)	(80.0, 4.5)	(81.0, 2.5)	(82.0, 0.5)	(83.0, 0.0)	(84.0, 0.0)	(85.0, 0.0)	(86.0, 0.0)	(87.0, 0.0)	(88.0, 0.0)	(89.0, 0.0)	(90.0, 0.0)	(91.0, 0.0)	(92.0, 0.0)	(93.0, 0.0)	(94.0, 0.0)	(95.0, 0.0)	(96.0, 0.0)	(97.0, 0.0)	(98.0, 0.0)	(99.0, 0.0)	(100.0, 0.0)
SRR8865600_2	(0.0, 0.0)	(1.0, 0.0)	(2.0, 0.0)	(3.0, 0.0)	(4.0, 0.0)	(5.0, 0.0)	(6.0, 0.0)	(7.0, 0.0)	(8.0, 0.0)	(9.0, 0.0)	(10.0, 0.0)	(11.0, 1.0)	(12.0, 1.0)	(13.0, 2.0)	(14.0, 6.5)	(15.0, 7.0)	(16.0, 12.0)	(17.0, 20.0)	(18.0, 21.5)	(19.0, 40.0)	(20.0, 67.0)	(21.0, 88.0)	(22.0, 110.5)	(23.0, 154.0)	(24.0, 209.0)	(25.0, 266.0)	(26.0, 338.0)	(27.0, 415.5)	(28.0, 481.0)	(29.0, 583.0)	(30.0, 695.5)	(31.0, 771.0)	(32.0, 888.0)	(33.0, 1058.0)	(34.0, 1158.5)	(35.0, 1280.5)	(36.0, 1430.0)	(37.0, 1566.0)	(38.0, 1771.0)	(39.0, 1968.0)	(40.0, 2157.5)	(41.0, 2355.5)	(42.0, 2540.5)	(43.0, 2683.5)	(44.0, 2831.5)	(45.0, 3012.0)	(46.0, 3195.5)	(47.0, 3451.5)	(48.0, 3655.5)	(49.0, 3749.0)	(50.0, 3890.5)	(51.0, 4071.5)	(52.0, 4195.5)	(53.0, 4287.5)	(54.0, 4293.5)	(55.0, 4213.5)	(56.0, 4133.0)	(57.0, 3918.0)	(58.0, 3636.0)	(59.0, 3329.5)	(60.0, 2970.0)	(61.0, 2613.0)	(62.0, 2195.5)	(63.0, 1778.0)	(64.0, 1446.0)	(65.0, 1211.5)	(66.0, 989.5)	(67.0, 753.0)	(68.0, 591.5)	(69.0, 455.0)	(70.0, 345.0)	(71.0, 254.5)	(72.0, 159.0)	(73.0, 96.0)	(74.0, 65.0)	(75.0, 49.0)	(76.0, 29.5)	(77.0, 13.0)	(78.0, 8.5)	(79.0, 5.5)	(80.0, 2.5)	(81.0, 1.5)	(82.0, 2.0)	(83.0, 1.0)	(84.0, 0.0)	(85.0, 0.0)	(86.0, 0.0)	(87.0, 0.0)	(88.0, 0.0)	(89.0, 0.0)	(90.0, 0.0)	(91.0, 0.0)	(92.0, 0.0)	(93.0, 0.0)	(94.0, 0.0)	(95.0, 0.0)	(96.0, 0.0)	(97.0, 0.0)	(98.0, 0.0)	(99.0, 0.0)	(100.0, 0.0)
SRR8865601_1	(0.0, 0.0)	(1.0, 0.0)	(2.0, 0.0)	(3.0, 0.0)	(4.0, 0.0)	(5.0, 0.0)	(6.0, 0.0)	(7.0, 0.0)	(8.0, 0.5)	(9.0, 0.5)	(10.0, 0.0)	(11.0, 0.0)	(12.0, 1.5)	(13.0, 3.0)	(14.0, 3.0)	(15.0, 8.5)	(16.0, 13.0)	(17.0, 19.0)	(18.0, 25.5)	(19.0, 31.5)	(20.0, 38.5)	(21.0, 47.0)	(22.0, 73.0)	(23.0, 102.5)	(24.0, 132.5)	(25.0, 186.0)	(26.0, 263.0)	(27.0, 339.5)	(28.0, 431.5)	(29.0, 554.0)	(30.0, 657.0)	(31.0, 760.0)	(32.0, 899.5)	(33.0, 1073.5)	(34.0, 1284.5)	(35.0, 1489.0)	(36.0, 1678.0)	(37.0, 1907.5)	(38.0, 2135.5)	(39.0, 2357.0)	(40.0, 2618.5)	(41.0, 2790.0)	(42.0, 2934.0)	(43.0, 3146.5)	(44.0, 3309.5)	(45.0, 3334.5)	(46.0, 3359.0)	(47.0, 3396.5)	(48.0, 3402.5)	(49.0, 3405.5)	(50.0, 3345.5)	(51.0, 3322.5)	(52.0, 3344.0)	(53.0, 3321.0)	(54.0, 3254.5)	(55.0, 3265.0)	(56.0, 3276.0)	(57.0, 3226.5)	(58.0, 3163.5)	(59.0, 3044.0)	(60.0, 2966.0)	(61.0, 2866.0)	(62.0, 2562.0)	(63.0, 2245.0)	(64.0, 2012.5)	(65.0, 1761.5)	(66.0, 1464.0)	(67.0, 1182.0)	(68.0, 983.5)	(69.0, 782.0)	(70.0, 556.5)	(71.0, 392.5)	(72.0, 299.0)	(73.0, 214.0)	(74.0, 137.0)	(75.0, 83.0)	(76.0, 54.0)	(77.0, 37.5)	(78.0, 26.5)	(79.0, 15.0)	(80.0, 7.5)	(81.0, 4.5)	(82.0, 2.5)	(83.0, 1.5)	(84.0, 1.0)	(85.0, 0.5)	(86.0, 0.0)	(87.0, 0.0)	(88.0, 0.0)	(89.0, 0.0)	(90.0, 0.0)	(91.0, 0.0)	(92.0, 0.0)	(93.0, 0.0)	(94.0, 0.0)	(95.0, 0.0)	(96.0, 0.0)	(97.0, 0.0)	(98.0, 0.0)	(99.0, 0.0)	(100.0, 0.0)
SRR8865601_2	(0.0, 0.0)	(1.0, 0.0)	(2.0, 0.0)	(3.0, 0.0)	(4.0, 0.0)	(5.0, 0.0)	(6.0, 0.0)	(7.0, 0.0)	(8.0, 0.0)	(9.0, 0.5)	(10.0, 1.0)	(11.0, 1.0)	(12.0, 1.5)	(13.0, 1.0)	(14.0, 2.5)	(15.0, 6.0)	(16.0, 8.5)	(17.0, 16.5)	(18.0, 27.0)	(19.0, 33.0)	(20.0, 41.5)	(21.0, 59.0)	(22.0, 80.5)	(23.0, 101.5)	(24.0, 133.5)	(25.0, 186.5)	(26.0, 268.5)	(27.0, 353.5)	(28.0, 415.0)	(29.0, 519.5)	(30.0, 645.5)	(31.0, 766.5)	(32.0, 933.0)	(33.0, 1110.5)	(34.0, 1240.5)	(35.0, 1441.0)	(36.0, 1700.0)	(37.0, 1865.0)	(38.0, 2082.5)	(39.0, 2341.5)	(40.0, 2594.0)	(41.0, 2800.0)	(42.0, 2937.5)	(43.0, 3163.5)	(44.0, 3329.5)	(45.0, 3415.0)	(46.0, 3404.0)	(47.0, 3356.0)	(48.0, 3455.5)	(49.0, 3454.0)	(50.0, 3359.5)	(51.0, 3299.5)	(52.0, 3279.5)	(53.0, 3270.0)	(54.0, 3251.0)	(55.0, 3246.0)	(56.0, 3301.5)	(57.0, 3238.5)	(58.0, 3098.5)	(59.0, 3041.5)	(60.0, 2905.5)	(61.0, 2760.5)	(62.0, 2590.5)	(63.0, 2341.0)	(64.0, 2018.0)	(65.0, 1722.0)	(66.0, 1499.5)	(67.0, 1244.5)	(68.0, 986.0)	(69.0, 779.0)	(70.0, 592.0)	(71.0, 433.0)	(72.0, 312.0)	(73.0, 205.5)	(74.0, 133.0)	(75.0, 96.0)	(76.0, 56.0)	(77.0, 28.5)	(78.0, 19.5)	(79.0, 9.0)	(80.0, 5.0)	(81.0, 3.5)	(82.0, 0.5)	(83.0, 0.0)	(84.0, 0.5)	(85.0, 0.5)	(86.0, 0.0)	(87.0, 0.0)	(88.0, 0.5)	(89.0, 0.5)	(90.0, 0.0)	(91.0, 0.0)	(92.0, 0.0)	(93.0, 0.0)	(94.0, 0.0)	(95.0, 0.0)	(96.0, 0.0)	(97.0, 0.0)	(98.0, 0.0)	(99.0, 0.0)	(100.0, 0.0)
